week,is_playoff,team_id,team_name,player_id,player_name,position,slot,started,points,projected_points,on_bye
1,False,6,Thom-ASS,3929630,Saquon Barkley,RB,RB,True,32.2,15.62,False
1,False,6,Thom-ASS,4047646,A.J. Brown,WR,WR,True,20.4,14.23,False
1,False,6,Thom-ASS,15847,Travis Kelce,TE,TE,True,4.9,11.3,False
1,False,6,Thom-ASS,3054850,Alvin Kamara,RB,RB,True,19.5,15.11,False
1,False,6,Thom-ASS,3925357,Calvin Ridley,WR,WR,True,6.5,11.97,False
1,False,6,Thom-ASS,4429615,Zay Flowers,WR,RB/WR/TE,True,8.1,12.11,False
1,False,6,Thom-ASS,4361741,Brock Purdy,QB,QB,True,10.34,16.62,False
1,False,6,Thom-ASS,3128429,Courtland Sutton,WR,BE,False,6.8,9.63,False
1,False,6,Thom-ASS,4241416,Chuba Hubbard,RB,BE,False,1.4,10.41,False
1,False,6,Thom-ASS,15795,DeAndre Hopkins,WR,BE,False,1.3,9.71,False
1,False,6,Thom-ASS,3117253,Bobby Okereke,LB,DP,True,5.0,9.51,False
1,False,6,Thom-ASS,-16005,Browns D/ST,D/ST,D/ST,True,4.0,6.5,False
1,False,6,Thom-ASS,14880,Kirk Cousins,QB,BE,False,6.2,15.51,False
1,False,6,Thom-ASS,3953687,Brandon Aubrey,K,K,True,21.0,7.87,False
1,False,6,Thom-ASS,4429023,MarShawn Lloyd,RB,BE,False,0.0,0.0,False
1,False,6,Thom-ASS,4258595,Cole Kmet,TE,BE,False,0.9,5.63,False
1,False,6,Thom-ASS,4428209,Ricky Pearsall,WR,BE,False,0.0,0.0,False
1,False,10,LaPorta Potty,4242335,Jonathan Taylor,RB,RB,True,10.8,15.5,False
1,False,10,LaPorta Potty,3043078,Derrick Henry,RB,RB,True,10.6,13.78,False
1,False,10,LaPorta Potty,4429160,De'Von Achane,RB,RB/WR/TE,True,19.5,12.43,False
1,False,10,LaPorta Potty,4430027,Sam LaPorta,TE,TE,True,6.5,11.32,False
1,False,10,LaPorta Potty,2976499,Amari Cooper,WR,WR,True,2.6,11.31,False
1,False,10,LaPorta Potty,2577417,Dak Prescott,QB,BE,False,11.46,16.63,False
1,False,10,LaPorta Potty,3121422,Terry McLaurin,WR,WR,True,2.7,10.71,False
1,False,10,LaPorta Potty,3916148,Tony Pollard,RB,BE,False,16.9,9.76,False
1,False,10,LaPorta Potty,4036378,Jordan Love,QB,QB,True,16.4,18.41,False
1,False,10,LaPorta Potty,3045138,Mike Williams,WR,BE,False,0.0,6.31,False
1,False,10,LaPorta Potty,4242433,Joshua Palmer,WR,BE,False,2.5,9.95,False
1,False,10,LaPorta Potty,4362851,Ernest Jones IV,LB,DP,True,3.0,9.38,False
1,False,10,LaPorta Potty,4361432,Romeo Doubs,WR,BE,False,7.0,7.41,False
1,False,10,LaPorta Potty,3050478,Jake Elliott,K,K,True,10.0,8.43,False
1,False,10,LaPorta Potty,4599739,Kendre Miller,RB,IR,False,0.0,0.0,False
1,False,10,LaPorta Potty,4361411,Pat Freiermuth,TE,BE,False,4.7,7.03,False
1,False,10,LaPorta Potty,-16026,Seahawks D/ST,D/ST,D/ST,True,11.0,7.98,False
1,False,10,LaPorta Potty,4430637,Ja'Lynn Polk,WR,BE,False,1.1,7.65,False
1,False,13,Christopher's Kryptonite ,4374302,Amon-Ra St. Brown,WR,WR,True,3.8,15.79,False
1,False,13,Christopher's Kryptonite ,4430737,Kyren Williams,RB,RB,True,12.9,14.4,False
1,False,13,Christopher's Kryptonite ,3139477,Patrick Mahomes,QB,QB,True,14.64,19.47,False
1,False,13,Christopher's Kryptonite ,16737,Mike Evans,WR,WR,True,20.6,12.8,False
1,False,13,Christopher's Kryptonite ,3045147,James Conner,RB,RB,True,17.8,12.08,False
1,False,13,Christopher's Kryptonite ,4259545,D'Andre Swift,RB,BE,False,5.0,11.34,False
1,False,13,Christopher's Kryptonite ,3895856,Christian Kirk,WR,RB/WR/TE,True,3.5,10.13,False
1,False,13,Christopher's Kryptonite ,4242355,Jake Ferguson,TE,TE,True,3.0,8.28,False
1,False,13,Christopher's Kryptonite ,4431299,Rome Odunze,WR,BE,False,1.6,8.07,False
1,False,13,Christopher's Kryptonite ,3121427,Curtis Samuel,WR,BE,False,2.5,8.99,False
1,False,13,Christopher's Kryptonite ,3050073,Foyesade Oluokun,LB,DP,True,11.0,9.85,False
1,False,13,Christopher's Kryptonite ,4429275,Trey Benson,RB,BE,False,2.3,5.36,False
1,False,13,Christopher's Kryptonite ,3124679,Jason Sanders,K,K,True,9.0,7.7,False
1,False,13,Christopher's Kryptonite ,-16002,Bills D/ST,D/ST,D/ST,True,7.0,5.37,False
1,False,13,Christopher's Kryptonite ,4361418,Will Levis,QB,BE,False,6.68,14.6,False
1,False,13,Christopher's Kryptonite ,3054212,Jonnu Smith,TE,BE,False,1.2,4.34,False
1,False,13,Christopher's Kryptonite ,4360569,Jordan Mason,RB,BE,False,21.7,3.02,False
1,False,5,Jones in for a Repeat,4362628,Ja'Marr Chase,WR,WR,True,10.2,13.76,False
1,False,5,Jones in for a Repeat,3126486,Deebo Samuel Sr.,WR,WR,True,16.2,13.84,False
1,False,5,Jones in for a Repeat,4567048,Kenneth Walker III,RB,RB,True,17.9,15.12,False
1,False,5,Jones in for a Repeat,4360310,Trevor Lawrence,QB,BE,False,11.28,15.48,False
1,False,5,Jones in for a Repeat,3042519,Aaron Jones,RB,RB,True,17.9,12.22,False
1,False,5,Jones in for a Repeat,2576414,Raheem Mostert,RB,RB/WR/TE,True,2.9,10.36,False
1,False,5,Jones in for a Repeat,15818,Keenan Allen,WR,BE,False,4.9,10.24,False
1,False,5,Jones in for a Repeat,3121023,Dallas Goedert,TE,TE,True,5.1,7.85,False
1,False,5,Jones in for a Repeat,4430878,Jaxon Smith-Njigba,WR,BE,False,3.9,10.12,False
1,False,5,Jones in for a Repeat,4431611,Caleb Williams,QB,QB,True,7.22,17.29,False
1,False,5,Jones in for a Repeat,3138826,Fred Warner,LB,BE,False,9.0,9.5,False
1,False,5,Jones in for a Repeat,4243537,Gabe Davis,WR,BE,False,7.7,8.23,False
1,False,5,Jones in for a Repeat,4692590,Jalin Hyatt,WR,BE,False,0.0,5.97,False
1,False,5,Jones in for a Repeat,4689936,Jake Bates,K,K,True,8.0,8.37,False
1,False,5,Jones in for a Repeat,4362759,Nick Bolton,LB,DP,True,7.0,9.56,False
1,False,5,Jones in for a Repeat,-16003,Bears D/ST,D/ST,D/ST,True,26.0,7.38,False
1,False,5,Jones in for a Repeat,3116164,Mike Gesicki,TE,BE,False,3.3,4.62,False
1,False,1,Too Much Bama In Me ,4569618,Garrett Wilson,WR,WR,True,9.0,13.73,False
1,False,1,Too Much Bama In Me ,4429795,Jahmyr Gibbs,RB,RB,True,15.4,14.84,False
1,False,1,Too Much Bama In Me ,4035687,Michael Pittman Jr.,WR,WR,True,5.1,12.21,False
1,False,1,Too Much Bama In Me ,4047365,Josh Jacobs,RB,RB,True,11.4,14.29,False
1,False,1,Too Much Bama In Me ,4426354,George Pickens,WR,RB/WR/TE,True,10.5,10.69,False
1,False,1,Too Much Bama In Me ,4361307,Trey McBride,TE,TE,True,5.5,9.64,False
1,False,1,Too Much Bama In Me ,3932905,Diontae Johnson,WR,BE,False,2.9,11.0,False
1,False,1,Too Much Bama In Me ,4040761,Devin Singletary,RB,BE,False,7.2,10.83,False
1,False,1,Too Much Bama In Me ,3051926,Gus Edwards,RB,BE,False,3.3,9.05,False
1,False,1,Too Much Bama In Me ,4426388,Jameson Williams,WR,BE,False,21.9,8.87,False
1,False,1,Too Much Bama In Me ,8439,Aaron Rodgers,QB,BE,False,8.58,16.17,False
1,False,1,Too Much Bama In Me ,3046779,Jared Goff,QB,QB,True,11.38,16.92,False
1,False,1,Too Much Bama In Me ,3919117,Azeez Al-Shaair,LB,DP,True,5.0,9.69,False
1,False,1,Too Much Bama In Me ,4373678,Khalil Shakir,WR,BE,False,11.7,7.62,False
1,False,1,Too Much Bama In Me ,4372066,Jake Moody,K,K,True,26.0,7.91,False
1,False,1,Too Much Bama In Me ,4360635,Chig Okonkwo,TE,BE,False,10.5,6.22,False
1,False,1,Too Much Bama In Me ,-16016,Vikings D/ST,D/ST,D/ST,True,21.0,7.85,False
1,False,9,Men of Will,4262921,Justin Jefferson,WR,WR,True,13.9,14.82,False
1,False,9,Men of Will,4426515,Puka Nacua,WR,WR,True,6.2,14.14,False
1,False,9,Men of Will,3916387,Lamar Jackson,QB,QB,True,25.12,20.23,False
1,False,9,Men of Will,4047650,DK Metcalf,WR,RB/WR/TE,True,4.4,11.86,False
1,False,9,Men of Will,4360248,Kyle Pitts,TE,TE,True,10.1,8.49,False
1,False,9,Men of Will,4241474,Brian Robinson Jr.,RB,RB,True,16.4,10.65,False
1,False,9,Men of Will,4241457,Najee Harris,RB,RB,True,8.4,10.44,False
1,False,9,Men of Will,3051392,Ezekiel Elliott,RB,BE,False,11.9,8.73,False
1,False,9,Men of Will,4248528,Christian Watson,WR,BE,False,8.8,10.57,False
1,False,9,Men of Will,4038941,Justin Herbert,QB,BE,False,10.36,17.1,False
1,False,9,Men of Will,4430034,Xavier Legette,WR,BE,False,5.5,3.59,False
1,False,9,Men of Will,-16006,Cowboys D/ST,D/ST,D/ST,True,19.0,6.94,False
1,False,9,Men of Will,3055899,Harrison Butker,K,K,True,9.0,8.4,False
1,False,9,Men of Will,2612151,Alex Singleton,LB,DP,True,11.0,9.97,False
1,False,9,Men of Will,2468609,Taysom Hill,TE,BE,False,4.1,6.46,False
1,False,9,Men of Will,4722893,Jaleel McLaughlin,RB,BE,False,3.3,6.78,False
1,False,9,Men of Will,4686472,Marvin Mims Jr.,WR,BE,False,0.0,5.37,False
1,False,3,Jim Ward's Ole Dick Necks,4241389,CeeDee Lamb,WR,WR,True,11.1,16.48,False
1,False,3,Jim Ward's Ole Dick Necks,4361529,Isiah Pacheco,RB,RB,True,14.8,13.63,False
1,False,3,Jim Ward's Ole Dick Necks,4697815,Rachaad White,RB,RB,True,13.6,15.36,False
1,False,3,Jim Ward's Ole Dick Necks,2977187,Cooper Kupp,WR,WR,True,25.0,12.07,False
1,False,3,Jim Ward's Ole Dick Necks,4432577,C.J. Stroud,QB,QB,True,18.66,19.17,False
1,False,3,Jim Ward's Ole Dick Necks,4428331,Rashee Rice,WR,RB/WR/TE,True,14.8,11.47,False
1,False,3,Jim Ward's Ole Dick Necks,3068267,Austin Ekeler,RB,BE,False,8.2,10.32,False
1,False,3,Jim Ward's Ole Dick Necks,3040151,George Kittle,TE,TE,True,6.0,9.26,False
1,False,3,Jim Ward's Ole Dick Necks,4372019,Jerome Ford,RB,BE,False,15.9,10.58,False
1,False,3,Jim Ward's Ole Dick Necks,4373626,Tyler Allgeier,RB,BE,False,2.1,6.8,False
1,False,3,Jim Ward's Ole Dick Necks,4241479,Tua Tagovailoa,QB,BE,False,18.62,15.35,False
1,False,3,Jim Ward's Ole Dick Necks,4040655,Darnell Mooney,WR,BE,False,2.0,8.63,False
1,False,3,Jim Ward's Ole Dick Necks,16731,Brandin Cooks,WR,BE,False,12.5,7.42,False
1,False,3,Jim Ward's Ole Dick Necks,2971573,Ka'imi Fairbairn,K,K,True,17.0,8.34,False
1,False,3,Jim Ward's Ole Dick Necks,3117256,Dalton Schultz,TE,BE,False,3.1,7.35,False
1,False,3,Jim Ward's Ole Dick Necks,-16018,Saints D/ST,D/ST,D/ST,True,16.0,7.24,False
1,False,3,Jim Ward's Ole Dick Necks,14979,Bobby Wagner,LB,DP,True,10.0,9.78,False
1,False,2,Pour One Out For Mahomies!!,3918298,Josh Allen,QB,QB,True,31.18,23.63,False
1,False,2,Pour One Out For Mahomies!!,4239996,Travis Etienne Jr.,RB,RB,True,10.9,12.64,False
1,False,2,Pour One Out For Mahomies!!,4258173,Nico Collins,WR,WR,True,14.7,12.06,False
1,False,2,Pour One Out For Mahomies!!,4569173,Rhamondre Stevenson,RB,RB,True,20.1,11.43,False
1,False,2,Pour One Out For Mahomies!!,2976212,Stefon Diggs,WR,WR,True,18.9,11.6,False
1,False,2,Pour One Out For Mahomies!!,3051876,Evan Engram,TE,TE,True,1.0,9.06,False
1,False,2,Pour One Out For Mahomies!!,4612826,Ladd McConkey,WR,BE,False,12.4,8.9,False
1,False,2,Pour One Out For Mahomies!!,4683062,Xavier Worthy,WR,RB/WR/TE,True,19.8,9.51,False
1,False,2,Pour One Out For Mahomies!!,3128720,Nick Chubb,RB,BE,False,0.0,0.0,False
1,False,2,Pour One Out For Mahomies!!,4032473,Rashid Shaheed,WR,BE,False,14.8,7.78,False
1,False,2,Pour One Out For Mahomies!!,3915189,Roquan Smith,LB,DP,True,9.0,9.91,False
1,False,2,Pour One Out For Mahomies!!,-16020,Jets D/ST,D/ST,D/ST,True,-1.0,3.85,False
1,False,2,Pour One Out For Mahomies!!,4431452,Drake Maye,QB,BE,False,0.0,0.0,False
1,False,2,Pour One Out For Mahomies!!,14993,Greg Zuerlein,K,K,True,1.0,7.86,False
1,False,2,Pour One Out For Mahomies!!,2577327,Tyler Lockett,WR,BE,False,10.7,9.04,False
1,False,2,Pour One Out For Mahomies!!,4241555,Elijah Mitchell,RB,IR,False,0.0,0.0,False
1,False,2,Pour One Out For Mahomies!!,16460,Adam Thielen,WR,BE,False,7.4,8.71,False
1,False,11,ConcreteJungleWet DreamTomato,4430807,Bijan Robinson,RB,RB,True,13.6,16.34,False
1,False,11,ConcreteJungleWet DreamTomato,16800,Davante Adams,WR,WR,True,8.4,13.36,False
1,False,11,ConcreteJungleWet DreamTomato,4040715,Jalen Hurts,QB,QB,True,16.42,21.2,False
1,False,11,ConcreteJungleWet DreamTomato,4595348,Malik Nabers,WR,WR,True,9.1,11.43,False
1,False,11,ConcreteJungleWet DreamTomato,3116365,Mark Andrews,TE,TE,True,2.4,10.64,False
1,False,11,ConcreteJungleWet DreamTomato,3116165,Chris Godwin,WR,RB/WR/TE,True,18.3,11.37,False
1,False,11,ConcreteJungleWet DreamTomato,4361579,Javonte Williams,RB,RB,True,2.8,10.63,False
1,False,11,ConcreteJungleWet DreamTomato,4428557,Tyjae Spears,RB,BE,False,5.2,9.13,False
1,False,11,ConcreteJungleWet DreamTomato,4635008,Keon Coleman,WR,BE,False,7.1,9.69,False
1,False,11,ConcreteJungleWet DreamTomato,4241985,J.K. Dobbins,RB,BE,False,21.4,10.59,False
1,False,11,ConcreteJungleWet DreamTomato,16733,Odell Beckham Jr.,WR,IR,False,0.0,0.0,False
1,False,11,ConcreteJungleWet DreamTomato,-16025,49ers D/ST,D/ST,D/ST,True,7.0,5.75,False
1,False,11,ConcreteJungleWet DreamTomato,3916655,Maxx Crosby,DE,DP,True,7.0,6.44,False
1,False,11,ConcreteJungleWet DreamTomato,4360234,Evan McPherson,K,K,True,6.0,8.35,False
1,False,11,ConcreteJungleWet DreamTomato,4360238,Dameon Pierce,RB,BE,False,1.6,2.76,False
1,False,11,ConcreteJungleWet DreamTomato,4426338,Bo Nix,QB,BE,False,11.02,13.09,False
1,False,11,ConcreteJungleWet DreamTomato,3120348,JuJu Smith-Schuster,WR,BE,False,0.0,1.81,False
1,False,11,ConcreteJungleWet DreamTomato,4259166,Terrel Bernard,LB,BE,False,11.0,9.29,False
1,False,8,SCLSU Mud Dogs,4427366,Breece Hall,RB,RB,True,15.8,15.54,False
1,False,8,SCLSU Mud Dogs,4426502,Drake London,WR,WR,True,2.5,11.63,False
1,False,8,SCLSU Mud Dogs,4361370,Chris Olave,WR,WR,True,2.1,13.47,False
1,False,8,SCLSU Mud Dogs,4429084,Anthony Richardson,QB,QB,True,26.08,19.14,False
1,False,8,SCLSU Mud Dogs,4361777,Zamir White,RB,RB/WR/TE,True,3.6,12.04,False
1,False,8,SCLSU Mud Dogs,4035538,David Montgomery,RB,RB,True,15.8,12.06,False
1,False,8,SCLSU Mud Dogs,4239993,Tee Higgins,WR,BE,False,0.0,0.0,False
1,False,8,SCLSU Mud Dogs,4362249,Jayden Reed,WR,BE,False,31.1,9.8,False
1,False,8,SCLSU Mud Dogs,4432665,Brock Bowers,TE,TE,True,8.8,7.89,False
1,False,8,SCLSU Mud Dogs,4429096,Blake Corum,RB,BE,False,1.0,5.28,False
1,False,8,SCLSU Mud Dogs,4426348,Jayden Daniels,QB,BE,False,28.16,17.82,False
1,False,8,SCLSU Mud Dogs,4426385,Zach Charbonnet,RB,BE,False,12.1,7.73,False
1,False,8,SCLSU Mud Dogs,3121544,T.J. Edwards,LB,DP,True,17.0,9.47,False
1,False,8,SCLSU Mud Dogs,4241372,Hollywood Brown,WR,BE,False,0.0,0.0,False
1,False,8,SCLSU Mud Dogs,-16012,Chiefs D/ST,D/ST,BE,False,-2.0,5.25,False
1,False,8,SCLSU Mud Dogs,3917232,Tyler Bass,K,K,True,10.0,8.04,False
1,False,8,SCLSU Mud Dogs,-16015,Dolphins D/ST,D/ST,D/ST,True,8.0,6.88,False
1,False,12,Rule  #76,3116406,Tyreek Hill,WR,WR,True,22.5,16.23,False
1,False,12,Rule  #76,4432708,Marvin Harrison Jr.,WR,WR,True,0.9,12.63,False
1,False,12,Rule  #76,4379399,James Cook,RB,RB,True,11.8,15.64,False
1,False,12,Rule  #76,4241478,DeVonta Smith,WR,RB/WR/TE,True,12.9,11.82,False
1,False,12,Rule  #76,4385690,Dalton Kincaid,TE,TE,True,1.6,9.17,False
1,False,12,Rule  #76,3917315,Kyler Murray,QB,QB,True,14.18,17.89,False
1,False,12,Rule  #76,4569987,Jaylen Warren,RB,BE,False,3.0,8.45,False
1,False,12,Rule  #76,4678008,Jonathon Brooks,RB,IR,False,0.0,0.0,False
1,False,12,Rule  #76,4035676,Zack Moss,RB,RB,True,14.1,9.83,False
1,False,12,Rule  #76,4038815,Rico Dowdle,RB,BE,False,3.7,6.03,False
1,False,12,Rule  #76,4432773,Brian Thomas Jr.,WR,BE,False,12.7,8.93,False
1,False,12,Rule  #76,15683,Justin Tucker,K,K,True,7.0,8.23,False
1,False,12,Rule  #76,4241463,Jerry Jeudy,WR,BE,False,10.0,9.34,False
1,False,12,Rule  #76,4036133,T.J. Hockenson,TE,BE,False,0.0,0.0,False
1,False,12,Rule  #76,12483,Matthew Stafford,QB,BE,False,14.68,16.24,False
1,False,12,Rule  #76,4242207,Patrick Queen,LB,DP,True,2.0,8.23,False
1,False,12,Rule  #76,-16004,Bengals D/ST,D/ST,D/ST,True,4.0,7.86,False
1,False,12,Rule  #76,3116593,Dalvin Cook,RB,BE,False,0.0,0.0,False
1,False,4,Injured Reserve ,3117251,Christian McCaffrey,RB,IR,False,0.0,0.0,False
1,False,4,Injured Reserve ,3116385,Joe Mixon,RB,RB,True,25.3,14.74,False
1,False,4,Injured Reserve ,4372016,Jaylen Waddle,WR,WR,True,13.7,11.22,False
1,False,4,Injured Reserve ,4360438,Brandon Aiyuk,WR,WR,True,3.8,11.18,False
1,False,4,Injured Reserve ,3915416,DJ Moore,WR,RB/WR/TE,True,7.5,11.32,False
1,False,4,Injured Reserve ,3915511,Joe Burrow,QB,QB,True,8.06,19.22,False
1,False,4,Injured Reserve ,4366031,Tank Dell,WR,BE,False,7.4,11.2,False
1,False,4,Injured Reserve ,3123076,David Njoku,TE,TE,True,7.4,8.87,False
1,False,4,Injured Reserve ,4362238,Chase Brown,RB,BE,False,3.8,10.08,False
1,False,4,Injured Reserve ,4429205,Jordan Addison,WR,BE,False,5.0,9.57,False
1,False,4,Injured Reserve ,3124005,Zaire Franklin,LB,DP,True,8.0,10.48,False
1,False,4,Injured Reserve ,4242431,Ty Chandler,RB,BE,False,5.7,8.32,False
1,False,4,Injured Reserve ,-16033,Ravens D/ST,D/ST,BE,False,3.0,3.77,False
1,False,4,Injured Reserve ,3916433,Jakobi Meyers,WR,BE,False,7.9,8.88,False
1,False,4,Injured Reserve ,3049899,Younghoe Koo,K,K,True,4.0,7.8,False
1,False,4,Injured Reserve ,3915486,Tyler Conklin,TE,BE,False,1.1,6.76,False
1,False,4,Injured Reserve ,-16001,Falcons D/ST,D/ST,D/ST,True,4.0,7.57,False
1,False,4,Injured Reserve ,16002,Kyle Juszczyk,RB,RB,True,5.0,1.3,False
2,False,10,LaPorta Potty,4242335,Jonathan Taylor,RB,RB,True,14.5,17.58,False
2,False,10,LaPorta Potty,3043078,Derrick Henry,RB,RB,True,16.1,15.65,False
2,False,10,LaPorta Potty,4429160,De'Von Achane,RB,RB/WR/TE,True,26.0,15.07,False
2,False,10,LaPorta Potty,4430027,Sam LaPorta,TE,TE,True,2.3,11.01,False
2,False,10,LaPorta Potty,2976499,Amari Cooper,WR,WR,True,2.6,9.97,False
2,False,10,LaPorta Potty,2577417,Dak Prescott,QB,QB,True,13.92,17.18,False
2,False,10,LaPorta Potty,3121422,Terry McLaurin,WR,WR,True,5.2,9.75,False
2,False,10,LaPorta Potty,3916148,Tony Pollard,RB,BE,False,12.7,10.61,False
2,False,10,LaPorta Potty,4036378,Jordan Love,QB,BE,False,0.0,0.0,False
2,False,10,LaPorta Potty,3045138,Mike Williams,WR,BE,False,2.4,5.93,False
2,False,10,LaPorta Potty,4242433,Joshua Palmer,WR,BE,False,2.9,8.83,False
2,False,10,LaPorta Potty,4361432,Romeo Doubs,WR,BE,False,7.7,7.55,False
2,False,10,LaPorta Potty,3050478,Jake Elliott,K,K,True,7.0,8.53,False
2,False,10,LaPorta Potty,4599739,Kendre Miller,RB,IR,False,0.0,0.0,False
2,False,10,LaPorta Potty,4361411,Pat Freiermuth,TE,BE,False,5.9,6.23,False
2,False,10,LaPorta Potty,-16026,Seahawks D/ST,D/ST,D/ST,True,5.0,6.97,False
2,False,10,LaPorta Potty,3071353,E.J. Speed,LB,DP,True,12.0,9.94,False
2,False,10,LaPorta Potty,4569587,Wan'Dale Robinson,WR,BE,False,8.8,7.91,False
2,False,5,Jones in for a Repeat,4362628,Ja'Marr Chase,WR,WR,True,5.5,15.46,False
2,False,5,Jones in for a Repeat,3126486,Deebo Samuel Sr.,WR,WR,True,14.0,16.8,False
2,False,5,Jones in for a Repeat,4567048,Kenneth Walker III,RB,BE,False,0.0,0.0,False
2,False,5,Jones in for a Repeat,3042519,Aaron Jones,RB,RB,True,7.3,11.08,False
2,False,5,Jones in for a Repeat,2576414,Raheem Mostert,RB,BE,False,0.0,0.0,False
2,False,5,Jones in for a Repeat,15818,Keenan Allen,WR,BE,False,0.0,0.0,False
2,False,5,Jones in for a Repeat,3121023,Dallas Goedert,TE,TE,True,5.3,9.32,False
2,False,5,Jones in for a Repeat,4430878,Jaxon Smith-Njigba,WR,RB/WR/TE,True,17.7,8.89,False
2,False,5,Jones in for a Repeat,4431611,Caleb Williams,QB,QB,True,7.36,16.42,False
2,False,5,Jones in for a Repeat,3138826,Fred Warner,LB,DP,True,17.0,9.57,False
2,False,5,Jones in for a Repeat,4243537,Gabe Davis,WR,BE,False,5.8,8.37,False
2,False,5,Jones in for a Repeat,4689936,Jake Bates,K,K,True,10.0,8.28,False
2,False,5,Jones in for a Repeat,-16003,Bears D/ST,D/ST,D/ST,True,5.0,4.06,False
2,False,5,Jones in for a Repeat,3929645,Juwan Johnson,TE,BE,False,0.0,6.08,False
2,False,5,Jones in for a Repeat,3912547,Sam Darnold,QB,BE,False,20.92,13.66,False
2,False,5,Jones in for a Repeat,4048244,Alexander Mattison,RB,BE,False,6.1,7.09,False
2,False,5,Jones in for a Repeat,4045163,Miles Sanders,RB,RB,True,4.0,8.16,False
2,False,9,Men of Will,4262921,Justin Jefferson,WR,WR,True,21.3,14.98,False
2,False,9,Men of Will,4426515,Puka Nacua,WR,IR,False,0.0,0.0,False
2,False,9,Men of Will,3916387,Lamar Jackson,QB,QB,True,16.38,20.89,False
2,False,9,Men of Will,4047650,DK Metcalf,WR,WR,True,23.9,11.66,False
2,False,9,Men of Will,4360248,Kyle Pitts,TE,TE,True,3.5,9.62,False
2,False,9,Men of Will,4241474,Brian Robinson Jr.,RB,RB,True,14.1,13.42,False
2,False,9,Men of Will,4241457,Najee Harris,RB,RB,True,7.9,12.23,False
2,False,9,Men of Will,3051392,Ezekiel Elliott,RB,BE,False,5.2,9.51,False
2,False,9,Men of Will,4248528,Christian Watson,WR,BE,False,0.0,9.32,False
2,False,9,Men of Will,4038941,Justin Herbert,QB,BE,False,11.0,16.78,False
2,False,9,Men of Will,4430034,Xavier Legette,WR,BE,False,0.0,6.99,False
2,False,9,Men of Will,-16006,Cowboys D/ST,D/ST,D/ST,True,-1.0,6.95,False
2,False,9,Men of Will,3055899,Harrison Butker,K,K,True,10.0,8.61,False
2,False,9,Men of Will,2612151,Alex Singleton,LB,DP,True,12.0,11.54,False
2,False,9,Men of Will,2468609,Taysom Hill,TE,BE,False,2.4,5.32,False
2,False,9,Men of Will,4722893,Jaleel McLaughlin,RB,BE,False,1.6,9.46,False
2,False,9,Men of Will,3043116,Demarcus Robinson,WR,RB/WR/TE,True,6.0,8.54,False
2,False,6,Thom-ASS,3929630,Saquon Barkley,RB,RB,True,15.6,16.61,False
2,False,6,Thom-ASS,4047646,A.J. Brown,WR,BE,False,0.0,0.0,False
2,False,6,Thom-ASS,15847,Travis Kelce,TE,TE,True,1.1,10.91,False
2,False,6,Thom-ASS,3054850,Alvin Kamara,RB,RB,True,43.0,13.94,False
2,False,6,Thom-ASS,3925357,Calvin Ridley,WR,WR,True,22.7,11.52,False
2,False,6,Thom-ASS,4429615,Zay Flowers,WR,RB/WR/TE,True,18.6,11.86,False
2,False,6,Thom-ASS,4361741,Brock Purdy,QB,QB,True,14.96,18.03,False
2,False,6,Thom-ASS,3128429,Courtland Sutton,WR,WR,True,3.1,9.02,False
2,False,6,Thom-ASS,4241416,Chuba Hubbard,RB,BE,False,9.6,10.78,False
2,False,6,Thom-ASS,15795,DeAndre Hopkins,WR,BE,False,1.4,8.38,False
2,False,6,Thom-ASS,3117253,Bobby Okereke,LB,BE,False,10.0,9.9,False
2,False,6,Thom-ASS,-16005,Browns D/ST,D/ST,D/ST,True,9.0,6.65,False
2,False,6,Thom-ASS,14880,Kirk Cousins,QB,BE,False,17.54,16.84,False
2,False,6,Thom-ASS,3953687,Brandon Aubrey,K,K,True,17.0,8.17,False
2,False,6,Thom-ASS,4429023,MarShawn Lloyd,RB,BE,False,2.3,1.03,False
2,False,6,Thom-ASS,4258595,Cole Kmet,TE,BE,False,4.7,3.87,False
2,False,6,Thom-ASS,4428209,Ricky Pearsall,WR,IR,False,0.0,0.0,False
2,False,6,Thom-ASS,4379416,Quay Walker,LB,DP,True,6.0,9.92,False
2,False,1,Too Much Bama In Me ,4569618,Garrett Wilson,WR,WR,True,8.2,13.86,False
2,False,1,Too Much Bama In Me ,4429795,Jahmyr Gibbs,RB,RB,True,14.1,15.1,False
2,False,1,Too Much Bama In Me ,4035687,Michael Pittman Jr.,WR,WR,True,4.6,11.6,False
2,False,1,Too Much Bama In Me ,4047365,Josh Jacobs,RB,RB,True,13.1,13.45,False
2,False,1,Too Much Bama In Me ,4426354,George Pickens,WR,RB/WR/TE,True,3.9,10.33,False
2,False,1,Too Much Bama In Me ,4361307,Trey McBride,TE,TE,True,15.7,10.07,False
2,False,1,Too Much Bama In Me ,3932905,Diontae Johnson,WR,BE,False,4.0,9.48,False
2,False,1,Too Much Bama In Me ,4040761,Devin Singletary,RB,BE,False,14.0,11.88,False
2,False,1,Too Much Bama In Me ,3051926,Gus Edwards,RB,BE,False,5.9,8.92,False
2,False,1,Too Much Bama In Me ,4426388,Jameson Williams,WR,BE,False,12.9,10.25,False
2,False,1,Too Much Bama In Me ,3046779,Jared Goff,QB,BE,False,8.78,16.31,False
2,False,1,Too Much Bama In Me ,3919117,Azeez Al-Shaair,LB,DP,True,12.0,9.77,False
2,False,1,Too Much Bama In Me ,4373678,Khalil Shakir,WR,BE,False,8.1,7.37,False
2,False,1,Too Much Bama In Me ,4372066,Jake Moody,K,K,True,5.0,8.11,False
2,False,1,Too Much Bama In Me ,4360635,Chig Okonkwo,TE,BE,False,3.1,5.08,False
2,False,1,Too Much Bama In Me ,-16030,Jaguars D/ST,D/ST,D/ST,True,5.0,7.99,False
2,False,1,Too Much Bama In Me ,4362887,Justin Fields,QB,QB,True,11.38,18.8,False
2,False,13,Christopher's Kryptonite ,4374302,Amon-Ra St. Brown,WR,WR,True,18.4,14.85,False
2,False,13,Christopher's Kryptonite ,4430737,Kyren Williams,RB,RB,True,13.2,18.94,False
2,False,13,Christopher's Kryptonite ,3139477,Patrick Mahomes,QB,QB,True,12.94,21.22,False
2,False,13,Christopher's Kryptonite ,16737,Mike Evans,WR,WR,True,5.7,12.69,False
2,False,13,Christopher's Kryptonite ,3045147,James Conner,RB,RB,True,18.9,14.35,False
2,False,13,Christopher's Kryptonite ,4259545,D'Andre Swift,RB,BE,False,6.2,10.58,False
2,False,13,Christopher's Kryptonite ,3895856,Christian Kirk,WR,BE,False,0.4,9.31,False
2,False,13,Christopher's Kryptonite ,4242355,Jake Ferguson,TE,BE,False,0.0,0.0,False
2,False,13,Christopher's Kryptonite ,4431299,Rome Odunze,WR,BE,False,5.3,9.49,False
2,False,13,Christopher's Kryptonite ,3050073,Foyesade Oluokun,LB,DP,True,10.0,10.18,False
2,False,13,Christopher's Kryptonite ,4429275,Trey Benson,RB,BE,False,2.2,4.26,False
2,False,13,Christopher's Kryptonite ,3124679,Jason Sanders,K,K,True,4.0,7.86,False
2,False,13,Christopher's Kryptonite ,-16002,Bills D/ST,D/ST,BE,False,16.0,3.67,False
2,False,13,Christopher's Kryptonite ,4360569,Jordan Mason,RB,RB/WR/TE,True,16.9,15.82,False
2,False,13,Christopher's Kryptonite ,4361050,Isaiah Likely,TE,TE,True,3.6,7.36,False
2,False,13,Christopher's Kryptonite ,4682745,Jaylen Wright,RB,BE,False,0.4,4.45,False
2,False,13,Christopher's Kryptonite ,-16011,Colts D/ST,D/ST,D/ST,True,2.0,6.61,False
2,False,2,Pour One Out For Mahomies!!,3918298,Josh Allen,QB,QB,True,9.76,21.06,False
2,False,2,Pour One Out For Mahomies!!,4239996,Travis Etienne Jr.,RB,RB,True,13.3,13.11,False
2,False,2,Pour One Out For Mahomies!!,4258173,Nico Collins,WR,WR,True,23.5,12.45,False
2,False,2,Pour One Out For Mahomies!!,4569173,Rhamondre Stevenson,RB,RB,True,16.0,13.24,False
2,False,2,Pour One Out For Mahomies!!,2976212,Stefon Diggs,WR,WR,True,5.7,12.04,False
2,False,2,Pour One Out For Mahomies!!,3051876,Evan Engram,TE,TE,True,0.0,0.0,False
2,False,2,Pour One Out For Mahomies!!,4612826,Ladd McConkey,WR,BE,False,3.6,9.87,False
2,False,2,Pour One Out For Mahomies!!,4683062,Xavier Worthy,WR,RB/WR/TE,True,4.2,10.16,False
2,False,2,Pour One Out For Mahomies!!,3128720,Nick Chubb,RB,BE,False,0.0,0.0,False
2,False,2,Pour One Out For Mahomies!!,4032473,Rashid Shaheed,WR,BE,False,18.9,9.47,False
2,False,2,Pour One Out For Mahomies!!,3915189,Roquan Smith,LB,DP,True,11.0,10.28,False
2,False,2,Pour One Out For Mahomies!!,-16020,Jets D/ST,D/ST,D/ST,True,11.0,7.15,False
2,False,2,Pour One Out For Mahomies!!,4431452,Drake Maye,QB,BE,False,0.0,0.0,False
2,False,2,Pour One Out For Mahomies!!,14993,Greg Zuerlein,K,K,True,6.0,8.18,False
2,False,2,Pour One Out For Mahomies!!,2577327,Tyler Lockett,WR,BE,False,2.5,8.56,False
2,False,2,Pour One Out For Mahomies!!,4241555,Elijah Mitchell,RB,IR,False,0.0,0.0,False
2,False,2,Pour One Out For Mahomies!!,16460,Adam Thielen,WR,BE,False,3.0,7.88,False
2,False,8,SCLSU Mud Dogs,4427366,Breece Hall,RB,RB,True,20.9,19.91,False
2,False,8,SCLSU Mud Dogs,4426502,Drake London,WR,WR,True,14.4,12.38,False
2,False,8,SCLSU Mud Dogs,4361370,Chris Olave,WR,WR,True,11.8,11.53,False
2,False,8,SCLSU Mud Dogs,4429084,Anthony Richardson,QB,QB,True,9.86,18.56,False
2,False,8,SCLSU Mud Dogs,4361777,Zamir White,RB,BE,False,5.3,9.72,False
2,False,8,SCLSU Mud Dogs,4035538,David Montgomery,RB,RB,True,15.0,12.13,False
2,False,8,SCLSU Mud Dogs,4239993,Tee Higgins,WR,BE,False,0.0,0.0,False
2,False,8,SCLSU Mud Dogs,4362249,Jayden Reed,WR,BE,False,5.6,9.43,False
2,False,8,SCLSU Mud Dogs,4432665,Brock Bowers,TE,TE,True,14.3,8.12,False
2,False,8,SCLSU Mud Dogs,4429096,Blake Corum,RB,BE,False,2.8,0.91,False
2,False,8,SCLSU Mud Dogs,4426348,Jayden Daniels,QB,BE,False,13.44,19.75,False
2,False,8,SCLSU Mud Dogs,4426385,Zach Charbonnet,RB,RB/WR/TE,True,15.4,14.6,False
2,False,8,SCLSU Mud Dogs,3121544,T.J. Edwards,LB,DP,True,8.0,9.95,False
2,False,8,SCLSU Mud Dogs,4241372,Hollywood Brown,WR,BE,False,0.0,0.0,False
2,False,8,SCLSU Mud Dogs,-16012,Chiefs D/ST,D/ST,BE,False,11.0,5.59,False
2,False,8,SCLSU Mud Dogs,3917232,Tyler Bass,K,K,True,7.0,7.5,False
2,False,8,SCLSU Mud Dogs,-16023,Steelers D/ST,D/ST,D/ST,True,12.0,8.03,False
2,False,4,Injured Reserve ,3117251,Christian McCaffrey,RB,BE,False,0.0,0.0,False
2,False,4,Injured Reserve ,3116385,Joe Mixon,RB,RB,True,6.5,14.95,False
2,False,4,Injured Reserve ,4372016,Jaylen Waddle,WR,WR,True,6.5,12.03,False
2,False,4,Injured Reserve ,4360438,Brandon Aiyuk,WR,WR,True,6.3,11.85,False
2,False,4,Injured Reserve ,3915416,DJ Moore,WR,RB/WR/TE,True,9.3,12.57,False
2,False,4,Injured Reserve ,3915511,Joe Burrow,QB,QB,True,17.22,18.18,False
2,False,4,Injured Reserve ,4366031,Tank Dell,WR,BE,False,1.8,11.08,False
2,False,4,Injured Reserve ,3123076,David Njoku,TE,IR,False,0.0,0.0,False
2,False,4,Injured Reserve ,4362238,Chase Brown,RB,RB,True,3.1,6.98,False
2,False,4,Injured Reserve ,4429205,Jordan Addison,WR,BE,False,0.0,0.0,False
2,False,4,Injured Reserve ,3124005,Zaire Franklin,LB,DP,True,12.0,10.15,False
2,False,4,Injured Reserve ,4242431,Ty Chandler,RB,BE,False,8.2,5.34,False
2,False,4,Injured Reserve ,-16033,Ravens D/ST,D/ST,D/ST,True,9.0,7.55,False
2,False,4,Injured Reserve ,3916433,Jakobi Meyers,WR,BE,False,4.9,7.98,False
2,False,4,Injured Reserve ,3049899,Younghoe Koo,K,K,True,10.0,8.04,False
2,False,4,Injured Reserve ,3915486,Tyler Conklin,TE,TE,True,1.5,6.17,False
2,False,4,Injured Reserve ,3052587,Baker Mayfield,QB,BE,False,18.8,16.47,False
2,False,4,Injured Reserve ,4360294,Antonio Gibson,RB,BE,False,10.8,6.11,False
2,False,3,Jim Ward's Ole Dick Necks,4241389,CeeDee Lamb,WR,WR,True,18.0,16.68,False
2,False,3,Jim Ward's Ole Dick Necks,4361529,Isiah Pacheco,RB,RB,True,13.6,14.82,False
2,False,3,Jim Ward's Ole Dick Necks,4697815,Rachaad White,RB,RB,True,2.8,12.56,False
2,False,3,Jim Ward's Ole Dick Necks,2977187,Cooper Kupp,WR,WR,True,5.7,15.71,False
2,False,3,Jim Ward's Ole Dick Necks,4432577,C.J. Stroud,QB,QB,True,14.3,18.41,False
2,False,3,Jim Ward's Ole Dick Necks,4428331,Rashee Rice,WR,RB/WR/TE,True,16.0,13.97,False
2,False,3,Jim Ward's Ole Dick Necks,3068267,Austin Ekeler,RB,BE,False,10.0,9.18,False
2,False,3,Jim Ward's Ole Dick Necks,3040151,George Kittle,TE,TE,True,17.1,9.58,False
2,False,3,Jim Ward's Ole Dick Necks,4372019,Jerome Ford,RB,BE,False,6.9,12.52,False
2,False,3,Jim Ward's Ole Dick Necks,4373626,Tyler Allgeier,RB,BE,False,7.0,5.67,False
2,False,3,Jim Ward's Ole Dick Necks,4241479,Tua Tagovailoa,QB,BE,False,5.5,17.38,False
2,False,3,Jim Ward's Ole Dick Necks,4040655,Darnell Mooney,WR,BE,False,16.3,9.02,False
2,False,3,Jim Ward's Ole Dick Necks,16731,Brandin Cooks,WR,BE,False,2.6,8.08,False
2,False,3,Jim Ward's Ole Dick Necks,2971573,Ka'imi Fairbairn,K,K,True,20.0,8.22,False
2,False,3,Jim Ward's Ole Dick Necks,3117256,Dalton Schultz,TE,BE,False,3.1,6.86,False
2,False,3,Jim Ward's Ole Dick Necks,-16018,Saints D/ST,D/ST,D/ST,True,6.0,5.2,False
2,False,3,Jim Ward's Ole Dick Necks,14979,Bobby Wagner,LB,DP,True,9.0,9.94,False
2,False,12,Rule  #76,3116406,Tyreek Hill,WR,WR,True,5.1,17.96,False
2,False,12,Rule  #76,4432708,Marvin Harrison Jr.,WR,WR,True,27.0,12.03,False
2,False,12,Rule  #76,4379399,James Cook,RB,RB,True,28.0,13.51,False
2,False,12,Rule  #76,4241478,DeVonta Smith,WR,RB/WR/TE,True,17.1,13.79,False
2,False,12,Rule  #76,4385690,Dalton Kincaid,TE,TE,True,5.3,8.18,False
2,False,12,Rule  #76,3917315,Kyler Murray,QB,QB,True,28.54,18.62,False
2,False,12,Rule  #76,4569987,Jaylen Warren,RB,BE,False,7.1,7.87,False
2,False,12,Rule  #76,4678008,Jonathon Brooks,RB,IR,False,0.0,0.0,False
2,False,12,Rule  #76,4035676,Zack Moss,RB,RB,True,5.2,10.78,False
2,False,12,Rule  #76,4038815,Rico Dowdle,RB,BE,False,7.9,8.37,False
2,False,12,Rule  #76,4432773,Brian Thomas Jr.,WR,BE,False,10.4,9.6,False
2,False,12,Rule  #76,15683,Justin Tucker,K,K,True,12.0,8.47,False
2,False,12,Rule  #76,4241463,Jerry Jeudy,WR,BE,False,9.8,7.73,False
2,False,12,Rule  #76,4036133,T.J. Hockenson,TE,BE,False,0.0,0.0,False
2,False,12,Rule  #76,12483,Matthew Stafford,QB,BE,False,6.64,17.56,False
2,False,12,Rule  #76,-16024,Chargers D/ST,D/ST,D/ST,True,11.0,6.87,False
2,False,12,Rule  #76,2310331,Tyler Johnson,WR,BE,False,3.0,7.9,False
2,False,12,Rule  #76,3917657,Zack Baun,LB,DP,True,9.0,8.18,False
2,False,11,ConcreteJungleWet DreamTomato,4430807,Bijan Robinson,RB,RB,True,14.2,19.73,False
2,False,11,ConcreteJungleWet DreamTomato,16800,Davante Adams,WR,WR,True,21.5,12.76,False
2,False,11,ConcreteJungleWet DreamTomato,4040715,Jalen Hurts,QB,QB,True,23.82,21.62,False
2,False,11,ConcreteJungleWet DreamTomato,4595348,Malik Nabers,WR,WR,True,23.7,11.06,False
2,False,11,ConcreteJungleWet DreamTomato,3116365,Mark Andrews,TE,TE,True,7.1,9.14,False
2,False,11,ConcreteJungleWet DreamTomato,3116165,Chris Godwin,WR,RB/WR/TE,True,22.2,11.82,False
2,False,11,ConcreteJungleWet DreamTomato,4361579,Javonte Williams,RB,BE,False,9.0,9.53,False
2,False,11,ConcreteJungleWet DreamTomato,4428557,Tyjae Spears,RB,BE,False,5.1,8.17,False
2,False,11,ConcreteJungleWet DreamTomato,4635008,Keon Coleman,WR,BE,False,0.0,9.23,False
2,False,11,ConcreteJungleWet DreamTomato,4241985,J.K. Dobbins,RB,RB,True,19.6,11.89,False
2,False,11,ConcreteJungleWet DreamTomato,16733,Odell Beckham Jr.,WR,IR,False,0.0,0.0,False
2,False,11,ConcreteJungleWet DreamTomato,-16025,49ers D/ST,D/ST,D/ST,True,5.0,8.06,False
2,False,11,ConcreteJungleWet DreamTomato,3916655,Maxx Crosby,DE,BE,False,10.0,6.62,False
2,False,11,ConcreteJungleWet DreamTomato,4360234,Evan McPherson,K,K,True,16.0,7.85,False
2,False,11,ConcreteJungleWet DreamTomato,4360238,Dameon Pierce,RB,BE,False,0.0,2.56,False
2,False,11,ConcreteJungleWet DreamTomato,4426338,Bo Nix,QB,BE,False,8.34,12.61,False
2,False,11,ConcreteJungleWet DreamTomato,4259166,Terrel Bernard,LB,DP,True,2.0,9.8,False
2,False,11,ConcreteJungleWet DreamTomato,4360078,Alec Pierce,WR,BE,False,15.1,6.61,False
3,False,9,Men of Will,4262921,Justin Jefferson,WR,WR,True,17.1,15.5,False
3,False,9,Men of Will,4426515,Puka Nacua,WR,IR,False,0.0,0.0,False
3,False,9,Men of Will,3916387,Lamar Jackson,QB,QB,True,25.98,19.9,False
3,False,9,Men of Will,4047650,DK Metcalf,WR,WR,True,18.4,11.93,False
3,False,9,Men of Will,4360248,Kyle Pitts,TE,TE,True,6.9,7.9,False
3,False,9,Men of Will,4241474,Brian Robinson Jr.,RB,RB,True,10.2,12.74,False
3,False,9,Men of Will,4241457,Najee Harris,RB,RB,True,11.1,10.47,False
3,False,9,Men of Will,3051392,Ezekiel Elliott,RB,BE,False,1.7,8.47,False
3,False,9,Men of Will,4248528,Christian Watson,WR,BE,False,7.7,5.83,False
3,False,9,Men of Will,4038941,Justin Herbert,QB,BE,False,9.0,13.88,False
3,False,9,Men of Will,4430034,Xavier Legette,WR,BE,False,5.2,5.76,False
3,False,9,Men of Will,-16006,Cowboys D/ST,D/ST,BE,False,-6.0,4.32,False
3,False,9,Men of Will,3055899,Harrison Butker,K,K,True,13.0,8.6,False
3,False,9,Men of Will,2612151,Alex Singleton,LB,DP,True,10.0,11.53,False
3,False,9,Men of Will,2468609,Taysom Hill,TE,BE,False,0.0,0.0,False
3,False,9,Men of Will,4722893,Jaleel McLaughlin,RB,BE,False,7.9,6.95,False
3,False,9,Men of Will,3043116,Demarcus Robinson,WR,RB/WR/TE,True,3.7,9.09,False
3,False,9,Men of Will,-16009,Packers D/ST,D/ST,D/ST,True,23.0,6.45,False
3,False,10,LaPorta Potty,4242335,Jonathan Taylor,RB,RB,True,26.0,16.7,False
3,False,10,LaPorta Potty,3043078,Derrick Henry,RB,RB,True,29.9,14.42,False
3,False,10,LaPorta Potty,4429160,De'Von Achane,RB,RB/WR/TE,True,7.3,16.55,False
3,False,10,LaPorta Potty,4430027,Sam LaPorta,TE,TE,True,4.6,9.18,False
3,False,10,LaPorta Potty,2976499,Amari Cooper,WR,WR,True,24.1,9.84,False
3,False,10,LaPorta Potty,2577417,Dak Prescott,QB,QB,True,29.86,17.37,False
3,False,10,LaPorta Potty,3121422,Terry McLaurin,WR,WR,True,18.0,9.04,False
3,False,10,LaPorta Potty,3916148,Tony Pollard,RB,BE,False,4.4,13.7,False
3,False,10,LaPorta Potty,4036378,Jordan Love,QB,BE,False,0.0,0.0,False
3,False,10,LaPorta Potty,4242433,Joshua Palmer,WR,BE,False,0.0,0.0,False
3,False,10,LaPorta Potty,4361432,Romeo Doubs,WR,BE,False,2.3,5.45,False
3,False,10,LaPorta Potty,3050478,Jake Elliott,K,K,True,0.0,8.29,False
3,False,10,LaPorta Potty,4599739,Kendre Miller,RB,IR,False,0.0,0.0,False
3,False,10,LaPorta Potty,4361411,Pat Freiermuth,TE,BE,False,5.3,6.15,False
3,False,10,LaPorta Potty,-16026,Seahawks D/ST,D/ST,D/ST,True,12.0,6.98,False
3,False,10,LaPorta Potty,3071353,E.J. Speed,LB,DP,True,12.0,10.26,False
3,False,10,LaPorta Potty,4569587,Wan'Dale Robinson,WR,BE,False,9.6,6.7,False
3,False,10,LaPorta Potty,4429025,Quentin Johnston,WR,BE,False,11.4,8.54,False
3,False,5,Jones in for a Repeat,4362628,Ja'Marr Chase,WR,WR,True,26.8,15.41,False
3,False,5,Jones in for a Repeat,3126486,Deebo Samuel Sr.,WR,BE,False,0.0,0.0,False
3,False,5,Jones in for a Repeat,4567048,Kenneth Walker III,RB,BE,False,0.0,0.0,False
3,False,5,Jones in for a Repeat,3042519,Aaron Jones,RB,RB,True,23.3,12.43,False
3,False,5,Jones in for a Repeat,2576414,Raheem Mostert,RB,BE,False,0.0,0.0,False
3,False,5,Jones in for a Repeat,15818,Keenan Allen,WR,BE,False,0.0,0.0,False
3,False,5,Jones in for a Repeat,3121023,Dallas Goedert,TE,BE,False,23.0,8.24,False
3,False,5,Jones in for a Repeat,4430878,Jaxon Smith-Njigba,WR,RB/WR/TE,True,5.4,10.39,False
3,False,5,Jones in for a Repeat,3138826,Fred Warner,LB,DP,True,4.0,9.88,False
3,False,5,Jones in for a Repeat,4243537,Gabe Davis,WR,WR,True,2.8,8.91,False
3,False,5,Jones in for a Repeat,4689936,Jake Bates,K,K,True,2.0,8.47,False
3,False,5,Jones in for a Repeat,-16003,Bears D/ST,D/ST,D/ST,True,5.0,5.43,False
3,False,5,Jones in for a Repeat,3912547,Sam Darnold,QB,BE,False,23.24,15.51,False
3,False,5,Jones in for a Repeat,16757,Derek Carr,QB,QB,True,7.98,17.41,False
3,False,5,Jones in for a Repeat,3046439,Hunter Henry,TE,TE,True,1.9,6.8,False
3,False,5,Jones in for a Repeat,3125116,D'Onta Foreman,RB,RB,True,0.5,9.2,False
3,False,5,Jones in for a Repeat,-16023,Steelers D/ST,D/ST,BE,False,11.0,5.75,False
3,False,1,Too Much Bama In Me ,4569618,Garrett Wilson,WR,WR,True,11.8,13.14,False
3,False,1,Too Much Bama In Me ,4429795,Jahmyr Gibbs,RB,RB,True,16.3,14.23,False
3,False,1,Too Much Bama In Me ,4035687,Michael Pittman Jr.,WR,WR,True,6.6,10.58,False
3,False,1,Too Much Bama In Me ,4047365,Josh Jacobs,RB,RB,True,5.3,15.09,False
3,False,1,Too Much Bama In Me ,4426354,George Pickens,WR,BE,False,8.2,9.75,False
3,False,1,Too Much Bama In Me ,4361307,Trey McBride,TE,TE,True,4.0,10.21,False
3,False,1,Too Much Bama In Me ,3932905,Diontae Johnson,WR,BE,False,22.2,9.51,False
3,False,1,Too Much Bama In Me ,4040761,Devin Singletary,RB,BE,False,16.8,11.56,False
3,False,1,Too Much Bama In Me ,3051926,Gus Edwards,RB,BE,False,0.9,6.32,False
3,False,1,Too Much Bama In Me ,4426388,Jameson Williams,WR,RB/WR/TE,True,0.7,11.38,False
3,False,1,Too Much Bama In Me ,3046779,Jared Goff,QB,QB,True,14.56,15.91,False
3,False,1,Too Much Bama In Me ,3919117,Azeez Al-Shaair,LB,DP,True,10.0,10.13,False
3,False,1,Too Much Bama In Me ,4373678,Khalil Shakir,WR,BE,False,16.2,7.97,False
3,False,1,Too Much Bama In Me ,4372066,Jake Moody,K,K,True,5.0,8.46,False
3,False,1,Too Much Bama In Me ,4360635,Chig Okonkwo,TE,BE,False,2.5,3.83,False
3,False,1,Too Much Bama In Me ,4362887,Justin Fields,QB,BE,False,18.4,15.72,False
3,False,1,Too Much Bama In Me ,-16027,Buccaneers D/ST,D/ST,D/ST,True,1.0,7.54,False
3,False,6,Thom-ASS,3929630,Saquon Barkley,RB,RB,True,31.6,15.44,False
3,False,6,Thom-ASS,4047646,A.J. Brown,WR,BE,False,0.0,0.0,False
3,False,6,Thom-ASS,15847,Travis Kelce,TE,TE,True,5.0,10.01,False
3,False,6,Thom-ASS,3054850,Alvin Kamara,RB,RB,True,14.2,19.18,False
3,False,6,Thom-ASS,3925357,Calvin Ridley,WR,WR,True,2.4,10.61,False
3,False,6,Thom-ASS,4429615,Zay Flowers,WR,WR,True,3.8,12.31,False
3,False,6,Thom-ASS,4361741,Brock Purdy,QB,QB,True,25.78,18.95,False
3,False,6,Thom-ASS,3128429,Courtland Sutton,WR,BE,False,10.3,8.99,False
3,False,6,Thom-ASS,4241416,Chuba Hubbard,RB,RB/WR/TE,True,25.4,11.37,False
3,False,6,Thom-ASS,15795,DeAndre Hopkins,WR,BE,False,16.3,6.2,False
3,False,6,Thom-ASS,3117253,Bobby Okereke,LB,BE,False,9.0,9.66,False
3,False,6,Thom-ASS,-16005,Browns D/ST,D/ST,D/ST,True,6.0,8.13,False
3,False,6,Thom-ASS,14880,Kirk Cousins,QB,BE,False,11.1,16.1,False
3,False,6,Thom-ASS,3953687,Brandon Aubrey,K,K,True,11.0,8.25,False
3,False,6,Thom-ASS,4258595,Cole Kmet,TE,BE,False,20.7,5.46,False
3,False,6,Thom-ASS,4428209,Ricky Pearsall,WR,IR,False,0.0,0.0,False
3,False,6,Thom-ASS,4379416,Quay Walker,LB,DP,True,7.0,9.52,False
3,False,6,Thom-ASS,3128390,Allen Lazard,WR,BE,False,12.3,7.05,False
3,False,13,Christopher's Kryptonite ,4374302,Amon-Ra St. Brown,WR,WR,True,18.0,14.5,False
3,False,13,Christopher's Kryptonite ,4430737,Kyren Williams,RB,RB,True,30.6,17.19,False
3,False,13,Christopher's Kryptonite ,3139477,Patrick Mahomes,QB,QB,True,16.38,20.0,False
3,False,13,Christopher's Kryptonite ,16737,Mike Evans,WR,WR,True,3.7,12.27,False
3,False,13,Christopher's Kryptonite ,3045147,James Conner,RB,RB,True,3.0,14.18,False
3,False,13,Christopher's Kryptonite ,4259545,D'Andre Swift,RB,BE,False,5.2,13.28,False
3,False,13,Christopher's Kryptonite ,3895856,Christian Kirk,WR,BE,False,11.9,8.46,False
3,False,13,Christopher's Kryptonite ,4242355,Jake Ferguson,TE,TE,True,12.5,8.4,False
3,False,13,Christopher's Kryptonite ,4431299,Rome Odunze,WR,BE,False,20.4,8.5,False
3,False,13,Christopher's Kryptonite ,3050073,Foyesade Oluokun,LB,DP,True,3.0,9.67,False
3,False,13,Christopher's Kryptonite ,4429275,Trey Benson,RB,BE,False,0.8,5.09,False
3,False,13,Christopher's Kryptonite ,-16002,Bills D/ST,D/ST,D/ST,True,14.0,5.69,False
3,False,13,Christopher's Kryptonite ,4360569,Jordan Mason,RB,RB/WR/TE,True,9.8,17.91,False
3,False,13,Christopher's Kryptonite ,4361050,Isaiah Likely,TE,BE,False,0.9,6.67,False
3,False,13,Christopher's Kryptonite ,-16011,Colts D/ST,D/ST,BE,False,10.0,5.98,False
3,False,13,Christopher's Kryptonite ,4240021,Cam Akers,RB,BE,False,10.4,10.68,False
3,False,13,Christopher's Kryptonite ,4259619,Blake Grupe,K,K,True,6.0,8.66,False
3,False,4,Injured Reserve ,3117251,Christian McCaffrey,RB,BE,False,0.0,0.0,False
3,False,4,Injured Reserve ,3116385,Joe Mixon,RB,RB,True,0.0,0.0,False
3,False,4,Injured Reserve ,4372016,Jaylen Waddle,WR,WR,True,4.6,8.7,False
3,False,4,Injured Reserve ,4360438,Brandon Aiyuk,WR,WR,True,7.3,14.7,False
3,False,4,Injured Reserve ,3915416,DJ Moore,WR,RB/WR/TE,True,11.2,12.85,False
3,False,4,Injured Reserve ,3915511,Joe Burrow,QB,QB,True,25.36,19.24,False
3,False,4,Injured Reserve ,4366031,Tank Dell,WR,BE,False,9.7,10.33,False
3,False,4,Injured Reserve ,3123076,David Njoku,TE,IR,False,0.0,0.0,False
3,False,4,Injured Reserve ,4429205,Jordan Addison,WR,BE,False,0.0,0.0,False
3,False,4,Injured Reserve ,3124005,Zaire Franklin,LB,DP,True,14.0,10.26,False
3,False,4,Injured Reserve ,4242431,Ty Chandler,RB,BE,False,1.3,7.38,False
3,False,4,Injured Reserve ,-16033,Ravens D/ST,D/ST,D/ST,True,2.0,4.95,False
3,False,4,Injured Reserve ,3916433,Jakobi Meyers,WR,BE,False,17.7,7.22,False
3,False,4,Injured Reserve ,3049899,Younghoe Koo,K,K,True,7.0,8.21,False
3,False,4,Injured Reserve ,3052587,Baker Mayfield,QB,BE,False,8.52,17.79,False
3,False,4,Injured Reserve ,4360294,Antonio Gibson,RB,BE,False,5.2,6.06,False
3,False,4,Injured Reserve ,4242557,Colby Parkinson,TE,TE,True,3.6,6.83,False
3,False,4,Injured Reserve ,4714365,Carson Steele,RB,RB,True,7.9,9.93,False
3,False,2,Pour One Out For Mahomies!!,3918298,Josh Allen,QB,QB,True,30.92,21.54,False
3,False,2,Pour One Out For Mahomies!!,4239996,Travis Etienne Jr.,RB,RB,True,10.5,13.18,False
3,False,2,Pour One Out For Mahomies!!,4258173,Nico Collins,WR,WR,True,11.6,13.78,False
3,False,2,Pour One Out For Mahomies!!,4569173,Rhamondre Stevenson,RB,RB,True,0.3,14.04,False
3,False,2,Pour One Out For Mahomies!!,2976212,Stefon Diggs,WR,WR,True,14.92,10.23,False
3,False,2,Pour One Out For Mahomies!!,3051876,Evan Engram,TE,BE,False,0.0,0.0,False
3,False,2,Pour One Out For Mahomies!!,4612826,Ladd McConkey,WR,BE,False,5.9,9.17,False
3,False,2,Pour One Out For Mahomies!!,4683062,Xavier Worthy,WR,RB/WR/TE,True,4.0,9.77,False
3,False,2,Pour One Out For Mahomies!!,3128720,Nick Chubb,RB,BE,False,0.0,0.0,False
3,False,2,Pour One Out For Mahomies!!,4032473,Rashid Shaheed,WR,BE,False,0.0,10.84,False
3,False,2,Pour One Out For Mahomies!!,3915189,Roquan Smith,LB,DP,True,11.0,10.7,False
3,False,2,Pour One Out For Mahomies!!,-16020,Jets D/ST,D/ST,D/ST,True,16.0,6.71,False
3,False,2,Pour One Out For Mahomies!!,4431452,Drake Maye,QB,BE,False,2.08,0.0,False
3,False,2,Pour One Out For Mahomies!!,14993,Greg Zuerlein,K,K,True,5.0,8.31,False
3,False,2,Pour One Out For Mahomies!!,2577327,Tyler Lockett,WR,BE,False,7.1,6.91,False
3,False,2,Pour One Out For Mahomies!!,16460,Adam Thielen,WR,BE,False,11.5,6.67,False
3,False,2,Pour One Out For Mahomies!!,3116164,Mike Gesicki,TE,TE,True,6.7,5.84,False
3,False,8,SCLSU Mud Dogs,4427366,Breece Hall,RB,RB,True,16.3,18.89,False
3,False,8,SCLSU Mud Dogs,4426502,Drake London,WR,WR,True,15.7,11.53,False
3,False,8,SCLSU Mud Dogs,4361370,Chris Olave,WR,WR,True,18.6,13.28,False
3,False,8,SCLSU Mud Dogs,4429084,Anthony Richardson,QB,BE,False,5.08,16.83,False
3,False,8,SCLSU Mud Dogs,4361777,Zamir White,RB,BE,False,3.4,12.44,False
3,False,8,SCLSU Mud Dogs,4035538,David Montgomery,RB,RB/WR/TE,True,19.7,11.32,False
3,False,8,SCLSU Mud Dogs,4239993,Tee Higgins,WR,BE,False,5.4,7.88,False
3,False,8,SCLSU Mud Dogs,4362249,Jayden Reed,WR,BE,False,8.9,7.21,False
3,False,8,SCLSU Mud Dogs,4432665,Brock Bowers,TE,TE,True,5.6,9.2,False
3,False,8,SCLSU Mud Dogs,4426348,Jayden Daniels,QB,QB,True,28.06,18.14,False
3,False,8,SCLSU Mud Dogs,4426385,Zach Charbonnet,RB,RB,True,26.2,14.92,False
3,False,8,SCLSU Mud Dogs,3121544,T.J. Edwards,LB,DP,True,2.0,10.21,False
3,False,8,SCLSU Mud Dogs,3917232,Tyler Bass,K,K,True,12.0,8.17,False
3,False,8,SCLSU Mud Dogs,4685247,Braelon Allen,RB,BE,False,8.3,6.54,False
3,False,8,SCLSU Mud Dogs,-16013,Raiders D/ST,D/ST,D/ST,True,-4.0,6.52,False
3,False,8,SCLSU Mud Dogs,4596448,Bucky Irving,RB,BE,False,9.9,7.74,False
3,False,8,SCLSU Mud Dogs,4362238,Chase Brown,RB,BE,False,7.9,6.68,False
3,False,12,Rule  #76,3116406,Tyreek Hill,WR,WR,True,5.5,12.82,False
3,False,12,Rule  #76,4432708,Marvin Harrison Jr.,WR,WR,True,14.9,12.93,False
3,False,12,Rule  #76,4379399,James Cook,RB,RB,True,16.7,14.97,False
3,False,12,Rule  #76,4241478,DeVonta Smith,WR,RB/WR/TE,True,11.4,13.25,False
3,False,12,Rule  #76,4385690,Dalton Kincaid,TE,TE,True,11.6,8.15,False
3,False,12,Rule  #76,3917315,Kyler Murray,QB,QB,True,14.78,18.59,False
3,False,12,Rule  #76,4569987,Jaylen Warren,RB,BE,False,0.6,8.1,False
3,False,12,Rule  #76,4678008,Jonathon Brooks,RB,IR,False,0.0,0.0,False
3,False,12,Rule  #76,4035676,Zack Moss,RB,RB,True,18.2,13.1,False
3,False,12,Rule  #76,4038815,Rico Dowdle,RB,BE,False,7.1,8.3,False
3,False,12,Rule  #76,4432773,Brian Thomas Jr.,WR,BE,False,7.3,8.77,False
3,False,12,Rule  #76,15683,Justin Tucker,K,K,True,3.0,7.93,False
3,False,12,Rule  #76,4241463,Jerry Jeudy,WR,BE,False,6.7,8.12,False
3,False,12,Rule  #76,4036133,T.J. Hockenson,TE,BE,False,0.0,0.0,False
3,False,12,Rule  #76,12483,Matthew Stafford,QB,BE,False,12.84,14.96,False
3,False,12,Rule  #76,2310331,Tyler Johnson,WR,BE,False,3.5,8.6,False
3,False,12,Rule  #76,3917657,Zack Baun,LB,DP,True,13.0,9.24,False
3,False,12,Rule  #76,-16034,Texans D/ST,D/ST,D/ST,True,5.0,6.95,False
3,False,3,Jim Ward's Ole Dick Necks,4241389,CeeDee Lamb,WR,WR,True,6.7,17.42,False
3,False,3,Jim Ward's Ole Dick Necks,4361529,Isiah Pacheco,RB,IR,False,0.0,0.0,False
3,False,3,Jim Ward's Ole Dick Necks,4697815,Rachaad White,RB,RB,True,7.0,12.44,False
3,False,3,Jim Ward's Ole Dick Necks,2977187,Cooper Kupp,WR,BE,False,0.0,0.0,False
3,False,3,Jim Ward's Ole Dick Necks,4432577,C.J. Stroud,QB,QB,True,9.8,18.2,False
3,False,3,Jim Ward's Ole Dick Necks,4428331,Rashee Rice,WR,WR,True,23.1,14.65,False
3,False,3,Jim Ward's Ole Dick Necks,3068267,Austin Ekeler,RB,BE,False,12.7,8.62,False
3,False,3,Jim Ward's Ole Dick Necks,3040151,George Kittle,TE,BE,False,0.0,0.0,False
3,False,3,Jim Ward's Ole Dick Necks,4372019,Jerome Ford,RB,RB,True,8.5,12.34,False
3,False,3,Jim Ward's Ole Dick Necks,4373626,Tyler Allgeier,RB,BE,False,3.2,6.19,False
3,False,3,Jim Ward's Ole Dick Necks,4241479,Tua Tagovailoa,QB,BE,False,0.0,0.0,False
3,False,3,Jim Ward's Ole Dick Necks,4040655,Darnell Mooney,WR,RB/WR/TE,True,10.6,9.23,False
3,False,3,Jim Ward's Ole Dick Necks,16731,Brandin Cooks,WR,BE,False,2.6,6.95,False
3,False,3,Jim Ward's Ole Dick Necks,2971573,Ka'imi Fairbairn,K,K,True,0.0,8.44,False
3,False,3,Jim Ward's Ole Dick Necks,3117256,Dalton Schultz,TE,BE,False,2.1,6.52,False
3,False,3,Jim Ward's Ole Dick Necks,-16018,Saints D/ST,D/ST,D/ST,True,6.0,5.27,False
3,False,3,Jim Ward's Ole Dick Necks,14979,Bobby Wagner,LB,DP,True,8.0,9.85,False
3,False,3,Jim Ward's Ole Dick Necks,3929645,Juwan Johnson,TE,TE,True,0.0,5.96,False
3,False,11,ConcreteJungleWet DreamTomato,4430807,Bijan Robinson,RB,RB,True,12.2,18.59,False
3,False,11,ConcreteJungleWet DreamTomato,16800,Davante Adams,WR,WR,True,7.0,12.9,False
3,False,11,ConcreteJungleWet DreamTomato,4040715,Jalen Hurts,QB,QB,True,11.94,20.01,False
3,False,11,ConcreteJungleWet DreamTomato,4595348,Malik Nabers,WR,WR,True,24.2,11.64,False
3,False,11,ConcreteJungleWet DreamTomato,3116365,Mark Andrews,TE,TE,True,0.0,8.76,False
3,False,11,ConcreteJungleWet DreamTomato,3116165,Chris Godwin,WR,RB/WR/TE,True,14.3,12.2,False
3,False,11,ConcreteJungleWet DreamTomato,4361579,Javonte Williams,RB,BE,False,4.1,11.03,False
3,False,11,ConcreteJungleWet DreamTomato,4428557,Tyjae Spears,RB,BE,False,8.1,8.65,False
3,False,11,ConcreteJungleWet DreamTomato,4635008,Keon Coleman,WR,BE,False,8.9,7.73,False
3,False,11,ConcreteJungleWet DreamTomato,4241985,J.K. Dobbins,RB,RB,True,6.9,11.76,False
3,False,11,ConcreteJungleWet DreamTomato,16733,Odell Beckham Jr.,WR,IR,False,0.0,0.0,False
3,False,11,ConcreteJungleWet DreamTomato,-16025,49ers D/ST,D/ST,D/ST,True,5.0,4.78,False
3,False,11,ConcreteJungleWet DreamTomato,3916655,Maxx Crosby,DE,DP,True,3.0,6.9,False
3,False,11,ConcreteJungleWet DreamTomato,4360234,Evan McPherson,K,K,True,8.0,8.58,False
3,False,11,ConcreteJungleWet DreamTomato,4360238,Dameon Pierce,RB,BE,False,0.0,0.0,False
3,False,11,ConcreteJungleWet DreamTomato,4426338,Bo Nix,QB,BE,False,19.34,13.42,False
3,False,11,ConcreteJungleWet DreamTomato,4259166,Terrel Bernard,LB,BE,False,0.0,0.0,False
3,False,11,ConcreteJungleWet DreamTomato,4360078,Alec Pierce,WR,BE,False,4.9,5.63,False
4,False,10,LaPorta Potty,4242335,Jonathan Taylor,RB,RB,True,18.3,16.91,False
4,False,10,LaPorta Potty,3043078,Derrick Henry,RB,RB,True,34.4,14.5,False
4,False,10,LaPorta Potty,4429160,De'Von Achane,RB,RB/WR/TE,True,4.4,14.84,False
4,False,10,LaPorta Potty,4430027,Sam LaPorta,TE,TE,True,7.3,7.04,False
4,False,10,LaPorta Potty,2976499,Amari Cooper,WR,WR,True,5.5,9.83,False
4,False,10,LaPorta Potty,2577417,Dak Prescott,QB,QB,True,16.74,17.58,False
4,False,10,LaPorta Potty,3121422,Terry McLaurin,WR,WR,True,14.7,10.92,False
4,False,10,LaPorta Potty,3916148,Tony Pollard,RB,BE,False,17.8,13.55,False
4,False,10,LaPorta Potty,4036378,Jordan Love,QB,BE,False,28.16,15.76,False
4,False,10,LaPorta Potty,4361432,Romeo Doubs,WR,BE,False,5.9,7.57,False
4,False,10,LaPorta Potty,3050478,Jake Elliott,K,K,True,2.0,8.21,False
4,False,10,LaPorta Potty,4599739,Kendre Miller,RB,IR,False,0.0,0.0,False
4,False,10,LaPorta Potty,4361411,Pat Freiermuth,TE,BE,False,14.2,6.27,False
4,False,10,LaPorta Potty,-16026,Seahawks D/ST,D/ST,D/ST,True,1.0,5.0,False
4,False,10,LaPorta Potty,3071353,E.J. Speed,LB,DP,True,13.0,10.18,False
4,False,10,LaPorta Potty,4569587,Wan'Dale Robinson,WR,BE,False,12.6,8.94,False
4,False,10,LaPorta Potty,4429025,Quentin Johnston,WR,BE,False,1.8,8.56,False
4,False,10,LaPorta Potty,3886598,Jauan Jennings,WR,BE,False,10.3,8.32,False
4,False,1,Too Much Bama In Me ,4569618,Garrett Wilson,WR,BE,False,4.6,11.35,False
4,False,1,Too Much Bama In Me ,4429795,Jahmyr Gibbs,RB,RB,True,19.8,12.9,False
4,False,1,Too Much Bama In Me ,4035687,Michael Pittman Jr.,WR,BE,False,14.3,8.79,False
4,False,1,Too Much Bama In Me ,4047365,Josh Jacobs,RB,RB,True,9.8,12.9,False
4,False,1,Too Much Bama In Me ,4426354,George Pickens,WR,WR,True,12.8,9.86,False
4,False,1,Too Much Bama In Me ,4361307,Trey McBride,TE,BE,False,0.0,0.0,False
4,False,1,Too Much Bama In Me ,3932905,Diontae Johnson,WR,WR,True,17.8,12.44,False
4,False,1,Too Much Bama In Me ,4040761,Devin Singletary,RB,RB/WR/TE,True,4.3,13.0,False
4,False,1,Too Much Bama In Me ,3051926,Gus Edwards,RB,BE,False,1.9,5.97,False
4,False,1,Too Much Bama In Me ,4426388,Jameson Williams,WR,BE,False,15.0,9.56,False
4,False,1,Too Much Bama In Me ,3046779,Jared Goff,QB,BE,False,26.68,12.96,False
4,False,1,Too Much Bama In Me ,3919117,Azeez Al-Shaair,LB,DP,True,4.0,9.81,False
4,False,1,Too Much Bama In Me ,4373678,Khalil Shakir,WR,BE,False,8.2,9.7,False
4,False,1,Too Much Bama In Me ,4372066,Jake Moody,K,K,True,13.0,8.39,False
4,False,1,Too Much Bama In Me ,4362887,Justin Fields,QB,QB,True,31.98,16.54,False
4,False,1,Too Much Bama In Me ,15835,Zach Ertz,TE,TE,True,6.7,7.26,False
4,False,1,Too Much Bama In Me ,-16008,Lions D/ST,D/ST,D/ST,True,1.0,5.79,False
4,False,13,Christopher's Kryptonite ,4374302,Amon-Ra St. Brown,WR,WR,True,17.78,12.22,False
4,False,13,Christopher's Kryptonite ,4430737,Kyren Williams,RB,RB,True,18.4,17.68,False
4,False,13,Christopher's Kryptonite ,3139477,Patrick Mahomes,QB,QB,True,13.0,17.55,False
4,False,13,Christopher's Kryptonite ,16737,Mike Evans,WR,WR,True,19.4,12.19,False
4,False,13,Christopher's Kryptonite ,3045147,James Conner,RB,RB,True,17.8,15.3,False
4,False,13,Christopher's Kryptonite ,4259545,D'Andre Swift,RB,BE,False,26.0,11.98,False
4,False,13,Christopher's Kryptonite ,3895856,Christian Kirk,WR,BE,False,15.6,7.44,False
4,False,13,Christopher's Kryptonite ,4242355,Jake Ferguson,TE,TE,True,8.4,8.5,False
4,False,13,Christopher's Kryptonite ,4431299,Rome Odunze,WR,BE,False,1.5,8.51,False
4,False,13,Christopher's Kryptonite ,3050073,Foyesade Oluokun,LB,IR,False,0.0,0.0,False
4,False,13,Christopher's Kryptonite ,4429275,Trey Benson,RB,BE,False,5.0,4.86,False
4,False,13,Christopher's Kryptonite ,-16002,Bills D/ST,D/ST,BE,False,-3.0,4.73,False
4,False,13,Christopher's Kryptonite ,4360569,Jordan Mason,RB,RB/WR/TE,True,23.0,16.51,False
4,False,13,Christopher's Kryptonite ,4361050,Isaiah Likely,TE,BE,False,3.1,5.96,False
4,False,13,Christopher's Kryptonite ,4259619,Blake Grupe,K,K,True,7.0,7.95,False
4,False,13,Christopher's Kryptonite ,-16012,Chiefs D/ST,D/ST,D/ST,True,7.0,5.12,False
4,False,13,Christopher's Kryptonite ,4362851,Ernest Jones IV,LB,DP,True,5.0,10.33,False
4,False,13,Christopher's Kryptonite ,3918330,Logan Wilson,LB,BE,False,10.0,9.63,False
4,False,9,Men of Will,4262921,Justin Jefferson,WR,WR,True,17.5,15.23,False
4,False,9,Men of Will,4426515,Puka Nacua,WR,IR,False,0.0,0.0,False
4,False,9,Men of Will,3916387,Lamar Jackson,QB,QB,True,23.64,19.84,False
4,False,9,Men of Will,4047650,DK Metcalf,WR,WR,True,11.9,13.03,False
4,False,9,Men of Will,4360248,Kyle Pitts,TE,TE,True,0.0,7.41,False
4,False,9,Men of Will,4241474,Brian Robinson Jr.,RB,RB,True,18.8,14.02,False
4,False,9,Men of Will,4241457,Najee Harris,RB,RB,True,8.8,12.15,False
4,False,9,Men of Will,3051392,Ezekiel Elliott,RB,BE,False,2.9,7.27,False
4,False,9,Men of Will,4248528,Christian Watson,WR,BE,False,1.0,7.58,False
4,False,9,Men of Will,4038941,Justin Herbert,QB,BE,False,11.16,14.95,False
4,False,9,Men of Will,4430034,Xavier Legette,WR,RB/WR/TE,True,16.6,8.14,False
4,False,9,Men of Will,-16006,Cowboys D/ST,D/ST,D/ST,True,4.0,5.3,False
4,False,9,Men of Will,3055899,Harrison Butker,K,K,True,4.0,8.13,False
4,False,9,Men of Will,2468609,Taysom Hill,TE,BE,False,14.4,5.85,False
4,False,9,Men of Will,4722893,Jaleel McLaughlin,RB,BE,False,5.1,5.19,False
4,False,9,Men of Will,3043116,Demarcus Robinson,WR,BE,False,4.7,7.61,False
4,False,9,Men of Will,-16009,Packers D/ST,D/ST,BE,False,6.0,5.94,False
4,False,9,Men of Will,4043130,Jordyn Brooks,LB,DP,True,15.0,9.66,False
4,False,6,Thom-ASS,3929630,Saquon Barkley,RB,RB,True,12.6,17.97,False
4,False,6,Thom-ASS,4047646,A.J. Brown,WR,BE,False,0.0,0.0,False
4,False,6,Thom-ASS,15847,Travis Kelce,TE,TE,True,12.4,8.29,False
4,False,6,Thom-ASS,3054850,Alvin Kamara,RB,RB,True,21.4,16.88,False
4,False,6,Thom-ASS,3925357,Calvin Ridley,WR,WR,True,2.0,9.77,False
4,False,6,Thom-ASS,4429615,Zay Flowers,WR,WR,True,1.5,11.59,False
4,False,6,Thom-ASS,4361741,Brock Purdy,QB,QB,True,14.62,17.97,False
4,False,6,Thom-ASS,3128429,Courtland Sutton,WR,BE,False,13.5,9.89,False
4,False,6,Thom-ASS,4241416,Chuba Hubbard,RB,RB/WR/TE,True,20.1,12.79,False
4,False,6,Thom-ASS,15795,DeAndre Hopkins,WR,BE,False,5.1,6.77,False
4,False,6,Thom-ASS,-16005,Browns D/ST,D/ST,D/ST,True,12.0,7.82,False
4,False,6,Thom-ASS,3953687,Brandon Aubrey,K,K,True,10.0,8.35,False
4,False,6,Thom-ASS,4258595,Cole Kmet,TE,BE,False,4.9,6.67,False
4,False,6,Thom-ASS,4428209,Ricky Pearsall,WR,IR,False,0.0,0.0,False
4,False,6,Thom-ASS,3128390,Allen Lazard,WR,BE,False,8.3,6.92,False
4,False,6,Thom-ASS,8439,Aaron Rodgers,QB,BE,False,11.6,15.45,False
4,False,6,Thom-ASS,3129446,Robert Spillane,LB,DP,True,12.0,9.86,False
4,False,5,Jones in for a Repeat,4362628,Ja'Marr Chase,WR,WR,True,17.0,14.77,False
4,False,5,Jones in for a Repeat,3126486,Deebo Samuel Sr.,WR,BE,False,8.7,12.56,False
4,False,5,Jones in for a Repeat,4567048,Kenneth Walker III,RB,RB,True,32.6,12.33,False
4,False,5,Jones in for a Repeat,3042519,Aaron Jones,RB,RB,True,16.9,14.97,False
4,False,5,Jones in for a Repeat,2576414,Raheem Mostert,RB,BE,False,0.0,0.0,False
4,False,5,Jones in for a Repeat,15818,Keenan Allen,WR,BE,False,3.4,8.89,False
4,False,5,Jones in for a Repeat,3121023,Dallas Goedert,TE,TE,True,9.7,9.54,False
4,False,5,Jones in for a Repeat,4430878,Jaxon Smith-Njigba,WR,WR,True,9.1,9.28,False
4,False,5,Jones in for a Repeat,3138826,Fred Warner,LB,BE,False,15.0,9.64,False
4,False,5,Jones in for a Repeat,3912547,Sam Darnold,QB,QB,True,20.5,16.49,False
4,False,5,Jones in for a Repeat,16757,Derek Carr,QB,BE,False,8.06,13.99,False
4,False,5,Jones in for a Repeat,-16023,Steelers D/ST,D/ST,BE,False,1.0,5.83,False
4,False,5,Jones in for a Repeat,-16016,Vikings D/ST,D/ST,D/ST,True,3.0,5.04,False
4,False,5,Jones in for a Repeat,4368003,Andrei Iosivas,WR,RB/WR/TE,True,3.4,6.67,False
4,False,5,Jones in for a Repeat,11122,Matt Prater,K,K,True,2.0,8.48,False
4,False,5,Jones in for a Repeat,4426403,Nick Cross,S,DP,True,10.0,7.58,False
4,False,5,Jones in for a Repeat,3059915,Kareem Hunt,RB,BE,False,9.5,1.59,False
4,False,2,Pour One Out For Mahomies!!,3918298,Josh Allen,QB,QB,True,7.3,21.45,False
4,False,2,Pour One Out For Mahomies!!,4239996,Travis Etienne Jr.,RB,RB,True,6.5,13.43,False
4,False,2,Pour One Out For Mahomies!!,4258173,Nico Collins,WR,WR,True,27.1,14.77,False
4,False,2,Pour One Out For Mahomies!!,4569173,Rhamondre Stevenson,RB,RB,True,6.2,13.63,False
4,False,2,Pour One Out For Mahomies!!,2976212,Stefon Diggs,WR,WR,True,16.0,12.02,False
4,False,2,Pour One Out For Mahomies!!,3051876,Evan Engram,TE,BE,False,0.0,0.0,False
4,False,2,Pour One Out For Mahomies!!,4612826,Ladd McConkey,WR,BE,False,15.2,9.07,False
4,False,2,Pour One Out For Mahomies!!,4683062,Xavier Worthy,WR,RB/WR/TE,True,14.8,9.2,False
4,False,2,Pour One Out For Mahomies!!,3128720,Nick Chubb,RB,BE,False,0.0,0.0,False
4,False,2,Pour One Out For Mahomies!!,4032473,Rashid Shaheed,WR,BE,False,11.7,9.52,False
4,False,2,Pour One Out For Mahomies!!,3915189,Roquan Smith,LB,DP,True,6.0,10.49,False
4,False,2,Pour One Out For Mahomies!!,-16020,Jets D/ST,D/ST,D/ST,True,8.0,6.81,False
4,False,2,Pour One Out For Mahomies!!,4431452,Drake Maye,QB,BE,False,0.0,0.0,False
4,False,2,Pour One Out For Mahomies!!,14993,Greg Zuerlein,K,K,True,9.0,8.06,False
4,False,2,Pour One Out For Mahomies!!,2577327,Tyler Lockett,WR,BE,False,8.6,8.22,False
4,False,2,Pour One Out For Mahomies!!,16460,Adam Thielen,WR,IR,False,0.0,0.0,False
4,False,2,Pour One Out For Mahomies!!,3116164,Mike Gesicki,TE,TE,True,-0.4,6.77,False
4,False,12,Rule  #76,3116406,Tyreek Hill,WR,WR,True,6.2,10.85,False
4,False,12,Rule  #76,4432708,Marvin Harrison Jr.,WR,WR,True,13.0,13.75,False
4,False,12,Rule  #76,4379399,James Cook,RB,RB,True,5.3,14.25,False
4,False,12,Rule  #76,4241478,DeVonta Smith,WR,BE,False,0.0,0.0,False
4,False,12,Rule  #76,4385690,Dalton Kincaid,TE,TE,True,7.2,8.6,False
4,False,12,Rule  #76,3917315,Kyler Murray,QB,QB,True,9.98,20.39,False
4,False,12,Rule  #76,4569987,Jaylen Warren,RB,BE,False,0.0,0.0,False
4,False,12,Rule  #76,4678008,Jonathon Brooks,RB,IR,False,0.0,0.0,False
4,False,12,Rule  #76,4035676,Zack Moss,RB,RB,True,15.8,13.29,False
4,False,12,Rule  #76,4038815,Rico Dowdle,RB,RB/WR/TE,True,12.6,9.59,False
4,False,12,Rule  #76,4432773,Brian Thomas Jr.,WR,BE,False,18.9,7.9,False
4,False,12,Rule  #76,15683,Justin Tucker,K,K,True,5.0,7.83,False
4,False,12,Rule  #76,4241463,Jerry Jeudy,WR,BE,False,10.2,7.64,False
4,False,12,Rule  #76,4036133,T.J. Hockenson,TE,BE,False,0.0,0.0,False
4,False,12,Rule  #76,12483,Matthew Stafford,QB,BE,False,4.86,13.26,False
4,False,12,Rule  #76,2310331,Tyler Johnson,WR,BE,False,0.0,6.98,False
4,False,12,Rule  #76,3917657,Zack Baun,LB,DP,True,6.0,9.75,False
4,False,12,Rule  #76,-16034,Texans D/ST,D/ST,D/ST,True,1.0,7.12,False
4,False,11,ConcreteJungleWet DreamTomato,4430807,Bijan Robinson,RB,RB,True,9.4,18.05,False
4,False,11,ConcreteJungleWet DreamTomato,16800,Davante Adams,WR,BE,False,0.0,0.0,False
4,False,11,ConcreteJungleWet DreamTomato,4040715,Jalen Hurts,QB,QB,True,16.32,19.47,False
4,False,11,ConcreteJungleWet DreamTomato,4595348,Malik Nabers,WR,WR,True,17.1,15.53,False
4,False,11,ConcreteJungleWet DreamTomato,3116365,Mark Andrews,TE,TE,True,0.0,6.23,False
4,False,11,ConcreteJungleWet DreamTomato,3116165,Chris Godwin,WR,WR,True,9.9,12.74,False
4,False,11,ConcreteJungleWet DreamTomato,4361579,Javonte Williams,RB,RB/WR/TE,True,9.0,8.68,False
4,False,11,ConcreteJungleWet DreamTomato,4428557,Tyjae Spears,RB,BE,False,10.9,7.51,False
4,False,11,ConcreteJungleWet DreamTomato,4635008,Keon Coleman,WR,BE,False,6.6,3.64,False
4,False,11,ConcreteJungleWet DreamTomato,4241985,J.K. Dobbins,RB,RB,True,7.7,14.04,False
4,False,11,ConcreteJungleWet DreamTomato,16733,Odell Beckham Jr.,WR,IR,False,0.0,0.0,False
4,False,11,ConcreteJungleWet DreamTomato,-16025,49ers D/ST,D/ST,D/ST,True,23.0,6.95,False
4,False,11,ConcreteJungleWet DreamTomato,3916655,Maxx Crosby,DE,BE,False,0.0,0.0,False
4,False,11,ConcreteJungleWet DreamTomato,4360234,Evan McPherson,K,K,True,13.0,8.2,False
4,False,11,ConcreteJungleWet DreamTomato,4360238,Dameon Pierce,RB,BE,False,0.0,0.0,False
4,False,11,ConcreteJungleWet DreamTomato,4426338,Bo Nix,QB,BE,False,6.7,14.6,False
4,False,11,ConcreteJungleWet DreamTomato,4360078,Alec Pierce,WR,BE,False,1.4,5.52,False
4,False,11,ConcreteJungleWet DreamTomato,3116724,Germaine Pratt,LB,DP,True,9.0,9.66,False
4,False,4,Injured Reserve ,3117251,Christian McCaffrey,RB,BE,False,0.0,0.0,False
4,False,4,Injured Reserve ,3116385,Joe Mixon,RB,BE,False,0.0,0.0,False
4,False,4,Injured Reserve ,4372016,Jaylen Waddle,WR,BE,False,5.6,7.77,False
4,False,4,Injured Reserve ,4360438,Brandon Aiyuk,WR,WR,True,5.8,10.81,False
4,False,4,Injured Reserve ,3915416,DJ Moore,WR,RB/WR/TE,True,9.7,12.23,False
4,False,4,Injured Reserve ,3915511,Joe Burrow,QB,QB,True,16.28,18.68,False
4,False,4,Injured Reserve ,4366031,Tank Dell,WR,BE,False,0.0,0.0,False
4,False,4,Injured Reserve ,3123076,David Njoku,TE,IR,False,0.0,0.0,False
4,False,4,Injured Reserve ,4429205,Jordan Addison,WR,WR,True,21.4,8.99,False
4,False,4,Injured Reserve ,3124005,Zaire Franklin,LB,DP,True,9.0,10.31,False
4,False,4,Injured Reserve ,4242431,Ty Chandler,RB,RB,True,1.8,6.82,False
4,False,4,Injured Reserve ,-16033,Ravens D/ST,D/ST,D/ST,True,10.0,3.36,False
4,False,4,Injured Reserve ,3916433,Jakobi Meyers,WR,BE,False,7.4,9.6,False
4,False,4,Injured Reserve ,3049899,Younghoe Koo,K,K,True,20.0,7.77,False
4,False,4,Injured Reserve ,3052587,Baker Mayfield,QB,BE,False,28.88,16.52,False
4,False,4,Injured Reserve ,4360294,Antonio Gibson,RB,BE,False,9.4,6.35,False
4,False,4,Injured Reserve ,4242557,Colby Parkinson,TE,TE,True,5.3,6.36,False
4,False,4,Injured Reserve ,4714365,Carson Steele,RB,RB,True,-0.9,10.63,False
4,False,3,Jim Ward's Ole Dick Necks,4241389,CeeDee Lamb,WR,WR,True,20.1,16.1,False
4,False,3,Jim Ward's Ole Dick Necks,4361529,Isiah Pacheco,RB,IR,False,0.0,0.0,False
4,False,3,Jim Ward's Ole Dick Necks,4697815,Rachaad White,RB,RB,True,9.4,10.98,False
4,False,3,Jim Ward's Ole Dick Necks,2977187,Cooper Kupp,WR,BE,False,0.0,0.0,False
4,False,3,Jim Ward's Ole Dick Necks,4432577,C.J. Stroud,QB,QB,True,23.5,19.18,False
4,False,3,Jim Ward's Ole Dick Necks,4428331,Rashee Rice,WR,WR,True,3.0,15.59,False
4,False,3,Jim Ward's Ole Dick Necks,3068267,Austin Ekeler,RB,BE,False,0.0,0.0,False
4,False,3,Jim Ward's Ole Dick Necks,3040151,George Kittle,TE,TE,True,12.5,10.45,False
4,False,3,Jim Ward's Ole Dick Necks,4372019,Jerome Ford,RB,RB,True,12.0,11.75,False
4,False,3,Jim Ward's Ole Dick Necks,4373626,Tyler Allgeier,RB,BE,False,10.0,5.61,False
4,False,3,Jim Ward's Ole Dick Necks,4241479,Tua Tagovailoa,QB,BE,False,0.0,0.0,False
4,False,3,Jim Ward's Ole Dick Necks,4040655,Darnell Mooney,WR,RB/WR/TE,True,7.1,9.49,False
4,False,3,Jim Ward's Ole Dick Necks,16731,Brandin Cooks,WR,BE,False,2.1,6.31,False
4,False,3,Jim Ward's Ole Dick Necks,2971573,Ka'imi Fairbairn,K,K,True,6.0,8.6,False
4,False,3,Jim Ward's Ole Dick Necks,3117256,Dalton Schultz,TE,BE,False,4.9,6.59,False
4,False,3,Jim Ward's Ole Dick Necks,-16018,Saints D/ST,D/ST,BE,False,3.0,4.66,False
4,False,3,Jim Ward's Ole Dick Necks,14979,Bobby Wagner,LB,DP,True,12.0,9.83,False
4,False,3,Jim Ward's Ole Dick Necks,-16015,Dolphins D/ST,D/ST,D/ST,True,4.0,7.62,False
4,False,8,SCLSU Mud Dogs,4427366,Breece Hall,RB,RB,True,2.8,17.57,False
4,False,8,SCLSU Mud Dogs,4426502,Drake London,WR,WR,True,9.4,11.17,False
4,False,8,SCLSU Mud Dogs,4361370,Chris Olave,WR,WR,True,12.7,11.43,False
4,False,8,SCLSU Mud Dogs,4429084,Anthony Richardson,QB,BE,False,5.24,15.89,False
4,False,8,SCLSU Mud Dogs,4361777,Zamir White,RB,BE,False,3.0,9.77,False
4,False,8,SCLSU Mud Dogs,4035538,David Montgomery,RB,RB,True,14.5,12.84,False
4,False,8,SCLSU Mud Dogs,4239993,Tee Higgins,WR,BE,False,9.0,9.7,False
4,False,8,SCLSU Mud Dogs,4362249,Jayden Reed,WR,RB/WR/TE,True,23.6,10.34,False
4,False,8,SCLSU Mud Dogs,4432665,Brock Bowers,TE,TE,True,4.1,9.07,False
4,False,8,SCLSU Mud Dogs,4426348,Jayden Daniels,QB,QB,True,24.02,22.08,False
4,False,8,SCLSU Mud Dogs,4426385,Zach Charbonnet,RB,BE,False,7.9,7.1,False
4,False,8,SCLSU Mud Dogs,3121544,T.J. Edwards,LB,DP,True,9.0,9.45,False
4,False,8,SCLSU Mud Dogs,3917232,Tyler Bass,K,K,True,5.0,8.0,False
4,False,8,SCLSU Mud Dogs,4685247,Braelon Allen,RB,BE,False,5.1,7.96,False
4,False,8,SCLSU Mud Dogs,-16013,Raiders D/ST,D/ST,D/ST,True,10.0,8.03,False
4,False,8,SCLSU Mud Dogs,4596448,Bucky Irving,RB,BE,False,12.0,9.09,False
4,False,8,SCLSU Mud Dogs,4362238,Chase Brown,RB,BE,False,22.2,6.73,False
5,False,13,Christopher's Kryptonite ,4374302,Amon-Ra St. Brown,WR,BE,False,0.0,0.0,True
5,False,13,Christopher's Kryptonite ,4430737,Kyren Williams,RB,RB,True,15.0,19.08,False
5,False,13,Christopher's Kryptonite ,3139477,Patrick Mahomes,QB,QB,True,13.44,15.66,False
5,False,13,Christopher's Kryptonite ,16737,Mike Evans,WR,WR,True,20.7,12.24,False
5,False,13,Christopher's Kryptonite ,3045147,James Conner,RB,BE,False,14.0,12.07,False
5,False,13,Christopher's Kryptonite ,4259545,D'Andre Swift,RB,RB,True,19.0,13.95,False
5,False,13,Christopher's Kryptonite ,3895856,Christian Kirk,WR,BE,False,10.8,9.95,False
5,False,13,Christopher's Kryptonite ,4242355,Jake Ferguson,TE,TE,True,11.0,9.42,False
5,False,13,Christopher's Kryptonite ,4431299,Rome Odunze,WR,BE,False,6.5,7.03,False
5,False,13,Christopher's Kryptonite ,3050073,Foyesade Oluokun,LB,IR,False,0.0,0.0,False
5,False,13,Christopher's Kryptonite ,4429275,Trey Benson,RB,BE,False,0.0,3.58,False
5,False,13,Christopher's Kryptonite ,-16002,Bills D/ST,D/ST,BE,False,2.0,4.54,False
5,False,13,Christopher's Kryptonite ,4360569,Jordan Mason,RB,RB/WR/TE,True,8.3,17.4,False
5,False,13,Christopher's Kryptonite ,4361050,Isaiah Likely,TE,BE,False,14.8,5.17,False
5,False,13,Christopher's Kryptonite ,3918330,Logan Wilson,LB,DP,True,9.0,9.79,False
5,False,13,Christopher's Kryptonite ,-16007,Broncos D/ST,D/ST,D/ST,True,15.0,7.61,False
5,False,13,Christopher's Kryptonite ,4428850,Dontayvion Wicks,WR,WR,True,3.0,10.4,False
5,False,13,Christopher's Kryptonite ,17372,Chris Boswell,K,K,True,6.0,8.3,False
5,False,10,LaPorta Potty,4242335,Jonathan Taylor,RB,BE,False,0.0,0.0,False
5,False,10,LaPorta Potty,3043078,Derrick Henry,RB,RB,True,16.1,17.97,False
5,False,10,LaPorta Potty,4429160,De'Von Achane,RB,RB,True,2.2,14.25,False
5,False,10,LaPorta Potty,4430027,Sam LaPorta,TE,BE,False,0.0,0.0,True
5,False,10,LaPorta Potty,2976499,Amari Cooper,WR,WR,True,8.0,10.43,False
5,False,10,LaPorta Potty,2577417,Dak Prescott,QB,BE,False,16.38,18.09,False
5,False,10,LaPorta Potty,3121422,Terry McLaurin,WR,WR,True,12.4,10.95,False
5,False,10,LaPorta Potty,3916148,Tony Pollard,RB,BE,False,0.0,0.0,True
5,False,10,LaPorta Potty,4036378,Jordan Love,QB,QB,True,15.96,20.0,False
5,False,10,LaPorta Potty,4361411,Pat Freiermuth,TE,TE,True,7.7,7.02,False
5,False,10,LaPorta Potty,-16026,Seahawks D/ST,D/ST,D/ST,True,7.0,5.98,False
5,False,10,LaPorta Potty,3071353,E.J. Speed,LB,DP,True,7.0,10.12,False
5,False,10,LaPorta Potty,4429025,Quentin Johnston,WR,BE,False,0.0,0.0,True
5,False,10,LaPorta Potty,3886598,Jauan Jennings,WR,BE,False,1.8,8.4,False
5,False,10,LaPorta Potty,4241401,Trey Sermon,RB,RB/WR/TE,True,15.3,11.73,False
5,False,10,LaPorta Potty,3821683,Austin Seibert,K,K,True,10.0,8.41,False
5,False,10,LaPorta Potty,4428718,Tre Tucker,WR,BE,False,4.6,8.15,False
5,False,1,Too Much Bama In Me ,4569618,Garrett Wilson,WR,WR,True,22.6,11.2,False
5,False,1,Too Much Bama In Me ,4429795,Jahmyr Gibbs,RB,BE,False,0.0,0.0,True
5,False,1,Too Much Bama In Me ,4035687,Michael Pittman Jr.,WR,RB/WR/TE,True,12.2,10.97,False
5,False,1,Too Much Bama In Me ,4047365,Josh Jacobs,RB,RB,True,15.9,14.07,False
5,False,1,Too Much Bama In Me ,4426354,George Pickens,WR,WR,True,4.1,11.95,False
5,False,1,Too Much Bama In Me ,4361307,Trey McBride,TE,TE,True,8.3,10.01,False
5,False,1,Too Much Bama In Me ,3932905,Diontae Johnson,WR,BE,False,4.4,12.64,False
5,False,1,Too Much Bama In Me ,4040761,Devin Singletary,RB,BE,False,0.0,0.0,False
5,False,1,Too Much Bama In Me ,4426388,Jameson Williams,WR,BE,False,0.0,0.0,True
5,False,1,Too Much Bama In Me ,3046779,Jared Goff,QB,BE,False,0.0,0.0,True
5,False,1,Too Much Bama In Me ,4373678,Khalil Shakir,WR,BE,False,0.0,0.0,False
5,False,1,Too Much Bama In Me ,4372066,Jake Moody,K,K,True,8.0,8.43,False
5,False,1,Too Much Bama In Me ,4362887,Justin Fields,QB,QB,True,15.94,20.15,False
5,False,1,Too Much Bama In Me ,15835,Zach Ertz,TE,BE,False,3.0,5.64,False
5,False,1,Too Much Bama In Me ,-16028,Commanders D/ST,D/ST,D/ST,True,14.0,7.57,False
5,False,1,Too Much Bama In Me ,4240021,Cam Akers,RB,RB,True,11.7,11.25,False
5,False,1,Too Much Bama In Me ,4259166,Terrel Bernard,LB,DP,True,7.0,9.77,False
5,False,6,Thom-ASS,3929630,Saquon Barkley,RB,RB,True,0.0,0.0,True
5,False,6,Thom-ASS,4047646,A.J. Brown,WR,BE,False,0.0,0.0,True
5,False,6,Thom-ASS,15847,Travis Kelce,TE,TE,True,11.5,9.61,False
5,False,6,Thom-ASS,3054850,Alvin Kamara,RB,RB,True,9.6,17.53,False
5,False,6,Thom-ASS,3925357,Calvin Ridley,WR,WR,True,0.0,0.0,True
5,False,6,Thom-ASS,4429615,Zay Flowers,WR,WR,True,15.5,11.18,False
5,False,6,Thom-ASS,4361741,Brock Purdy,QB,QB,True,13.06,19.17,False
5,False,6,Thom-ASS,3128429,Courtland Sutton,WR,BE,False,4.2,9.32,False
5,False,6,Thom-ASS,4241416,Chuba Hubbard,RB,RB/WR/TE,True,15.5,13.42,False
5,False,6,Thom-ASS,15795,DeAndre Hopkins,WR,BE,False,0.0,0.0,True
5,False,6,Thom-ASS,-16005,Browns D/ST,D/ST,D/ST,True,3.0,3.54,False
5,False,6,Thom-ASS,3953687,Brandon Aubrey,K,K,True,9.0,8.1,False
5,False,6,Thom-ASS,4258595,Cole Kmet,TE,BE,False,7.2,5.79,False
5,False,6,Thom-ASS,4428209,Ricky Pearsall,WR,IR,False,0.0,0.0,False
5,False,6,Thom-ASS,3128390,Allen Lazard,WR,BE,False,12.4,6.32,False
5,False,6,Thom-ASS,8439,Aaron Rodgers,QB,BE,False,11.76,14.14,False
5,False,6,Thom-ASS,3129446,Robert Spillane,LB,DP,True,10.0,9.67,False
5,False,6,Thom-ASS,15864,Geno Smith,QB,BE,False,22.56,17.29,False
5,False,9,Men of Will,4262921,Justin Jefferson,WR,WR,True,12.2,13.9,False
5,False,9,Men of Will,4426515,Puka Nacua,WR,IR,False,0.0,0.0,False
5,False,9,Men of Will,3916387,Lamar Jackson,QB,QB,True,33.42,21.84,False
5,False,9,Men of Will,4047650,DK Metcalf,WR,WR,True,5.5,12.5,False
5,False,9,Men of Will,4360248,Kyle Pitts,TE,TE,True,12.3,5.97,False
5,False,9,Men of Will,4241474,Brian Robinson Jr.,RB,BE,False,13.8,14.54,False
5,False,9,Men of Will,4241457,Najee Harris,RB,RB,True,8.7,13.84,False
5,False,9,Men of Will,4248528,Christian Watson,WR,BE,False,0.0,0.0,False
5,False,9,Men of Will,4038941,Justin Herbert,QB,BE,False,0.0,0.0,True
5,False,9,Men of Will,4430034,Xavier Legette,WR,RB/WR/TE,True,1.3,8.78,False
5,False,9,Men of Will,-16006,Cowboys D/ST,D/ST,BE,False,8.0,4.62,False
5,False,9,Men of Will,3055899,Harrison Butker,K,K,True,13.0,7.97,False
5,False,9,Men of Will,2468609,Taysom Hill,TE,BE,False,0.0,0.0,False
5,False,9,Men of Will,4722893,Jaleel McLaughlin,RB,BE,False,10.0,7.74,False
5,False,9,Men of Will,3043116,Demarcus Robinson,WR,BE,False,10.3,8.12,False
5,False,9,Men of Will,-16009,Packers D/ST,D/ST,D/ST,True,11.0,4.45,False
5,False,9,Men of Will,4043130,Jordyn Brooks,LB,DP,True,7.0,9.92,False
5,False,9,Men of Will,4360516,Tyrone Tracy Jr.,RB,RB,True,13.5,9.1,False
5,False,5,Jones in for a Repeat,4362628,Ja'Marr Chase,WR,WR,True,37.3,13.36,False
5,False,5,Jones in for a Repeat,3126486,Deebo Samuel Sr.,WR,WR,True,2.5,14.37,False
5,False,5,Jones in for a Repeat,4567048,Kenneth Walker III,RB,RB,True,12.1,16.13,False
5,False,5,Jones in for a Repeat,3042519,Aaron Jones,RB,RB,True,5.8,15.65,False
5,False,5,Jones in for a Repeat,2576414,Raheem Mostert,RB,BE,False,10.8,5.59,False
5,False,5,Jones in for a Repeat,15818,Keenan Allen,WR,BE,False,4.8,7.21,False
5,False,5,Jones in for a Repeat,3121023,Dallas Goedert,TE,BE,False,0.0,0.0,True
5,False,5,Jones in for a Repeat,4430878,Jaxon Smith-Njigba,WR,RB/WR/TE,True,11.1,10.03,False
5,False,5,Jones in for a Repeat,3138826,Fred Warner,LB,BE,False,12.0,10.08,False
5,False,5,Jones in for a Repeat,3912547,Sam Darnold,QB,QB,True,5.26,14.87,False
5,False,5,Jones in for a Repeat,-16023,Steelers D/ST,D/ST,BE,False,7.0,4.08,False
5,False,5,Jones in for a Repeat,-16016,Vikings D/ST,D/ST,D/ST,True,18.0,6.16,False
5,False,5,Jones in for a Repeat,4426403,Nick Cross,S,DP,True,7.0,7.76,False
5,False,5,Jones in for a Repeat,3059915,Kareem Hunt,RB,BE,False,18.2,10.8,False
5,False,5,Jones in for a Repeat,4243331,Cade Otton,TE,TE,True,5.9,6.15,False
5,False,5,Jones in for a Repeat,3150744,Chase McLaughlin,K,K,True,16.0,8.22,False
5,False,5,Jones in for a Repeat,4688813,Josh Downs,WR,BE,False,11.4,9.16,False
5,False,11,ConcreteJungleWet DreamTomato,4430807,Bijan Robinson,RB,RB,True,9.2,15.69,False
5,False,11,ConcreteJungleWet DreamTomato,16800,Davante Adams,WR,BE,False,0.0,0.0,False
5,False,11,ConcreteJungleWet DreamTomato,4040715,Jalen Hurts,QB,BE,False,0.0,0.0,True
5,False,11,ConcreteJungleWet DreamTomato,4595348,Malik Nabers,WR,BE,False,0.0,0.0,False
5,False,11,ConcreteJungleWet DreamTomato,3116165,Chris Godwin,WR,WR,True,9.1,12.27,False
5,False,11,ConcreteJungleWet DreamTomato,4361579,Javonte Williams,RB,RB,True,13.6,11.33,False
5,False,11,ConcreteJungleWet DreamTomato,4428557,Tyjae Spears,RB,BE,False,0.0,0.0,True
5,False,11,ConcreteJungleWet DreamTomato,4635008,Keon Coleman,WR,WR,True,11.4,8.06,False
5,False,11,ConcreteJungleWet DreamTomato,4241985,J.K. Dobbins,RB,BE,False,0.0,0.0,True
5,False,11,ConcreteJungleWet DreamTomato,16733,Odell Beckham Jr.,WR,BE,False,0.0,0.93,False
5,False,11,ConcreteJungleWet DreamTomato,-16025,49ers D/ST,D/ST,D/ST,True,10.0,5.31,False
5,False,11,ConcreteJungleWet DreamTomato,4360234,Evan McPherson,K,K,True,3.0,8.13,False
5,False,11,ConcreteJungleWet DreamTomato,4426338,Bo Nix,QB,BE,False,23.14,14.42,False
5,False,11,ConcreteJungleWet DreamTomato,3116724,Germaine Pratt,LB,DP,True,11.0,9.76,False
5,False,11,ConcreteJungleWet DreamTomato,3122840,Deshaun Watson,QB,QB,True,8.4,15.51,False
5,False,11,ConcreteJungleWet DreamTomato,4572680,Tucker Kraft,TE,TE,True,22.8,8.47,False
5,False,11,ConcreteJungleWet DreamTomato,4569587,Wan'Dale Robinson,WR,RB/WR/TE,True,13.0,10.22,False
5,False,2,Pour One Out For Mahomies!!,3918298,Josh Allen,QB,QB,True,14.64,20.36,False
5,False,2,Pour One Out For Mahomies!!,4239996,Travis Etienne Jr.,RB,RB,True,10.0,12.04,False
5,False,2,Pour One Out For Mahomies!!,4258173,Nico Collins,WR,WR,True,14.8,14.87,False
5,False,2,Pour One Out For Mahomies!!,4569173,Rhamondre Stevenson,RB,RB,True,17.2,10.41,False
5,False,2,Pour One Out For Mahomies!!,2976212,Stefon Diggs,WR,WR,True,12.2,11.03,False
5,False,2,Pour One Out For Mahomies!!,3051876,Evan Engram,TE,BE,False,0.0,0.0,False
5,False,2,Pour One Out For Mahomies!!,4612826,Ladd McConkey,WR,BE,False,0.0,0.0,True
5,False,2,Pour One Out For Mahomies!!,4683062,Xavier Worthy,WR,RB/WR/TE,True,10.3,9.59,False
5,False,2,Pour One Out For Mahomies!!,3128720,Nick Chubb,RB,BE,False,0.0,0.0,False
5,False,2,Pour One Out For Mahomies!!,4032473,Rashid Shaheed,WR,BE,False,17.6,10.85,False
5,False,2,Pour One Out For Mahomies!!,3915189,Roquan Smith,LB,DP,True,14.0,10.24,False
5,False,2,Pour One Out For Mahomies!!,-16020,Jets D/ST,D/ST,D/ST,True,11.0,6.78,False
5,False,2,Pour One Out For Mahomies!!,4431452,Drake Maye,QB,BE,False,0.0,0.0,False
5,False,2,Pour One Out For Mahomies!!,14993,Greg Zuerlein,K,K,True,5.0,7.4,False
5,False,2,Pour One Out For Mahomies!!,2577327,Tyler Lockett,WR,BE,False,9.5,8.11,False
5,False,2,Pour One Out For Mahomies!!,16460,Adam Thielen,WR,IR,False,0.0,0.0,False
5,False,2,Pour One Out For Mahomies!!,3116164,Mike Gesicki,TE,TE,True,4.1,5.77,False
5,False,12,Rule  #76,3116406,Tyreek Hill,WR,WR,True,9.9,10.61,False
5,False,12,Rule  #76,4432708,Marvin Harrison Jr.,WR,WR,True,4.6,13.23,False
5,False,12,Rule  #76,4379399,James Cook,RB,RB,True,16.9,14.29,False
5,False,12,Rule  #76,4241478,DeVonta Smith,WR,BE,False,0.0,0.0,True
5,False,12,Rule  #76,4385690,Dalton Kincaid,TE,TE,True,4.4,8.15,False
5,False,12,Rule  #76,3917315,Kyler Murray,QB,QB,True,24.1,17.33,False
5,False,12,Rule  #76,4569987,Jaylen Warren,RB,BE,False,0.0,0.0,False
5,False,12,Rule  #76,4678008,Jonathon Brooks,RB,IR,False,0.0,0.0,False
5,False,12,Rule  #76,4035676,Zack Moss,RB,RB,True,6.7,11.33,False
5,False,12,Rule  #76,4038815,Rico Dowdle,RB,BE,False,18.4,9.3,False
5,False,12,Rule  #76,4432773,Brian Thomas Jr.,WR,RB/WR/TE,True,21.7,10.4,False
5,False,12,Rule  #76,15683,Justin Tucker,K,K,True,13.0,8.38,False
5,False,12,Rule  #76,4241463,Jerry Jeudy,WR,BE,False,2.1,8.48,False
5,False,12,Rule  #76,4036133,T.J. Hockenson,TE,BE,False,0.0,0.0,False
5,False,12,Rule  #76,12483,Matthew Stafford,QB,BE,False,12.4,14.35,False
5,False,12,Rule  #76,3917657,Zack Baun,LB,BE,False,0.0,0.0,True
5,False,12,Rule  #76,-16034,Texans D/ST,D/ST,D/ST,True,3.0,3.73,False
5,False,12,Rule  #76,2510863,Eric Kendricks,LB,DP,True,12.0,9.78,False
5,False,3,Jim Ward's Ole Dick Necks,4241389,CeeDee Lamb,WR,WR,True,8.9,17.37,False
5,False,3,Jim Ward's Ole Dick Necks,4361529,Isiah Pacheco,RB,IR,False,0.0,0.0,False
5,False,3,Jim Ward's Ole Dick Necks,4697815,Rachaad White,RB,RB,True,8.1,10.34,False
5,False,3,Jim Ward's Ole Dick Necks,2977187,Cooper Kupp,WR,BE,False,0.0,0.0,False
5,False,3,Jim Ward's Ole Dick Necks,4432577,C.J. Stroud,QB,QB,True,15.94,17.62,False
5,False,3,Jim Ward's Ole Dick Necks,4428331,Rashee Rice,WR,BE,False,0.0,0.0,False
5,False,3,Jim Ward's Ole Dick Necks,3068267,Austin Ekeler,RB,BE,False,10.7,9.21,False
5,False,3,Jim Ward's Ole Dick Necks,3040151,George Kittle,TE,TE,True,18.4,10.01,False
5,False,3,Jim Ward's Ole Dick Necks,4372019,Jerome Ford,RB,RB,True,6.4,11.49,False
5,False,3,Jim Ward's Ole Dick Necks,4373626,Tyler Allgeier,RB,BE,False,5.0,7.01,False
5,False,3,Jim Ward's Ole Dick Necks,4040655,Darnell Mooney,WR,WR,True,27.0,10.31,False
5,False,3,Jim Ward's Ole Dick Necks,16731,Brandin Cooks,WR,BE,False,0.0,0.0,False
5,False,3,Jim Ward's Ole Dick Necks,2971573,Ka'imi Fairbairn,K,K,True,16.0,8.06,False
5,False,3,Jim Ward's Ole Dick Necks,-16018,Saints D/ST,D/ST,BE,False,-1.0,4.3,False
5,False,3,Jim Ward's Ole Dick Necks,14979,Bobby Wagner,LB,DP,True,11.0,10.01,False
5,False,3,Jim Ward's Ole Dick Necks,-16015,Dolphins D/ST,D/ST,D/ST,True,7.0,6.49,False
5,False,3,Jim Ward's Ole Dick Necks,4360797,Tutu Atwell,WR,RB/WR/TE,True,9.5,9.33,False
5,False,3,Jim Ward's Ole Dick Necks,4048244,Alexander Mattison,RB,BE,False,9.1,10.17,False
5,False,4,Injured Reserve ,3117251,Christian McCaffrey,RB,BE,False,0.0,0.0,False
5,False,4,Injured Reserve ,3116385,Joe Mixon,RB,BE,False,0.0,0.0,False
5,False,4,Injured Reserve ,4372016,Jaylen Waddle,WR,BE,False,6.6,7.18,False
5,False,4,Injured Reserve ,4360438,Brandon Aiyuk,WR,WR,True,18.7,11.61,False
5,False,4,Injured Reserve ,3915416,DJ Moore,WR,RB/WR/TE,True,25.0,11.41,False
5,False,4,Injured Reserve ,3915511,Joe Burrow,QB,QB,True,33.78,17.71,False
5,False,4,Injured Reserve ,4366031,Tank Dell,WR,BE,False,5.3,9.02,False
5,False,4,Injured Reserve ,3123076,David Njoku,TE,IR,False,1.9,6.61,False
5,False,4,Injured Reserve ,4429205,Jordan Addison,WR,WR,True,6.1,8.77,False
5,False,4,Injured Reserve ,3124005,Zaire Franklin,LB,DP,True,10.0,9.92,False
5,False,4,Injured Reserve ,4242431,Ty Chandler,RB,BE,False,4.9,4.93,False
5,False,4,Injured Reserve ,-16033,Ravens D/ST,D/ST,D/ST,True,-1.0,5.02,False
5,False,4,Injured Reserve ,3916433,Jakobi Meyers,WR,BE,False,10.2,8.99,False
5,False,4,Injured Reserve ,3049899,Younghoe Koo,K,K,True,16.0,8.07,False
5,False,4,Injured Reserve ,3052587,Baker Mayfield,QB,BE,False,23.4,16.46,False
5,False,4,Injured Reserve ,4360294,Antonio Gibson,RB,RB,True,6.1,8.74,False
5,False,4,Injured Reserve ,4242557,Colby Parkinson,TE,TE,True,8.7,8.16,False
5,False,4,Injured Reserve ,4714365,Carson Steele,RB,RB,True,1.2,6.62,False
5,False,8,SCLSU Mud Dogs,4427366,Breece Hall,RB,RB,True,5.2,14.36,False
5,False,8,SCLSU Mud Dogs,4426502,Drake London,WR,WR,True,27.4,12.44,False
5,False,8,SCLSU Mud Dogs,4361370,Chris Olave,WR,WR,True,2.0,11.17,False
5,False,8,SCLSU Mud Dogs,4429084,Anthony Richardson,QB,BE,False,0.0,0.0,False
5,False,8,SCLSU Mud Dogs,4361777,Zamir White,RB,BE,False,0.0,0.0,False
5,False,8,SCLSU Mud Dogs,4035538,David Montgomery,RB,BE,False,0.0,0.0,True
5,False,8,SCLSU Mud Dogs,4239993,Tee Higgins,WR,BE,False,24.8,10.71,False
5,False,8,SCLSU Mud Dogs,4362249,Jayden Reed,WR,RB/WR/TE,True,11.7,13.06,False
5,False,8,SCLSU Mud Dogs,4432665,Brock Bowers,TE,TE,True,20.7,6.57,False
5,False,8,SCLSU Mud Dogs,4426348,Jayden Daniels,QB,QB,True,19.72,23.22,False
5,False,8,SCLSU Mud Dogs,4426385,Zach Charbonnet,RB,BE,False,4.5,7.21,False
5,False,8,SCLSU Mud Dogs,3121544,T.J. Edwards,LB,DP,True,6.0,9.47,False
5,False,8,SCLSU Mud Dogs,3917232,Tyler Bass,K,K,True,8.0,8.01,False
5,False,8,SCLSU Mud Dogs,4685247,Braelon Allen,RB,BE,False,3.3,7.04,False
5,False,8,SCLSU Mud Dogs,4596448,Bucky Irving,RB,RB,True,4.6,8.88,False
5,False,8,SCLSU Mud Dogs,4362238,Chase Brown,RB,BE,False,14.9,8.03,False
5,False,8,SCLSU Mud Dogs,-16003,Bears D/ST,D/ST,D/ST,True,15.0,5.55,False
6,False,10,LaPorta Potty,4242335,Jonathan Taylor,RB,BE,False,0.0,0.0,False
6,False,10,LaPorta Potty,3043078,Derrick Henry,RB,RB,True,25.2,17.41,False
6,False,10,LaPorta Potty,4429160,De'Von Achane,RB,BE,False,0.0,0.0,True
6,False,10,LaPorta Potty,4430027,Sam LaPorta,TE,TE,True,11.7,7.97,False
6,False,10,LaPorta Potty,2976499,Amari Cooper,WR,WR,True,6.2,9.56,False
6,False,10,LaPorta Potty,2577417,Dak Prescott,QB,QB,True,3.22,18.14,False
6,False,10,LaPorta Potty,3121422,Terry McLaurin,WR,WR,True,20.3,13.71,False
6,False,10,LaPorta Potty,3916148,Tony Pollard,RB,RB,True,16.3,14.54,False
6,False,10,LaPorta Potty,4036378,Jordan Love,QB,BE,False,25.62,18.07,False
6,False,10,LaPorta Potty,4361411,Pat Freiermuth,TE,BE,False,2.6,6.45,False
6,False,10,LaPorta Potty,3071353,E.J. Speed,LB,DP,True,6.0,9.83,False
6,False,10,LaPorta Potty,4429025,Quentin Johnston,WR,BE,False,3.7,7.17,False
6,False,10,LaPorta Potty,3886598,Jauan Jennings,WR,BE,False,4.2,8.36,False
6,False,10,LaPorta Potty,4241401,Trey Sermon,RB,RB/WR/TE,True,3.9,11.32,False
6,False,10,LaPorta Potty,3821683,Austin Seibert,K,K,True,14.0,8.37,False
6,False,10,LaPorta Potty,4428718,Tre Tucker,WR,BE,False,1.0,9.34,False
6,False,10,LaPorta Potty,-16024,Chargers D/ST,D/ST,D/ST,True,7.0,5.84,False
6,False,2,Pour One Out For Mahomies!!,3918298,Josh Allen,QB,QB,True,24.4,18.07,False
6,False,2,Pour One Out For Mahomies!!,4239996,Travis Etienne Jr.,RB,RB,True,-0.1,12.17,False
6,False,2,Pour One Out For Mahomies!!,4258173,Nico Collins,WR,BE,False,0.0,0.0,False
6,False,2,Pour One Out For Mahomies!!,4569173,Rhamondre Stevenson,RB,BE,False,0.0,0.0,False
6,False,2,Pour One Out For Mahomies!!,2976212,Stefon Diggs,WR,WR,True,16.7,12.55,False
6,False,2,Pour One Out For Mahomies!!,3051876,Evan Engram,TE,BE,False,13.2,7.09,False
6,False,2,Pour One Out For Mahomies!!,4612826,Ladd McConkey,WR,WR,True,6.3,8.75,False
6,False,2,Pour One Out For Mahomies!!,4683062,Xavier Worthy,WR,BE,False,0.0,0.0,True
6,False,2,Pour One Out For Mahomies!!,3128720,Nick Chubb,RB,BE,False,0.0,0.0,False
6,False,2,Pour One Out For Mahomies!!,4032473,Rashid Shaheed,WR,RB/WR/TE,True,9.8,10.28,False
6,False,2,Pour One Out For Mahomies!!,3915189,Roquan Smith,LB,DP,True,7.0,10.81,False
6,False,2,Pour One Out For Mahomies!!,-16020,Jets D/ST,D/ST,D/ST,True,1.0,4.79,False
6,False,2,Pour One Out For Mahomies!!,4431452,Drake Maye,QB,BE,False,20.52,11.3,False
6,False,2,Pour One Out For Mahomies!!,14993,Greg Zuerlein,K,K,True,6.0,7.48,False
6,False,2,Pour One Out For Mahomies!!,2577327,Tyler Lockett,WR,BE,False,14.5,8.65,False
6,False,2,Pour One Out For Mahomies!!,16460,Adam Thielen,WR,IR,False,0.0,0.0,False
6,False,2,Pour One Out For Mahomies!!,3116164,Mike Gesicki,TE,TE,True,0.0,4.98,False
6,False,2,Pour One Out For Mahomies!!,4570561,Eric Gray,RB,RB,True,1.3,7.03,False
6,False,6,Thom-ASS,3929630,Saquon Barkley,RB,RB,True,6.4,17.98,False
6,False,6,Thom-ASS,4047646,A.J. Brown,WR,WR,True,20.6,12.78,False
6,False,6,Thom-ASS,15847,Travis Kelce,TE,BE,False,0.0,0.0,True
6,False,6,Thom-ASS,3054850,Alvin Kamara,RB,RB,True,14.9,17.14,False
6,False,6,Thom-ASS,3925357,Calvin Ridley,WR,BE,False,0.9,9.74,False
6,False,6,Thom-ASS,4429615,Zay Flowers,WR,WR,True,17.9,11.55,False
6,False,6,Thom-ASS,4361741,Brock Purdy,QB,BE,False,24.1,19.19,False
6,False,6,Thom-ASS,3128429,Courtland Sutton,WR,BE,False,13.3,9.88,False
6,False,6,Thom-ASS,4241416,Chuba Hubbard,RB,RB/WR/TE,True,12.8,14.0,False
6,False,6,Thom-ASS,15795,DeAndre Hopkins,WR,BE,False,7.4,8.48,False
6,False,6,Thom-ASS,-16005,Browns D/ST,D/ST,D/ST,True,8.0,4.85,False
6,False,6,Thom-ASS,3953687,Brandon Aubrey,K,K,True,12.0,8.26,False
6,False,6,Thom-ASS,4258595,Cole Kmet,TE,TE,True,21.5,5.66,False
6,False,6,Thom-ASS,4428209,Ricky Pearsall,WR,IR,False,0.0,0.0,False
6,False,6,Thom-ASS,3128390,Allen Lazard,WR,BE,False,20.4,7.11,False
6,False,6,Thom-ASS,3129446,Robert Spillane,LB,DP,True,8.0,10.16,False
6,False,6,Thom-ASS,15864,Geno Smith,QB,QB,True,12.48,17.82,False
6,False,3,Jim Ward's Ole Dick Necks,4241389,CeeDee Lamb,WR,WR,True,12.6,15.96,False
6,False,3,Jim Ward's Ole Dick Necks,4361529,Isiah Pacheco,RB,IR,False,0.0,0.0,True
6,False,3,Jim Ward's Ole Dick Necks,4697815,Rachaad White,RB,BE,False,0.0,0.0,False
6,False,3,Jim Ward's Ole Dick Necks,2977187,Cooper Kupp,WR,BE,False,0.0,0.0,True
6,False,3,Jim Ward's Ole Dick Necks,4432577,C.J. Stroud,QB,QB,True,18.38,17.74,False
6,False,3,Jim Ward's Ole Dick Necks,4428331,Rashee Rice,WR,BE,False,0.0,0.0,True
6,False,3,Jim Ward's Ole Dick Necks,3068267,Austin Ekeler,RB,RB,True,8.8,14.05,False
6,False,3,Jim Ward's Ole Dick Necks,3040151,George Kittle,TE,TE,True,20.3,12.04,False
6,False,3,Jim Ward's Ole Dick Necks,4372019,Jerome Ford,RB,RB,True,1.4,9.71,False
6,False,3,Jim Ward's Ole Dick Necks,4373626,Tyler Allgeier,RB,RB/WR/TE,True,19.3,7.43,False
6,False,3,Jim Ward's Ole Dick Necks,4040655,Darnell Mooney,WR,WR,True,5.3,12.05,False
6,False,3,Jim Ward's Ole Dick Necks,16731,Brandin Cooks,WR,BE,False,0.0,0.0,False
6,False,3,Jim Ward's Ole Dick Necks,2971573,Ka'imi Fairbairn,K,K,True,11.0,8.34,False
6,False,3,Jim Ward's Ole Dick Necks,-16018,Saints D/ST,D/ST,D/ST,True,3.0,5.57,False
6,False,3,Jim Ward's Ole Dick Necks,14979,Bobby Wagner,LB,DP,True,12.0,10.14,False
6,False,3,Jim Ward's Ole Dick Necks,-16015,Dolphins D/ST,D/ST,BE,False,0.0,0.0,True
6,False,3,Jim Ward's Ole Dick Necks,4360797,Tutu Atwell,WR,BE,False,0.0,0.0,True
6,False,3,Jim Ward's Ole Dick Necks,4048244,Alexander Mattison,RB,BE,False,16.0,10.16,False
6,False,5,Jones in for a Repeat,4362628,Ja'Marr Chase,WR,WR,True,9.7,15.09,False
6,False,5,Jones in for a Repeat,3126486,Deebo Samuel Sr.,WR,WR,True,19.2,14.02,False
6,False,5,Jones in for a Repeat,4567048,Kenneth Walker III,RB,RB,True,16.9,15.72,False
6,False,5,Jones in for a Repeat,3042519,Aaron Jones,RB,BE,False,0.0,0.0,True
6,False,5,Jones in for a Repeat,2576414,Raheem Mostert,RB,BE,False,0.0,0.0,True
6,False,5,Jones in for a Repeat,15818,Keenan Allen,WR,BE,False,18.6,7.61,False
6,False,5,Jones in for a Repeat,3121023,Dallas Goedert,TE,TE,True,0.0,7.48,False
6,False,5,Jones in for a Repeat,4430878,Jaxon Smith-Njigba,WR,RB/WR/TE,True,7.8,10.38,False
6,False,5,Jones in for a Repeat,3912547,Sam Darnold,QB,BE,False,0.0,0.0,True
6,False,5,Jones in for a Repeat,-16023,Steelers D/ST,D/ST,D/ST,True,14.0,5.87,False
6,False,5,Jones in for a Repeat,-16016,Vikings D/ST,D/ST,BE,False,0.0,0.0,True
6,False,5,Jones in for a Repeat,3059915,Kareem Hunt,RB,BE,False,0.0,0.0,True
6,False,5,Jones in for a Repeat,3150744,Chase McLaughlin,K,K,True,9.0,8.25,False
6,False,5,Jones in for a Repeat,4688813,Josh Downs,WR,BE,False,16.0,10.31,False
6,False,5,Jones in for a Repeat,4431611,Caleb Williams,QB,QB,True,28.64,14.95,False
6,False,5,Jones in for a Repeat,4426386,Roschon Johnson,RB,RB,True,5.3,7.13,False
6,False,5,Jones in for a Repeat,4568624,Dorian Williams,LB,DP,True,6.0,8.69,False
6,False,8,SCLSU Mud Dogs,4427366,Breece Hall,RB,RB/WR/TE,True,19.4,14.51,False
6,False,8,SCLSU Mud Dogs,4426502,Drake London,WR,WR,True,16.4,16.25,False
6,False,8,SCLSU Mud Dogs,4361370,Chris Olave,WR,BE,False,-1.0,9.08,False
6,False,8,SCLSU Mud Dogs,4429084,Anthony Richardson,QB,BE,False,0.0,0.0,False
6,False,8,SCLSU Mud Dogs,4035538,David Montgomery,RB,RB,True,20.5,13.27,False
6,False,8,SCLSU Mud Dogs,4239993,Tee Higgins,WR,BE,False,11.2,12.11,False
6,False,8,SCLSU Mud Dogs,4362249,Jayden Reed,WR,WR,True,11.8,12.43,False
6,False,8,SCLSU Mud Dogs,4432665,Brock Bowers,TE,TE,True,11.6,10.0,False
6,False,8,SCLSU Mud Dogs,4426348,Jayden Daniels,QB,QB,True,20.96,24.45,False
6,False,8,SCLSU Mud Dogs,4426385,Zach Charbonnet,RB,BE,False,4.0,6.81,False
6,False,8,SCLSU Mud Dogs,3121544,T.J. Edwards,LB,DP,True,9.0,9.45,False
6,False,8,SCLSU Mud Dogs,3917232,Tyler Bass,K,K,True,4.0,7.55,False
6,False,8,SCLSU Mud Dogs,4685247,Braelon Allen,RB,BE,False,0.8,6.99,False
6,False,8,SCLSU Mud Dogs,4596448,Bucky Irving,RB,RB,True,18.5,12.36,False
6,False,8,SCLSU Mud Dogs,4362238,Chase Brown,RB,BE,False,13.4,10.13,False
6,False,8,SCLSU Mud Dogs,-16003,Bears D/ST,D/ST,D/ST,True,11.0,5.06,False
6,False,8,SCLSU Mud Dogs,4429013,Tank Bigsby,RB,BE,False,2.4,6.15,False
6,False,9,Men of Will,4262921,Justin Jefferson,WR,BE,False,0.0,0.0,True
6,False,9,Men of Will,4426515,Puka Nacua,WR,IR,False,0.0,0.0,True
6,False,9,Men of Will,3916387,Lamar Jackson,QB,QB,True,19.92,22.32,False
6,False,9,Men of Will,4047650,DK Metcalf,WR,WR,True,6.3,12.41,False
6,False,9,Men of Will,4360248,Kyle Pitts,TE,TE,True,8.5,8.44,False
6,False,9,Men of Will,4241474,Brian Robinson Jr.,RB,BE,False,0.0,0.0,False
6,False,9,Men of Will,4241457,Najee Harris,RB,RB,True,19.2,12.21,False
6,False,9,Men of Will,4248528,Christian Watson,WR,BE,False,14.3,7.05,False
6,False,9,Men of Will,4038941,Justin Herbert,QB,BE,False,13.68,10.95,False
6,False,9,Men of Will,4430034,Xavier Legette,WR,WR,True,9.8,8.64,False
6,False,9,Men of Will,3055899,Harrison Butker,K,BE,False,0.0,0.0,True
6,False,9,Men of Will,2468609,Taysom Hill,TE,BE,False,0.0,0.0,False
6,False,9,Men of Will,4722893,Jaleel McLaughlin,RB,RB/WR/TE,True,3.5,6.82,False
6,False,9,Men of Will,3043116,Demarcus Robinson,WR,BE,False,0.0,0.0,True
6,False,9,Men of Will,-16009,Packers D/ST,D/ST,D/ST,True,9.0,4.88,False
6,False,9,Men of Will,4360516,Tyrone Tracy Jr.,RB,RB,True,19.7,11.47,False
6,False,9,Men of Will,14985,Lavonte David,LB,DP,True,11.0,9.12,False
6,False,9,Men of Will,10621,Nick Folk,K,K,True,6.0,7.78,False
6,False,4,Injured Reserve ,3117251,Christian McCaffrey,RB,BE,False,0.0,0.0,False
6,False,4,Injured Reserve ,3116385,Joe Mixon,RB,BE,False,26.2,15.45,False
6,False,4,Injured Reserve ,4372016,Jaylen Waddle,WR,BE,False,0.0,0.0,True
6,False,4,Injured Reserve ,4360438,Brandon Aiyuk,WR,WR,True,4.7,12.74,False
6,False,4,Injured Reserve ,3915416,DJ Moore,WR,RB/WR/TE,True,4.0,12.15,False
6,False,4,Injured Reserve ,3915511,Joe Burrow,QB,QB,True,19.82,18.83,False
6,False,4,Injured Reserve ,4366031,Tank Dell,WR,WR,True,15.2,11.05,False
6,False,4,Injured Reserve ,3123076,David Njoku,TE,IR,False,5.6,7.74,False
6,False,4,Injured Reserve ,4429205,Jordan Addison,WR,BE,False,0.0,0.0,True
6,False,4,Injured Reserve ,3124005,Zaire Franklin,LB,DP,True,9.0,9.92,False
6,False,4,Injured Reserve ,4242431,Ty Chandler,RB,BE,False,0.0,0.0,True
6,False,4,Injured Reserve ,-16033,Ravens D/ST,D/ST,D/ST,True,5.0,3.79,False
6,False,4,Injured Reserve ,3916433,Jakobi Meyers,WR,BE,False,0.0,0.0,False
6,False,4,Injured Reserve ,3049899,Younghoe Koo,K,K,True,12.0,8.49,False
6,False,4,Injured Reserve ,3052587,Baker Mayfield,QB,BE,False,25.9,17.43,False
6,False,4,Injured Reserve ,4360294,Antonio Gibson,RB,RB,True,5.8,10.61,False
6,False,4,Injured Reserve ,3116365,Mark Andrews,TE,TE,True,14.1,5.21,False
6,False,4,Injured Reserve ,4038441,Justice Hill,RB,RB,True,0.9,7.11,False
6,False,1,Too Much Bama In Me ,4569618,Garrett Wilson,WR,WR,True,20.7,13.53,False
6,False,1,Too Much Bama In Me ,4429795,Jahmyr Gibbs,RB,RB,True,10.6,14.79,False
6,False,1,Too Much Bama In Me ,4035687,Michael Pittman Jr.,WR,BE,False,11.0,10.86,False
6,False,1,Too Much Bama In Me ,4047365,Josh Jacobs,RB,RB,True,10.5,13.59,False
6,False,1,Too Much Bama In Me ,4426354,George Pickens,WR,RB/WR/TE,True,6.8,11.09,False
6,False,1,Too Much Bama In Me ,4361307,Trey McBride,TE,TE,True,13.6,9.68,False
6,False,1,Too Much Bama In Me ,3932905,Diontae Johnson,WR,WR,True,16.8,12.34,False
6,False,1,Too Much Bama In Me ,4040761,Devin Singletary,RB,BE,False,0.0,0.0,False
6,False,1,Too Much Bama In Me ,4426388,Jameson Williams,WR,BE,False,16.2,9.46,False
6,False,1,Too Much Bama In Me ,3046779,Jared Goff,QB,BE,False,25.1,14.44,False
6,False,1,Too Much Bama In Me ,4373678,Khalil Shakir,WR,BE,False,2.9,0.0,False
6,False,1,Too Much Bama In Me ,4372066,Jake Moody,K,IR,False,0.0,0.0,False
6,False,1,Too Much Bama In Me ,4362887,Justin Fields,QB,QB,True,23.7,19.28,False
6,False,1,Too Much Bama In Me ,15835,Zach Ertz,TE,BE,False,8.8,7.52,False
6,False,1,Too Much Bama In Me ,4240021,Cam Akers,RB,BE,False,-0.1,0.0,False
6,False,1,Too Much Bama In Me ,4259166,Terrel Bernard,LB,DP,True,6.0,9.46,False
6,False,1,Too Much Bama In Me ,-16021,Eagles D/ST,D/ST,D/ST,True,8.0,8.13,False
6,False,1,Too Much Bama In Me ,4689936,Jake Bates,K,K,True,20.0,8.4,False
6,False,12,Rule  #76,3116406,Tyreek Hill,WR,BE,False,0.0,0.0,True
6,False,12,Rule  #76,4432708,Marvin Harrison Jr.,WR,WR,True,0.0,11.99,False
6,False,12,Rule  #76,4379399,James Cook,RB,BE,False,0.0,0.0,False
6,False,12,Rule  #76,4241478,DeVonta Smith,WR,RB/WR/TE,True,13.9,10.85,False
6,False,12,Rule  #76,4385690,Dalton Kincaid,TE,TE,True,8.1,7.46,False
6,False,12,Rule  #76,3917315,Kyler Murray,QB,QB,True,11.96,17.78,False
6,False,12,Rule  #76,4569987,Jaylen Warren,RB,BE,False,3.3,6.45,False
6,False,12,Rule  #76,4678008,Jonathon Brooks,RB,IR,False,0.0,0.0,False
6,False,12,Rule  #76,4035676,Zack Moss,RB,RB,True,0.0,11.7,False
6,False,12,Rule  #76,4038815,Rico Dowdle,RB,RB,True,8.0,10.79,False
6,False,12,Rule  #76,4432773,Brian Thomas Jr.,WR,WR,True,4.2,11.08,False
6,False,12,Rule  #76,15683,Justin Tucker,K,K,True,13.0,8.41,False
6,False,12,Rule  #76,4241463,Jerry Jeudy,WR,BE,False,4.0,6.75,False
6,False,12,Rule  #76,4036133,T.J. Hockenson,TE,BE,False,0.0,0.0,True
6,False,12,Rule  #76,12483,Matthew Stafford,QB,BE,False,0.0,0.0,True
6,False,12,Rule  #76,3917657,Zack Baun,LB,DP,True,8.0,9.42,False
6,False,12,Rule  #76,-16034,Texans D/ST,D/ST,D/ST,True,14.0,7.22,False
6,False,12,Rule  #76,2510863,Eric Kendricks,LB,BE,False,0.0,0.0,False
6,False,13,Christopher's Kryptonite ,4374302,Amon-Ra St. Brown,WR,WR,True,11.7,13.56,False
6,False,13,Christopher's Kryptonite ,4430737,Kyren Williams,RB,BE,False,0.0,0.0,True
6,False,13,Christopher's Kryptonite ,3139477,Patrick Mahomes,QB,BE,False,0.0,0.0,True
6,False,13,Christopher's Kryptonite ,16737,Mike Evans,WR,WR,True,4.4,11.38,False
6,False,13,Christopher's Kryptonite ,3045147,James Conner,RB,RB/WR/TE,True,4.6,13.14,False
6,False,13,Christopher's Kryptonite ,4259545,D'Andre Swift,RB,RB,True,19.9,15.56,False
6,False,13,Christopher's Kryptonite ,3895856,Christian Kirk,WR,BE,False,6.4,8.97,False
6,False,13,Christopher's Kryptonite ,4242355,Jake Ferguson,TE,TE,True,2.6,9.23,False
6,False,13,Christopher's Kryptonite ,4431299,Rome Odunze,WR,BE,False,5.0,8.26,False
6,False,13,Christopher's Kryptonite ,3050073,Foyesade Oluokun,LB,IR,False,0.0,0.0,False
6,False,13,Christopher's Kryptonite ,4429275,Trey Benson,RB,BE,False,2.6,2.19,False
6,False,13,Christopher's Kryptonite ,4360569,Jordan Mason,RB,RB,True,8.7,13.46,False
6,False,13,Christopher's Kryptonite ,3918330,Logan Wilson,LB,DP,True,9.0,9.6,False
6,False,13,Christopher's Kryptonite ,-16007,Broncos D/ST,D/ST,D/ST,True,2.0,6.11,False
6,False,13,Christopher's Kryptonite ,17372,Chris Boswell,K,K,True,17.0,8.22,False
6,False,13,Christopher's Kryptonite ,14880,Kirk Cousins,QB,QB,True,12.5,20.17,False
6,False,13,Christopher's Kryptonite ,3117256,Dalton Schultz,TE,BE,False,4.7,6.87,False
6,False,13,Christopher's Kryptonite ,3120348,JuJu Smith-Schuster,WR,BE,False,0.0,0.0,True
6,False,11,ConcreteJungleWet DreamTomato,4430807,Bijan Robinson,RB,RB/WR/TE,True,24.0,16.32,False
6,False,11,ConcreteJungleWet DreamTomato,16800,Davante Adams,WR,IR,False,0.0,0.0,False
6,False,11,ConcreteJungleWet DreamTomato,4040715,Jalen Hurts,QB,QB,True,21.86,20.0,False
6,False,11,ConcreteJungleWet DreamTomato,4595348,Malik Nabers,WR,BE,False,0.0,0.0,False
6,False,11,ConcreteJungleWet DreamTomato,3116165,Chris Godwin,WR,WR,True,30.0,12.62,False
6,False,11,ConcreteJungleWet DreamTomato,4361579,Javonte Williams,RB,RB,True,3.1,10.68,False
6,False,11,ConcreteJungleWet DreamTomato,4428557,Tyjae Spears,RB,BE,False,2.7,8.76,False
6,False,11,ConcreteJungleWet DreamTomato,4635008,Keon Coleman,WR,BE,False,4.1,6.97,False
6,False,11,ConcreteJungleWet DreamTomato,4241985,J.K. Dobbins,RB,RB,True,17.2,12.11,False
6,False,11,ConcreteJungleWet DreamTomato,16733,Odell Beckham Jr.,WR,BE,False,0.0,0.0,True
6,False,11,ConcreteJungleWet DreamTomato,-16025,49ers D/ST,D/ST,D/ST,True,6.0,5.85,False
6,False,11,ConcreteJungleWet DreamTomato,4360234,Evan McPherson,K,K,True,5.0,8.06,False
6,False,11,ConcreteJungleWet DreamTomato,4426338,Bo Nix,QB,BE,False,20.74,14.63,False
6,False,11,ConcreteJungleWet DreamTomato,3116724,Germaine Pratt,LB,DP,True,9.0,9.64,False
6,False,11,ConcreteJungleWet DreamTomato,3122840,Deshaun Watson,QB,BE,False,8.42,13.18,False
6,False,11,ConcreteJungleWet DreamTomato,4572680,Tucker Kraft,TE,TE,True,2.5,7.77,False
6,False,11,ConcreteJungleWet DreamTomato,4569587,Wan'Dale Robinson,WR,WR,True,7.5,11.4,False
6,False,11,ConcreteJungleWet DreamTomato,4249417,Jalen Tolbert,WR,BE,False,6.3,8.97,False
7,False,2,Pour One Out For Mahomies!!,3918298,Josh Allen,QB,QB,True,21.02,19.11,False
7,False,2,Pour One Out For Mahomies!!,4239996,Travis Etienne Jr.,RB,BE,False,0.0,0.0,False
7,False,2,Pour One Out For Mahomies!!,4258173,Nico Collins,WR,BE,False,0.0,0.0,False
7,False,2,Pour One Out For Mahomies!!,4569173,Rhamondre Stevenson,RB,BE,False,3.5,13.42,False
7,False,2,Pour One Out For Mahomies!!,2976212,Stefon Diggs,WR,WR,True,4.8,12.03,False
7,False,2,Pour One Out For Mahomies!!,3051876,Evan Engram,TE,TE,True,6.0,9.29,False
7,False,2,Pour One Out For Mahomies!!,4612826,Ladd McConkey,WR,WR,True,7.1,10.97,False
7,False,2,Pour One Out For Mahomies!!,4683062,Xavier Worthy,WR,RB/WR/TE,True,3.9,9.24,False
7,False,2,Pour One Out For Mahomies!!,3128720,Nick Chubb,RB,RB,True,9.7,7.23,False
7,False,2,Pour One Out For Mahomies!!,4032473,Rashid Shaheed,WR,BE,False,0.0,0.0,False
7,False,2,Pour One Out For Mahomies!!,3915189,Roquan Smith,LB,DP,True,20.0,10.4,False
7,False,2,Pour One Out For Mahomies!!,-16020,Jets D/ST,D/ST,D/ST,True,-5.0,6.66,False
7,False,2,Pour One Out For Mahomies!!,4431452,Drake Maye,QB,BE,False,20.84,15.5,False
7,False,2,Pour One Out For Mahomies!!,14993,Greg Zuerlein,K,K,True,0.0,7.47,False
7,False,2,Pour One Out For Mahomies!!,2577327,Tyler Lockett,WR,BE,False,6.5,8.75,False
7,False,2,Pour One Out For Mahomies!!,16460,Adam Thielen,WR,IR,False,0.0,0.0,False
7,False,2,Pour One Out For Mahomies!!,3116164,Mike Gesicki,TE,BE,False,0.7,3.84,False
7,False,2,Pour One Out For Mahomies!!,3139602,D'Ernest Johnson,RB,RB,True,8.5,8.08,False
7,False,6,Thom-ASS,3929630,Saquon Barkley,RB,RB,True,25.7,17.72,False
7,False,6,Thom-ASS,4047646,A.J. Brown,WR,WR,True,17.4,14.04,False
7,False,6,Thom-ASS,15847,Travis Kelce,TE,TE,True,3.7,10.26,False
7,False,6,Thom-ASS,3054850,Alvin Kamara,RB,RB,True,5.4,15.84,False
7,False,6,Thom-ASS,3925357,Calvin Ridley,WR,BE,False,5.7,9.69,False
7,False,6,Thom-ASS,4429615,Zay Flowers,WR,WR,True,4.5,12.11,False
7,False,6,Thom-ASS,4361741,Brock Purdy,QB,QB,True,17.18,18.03,False
7,False,6,Thom-ASS,3128429,Courtland Sutton,WR,BE,False,0.0,10.58,False
7,False,6,Thom-ASS,4241416,Chuba Hubbard,RB,RB/WR/TE,True,11.2,14.07,False
7,False,6,Thom-ASS,15795,DeAndre Hopkins,WR,BE,False,0.3,8.79,False
7,False,6,Thom-ASS,-16005,Browns D/ST,D/ST,D/ST,True,5.0,3.76,False
7,False,6,Thom-ASS,3953687,Brandon Aubrey,K,BE,False,0.0,0.0,True
7,False,6,Thom-ASS,4258595,Cole Kmet,TE,BE,False,0.0,0.0,True
7,False,6,Thom-ASS,4428209,Ricky Pearsall,WR,IR,False,3.6,4.86,False
7,False,6,Thom-ASS,3128390,Allen Lazard,WR,BE,False,7.8,5.85,False
7,False,6,Thom-ASS,3129446,Robert Spillane,LB,DP,True,5.0,10.16,False
7,False,6,Thom-ASS,15864,Geno Smith,QB,BE,False,17.78,17.22,False
7,False,6,Thom-ASS,4362081,Cameron Dicker,K,K,True,21.0,8.1,False
7,False,3,Jim Ward's Ole Dick Necks,4241389,CeeDee Lamb,WR,BE,False,0.0,0.0,True
7,False,3,Jim Ward's Ole Dick Necks,4361529,Isiah Pacheco,RB,IR,False,0.0,0.0,False
7,False,3,Jim Ward's Ole Dick Necks,4697815,Rachaad White,RB,BE,False,26.1,9.5,False
7,False,3,Jim Ward's Ole Dick Necks,2977187,Cooper Kupp,WR,BE,False,0.0,0.0,False
7,False,3,Jim Ward's Ole Dick Necks,4432577,C.J. Stroud,QB,QB,True,5.34,16.68,False
7,False,3,Jim Ward's Ole Dick Necks,4428331,Rashee Rice,WR,BE,False,0.0,0.0,False
7,False,3,Jim Ward's Ole Dick Necks,3068267,Austin Ekeler,RB,RB,True,3.0,9.16,False
7,False,3,Jim Ward's Ole Dick Necks,3040151,George Kittle,TE,TE,True,12.2,11.34,False
7,False,3,Jim Ward's Ole Dick Necks,4372019,Jerome Ford,RB,BE,False,0.0,0.0,False
7,False,3,Jim Ward's Ole Dick Necks,4373626,Tyler Allgeier,RB,RB,True,5.0,9.41,False
7,False,3,Jim Ward's Ole Dick Necks,4040655,Darnell Mooney,WR,WR,True,7.1,11.6,False
7,False,3,Jim Ward's Ole Dick Necks,16731,Brandin Cooks,WR,BE,False,0.0,0.0,True
7,False,3,Jim Ward's Ole Dick Necks,2971573,Ka'imi Fairbairn,K,K,True,13.0,7.88,False
7,False,3,Jim Ward's Ole Dick Necks,-16018,Saints D/ST,D/ST,D/ST,True,1.0,4.77,False
7,False,3,Jim Ward's Ole Dick Necks,14979,Bobby Wagner,LB,DP,True,6.0,10.1,False
7,False,3,Jim Ward's Ole Dick Necks,-16015,Dolphins D/ST,D/ST,BE,False,5.0,4.77,False
7,False,3,Jim Ward's Ole Dick Necks,4048244,Alexander Mattison,RB,RB/WR/TE,True,13.8,7.94,False
7,False,3,Jim Ward's Ole Dick Necks,4361432,Romeo Doubs,WR,WR,True,13.4,8.72,False
7,False,5,Jones in for a Repeat,4362628,Ja'Marr Chase,WR,WR,True,15.1,15.06,False
7,False,5,Jones in for a Repeat,3126486,Deebo Samuel Sr.,WR,WR,True,1.0,13.0,False
7,False,5,Jones in for a Repeat,4567048,Kenneth Walker III,RB,RB,True,22.3,16.17,False
7,False,5,Jones in for a Repeat,3042519,Aaron Jones,RB,BE,False,19.1,14.16,False
7,False,5,Jones in for a Repeat,15818,Keenan Allen,WR,BE,False,0.0,0.0,True
7,False,5,Jones in for a Repeat,3121023,Dallas Goedert,TE,BE,False,0.0,0.0,False
7,False,5,Jones in for a Repeat,4430878,Jaxon Smith-Njigba,WR,RB/WR/TE,True,3.8,9.7,False
7,False,5,Jones in for a Repeat,3912547,Sam Darnold,QB,QB,True,16.26,14.89,False
7,False,5,Jones in for a Repeat,-16023,Steelers D/ST,D/ST,BE,False,8.0,5.98,False
7,False,5,Jones in for a Repeat,-16016,Vikings D/ST,D/ST,D/ST,True,10.0,5.84,False
7,False,5,Jones in for a Repeat,3059915,Kareem Hunt,RB,RB,True,21.3,13.33,False
7,False,5,Jones in for a Repeat,3150744,Chase McLaughlin,K,K,True,4.0,8.63,False
7,False,5,Jones in for a Repeat,4431611,Caleb Williams,QB,BE,False,0.0,0.0,True
7,False,5,Jones in for a Repeat,4426386,Roschon Johnson,RB,BE,False,0.0,0.0,True
7,False,5,Jones in for a Repeat,3138826,Fred Warner,LB,DP,True,8.0,10.51,False
7,False,5,Jones in for a Repeat,3046439,Hunter Henry,TE,TE,True,13.2,6.73,False
7,False,5,Jones in for a Repeat,8439,Aaron Rodgers,QB,BE,False,13.04,16.11,False
7,False,8,SCLSU Mud Dogs,4427366,Breece Hall,RB,RB/WR/TE,True,23.1,14.16,False
7,False,8,SCLSU Mud Dogs,4426502,Drake London,WR,WR,True,15.3,16.11,False
7,False,8,SCLSU Mud Dogs,4361370,Chris Olave,WR,BE,False,0.0,0.0,False
7,False,8,SCLSU Mud Dogs,4429084,Anthony Richardson,QB,BE,False,8.76,17.95,False
7,False,8,SCLSU Mud Dogs,4035538,David Montgomery,RB,RB,True,6.5,11.66,False
7,False,8,SCLSU Mud Dogs,4239993,Tee Higgins,WR,BE,False,16.2,12.19,False
7,False,8,SCLSU Mud Dogs,4362249,Jayden Reed,WR,WR,True,2.0,12.38,False
7,False,8,SCLSU Mud Dogs,4432665,Brock Bowers,TE,TE,True,15.3,10.96,False
7,False,8,SCLSU Mud Dogs,4426348,Jayden Daniels,QB,QB,True,5.24,25.24,False
7,False,8,SCLSU Mud Dogs,4426385,Zach Charbonnet,RB,BE,False,1.4,6.53,False
7,False,8,SCLSU Mud Dogs,3121544,T.J. Edwards,LB,BE,False,0.0,0.0,True
7,False,8,SCLSU Mud Dogs,3917232,Tyler Bass,K,K,True,10.0,7.78,False
7,False,8,SCLSU Mud Dogs,4685247,Braelon Allen,RB,BE,False,1.1,4.46,False
7,False,8,SCLSU Mud Dogs,4596448,Bucky Irving,RB,BE,False,15.2,8.06,False
7,False,8,SCLSU Mud Dogs,4362238,Chase Brown,RB,RB,True,6.3,11.89,False
7,False,8,SCLSU Mud Dogs,-16004,Bengals D/ST,D/ST,D/ST,True,15.0,8.21,False
7,False,8,SCLSU Mud Dogs,4379416,Quay Walker,LB,DP,True,1.0,9.2,False
7,False,9,Men of Will,4262921,Justin Jefferson,WR,WR,True,17.9,15.12,False
7,False,9,Men of Will,4426515,Puka Nacua,WR,IR,False,0.0,0.0,False
7,False,9,Men of Will,3916387,Lamar Jackson,QB,QB,True,34.44,20.86,False
7,False,9,Men of Will,4047650,DK Metcalf,WR,WR,True,17.9,12.44,False
7,False,9,Men of Will,4360248,Kyle Pitts,TE,TE,True,10.0,8.2,False
7,False,9,Men of Will,4241474,Brian Robinson Jr.,RB,RB/WR/TE,True,13.1,15.25,False
7,False,9,Men of Will,4241457,Najee Harris,RB,RB,True,16.2,11.99,False
7,False,9,Men of Will,4248528,Christian Watson,WR,BE,False,2.0,7.08,False
7,False,9,Men of Will,4038941,Justin Herbert,QB,BE,False,14.76,16.29,False
7,False,9,Men of Will,4430034,Xavier Legette,WR,BE,False,1.9,8.2,False
7,False,9,Men of Will,3055899,Harrison Butker,K,K,True,4.0,8.01,False
7,False,9,Men of Will,2468609,Taysom Hill,TE,BE,False,0.0,0.0,False
7,False,9,Men of Will,4722893,Jaleel McLaughlin,RB,BE,False,3.5,6.26,False
7,False,9,Men of Will,3043116,Demarcus Robinson,WR,BE,False,1.4,6.91,False
7,False,9,Men of Will,4360516,Tyrone Tracy Jr.,RB,BE,False,4.7,7.39,False
7,False,9,Men of Will,14985,Lavonte David,LB,DP,True,2.0,9.12,False
7,False,9,Men of Will,4429013,Tank Bigsby,RB,RB,True,23.8,12.29,False
7,False,9,Men of Will,-16011,Colts D/ST,D/ST,D/ST,True,9.0,6.16,False
7,False,4,Injured Reserve ,3117251,Christian McCaffrey,RB,BE,False,0.0,0.0,False
7,False,4,Injured Reserve ,3116385,Joe Mixon,RB,RB,True,25.4,13.78,False
7,False,4,Injured Reserve ,4372016,Jaylen Waddle,WR,BE,False,2.6,7.66,False
7,False,4,Injured Reserve ,4360438,Brandon Aiyuk,WR,WR,True,3.3,11.36,False
7,False,4,Injured Reserve ,3915416,DJ Moore,WR,BE,False,0.0,0.0,True
7,False,4,Injured Reserve ,3915511,Joe Burrow,QB,QB,True,14.94,19.27,False
7,False,4,Injured Reserve ,4366031,Tank Dell,WR,WR,True,0.0,12.05,False
7,False,4,Injured Reserve ,3123076,David Njoku,TE,IR,False,19.6,8.21,False
7,False,4,Injured Reserve ,4429205,Jordan Addison,WR,RB/WR/TE,True,9.1,9.28,False
7,False,4,Injured Reserve ,3124005,Zaire Franklin,LB,DP,True,18.0,9.88,False
7,False,4,Injured Reserve ,4242431,Ty Chandler,RB,BE,False,0.4,4.36,False
7,False,4,Injured Reserve ,-16033,Ravens D/ST,D/ST,D/ST,True,1.0,5.79,False
7,False,4,Injured Reserve ,3916433,Jakobi Meyers,WR,BE,False,0.0,0.0,False
7,False,4,Injured Reserve ,3049899,Younghoe Koo,K,K,True,1.0,8.51,False
7,False,4,Injured Reserve ,3052587,Baker Mayfield,QB,BE,False,27.0,19.28,False
7,False,4,Injured Reserve ,4360294,Antonio Gibson,RB,BE,False,1.8,6.63,False
7,False,4,Injured Reserve ,3116365,Mark Andrews,TE,TE,True,18.1,5.12,False
7,False,4,Injured Reserve ,4038441,Justice Hill,RB,RB,True,12.3,6.01,False
7,False,1,Too Much Bama In Me ,4569618,Garrett Wilson,WR,WR,True,11.6,13.2,False
7,False,1,Too Much Bama In Me ,4429795,Jahmyr Gibbs,RB,RB,True,30.0,12.65,False
7,False,1,Too Much Bama In Me ,4035687,Michael Pittman Jr.,WR,BE,False,7.8,9.46,False
7,False,1,Too Much Bama In Me ,4047365,Josh Jacobs,RB,RB,True,17.7,12.31,False
7,False,1,Too Much Bama In Me ,4426354,George Pickens,WR,WR,True,19.6,10.93,False
7,False,1,Too Much Bama In Me ,4361307,Trey McBride,TE,TE,True,7.6,9.67,False
7,False,1,Too Much Bama In Me ,3932905,Diontae Johnson,WR,RB/WR/TE,True,2.2,14.04,False
7,False,1,Too Much Bama In Me ,4040761,Devin Singletary,RB,BE,False,2.6,7.77,False
7,False,1,Too Much Bama In Me ,4426388,Jameson Williams,WR,BE,False,0.1,8.97,False
7,False,1,Too Much Bama In Me ,4373678,Khalil Shakir,WR,BE,False,10.0,6.4,False
7,False,1,Too Much Bama In Me ,4362887,Justin Fields,QB,BE,False,0.0,0.92,False
7,False,1,Too Much Bama In Me ,15835,Zach Ertz,TE,BE,False,12.0,7.21,False
7,False,1,Too Much Bama In Me ,4259166,Terrel Bernard,LB,DP,True,10.0,8.95,False
7,False,1,Too Much Bama In Me ,-16021,Eagles D/ST,D/ST,D/ST,True,15.0,6.45,False
7,False,1,Too Much Bama In Me ,4689936,Jake Bates,K,K,True,8.0,8.0,False
7,False,1,Too Much Bama In Me ,4360310,Trevor Lawrence,QB,QB,True,15.02,17.6,False
7,False,1,Too Much Bama In Me ,4241479,Tua Tagovailoa,QB,IR,False,0.0,0.0,False
7,False,1,Too Much Bama In Me ,-16024,Chargers D/ST,D/ST,BE,False,3.0,4.81,False
7,False,12,Rule  #76,3116406,Tyreek Hill,WR,RB/WR/TE,True,1.8,11.46,False
7,False,12,Rule  #76,4432708,Marvin Harrison Jr.,WR,BE,False,3.6,11.51,False
7,False,12,Rule  #76,4379399,James Cook,RB,RB,True,9.2,14.42,False
7,False,12,Rule  #76,4241478,DeVonta Smith,WR,WR,True,0.3,11.28,False
7,False,12,Rule  #76,4385690,Dalton Kincaid,TE,TE,True,6.7,7.36,False
7,False,12,Rule  #76,3917315,Kyler Murray,QB,QB,True,20.2,18.29,False
7,False,12,Rule  #76,4569987,Jaylen Warren,RB,BE,False,6.9,8.0,False
7,False,12,Rule  #76,4678008,Jonathon Brooks,RB,IR,False,0.0,0.0,False
7,False,12,Rule  #76,4035676,Zack Moss,RB,RB,True,5.5,10.04,False
7,False,12,Rule  #76,4038815,Rico Dowdle,RB,BE,False,0.0,0.0,True
7,False,12,Rule  #76,4432773,Brian Thomas Jr.,WR,WR,True,19.6,10.3,False
7,False,12,Rule  #76,15683,Justin Tucker,K,K,True,13.0,8.18,False
7,False,12,Rule  #76,4241463,Jerry Jeudy,WR,BE,False,2.3,7.15,False
7,False,12,Rule  #76,12483,Matthew Stafford,QB,BE,False,3.96,12.91,False
7,False,12,Rule  #76,3917657,Zack Baun,LB,DP,True,6.0,9.33,False
7,False,12,Rule  #76,-16034,Texans D/ST,D/ST,D/ST,True,11.0,5.18,False
7,False,12,Rule  #76,2510863,Eric Kendricks,LB,BE,False,0.0,0.0,True
7,False,12,Rule  #76,4429501,Ray Davis,RB,BE,False,11.2,2.93,False
7,False,13,Christopher's Kryptonite ,4374302,Amon-Ra St. Brown,WR,WR,True,21.2,12.0,False
7,False,13,Christopher's Kryptonite ,4430737,Kyren Williams,RB,RB,True,20.6,21.19,False
7,False,13,Christopher's Kryptonite ,3139477,Patrick Mahomes,QB,BE,False,12.06,15.82,False
7,False,13,Christopher's Kryptonite ,16737,Mike Evans,WR,WR,True,9.0,13.03,False
7,False,13,Christopher's Kryptonite ,3045147,James Conner,RB,RB,True,19.2,13.89,False
7,False,13,Christopher's Kryptonite ,4259545,D'Andre Swift,RB,BE,False,0.0,0.0,True
7,False,13,Christopher's Kryptonite ,3895856,Christian Kirk,WR,BE,False,2.9,8.73,False
7,False,13,Christopher's Kryptonite ,4242355,Jake Ferguson,TE,BE,False,0.0,0.0,True
7,False,13,Christopher's Kryptonite ,4431299,Rome Odunze,WR,BE,False,0.0,0.0,True
7,False,13,Christopher's Kryptonite ,3050073,Foyesade Oluokun,LB,IR,False,0.0,0.0,False
7,False,13,Christopher's Kryptonite ,4429275,Trey Benson,RB,BE,False,0.0,2.64,False
7,False,13,Christopher's Kryptonite ,4360569,Jordan Mason,RB,RB/WR/TE,True,7.9,12.02,False
7,False,13,Christopher's Kryptonite ,3918330,Logan Wilson,LB,DP,True,10.0,9.51,False
7,False,13,Christopher's Kryptonite ,-16007,Broncos D/ST,D/ST,D/ST,True,21.0,7.97,False
7,False,13,Christopher's Kryptonite ,17372,Chris Boswell,K,K,True,14.0,7.97,False
7,False,13,Christopher's Kryptonite ,14880,Kirk Cousins,QB,QB,True,7.18,19.29,False
7,False,13,Christopher's Kryptonite ,3117256,Dalton Schultz,TE,TE,True,3.3,7.45,False
7,False,13,Christopher's Kryptonite ,3120348,JuJu Smith-Schuster,WR,BE,False,0.0,8.71,False
7,False,11,ConcreteJungleWet DreamTomato,4430807,Bijan Robinson,RB,RB,True,23.8,18.06,False
7,False,11,ConcreteJungleWet DreamTomato,16800,Davante Adams,WR,BE,False,5.5,12.76,False
7,False,11,ConcreteJungleWet DreamTomato,4040715,Jalen Hurts,QB,QB,True,22.76,19.92,False
7,False,11,ConcreteJungleWet DreamTomato,4595348,Malik Nabers,WR,WR,True,6.1,16.07,False
7,False,11,ConcreteJungleWet DreamTomato,3116165,Chris Godwin,WR,WR,True,11.0,15.15,False
7,False,11,ConcreteJungleWet DreamTomato,4361579,Javonte Williams,RB,RB,True,24.6,11.12,False
7,False,11,ConcreteJungleWet DreamTomato,4428557,Tyjae Spears,RB,BE,False,0.0,0.0,False
7,False,11,ConcreteJungleWet DreamTomato,4635008,Keon Coleman,WR,BE,False,14.5,4.22,False
7,False,11,ConcreteJungleWet DreamTomato,4241985,J.K. Dobbins,RB,RB/WR/TE,True,8.1,14.96,False
7,False,11,ConcreteJungleWet DreamTomato,16733,Odell Beckham Jr.,WR,BE,False,0.0,1.38,False
7,False,11,ConcreteJungleWet DreamTomato,-16025,49ers D/ST,D/ST,D/ST,True,5.0,5.22,False
7,False,11,ConcreteJungleWet DreamTomato,4360234,Evan McPherson,K,K,True,2.0,8.1,False
7,False,11,ConcreteJungleWet DreamTomato,4426338,Bo Nix,QB,BE,False,14.06,17.16,False
7,False,11,ConcreteJungleWet DreamTomato,3116724,Germaine Pratt,LB,DP,True,13.0,9.48,False
7,False,11,ConcreteJungleWet DreamTomato,4572680,Tucker Kraft,TE,TE,True,10.8,7.36,False
7,False,11,ConcreteJungleWet DreamTomato,4569587,Wan'Dale Robinson,WR,BE,False,5.3,8.99,False
7,False,11,ConcreteJungleWet DreamTomato,4249417,Jalen Tolbert,WR,BE,False,0.0,0.0,True
7,False,10,LaPorta Potty,4242335,Jonathan Taylor,RB,BE,False,0.0,0.0,False
7,False,10,LaPorta Potty,3043078,Derrick Henry,RB,RB,True,24.7,16.62,False
7,False,10,LaPorta Potty,4429160,De'Von Achane,RB,RB/WR/TE,True,9.5,12.89,False
7,False,10,LaPorta Potty,4430027,Sam LaPorta,TE,TE,True,3.0,6.48,False
7,False,10,LaPorta Potty,2976499,Amari Cooper,WR,BE,False,14.6,9.23,False
7,False,10,LaPorta Potty,2577417,Dak Prescott,QB,BE,False,0.0,0.0,True
7,False,10,LaPorta Potty,3121422,Terry McLaurin,WR,WR,True,12.8,13.54,False
7,False,10,LaPorta Potty,3916148,Tony Pollard,RB,RB,True,7.5,14.3,False
7,False,10,LaPorta Potty,4036378,Jordan Love,QB,QB,True,16.8,16.62,False
7,False,10,LaPorta Potty,4361411,Pat Freiermuth,TE,BE,False,6.1,6.22,False
7,False,10,LaPorta Potty,4241401,Trey Sermon,RB,BE,False,5.4,11.76,False
7,False,10,LaPorta Potty,3821683,Austin Seibert,K,K,True,17.0,8.77,False
7,False,10,LaPorta Potty,4428718,Tre Tucker,WR,BE,False,6.2,8.5,False
7,False,10,LaPorta Potty,-16002,Bills D/ST,D/ST,D/ST,True,12.0,5.39,False
7,False,10,LaPorta Potty,4427095,DeMario Douglas,WR,WR,True,2.4,8.22,False
7,False,10,LaPorta Potty,4688813,Josh Downs,WR,BE,False,0.8,9.65,False
7,False,10,LaPorta Potty,4035232,Tyrel Dodson,LB,DP,True,6.0,9.41,False
8,False,5,Jones in for a Repeat,4362628,Ja'Marr Chase,WR,WR,True,15.9,15.37,False
8,False,5,Jones in for a Repeat,3126486,Deebo Samuel Sr.,WR,WR,True,10.6,14.17,False
8,False,5,Jones in for a Repeat,4567048,Kenneth Walker III,RB,RB,True,7.5,15.89,False
8,False,5,Jones in for a Repeat,3042519,Aaron Jones,RB,RB/WR/TE,True,10.5,16.36,False
8,False,5,Jones in for a Repeat,15818,Keenan Allen,WR,BE,False,4.9,8.64,False
8,False,5,Jones in for a Repeat,3121023,Dallas Goedert,TE,BE,False,0.0,0.0,False
8,False,5,Jones in for a Repeat,4430878,Jaxon Smith-Njigba,WR,BE,False,9.9,11.12,False
8,False,5,Jones in for a Repeat,3912547,Sam Darnold,QB,QB,True,18.2,16.55,False
8,False,5,Jones in for a Repeat,-16023,Steelers D/ST,D/ST,D/ST,True,13.0,7.67,False
8,False,5,Jones in for a Repeat,-16016,Vikings D/ST,D/ST,BE,False,0.0,7.14,False
8,False,5,Jones in for a Repeat,3059915,Kareem Hunt,RB,RB,True,12.8,15.46,False
8,False,5,Jones in for a Repeat,3150744,Chase McLaughlin,K,K,True,8.0,8.45,False
8,False,5,Jones in for a Repeat,4431611,Caleb Williams,QB,BE,False,9.94,15.9,False
8,False,5,Jones in for a Repeat,4426386,Roschon Johnson,RB,BE,False,6.6,6.23,False
8,False,5,Jones in for a Repeat,3138826,Fred Warner,LB,DP,True,8.0,10.64,False
8,False,5,Jones in for a Repeat,3046439,Hunter Henry,TE,TE,True,7.0,8.28,False
8,False,5,Jones in for a Repeat,4369863,Cedric Tillman,WR,BE,False,25.4,7.7,False
8,False,2,Pour One Out For Mahomies!!,3918298,Josh Allen,QB,QB,True,20.82,23.7,False
8,False,2,Pour One Out For Mahomies!!,4239996,Travis Etienne Jr.,RB,BE,False,0.0,0.0,False
8,False,2,Pour One Out For Mahomies!!,4258173,Nico Collins,WR,BE,False,0.0,0.0,False
8,False,2,Pour One Out For Mahomies!!,4569173,Rhamondre Stevenson,RB,RB,True,22.0,11.15,False
8,False,2,Pour One Out For Mahomies!!,2976212,Stefon Diggs,WR,WR,True,10.2,11.41,False
8,False,2,Pour One Out For Mahomies!!,3051876,Evan Engram,TE,TE,True,11.6,9.34,False
8,False,2,Pour One Out For Mahomies!!,4612826,Ladd McConkey,WR,BE,False,26.1,10.79,False
8,False,2,Pour One Out For Mahomies!!,4683062,Xavier Worthy,WR,WR,True,11.7,8.21,False
8,False,2,Pour One Out For Mahomies!!,3128720,Nick Chubb,RB,RB,True,5.2,11.22,False
8,False,2,Pour One Out For Mahomies!!,4032473,Rashid Shaheed,WR,BE,False,0.0,0.0,False
8,False,2,Pour One Out For Mahomies!!,3915189,Roquan Smith,LB,DP,True,8.0,10.77,False
8,False,2,Pour One Out For Mahomies!!,-16020,Jets D/ST,D/ST,D/ST,True,4.0,7.08,False
8,False,2,Pour One Out For Mahomies!!,4431452,Drake Maye,QB,BE,False,11.52,14.33,False
8,False,2,Pour One Out For Mahomies!!,14993,Greg Zuerlein,K,K,True,3.0,7.49,False
8,False,2,Pour One Out For Mahomies!!,2577327,Tyler Lockett,WR,RB/WR/TE,True,1.4,10.82,False
8,False,2,Pour One Out For Mahomies!!,16460,Adam Thielen,WR,IR,False,0.0,0.0,False
8,False,2,Pour One Out For Mahomies!!,3116164,Mike Gesicki,TE,BE,False,8.8,3.78,False
8,False,2,Pour One Out For Mahomies!!,3139602,D'Ernest Johnson,RB,BE,False,2.8,7.2,False
8,False,9,Men of Will,4262921,Justin Jefferson,WR,WR,True,15.5,14.95,False
8,False,9,Men of Will,4426515,Puka Nacua,WR,BE,False,14.6,8.3,False
8,False,9,Men of Will,3916387,Lamar Jackson,QB,QB,True,24.16,22.53,False
8,False,9,Men of Will,4047650,DK Metcalf,WR,BE,False,0.0,0.0,False
8,False,9,Men of Will,4360248,Kyle Pitts,TE,TE,True,23.1,8.42,False
8,False,9,Men of Will,4241474,Brian Robinson Jr.,RB,RB,True,8.1,14.25,False
8,False,9,Men of Will,4241457,Najee Harris,RB,RB,True,14.6,15.8,False
8,False,9,Men of Will,4248528,Christian Watson,WR,WR,True,5.9,7.03,False
8,False,9,Men of Will,4038941,Justin Herbert,QB,BE,False,24.06,17.32,False
8,False,9,Men of Will,4430034,Xavier Legette,WR,BE,False,12.4,7.0,False
8,False,9,Men of Will,3055899,Harrison Butker,K,K,True,10.0,8.0,False
8,False,9,Men of Will,2468609,Taysom Hill,TE,BE,False,8.22,5.45,False
8,False,9,Men of Will,3043116,Demarcus Robinson,WR,BE,False,16.5,5.28,False
8,False,9,Men of Will,4360516,Tyrone Tracy Jr.,RB,BE,False,22.0,8.41,False
8,False,9,Men of Will,14985,Lavonte David,LB,DP,True,8.0,8.98,False
8,False,9,Men of Will,4429013,Tank Bigsby,RB,RB/WR/TE,True,9.6,11.63,False
8,False,9,Men of Will,-16008,Lions D/ST,D/ST,D/ST,True,13.0,6.45,False
8,False,3,Jim Ward's Ole Dick Necks,4241389,CeeDee Lamb,WR,WR,True,34.1,15.75,False
8,False,3,Jim Ward's Ole Dick Necks,4361529,Isiah Pacheco,RB,IR,False,0.0,0.0,False
8,False,3,Jim Ward's Ole Dick Necks,4697815,Rachaad White,RB,BE,False,13.2,10.67,False
8,False,3,Jim Ward's Ole Dick Necks,2977187,Cooper Kupp,WR,WR,True,13.6,11.76,False
8,False,3,Jim Ward's Ole Dick Necks,4432577,C.J. Stroud,QB,QB,True,12.4,16.37,False
8,False,3,Jim Ward's Ole Dick Necks,4428331,Rashee Rice,WR,BE,False,0.0,0.0,False
8,False,3,Jim Ward's Ole Dick Necks,3068267,Austin Ekeler,RB,RB,True,6.8,8.08,False
8,False,3,Jim Ward's Ole Dick Necks,3040151,George Kittle,TE,TE,True,21.8,12.44,False
8,False,3,Jim Ward's Ole Dick Necks,4372019,Jerome Ford,RB,BE,False,0.0,0.0,False
8,False,3,Jim Ward's Ole Dick Necks,4373626,Tyler Allgeier,RB,BE,False,5.3,7.69,False
8,False,3,Jim Ward's Ole Dick Necks,4040655,Darnell Mooney,WR,RB/WR/TE,True,16.6,11.43,False
8,False,3,Jim Ward's Ole Dick Necks,16731,Brandin Cooks,WR,BE,False,0.0,0.0,False
8,False,3,Jim Ward's Ole Dick Necks,2971573,Ka'imi Fairbairn,K,K,True,11.0,8.14,False
8,False,3,Jim Ward's Ole Dick Necks,14979,Bobby Wagner,LB,DP,True,7.0,10.36,False
8,False,3,Jim Ward's Ole Dick Necks,4048244,Alexander Mattison,RB,RB,True,6.9,8.99,False
8,False,3,Jim Ward's Ole Dick Necks,4361432,Romeo Doubs,WR,BE,False,8.7,10.48,False
8,False,3,Jim Ward's Ole Dick Necks,-16012,Chiefs D/ST,D/ST,D/ST,True,9.0,8.46,False
8,False,3,Jim Ward's Ole Dick Necks,4243331,Cade Otton,TE,BE,False,24.6,8.41,False
8,False,1,Too Much Bama In Me ,4569618,Garrett Wilson,WR,WR,True,13.8,13.35,False
8,False,1,Too Much Bama In Me ,4429795,Jahmyr Gibbs,RB,RB,True,19.8,15.97,False
8,False,1,Too Much Bama In Me ,4035687,Michael Pittman Jr.,WR,RB/WR/TE,True,2.1,8.12,False
8,False,1,Too Much Bama In Me ,4047365,Josh Jacobs,RB,RB,True,25.0,13.83,False
8,False,1,Too Much Bama In Me ,4426354,George Pickens,WR,WR,True,9.4,11.88,False
8,False,1,Too Much Bama In Me ,4361307,Trey McBride,TE,TE,True,16.9,9.16,False
8,False,1,Too Much Bama In Me ,3932905,Diontae Johnson,WR,BE,False,0.0,0.0,False
8,False,1,Too Much Bama In Me ,4040761,Devin Singletary,RB,BE,False,4.3,4.54,False
8,False,1,Too Much Bama In Me ,4426388,Jameson Williams,WR,BE,False,0.0,0.0,False
8,False,1,Too Much Bama In Me ,4373678,Khalil Shakir,WR,BE,False,15.4,9.22,False
8,False,1,Too Much Bama In Me ,15835,Zach Ertz,TE,BE,False,11.2,7.21,False
8,False,1,Too Much Bama In Me ,4689936,Jake Bates,K,K,True,12.0,8.79,False
8,False,1,Too Much Bama In Me ,4360310,Trevor Lawrence,QB,BE,False,23.32,15.75,False
8,False,1,Too Much Bama In Me ,4241479,Tua Tagovailoa,QB,QB,True,14.66,17.4,False
8,False,1,Too Much Bama In Me ,-16024,Chargers D/ST,D/ST,D/ST,True,8.0,8.16,False
8,False,1,Too Much Bama In Me ,2576414,Raheem Mostert,RB,BE,False,15.5,8.23,False
8,False,1,Too Much Bama In Me ,4430280,Ivan Pace Jr.,LB,DP,True,13.0,9.63,False
8,False,8,SCLSU Mud Dogs,4427366,Breece Hall,RB,RB,True,9.4,17.57,False
8,False,8,SCLSU Mud Dogs,4426502,Drake London,WR,WR,True,5.4,14.31,False
8,False,8,SCLSU Mud Dogs,4361370,Chris Olave,WR,BE,False,14.7,9.39,False
8,False,8,SCLSU Mud Dogs,4429084,Anthony Richardson,QB,BE,False,11.5,14.66,False
8,False,8,SCLSU Mud Dogs,4035538,David Montgomery,RB,RB,True,14.42,14.15,False
8,False,8,SCLSU Mud Dogs,4239993,Tee Higgins,WR,BE,False,0.0,0.0,False
8,False,8,SCLSU Mud Dogs,4362249,Jayden Reed,WR,WR,True,6.5,12.8,False
8,False,8,SCLSU Mud Dogs,4432665,Brock Bowers,TE,TE,True,8.3,9.54,False
8,False,8,SCLSU Mud Dogs,4426348,Jayden Daniels,QB,QB,True,22.24,22.87,False
8,False,8,SCLSU Mud Dogs,4426385,Zach Charbonnet,RB,BE,False,9.9,6.66,False
8,False,8,SCLSU Mud Dogs,3121544,T.J. Edwards,LB,DP,True,8.0,9.97,False
8,False,8,SCLSU Mud Dogs,3917232,Tyler Bass,K,K,True,7.0,8.02,False
8,False,8,SCLSU Mud Dogs,4685247,Braelon Allen,RB,BE,False,9.2,4.49,False
8,False,8,SCLSU Mud Dogs,4596448,Bucky Irving,RB,BE,False,11.9,9.42,False
8,False,8,SCLSU Mud Dogs,4362238,Chase Brown,RB,RB/WR/TE,True,10.4,10.43,False
8,False,8,SCLSU Mud Dogs,-16009,Packers D/ST,D/ST,D/ST,True,4.0,5.72,False
8,False,8,SCLSU Mud Dogs,15864,Geno Smith,QB,BE,False,8.08,17.91,False
8,False,13,Christopher's Kryptonite ,4374302,Amon-Ra St. Brown,WR,WR,True,7.7,13.7,False
8,False,13,Christopher's Kryptonite ,4430737,Kyren Williams,RB,RB,True,20.1,15.91,False
8,False,13,Christopher's Kryptonite ,3139477,Patrick Mahomes,QB,BE,False,18.18,14.19,False
8,False,13,Christopher's Kryptonite ,16737,Mike Evans,WR,IR,False,0.0,0.0,False
8,False,13,Christopher's Kryptonite ,3045147,James Conner,RB,BE,False,13.9,14.63,False
8,False,13,Christopher's Kryptonite ,4259545,D'Andre Swift,RB,RB,True,18.9,15.02,False
8,False,13,Christopher's Kryptonite ,3895856,Christian Kirk,WR,BE,False,7.9,7.22,False
8,False,13,Christopher's Kryptonite ,4242355,Jake Ferguson,TE,TE,True,5.3,8.18,False
8,False,13,Christopher's Kryptonite ,4431299,Rome Odunze,WR,BE,False,6.9,7.63,False
8,False,13,Christopher's Kryptonite ,3050073,Foyesade Oluokun,LB,DP,True,9.0,8.73,False
8,False,13,Christopher's Kryptonite ,4429275,Trey Benson,RB,BE,False,1.0,1.96,False
8,False,13,Christopher's Kryptonite ,4360569,Jordan Mason,RB,RB/WR/TE,True,1.8,15.18,False
8,False,13,Christopher's Kryptonite ,-16007,Broncos D/ST,D/ST,D/ST,True,9.0,8.03,False
8,False,13,Christopher's Kryptonite ,17372,Chris Boswell,K,K,True,14.0,8.46,False
8,False,13,Christopher's Kryptonite ,14880,Kirk Cousins,QB,QB,True,28.64,16.63,False
8,False,13,Christopher's Kryptonite ,3886598,Jauan Jennings,WR,BE,False,0.0,0.0,False
8,False,13,Christopher's Kryptonite ,4430834,Jalen McMillan,WR,WR,True,7.2,8.44,False
8,False,13,Christopher's Kryptonite ,-16021,Eagles D/ST,D/ST,BE,False,8.0,5.56,False
8,False,4,Injured Reserve ,3117251,Christian McCaffrey,RB,BE,False,0.0,0.0,False
8,False,4,Injured Reserve ,3116385,Joe Mixon,RB,RB,True,22.4,17.43,False
8,False,4,Injured Reserve ,4372016,Jaylen Waddle,WR,BE,False,6.5,11.08,False
8,False,4,Injured Reserve ,4360438,Brandon Aiyuk,WR,BE,False,0.0,0.0,False
8,False,4,Injured Reserve ,3915416,DJ Moore,WR,WR,True,4.4,12.68,False
8,False,4,Injured Reserve ,3915511,Joe Burrow,QB,QB,True,12.86,17.99,False
8,False,4,Injured Reserve ,4366031,Tank Dell,WR,WR,True,11.5,11.15,False
8,False,4,Injured Reserve ,3123076,David Njoku,TE,IR,False,14.6,10.75,False
8,False,4,Injured Reserve ,4429205,Jordan Addison,WR,RB/WR/TE,True,3.2,8.74,False
8,False,4,Injured Reserve ,3124005,Zaire Franklin,LB,DP,True,11.0,10.45,False
8,False,4,Injured Reserve ,4242431,Ty Chandler,RB,BE,False,0.0,4.47,False
8,False,4,Injured Reserve ,-16033,Ravens D/ST,D/ST,D/ST,True,0.0,6.77,False
8,False,4,Injured Reserve ,3916433,Jakobi Meyers,WR,BE,False,14.2,8.19,False
8,False,4,Injured Reserve ,3049899,Younghoe Koo,K,K,True,6.0,8.04,False
8,False,4,Injured Reserve ,3052587,Baker Mayfield,QB,BE,False,22.3,17.73,False
8,False,4,Injured Reserve ,4360294,Antonio Gibson,RB,BE,False,0.7,5.04,False
8,False,4,Injured Reserve ,3116365,Mark Andrews,TE,TE,True,12.1,6.9,False
8,False,4,Injured Reserve ,4038441,Justice Hill,RB,RB,True,2.4,5.79,False
8,False,10,LaPorta Potty,4242335,Jonathan Taylor,RB,RB/WR/TE,True,18.2,15.51,False
8,False,10,LaPorta Potty,3043078,Derrick Henry,RB,RB,True,14.2,17.5,False
8,False,10,LaPorta Potty,4429160,De'Von Achane,RB,RB,True,23.7,15.87,False
8,False,10,LaPorta Potty,4430027,Sam LaPorta,TE,TE,True,13.8,6.83,False
8,False,10,LaPorta Potty,2976499,Amari Cooper,WR,WR,True,0.8,11.57,False
8,False,10,LaPorta Potty,2577417,Dak Prescott,QB,BE,False,13.62,16.22,False
8,False,10,LaPorta Potty,3121422,Terry McLaurin,WR,WR,True,15.0,12.23,False
8,False,10,LaPorta Potty,3916148,Tony Pollard,RB,BE,False,13.2,13.67,False
8,False,10,LaPorta Potty,4036378,Jordan Love,QB,QB,True,5.74,19.34,False
8,False,10,LaPorta Potty,4361411,Pat Freiermuth,TE,BE,False,2.9,5.86,False
8,False,10,LaPorta Potty,3821683,Austin Seibert,K,K,True,12.0,8.47,False
8,False,10,LaPorta Potty,4428718,Tre Tucker,WR,BE,False,4.3,6.59,False
8,False,10,LaPorta Potty,-16002,Bills D/ST,D/ST,D/ST,True,10.0,5.28,False
8,False,10,LaPorta Potty,4427095,DeMario Douglas,WR,BE,False,2.2,7.98,False
8,False,10,LaPorta Potty,4688813,Josh Downs,WR,BE,False,20.2,7.27,False
8,False,10,LaPorta Potty,4035232,Tyrel Dodson,LB,DP,True,7.0,8.83,False
8,False,12,Rule  #76,3116406,Tyreek Hill,WR,RB/WR/TE,True,10.2,15.23,False
8,False,12,Rule  #76,4432708,Marvin Harrison Jr.,WR,WR,True,20.1,10.86,False
8,False,12,Rule  #76,4379399,James Cook,RB,RB,True,26.8,14.96,False
8,False,12,Rule  #76,4241478,DeVonta Smith,WR,BE,False,17.5,10.43,False
8,False,12,Rule  #76,4385690,Dalton Kincaid,TE,TE,True,11.1,9.26,False
8,False,12,Rule  #76,3917315,Kyler Murray,QB,QB,True,22.18,18.12,False
8,False,12,Rule  #76,4569987,Jaylen Warren,RB,RB,True,6.9,11.46,False
8,False,12,Rule  #76,4678008,Jonathon Brooks,RB,IR,False,0.0,0.0,False
8,False,12,Rule  #76,4035676,Zack Moss,RB,BE,False,5.9,8.64,False
8,False,12,Rule  #76,4038815,Rico Dowdle,RB,BE,False,0.0,0.0,False
8,False,12,Rule  #76,4432773,Brian Thomas Jr.,WR,WR,True,13.5,11.46,False
8,False,12,Rule  #76,15683,Justin Tucker,K,K,True,6.0,8.55,False
8,False,12,Rule  #76,4241463,Jerry Jeudy,WR,BE,False,10.4,7.9,False
8,False,12,Rule  #76,12483,Matthew Stafford,QB,BE,False,24.76,10.95,False
8,False,12,Rule  #76,3917657,Zack Baun,LB,DP,True,14.0,9.23,False
8,False,12,Rule  #76,-16034,Texans D/ST,D/ST,D/ST,True,9.0,6.88,False
8,False,12,Rule  #76,2510863,Eric Kendricks,LB,BE,False,9.0,9.63,False
8,False,12,Rule  #76,4429501,Ray Davis,RB,BE,False,2.9,4.53,False
8,False,6,Thom-ASS,3929630,Saquon Barkley,RB,RB,True,11.6,17.03,False
8,False,6,Thom-ASS,4047646,A.J. Brown,WR,WR,True,10.9,13.92,False
8,False,6,Thom-ASS,15847,Travis Kelce,TE,TE,True,20.0,8.31,False
8,False,6,Thom-ASS,3054850,Alvin Kamara,RB,RB,True,15.2,14.44,False
8,False,6,Thom-ASS,3925357,Calvin Ridley,WR,BE,False,17.6,9.05,False
8,False,6,Thom-ASS,4429615,Zay Flowers,WR,WR,True,15.0,11.29,False
8,False,6,Thom-ASS,4361741,Brock Purdy,QB,QB,True,26.0,20.23,False
8,False,6,Thom-ASS,3128429,Courtland Sutton,WR,BE,False,13.12,9.47,False
8,False,6,Thom-ASS,4241416,Chuba Hubbard,RB,RB/WR/TE,True,8.1,12.24,False
8,False,6,Thom-ASS,15795,DeAndre Hopkins,WR,BE,False,3.9,8.08,False
8,False,6,Thom-ASS,-16005,Browns D/ST,D/ST,BE,False,2.0,2.81,False
8,False,6,Thom-ASS,3953687,Brandon Aubrey,K,BE,False,6.0,7.89,False
8,False,6,Thom-ASS,4258595,Cole Kmet,TE,BE,False,3.9,7.31,False
8,False,6,Thom-ASS,3128390,Allen Lazard,WR,BE,False,0.0,0.0,False
8,False,6,Thom-ASS,3129446,Robert Spillane,LB,DP,True,12.0,10.02,False
8,False,6,Thom-ASS,4362081,Cameron Dicker,K,K,True,9.0,8.27,False
8,False,6,Thom-ASS,-16003,Bears D/ST,D/ST,D/ST,True,-3.0,4.08,False
8,False,11,ConcreteJungleWet DreamTomato,4430807,Bijan Robinson,RB,RB,True,20.1,18.7,False
8,False,11,ConcreteJungleWet DreamTomato,16800,Davante Adams,WR,WR,True,7.4,13.37,False
8,False,11,ConcreteJungleWet DreamTomato,4040715,Jalen Hurts,QB,QB,True,35.14,19.55,False
8,False,11,ConcreteJungleWet DreamTomato,4595348,Malik Nabers,WR,WR,True,10.6,15.19,False
8,False,11,ConcreteJungleWet DreamTomato,4361579,Javonte Williams,RB,RB,True,7.2,13.41,False
8,False,11,ConcreteJungleWet DreamTomato,4428557,Tyjae Spears,RB,BE,False,0.0,0.0,False
8,False,11,ConcreteJungleWet DreamTomato,4635008,Keon Coleman,WR,BE,False,15.5,8.46,False
8,False,11,ConcreteJungleWet DreamTomato,4241985,J.K. Dobbins,RB,RB/WR/TE,True,14.8,16.47,False
8,False,11,ConcreteJungleWet DreamTomato,16733,Odell Beckham Jr.,WR,BE,False,0.0,3.72,False
8,False,11,ConcreteJungleWet DreamTomato,-16025,49ers D/ST,D/ST,D/ST,True,8.0,6.37,False
8,False,11,ConcreteJungleWet DreamTomato,4360234,Evan McPherson,K,K,True,4.0,7.88,False
8,False,11,ConcreteJungleWet DreamTomato,4426338,Bo Nix,QB,BE,False,29.76,18.25,False
8,False,11,ConcreteJungleWet DreamTomato,3116724,Germaine Pratt,LB,DP,True,9.0,10.0,False
8,False,11,ConcreteJungleWet DreamTomato,4572680,Tucker Kraft,TE,TE,True,15.3,8.5,False
8,False,11,ConcreteJungleWet DreamTomato,4569587,Wan'Dale Robinson,WR,BE,False,5.5,9.16,False
8,False,11,ConcreteJungleWet DreamTomato,4249417,Jalen Tolbert,WR,BE,False,5.9,7.75,False
8,False,11,ConcreteJungleWet DreamTomato,4426407,Trey Palmer,WR,BE,False,3.9,7.29,False
9,False,2,Pour One Out For Mahomies!!,3918298,Josh Allen,QB,QB,True,22.1,22.41,False
9,False,2,Pour One Out For Mahomies!!,4239996,Travis Etienne Jr.,RB,BE,False,4.0,9.98,False
9,False,2,Pour One Out For Mahomies!!,4258173,Nico Collins,WR,BE,False,0.0,0.0,False
9,False,2,Pour One Out For Mahomies!!,4569173,Rhamondre Stevenson,RB,RB,True,19.9,13.03,False
9,False,2,Pour One Out For Mahomies!!,2976212,Stefon Diggs,WR,BE,False,0.0,0.0,False
9,False,2,Pour One Out For Mahomies!!,3051876,Evan Engram,TE,TE,True,10.0,9.49,False
9,False,2,Pour One Out For Mahomies!!,4612826,Ladd McConkey,WR,RB/WR/TE,True,8.9,10.8,False
9,False,2,Pour One Out For Mahomies!!,4683062,Xavier Worthy,WR,WR,True,-1.0,10.15,False
9,False,2,Pour One Out For Mahomies!!,3128720,Nick Chubb,RB,RB,True,4.0,12.63,False
9,False,2,Pour One Out For Mahomies!!,4032473,Rashid Shaheed,WR,BE,False,0.0,0.0,False
9,False,2,Pour One Out For Mahomies!!,3915189,Roquan Smith,LB,DP,True,3.0,10.63,False
9,False,2,Pour One Out For Mahomies!!,-16020,Jets D/ST,D/ST,D/ST,True,13.0,5.9,False
9,False,2,Pour One Out For Mahomies!!,4431452,Drake Maye,QB,BE,False,15.74,13.2,False
9,False,2,Pour One Out For Mahomies!!,14993,Greg Zuerlein,K,K,True,0.0,0.0,False
9,False,2,Pour One Out For Mahomies!!,2577327,Tyler Lockett,WR,WR,True,13.8,9.95,False
9,False,2,Pour One Out For Mahomies!!,16460,Adam Thielen,WR,IR,False,0.0,0.0,False
9,False,2,Pour One Out For Mahomies!!,3116164,Mike Gesicki,TE,BE,False,24.5,6.56,False
9,False,2,Pour One Out For Mahomies!!,3139602,D'Ernest Johnson,RB,BE,False,0.6,1.43,False
9,False,9,Men of Will,4262921,Justin Jefferson,WR,WR,True,18.08,16.16,False
9,False,9,Men of Will,4426515,Puka Nacua,WR,WR,True,2.6,13.58,False
9,False,9,Men of Will,3916387,Lamar Jackson,QB,QB,True,23.6,21.62,False
9,False,9,Men of Will,4047650,DK Metcalf,WR,BE,False,0.0,0.0,False
9,False,9,Men of Will,4360248,Kyle Pitts,TE,TE,True,1.6,9.74,False
9,False,9,Men of Will,4241474,Brian Robinson Jr.,RB,BE,False,0.0,0.0,False
9,False,9,Men of Will,4241457,Najee Harris,RB,BE,False,0.0,0.0,True
9,False,9,Men of Will,4248528,Christian Watson,WR,BE,False,7.2,8.86,False
9,False,9,Men of Will,4038941,Justin Herbert,QB,BE,False,19.48,16.11,False
9,False,9,Men of Will,4430034,Xavier Legette,WR,RB/WR/TE,True,12.9,9.1,False
9,False,9,Men of Will,3055899,Harrison Butker,K,K,True,7.0,8.4,False
9,False,9,Men of Will,2468609,Taysom Hill,TE,BE,False,14.0,9.02,False
9,False,9,Men of Will,3043116,Demarcus Robinson,WR,BE,False,24.4,5.88,False
9,False,9,Men of Will,4360516,Tyrone Tracy Jr.,RB,RB,True,7.4,11.98,False
9,False,9,Men of Will,14985,Lavonte David,LB,DP,True,8.0,8.81,False
9,False,9,Men of Will,4429013,Tank Bigsby,RB,RB,True,2.2,7.04,False
9,False,9,Men of Will,-16028,Commanders D/ST,D/ST,D/ST,True,4.0,7.1,False
9,False,3,Jim Ward's Ole Dick Necks,4241389,CeeDee Lamb,WR,WR,True,12.2,17.37,False
9,False,3,Jim Ward's Ole Dick Necks,4361529,Isiah Pacheco,RB,IR,False,0.0,0.0,False
9,False,3,Jim Ward's Ole Dick Necks,4697815,Rachaad White,RB,BE,False,11.0,9.04,False
9,False,3,Jim Ward's Ole Dick Necks,2977187,Cooper Kupp,WR,WR,True,15.9,13.34,False
9,False,3,Jim Ward's Ole Dick Necks,4432577,C.J. Stroud,QB,QB,True,11.54,14.67,False
9,False,3,Jim Ward's Ole Dick Necks,4428331,Rashee Rice,WR,BE,False,0.0,0.0,False
9,False,3,Jim Ward's Ole Dick Necks,3068267,Austin Ekeler,RB,RB,True,15.8,16.54,False
9,False,3,Jim Ward's Ole Dick Necks,3040151,George Kittle,TE,BE,False,0.0,0.0,True
9,False,3,Jim Ward's Ole Dick Necks,4372019,Jerome Ford,RB,BE,False,1.2,4.16,False
9,False,3,Jim Ward's Ole Dick Necks,4373626,Tyler Allgeier,RB,BE,False,7.8,8.2,False
9,False,3,Jim Ward's Ole Dick Necks,4040655,Darnell Mooney,WR,RB/WR/TE,True,17.3,12.51,False
9,False,3,Jim Ward's Ole Dick Necks,16731,Brandin Cooks,WR,BE,False,0.0,0.0,False
9,False,3,Jim Ward's Ole Dick Necks,2971573,Ka'imi Fairbairn,K,K,True,7.0,8.08,False
9,False,3,Jim Ward's Ole Dick Necks,14979,Bobby Wagner,LB,DP,True,9.0,10.13,False
9,False,3,Jim Ward's Ole Dick Necks,4048244,Alexander Mattison,RB,RB,True,3.6,11.67,False
9,False,3,Jim Ward's Ole Dick Necks,4361432,Romeo Doubs,WR,BE,False,4.8,9.68,False
9,False,3,Jim Ward's Ole Dick Necks,-16012,Chiefs D/ST,D/ST,D/ST,True,4.0,6.75,False
9,False,3,Jim Ward's Ole Dick Necks,4243331,Cade Otton,TE,TE,True,17.7,9.71,False
9,False,1,Too Much Bama In Me ,4569618,Garrett Wilson,WR,WR,True,25.5,11.74,False
9,False,1,Too Much Bama In Me ,4429795,Jahmyr Gibbs,RB,RB,True,14.1,15.34,False
9,False,1,Too Much Bama In Me ,4035687,Michael Pittman Jr.,WR,RB/WR/TE,True,1.9,10.02,False
9,False,1,Too Much Bama In Me ,4047365,Josh Jacobs,RB,RB,True,11.8,13.24,False
9,False,1,Too Much Bama In Me ,4426354,George Pickens,WR,BE,False,0.0,0.0,True
9,False,1,Too Much Bama In Me ,4361307,Trey McBride,TE,TE,True,11.2,9.89,False
9,False,1,Too Much Bama In Me ,3932905,Diontae Johnson,WR,BE,False,0.0,5.23,False
9,False,1,Too Much Bama In Me ,4040761,Devin Singletary,RB,BE,False,3.3,4.18,False
9,False,1,Too Much Bama In Me ,4373678,Khalil Shakir,WR,WR,True,8.0,9.94,False
9,False,1,Too Much Bama In Me ,15835,Zach Ertz,TE,BE,False,1.0,8.52,False
9,False,1,Too Much Bama In Me ,4689936,Jake Bates,K,K,True,6.0,8.46,False
9,False,1,Too Much Bama In Me ,4360310,Trevor Lawrence,QB,BE,False,19.56,15.31,False
9,False,1,Too Much Bama In Me ,4241479,Tua Tagovailoa,QB,QB,True,17.54,15.42,False
9,False,1,Too Much Bama In Me ,-16024,Chargers D/ST,D/ST,D/ST,True,19.0,6.42,False
9,False,1,Too Much Bama In Me ,2576414,Raheem Mostert,RB,BE,False,7.8,8.33,False
9,False,1,Too Much Bama In Me ,3071353,E.J. Speed,LB,DP,True,12.0,9.74,False
9,False,1,Too Much Bama In Me ,4887558,Emanuel Wilson,RB,BE,False,9.4,3.38,False
9,False,8,SCLSU Mud Dogs,4427366,Breece Hall,RB,RB,True,9.5,14.68,False
9,False,8,SCLSU Mud Dogs,4426502,Drake London,WR,WR,True,9.7,14.9,False
9,False,8,SCLSU Mud Dogs,4361370,Chris Olave,WR,WR,True,1.8,12.88,False
9,False,8,SCLSU Mud Dogs,4429084,Anthony Richardson,QB,BE,False,0.0,0.0,False
9,False,8,SCLSU Mud Dogs,4035538,David Montgomery,RB,RB,True,11.1,12.97,False
9,False,8,SCLSU Mud Dogs,4239993,Tee Higgins,WR,BE,False,0.0,0.0,False
9,False,8,SCLSU Mud Dogs,4362249,Jayden Reed,WR,BE,False,13.8,11.07,False
9,False,8,SCLSU Mud Dogs,4432665,Brock Bowers,TE,TE,True,13.0,10.0,False
9,False,8,SCLSU Mud Dogs,4426348,Jayden Daniels,QB,QB,True,19.86,24.53,False
9,False,8,SCLSU Mud Dogs,4426385,Zach Charbonnet,RB,BE,False,4.3,7.39,False
9,False,8,SCLSU Mud Dogs,3121544,T.J. Edwards,LB,DP,True,7.0,9.31,False
9,False,8,SCLSU Mud Dogs,3917232,Tyler Bass,K,K,True,14.0,8.23,False
9,False,8,SCLSU Mud Dogs,4685247,Braelon Allen,RB,BE,False,0.9,4.71,False
9,False,8,SCLSU Mud Dogs,4596448,Bucky Irving,RB,BE,False,4.9,8.29,False
9,False,8,SCLSU Mud Dogs,4362238,Chase Brown,RB,RB/WR/TE,True,24.2,13.72,False
9,False,8,SCLSU Mud Dogs,-16009,Packers D/ST,D/ST,D/ST,True,3.0,4.02,False
9,False,8,SCLSU Mud Dogs,15864,Geno Smith,QB,BE,False,22.12,17.45,False
9,False,13,Christopher's Kryptonite ,4374302,Amon-Ra St. Brown,WR,WR,True,15.1,14.58,False
9,False,13,Christopher's Kryptonite ,4430737,Kyren Williams,RB,RB,True,10.0,19.38,False
9,False,13,Christopher's Kryptonite ,3139477,Patrick Mahomes,QB,BE,False,24.54,17.38,False
9,False,13,Christopher's Kryptonite ,16737,Mike Evans,WR,IR,False,0.0,0.0,False
9,False,13,Christopher's Kryptonite ,3045147,James Conner,RB,RB/WR/TE,True,13.4,15.53,False
9,False,13,Christopher's Kryptonite ,4259545,D'Andre Swift,RB,RB,True,11.2,16.5,False
9,False,13,Christopher's Kryptonite ,4242355,Jake Ferguson,TE,TE,True,10.6,8.9,False
9,False,13,Christopher's Kryptonite ,4431299,Rome Odunze,WR,BE,False,12.9,8.17,False
9,False,13,Christopher's Kryptonite ,3050073,Foyesade Oluokun,LB,DP,True,8.0,8.79,False
9,False,13,Christopher's Kryptonite ,4429275,Trey Benson,RB,BE,False,13.0,1.95,False
9,False,13,Christopher's Kryptonite ,4360569,Jordan Mason,RB,BE,False,0.0,0.0,True
9,False,13,Christopher's Kryptonite ,-16007,Broncos D/ST,D/ST,BE,False,-3.0,4.14,False
9,False,13,Christopher's Kryptonite ,17372,Chris Boswell,K,BE,False,0.0,0.0,True
9,False,13,Christopher's Kryptonite ,14880,Kirk Cousins,QB,QB,True,17.78,19.32,False
9,False,13,Christopher's Kryptonite ,3886598,Jauan Jennings,WR,BE,False,0.0,0.0,True
9,False,13,Christopher's Kryptonite ,4567104,Will Reichard,K,K,True,1.0,8.11,False
9,False,13,Christopher's Kryptonite ,-16018,Saints D/ST,D/ST,D/ST,True,5.0,6.12,False
9,False,13,Christopher's Kryptonite ,2976592,Sterling Shepard,WR,WR,True,8.9,7.12,False
9,False,4,Injured Reserve ,3117251,Christian McCaffrey,RB,BE,False,0.0,0.0,True
9,False,4,Injured Reserve ,3116385,Joe Mixon,RB,RB,True,16.6,16.88,False
9,False,4,Injured Reserve ,4372016,Jaylen Waddle,WR,BE,False,6.6,10.15,False
9,False,4,Injured Reserve ,4360438,Brandon Aiyuk,WR,BE,False,0.0,0.0,True
9,False,4,Injured Reserve ,3915416,DJ Moore,WR,WR,True,5.3,11.34,False
9,False,4,Injured Reserve ,3915511,Joe Burrow,QB,QB,True,29.14,18.14,False
9,False,4,Injured Reserve ,4366031,Tank Dell,WR,WR,True,15.6,10.83,False
9,False,4,Injured Reserve ,3123076,David Njoku,TE,IR,False,6.4,10.38,False
9,False,4,Injured Reserve ,4429205,Jordan Addison,WR,BE,False,13.6,8.09,False
9,False,4,Injured Reserve ,3124005,Zaire Franklin,LB,DP,True,11.0,10.54,False
9,False,4,Injured Reserve ,4242431,Ty Chandler,RB,BE,False,0.0,3.34,False
9,False,4,Injured Reserve ,-16033,Ravens D/ST,D/ST,D/ST,True,9.0,5.82,False
9,False,4,Injured Reserve ,3916433,Jakobi Meyers,WR,RB/WR/TE,True,15.5,9.24,False
9,False,4,Injured Reserve ,3049899,Younghoe Koo,K,K,True,3.0,8.3,False
9,False,4,Injured Reserve ,3052587,Baker Mayfield,QB,BE,False,18.0,16.86,False
9,False,4,Injured Reserve ,4360294,Antonio Gibson,RB,RB,True,1.6,5.13,False
9,False,4,Injured Reserve ,3116365,Mark Andrews,TE,TE,True,3.6,6.41,False
9,False,4,Injured Reserve ,4038441,Justice Hill,RB,BE,False,7.3,4.15,False
9,False,10,LaPorta Potty,4242335,Jonathan Taylor,RB,RB,True,7.4,16.12,False
9,False,10,LaPorta Potty,3043078,Derrick Henry,RB,RB,True,25.8,16.1,False
9,False,10,LaPorta Potty,4429160,De'Von Achane,RB,RB/WR/TE,True,28.1,15.83,False
9,False,10,LaPorta Potty,4430027,Sam LaPorta,TE,TE,True,3.8,8.54,False
9,False,10,LaPorta Potty,2976499,Amari Cooper,WR,BE,False,0.0,0.0,False
9,False,10,LaPorta Potty,2577417,Dak Prescott,QB,QB,True,12.32,16.25,False
9,False,10,LaPorta Potty,3121422,Terry McLaurin,WR,WR,True,14.9,12.65,False
9,False,10,LaPorta Potty,3916148,Tony Pollard,RB,BE,False,16.9,14.76,False
9,False,10,LaPorta Potty,4036378,Jordan Love,QB,BE,False,10.92,16.93,False
9,False,10,LaPorta Potty,4361411,Pat Freiermuth,TE,BE,False,0.0,0.0,True
9,False,10,LaPorta Potty,3821683,Austin Seibert,K,K,True,9.0,8.28,False
9,False,10,LaPorta Potty,4428718,Tre Tucker,WR,BE,False,1.5,6.46,False
9,False,10,LaPorta Potty,-16002,Bills D/ST,D/ST,BE,False,2.0,4.89,False
9,False,10,LaPorta Potty,4427095,DeMario Douglas,WR,BE,False,7.0,6.3,False
9,False,10,LaPorta Potty,4688813,Josh Downs,WR,WR,True,10.0,10.06,False
9,False,10,LaPorta Potty,4035232,Tyrel Dodson,LB,DP,True,9.0,8.69,False
9,False,10,LaPorta Potty,-16021,Eagles D/ST,D/ST,D/ST,True,11.0,6.0,False
9,False,12,Rule  #76,3116406,Tyreek Hill,WR,WR,True,10.0,14.89,False
9,False,12,Rule  #76,4432708,Marvin Harrison Jr.,WR,WR,True,2.4,10.99,False
9,False,12,Rule  #76,4379399,James Cook,RB,RB,True,9.4,15.5,False
9,False,12,Rule  #76,4241478,DeVonta Smith,WR,RB/WR/TE,True,16.7,11.34,False
9,False,12,Rule  #76,4385690,Dalton Kincaid,TE,TE,True,5.2,9.2,False
9,False,12,Rule  #76,3917315,Kyler Murray,QB,QB,True,4.76,19.27,False
9,False,12,Rule  #76,4569987,Jaylen Warren,RB,BE,False,0.0,0.0,True
9,False,12,Rule  #76,4678008,Jonathon Brooks,RB,IR,False,0.0,0.0,False
9,False,12,Rule  #76,4035676,Zack Moss,RB,BE,False,0.0,0.0,False
9,False,12,Rule  #76,4038815,Rico Dowdle,RB,RB,True,19.2,9.95,False
9,False,12,Rule  #76,4432773,Brian Thomas Jr.,WR,BE,False,5.2,11.42,False
9,False,12,Rule  #76,15683,Justin Tucker,K,K,True,11.0,8.35,False
9,False,12,Rule  #76,4241463,Jerry Jeudy,WR,BE,False,10.8,8.62,False
9,False,12,Rule  #76,12483,Matthew Stafford,QB,BE,False,17.92,14.96,False
9,False,12,Rule  #76,3917657,Zack Baun,LB,DP,True,12.0,9.79,False
9,False,12,Rule  #76,-16034,Texans D/ST,D/ST,D/ST,True,4.0,7.19,False
9,False,12,Rule  #76,2510863,Eric Kendricks,LB,BE,False,11.0,10.21,False
9,False,12,Rule  #76,4429501,Ray Davis,RB,BE,False,16.0,3.2,False
9,False,6,Thom-ASS,3929630,Saquon Barkley,RB,RB,True,31.4,18.5,False
9,False,6,Thom-ASS,4047646,A.J. Brown,WR,WR,True,4.6,14.71,False
9,False,6,Thom-ASS,15847,Travis Kelce,TE,TE,True,15.0,10.55,False
9,False,6,Thom-ASS,3054850,Alvin Kamara,RB,RB,True,24.5,19.19,False
9,False,6,Thom-ASS,3925357,Calvin Ridley,WR,BE,False,9.8,10.33,False
9,False,6,Thom-ASS,4429615,Zay Flowers,WR,WR,True,27.2,11.15,False
9,False,6,Thom-ASS,4361741,Brock Purdy,QB,BE,False,0.0,0.0,True
9,False,6,Thom-ASS,3128429,Courtland Sutton,WR,BE,False,19.78,11.13,False
9,False,6,Thom-ASS,4241416,Chuba Hubbard,RB,RB/WR/TE,True,20.2,15.49,False
9,False,6,Thom-ASS,15795,DeAndre Hopkins,WR,BE,False,24.6,8.74,False
9,False,6,Thom-ASS,-16005,Browns D/ST,D/ST,D/ST,True,6.0,4.91,False
9,False,6,Thom-ASS,3953687,Brandon Aubrey,K,BE,False,9.0,7.97,False
9,False,6,Thom-ASS,4258595,Cole Kmet,TE,BE,False,0.0,6.24,False
9,False,6,Thom-ASS,3128390,Allen Lazard,WR,BE,False,0.0,0.0,False
9,False,6,Thom-ASS,3129446,Robert Spillane,LB,DP,True,7.0,10.05,False
9,False,6,Thom-ASS,4362081,Cameron Dicker,K,K,True,2.0,8.08,False
9,False,6,Thom-ASS,4431611,Caleb Williams,QB,QB,True,9.18,15.63,False
9,False,11,ConcreteJungleWet DreamTomato,4430807,Bijan Robinson,RB,RB,True,18.0,18.56,False
9,False,11,ConcreteJungleWet DreamTomato,16800,Davante Adams,WR,WR,True,18.6,10.69,False
9,False,11,ConcreteJungleWet DreamTomato,4040715,Jalen Hurts,QB,QB,True,29.9,23.8,False
9,False,11,ConcreteJungleWet DreamTomato,4595348,Malik Nabers,WR,WR,True,10.4,15.07,False
9,False,11,ConcreteJungleWet DreamTomato,4361579,Javonte Williams,RB,RB/WR/TE,True,9.4,10.59,False
9,False,11,ConcreteJungleWet DreamTomato,4428557,Tyjae Spears,RB,BE,False,0.0,0.0,False
9,False,11,ConcreteJungleWet DreamTomato,4635008,Keon Coleman,WR,BE,False,5.6,10.29,False
9,False,11,ConcreteJungleWet DreamTomato,4241985,J.K. Dobbins,RB,RB,True,23.5,14.84,False
9,False,11,ConcreteJungleWet DreamTomato,-16025,49ers D/ST,D/ST,BE,False,0.0,0.0,True
9,False,11,ConcreteJungleWet DreamTomato,4360234,Evan McPherson,K,K,True,12.0,7.93,False
9,False,11,ConcreteJungleWet DreamTomato,4426338,Bo Nix,QB,BE,False,17.22,18.61,False
9,False,11,ConcreteJungleWet DreamTomato,3116724,Germaine Pratt,LB,DP,True,1.0,9.8,False
9,False,11,ConcreteJungleWet DreamTomato,4572680,Tucker Kraft,TE,TE,True,5.6,7.51,False
9,False,11,ConcreteJungleWet DreamTomato,4569587,Wan'Dale Robinson,WR,BE,False,2.5,8.46,False
9,False,11,ConcreteJungleWet DreamTomato,4249417,Jalen Tolbert,WR,BE,False,9.4,7.01,False
9,False,11,ConcreteJungleWet DreamTomato,4426407,Trey Palmer,WR,BE,False,4.3,5.87,False
9,False,11,ConcreteJungleWet DreamTomato,-16004,Bengals D/ST,D/ST,D/ST,True,11.0,7.89,False
9,False,5,Jones in for a Repeat,4362628,Ja'Marr Chase,WR,WR,True,7.8,15.47,False
9,False,5,Jones in for a Repeat,3126486,Deebo Samuel Sr.,WR,BE,False,0.0,0.0,True
9,False,5,Jones in for a Repeat,4567048,Kenneth Walker III,RB,RB,True,12.2,16.18,False
9,False,5,Jones in for a Repeat,3042519,Aaron Jones,RB,RB/WR/TE,True,10.2,16.29,False
9,False,5,Jones in for a Repeat,15818,Keenan Allen,WR,BE,False,5.6,8.72,False
9,False,5,Jones in for a Repeat,3121023,Dallas Goedert,TE,BE,False,0.0,0.0,False
9,False,5,Jones in for a Repeat,4430878,Jaxon Smith-Njigba,WR,BE,False,34.5,10.95,False
9,False,5,Jones in for a Repeat,3912547,Sam Darnold,QB,QB,True,19.0,17.16,False
9,False,5,Jones in for a Repeat,-16023,Steelers D/ST,D/ST,BE,False,0.0,0.0,True
9,False,5,Jones in for a Repeat,-16016,Vikings D/ST,D/ST,D/ST,True,12.0,6.46,False
9,False,5,Jones in for a Repeat,3059915,Kareem Hunt,RB,RB,True,18.2,16.26,False
9,False,5,Jones in for a Repeat,3150744,Chase McLaughlin,K,K,True,7.0,8.27,False
9,False,5,Jones in for a Repeat,4426386,Roschon Johnson,RB,BE,False,3.1,6.0,False
9,False,5,Jones in for a Repeat,3138826,Fred Warner,LB,BE,False,0.0,0.0,True
9,False,5,Jones in for a Repeat,3046439,Hunter Henry,TE,TE,True,9.1,7.54,False
9,False,5,Jones in for a Repeat,4369863,Cedric Tillman,WR,WR,True,16.5,8.65,False
9,False,5,Jones in for a Repeat,4430280,Ivan Pace Jr.,LB,DP,True,6.0,9.96,False
10,False,1,Too Much Bama In Me ,4569618,Garrett Wilson,WR,WR,True,6.6,14.44,False
10,False,1,Too Much Bama In Me ,4429795,Jahmyr Gibbs,RB,RB,True,12.8,14.94,False
10,False,1,Too Much Bama In Me ,4035687,Michael Pittman Jr.,WR,BE,False,0.0,0.0,False
10,False,1,Too Much Bama In Me ,4047365,Josh Jacobs,RB,BE,False,0.0,0.0,True
10,False,1,Too Much Bama In Me ,4426354,George Pickens,WR,WR,True,19.0,13.54,False
10,False,1,Too Much Bama In Me ,4361307,Trey McBride,TE,TE,True,9.1,9.6,False
10,False,1,Too Much Bama In Me ,3932905,Diontae Johnson,WR,BE,False,1.1,9.32,False
10,False,1,Too Much Bama In Me ,4040761,Devin Singletary,RB,BE,False,5.0,5.02,False
10,False,1,Too Much Bama In Me ,4373678,Khalil Shakir,WR,RB/WR/TE,True,8.8,10.36,False
10,False,1,Too Much Bama In Me ,15835,Zach Ertz,TE,BE,False,5.1,8.02,False
10,False,1,Too Much Bama In Me ,4689936,Jake Bates,K,K,True,12.0,8.56,False
10,False,1,Too Much Bama In Me ,4241479,Tua Tagovailoa,QB,QB,True,9.18,16.04,False
10,False,1,Too Much Bama In Me ,-16024,Chargers D/ST,D/ST,D/ST,True,10.0,7.58,False
10,False,1,Too Much Bama In Me ,2576414,Raheem Mostert,RB,RB,True,4.4,8.83,False
10,False,1,Too Much Bama In Me ,3071353,E.J. Speed,LB,DP,True,8.0,9.71,False
10,False,1,Too Much Bama In Me ,4887558,Emanuel Wilson,RB,BE,False,0.0,0.0,True
10,False,1,Too Much Bama In Me ,4360078,Alec Pierce,WR,BE,False,17.1,8.45,False
10,False,2,Pour One Out For Mahomies!!,3918298,Josh Allen,QB,QB,True,18.2,22.02,False
10,False,2,Pour One Out For Mahomies!!,4239996,Travis Etienne Jr.,RB,RB,True,4.8,8.43,False
10,False,2,Pour One Out For Mahomies!!,4258173,Nico Collins,WR,WR,True,0.0,0.0,False
10,False,2,Pour One Out For Mahomies!!,4569173,Rhamondre Stevenson,RB,RB,True,8.2,13.35,False
10,False,2,Pour One Out For Mahomies!!,3051876,Evan Engram,TE,BE,False,7.0,8.94,False
10,False,2,Pour One Out For Mahomies!!,4612826,Ladd McConkey,WR,RB/WR/TE,True,6.2,10.92,False
10,False,2,Pour One Out For Mahomies!!,4683062,Xavier Worthy,WR,WR,True,1.6,7.98,False
10,False,2,Pour One Out For Mahomies!!,3128720,Nick Chubb,RB,BE,False,0.0,0.0,True
10,False,2,Pour One Out For Mahomies!!,3915189,Roquan Smith,LB,DP,True,14.0,10.24,False
10,False,2,Pour One Out For Mahomies!!,-16020,Jets D/ST,D/ST,D/ST,True,-3.0,4.61,False
10,False,2,Pour One Out For Mahomies!!,4431452,Drake Maye,QB,BE,False,11.76,14.95,False
10,False,2,Pour One Out For Mahomies!!,2577327,Tyler Lockett,WR,BE,False,0.0,0.0,True
10,False,2,Pour One Out For Mahomies!!,16460,Adam Thielen,WR,BE,False,0.0,0.0,False
10,False,2,Pour One Out For Mahomies!!,3116164,Mike Gesicki,TE,TE,True,5.0,9.05,False
10,False,2,Pour One Out For Mahomies!!,3139602,D'Ernest Johnson,RB,BE,False,0.0,2.35,False
10,False,2,Pour One Out For Mahomies!!,3050478,Jake Elliott,K,K,True,10.0,8.2,False
10,False,2,Pour One Out For Mahomies!!,3121409,Noah Brown,WR,BE,False,4.8,7.33,False
10,False,13,Christopher's Kryptonite ,4374302,Amon-Ra St. Brown,WR,WR,True,16.0,13.06,False
10,False,13,Christopher's Kryptonite ,4430737,Kyren Williams,RB,RB,True,8.7,16.65,False
10,False,13,Christopher's Kryptonite ,3139477,Patrick Mahomes,QB,BE,False,16.54,14.12,False
10,False,13,Christopher's Kryptonite ,16737,Mike Evans,WR,IR,False,0.0,0.0,False
10,False,13,Christopher's Kryptonite ,3045147,James Conner,RB,RB/WR/TE,True,19.8,16.17,False
10,False,13,Christopher's Kryptonite ,4259545,D'Andre Swift,RB,RB,True,7.0,16.15,False
10,False,13,Christopher's Kryptonite ,4242355,Jake Ferguson,TE,TE,True,2.4,7.81,False
10,False,13,Christopher's Kryptonite ,4431299,Rome Odunze,WR,BE,False,3.8,8.09,False
10,False,13,Christopher's Kryptonite ,3050073,Foyesade Oluokun,LB,DP,True,13.0,8.36,False
10,False,13,Christopher's Kryptonite ,4429275,Trey Benson,RB,BE,False,9.7,2.98,False
10,False,13,Christopher's Kryptonite ,4360569,Jordan Mason,RB,BE,False,0.5,6.43,False
10,False,13,Christopher's Kryptonite ,-16007,Broncos D/ST,D/ST,BE,False,5.0,6.29,False
10,False,13,Christopher's Kryptonite ,17372,Chris Boswell,K,K,True,4.0,8.28,False
10,False,13,Christopher's Kryptonite ,14880,Kirk Cousins,QB,QB,True,10.24,17.49,False
10,False,13,Christopher's Kryptonite ,3886598,Jauan Jennings,WR,WR,True,12.8,8.75,False
10,False,13,Christopher's Kryptonite ,4429025,Quentin Johnston,WR,BE,False,9.4,8.73,False
10,False,13,Christopher's Kryptonite ,4430834,Jalen McMillan,WR,BE,False,0.0,8.22,False
10,False,13,Christopher's Kryptonite ,-16019,Giants D/ST,D/ST,D/ST,True,3.0,6.25,False
10,False,3,Jim Ward's Ole Dick Necks,4241389,CeeDee Lamb,WR,WR,True,5.4,14.53,False
10,False,3,Jim Ward's Ole Dick Necks,4361529,Isiah Pacheco,RB,IR,False,0.0,0.0,False
10,False,3,Jim Ward's Ole Dick Necks,4697815,Rachaad White,RB,BE,False,16.0,9.03,False
10,False,3,Jim Ward's Ole Dick Necks,2977187,Cooper Kupp,WR,WR,True,11.5,12.47,False
10,False,3,Jim Ward's Ole Dick Necks,4432577,C.J. Stroud,QB,QB,True,9.78,15.59,False
10,False,3,Jim Ward's Ole Dick Necks,4428331,Rashee Rice,WR,BE,False,0.0,0.0,False
10,False,3,Jim Ward's Ole Dick Necks,3068267,Austin Ekeler,RB,RB,True,17.6,13.6,False
10,False,3,Jim Ward's Ole Dick Necks,3040151,George Kittle,TE,TE,True,13.2,10.45,False
10,False,3,Jim Ward's Ole Dick Necks,4372019,Jerome Ford,RB,BE,False,0.0,0.0,True
10,False,3,Jim Ward's Ole Dick Necks,4373626,Tyler Allgeier,RB,RB,True,6.9,7.62,False
10,False,3,Jim Ward's Ole Dick Necks,4040655,Darnell Mooney,WR,RB/WR/TE,True,12.1,12.16,False
10,False,3,Jim Ward's Ole Dick Necks,16731,Brandin Cooks,WR,BE,False,0.0,0.0,False
10,False,3,Jim Ward's Ole Dick Necks,2971573,Ka'imi Fairbairn,K,K,True,12.0,7.83,False
10,False,3,Jim Ward's Ole Dick Necks,14979,Bobby Wagner,LB,DP,True,7.0,10.17,False
10,False,3,Jim Ward's Ole Dick Necks,4048244,Alexander Mattison,RB,BE,False,0.0,0.0,True
10,False,3,Jim Ward's Ole Dick Necks,4361432,Romeo Doubs,WR,BE,False,0.0,0.0,True
10,False,3,Jim Ward's Ole Dick Necks,-16012,Chiefs D/ST,D/ST,D/ST,True,7.0,6.53,False
10,False,3,Jim Ward's Ole Dick Necks,4243331,Cade Otton,TE,BE,False,6.0,10.27,False
10,False,10,LaPorta Potty,4242335,Jonathan Taylor,RB,RB,True,14.2,17.68,False
10,False,10,LaPorta Potty,3043078,Derrick Henry,RB,RB,True,13.6,17.76,False
10,False,10,LaPorta Potty,4429160,De'Von Achane,RB,RB/WR/TE,True,7.7,16.44,False
10,False,10,LaPorta Potty,4430027,Sam LaPorta,TE,TE,True,16.1,6.34,False
10,False,10,LaPorta Potty,2976499,Amari Cooper,WR,BE,False,0.0,0.0,False
10,False,10,LaPorta Potty,3121422,Terry McLaurin,WR,WR,True,13.8,12.41,False
10,False,10,LaPorta Potty,3916148,Tony Pollard,RB,BE,False,8.3,12.09,False
10,False,10,LaPorta Potty,4036378,Jordan Love,QB,BE,False,0.0,0.0,True
10,False,10,LaPorta Potty,3821683,Austin Seibert,K,BE,False,0.0,0.0,False
10,False,10,LaPorta Potty,-16002,Bills D/ST,D/ST,BE,False,17.0,5.32,False
10,False,10,LaPorta Potty,4427095,DeMario Douglas,WR,BE,False,7.0,6.59,False
10,False,10,LaPorta Potty,4688813,Josh Downs,WR,WR,True,10.7,11.77,False
10,False,10,LaPorta Potty,-16021,Eagles D/ST,D/ST,D/ST,True,20.0,6.77,False
10,False,10,LaPorta Potty,8439,Aaron Rodgers,QB,QB,True,4.04,16.5,False
10,False,10,LaPorta Potty,3918330,Logan Wilson,LB,DP,True,8.0,9.73,False
10,False,10,LaPorta Potty,4035886,Khalil Herbert,RB,BE,False,0.0,4.65,False
10,False,10,LaPorta Potty,4372066,Jake Moody,K,K,True,9.0,7.98,False
10,False,8,SCLSU Mud Dogs,4427366,Breece Hall,RB,RB,True,10.3,15.77,False
10,False,8,SCLSU Mud Dogs,4426502,Drake London,WR,WR,True,14.7,14.01,False
10,False,8,SCLSU Mud Dogs,4361370,Chris Olave,WR,IR,False,0.0,0.0,False
10,False,8,SCLSU Mud Dogs,4035538,David Montgomery,RB,RB,True,12.1,14.13,False
10,False,8,SCLSU Mud Dogs,4239993,Tee Higgins,WR,BE,False,0.0,0.0,False
10,False,8,SCLSU Mud Dogs,4362249,Jayden Reed,WR,BE,False,0.0,0.0,True
10,False,8,SCLSU Mud Dogs,4432665,Brock Bowers,TE,BE,False,0.0,0.0,True
10,False,8,SCLSU Mud Dogs,4426348,Jayden Daniels,QB,QB,True,8.58,23.58,False
10,False,8,SCLSU Mud Dogs,4426385,Zach Charbonnet,RB,BE,False,0.0,0.0,True
10,False,8,SCLSU Mud Dogs,3121544,T.J. Edwards,LB,DP,True,14.0,9.11,False
10,False,8,SCLSU Mud Dogs,3917232,Tyler Bass,K,K,True,13.0,8.05,False
10,False,8,SCLSU Mud Dogs,4685247,Braelon Allen,RB,BE,False,3.9,4.83,False
10,False,8,SCLSU Mud Dogs,4596448,Bucky Irving,RB,BE,False,16.2,10.25,False
10,False,8,SCLSU Mud Dogs,4362238,Chase Brown,RB,RB/WR/TE,True,17.9,13.51,False
10,False,8,SCLSU Mud Dogs,4426388,Jameson Williams,WR,WR,True,7.8,7.13,False
10,False,8,SCLSU Mud Dogs,-16003,Bears D/ST,D/ST,D/ST,True,3.0,6.13,False
10,False,8,SCLSU Mud Dogs,3054212,Jonnu Smith,TE,TE,True,6.0,8.0,False
10,False,6,Thom-ASS,3929630,Saquon Barkley,RB,RB,True,9.3,18.93,False
10,False,6,Thom-ASS,4047646,A.J. Brown,WR,BE,False,13.4,12.69,False
10,False,6,Thom-ASS,15847,Travis Kelce,TE,TE,True,16.4,9.7,False
10,False,6,Thom-ASS,3054850,Alvin Kamara,RB,RB,True,13.4,18.51,False
10,False,6,Thom-ASS,3925357,Calvin Ridley,WR,BE,False,22.9,9.11,False
10,False,6,Thom-ASS,4429615,Zay Flowers,WR,WR,True,5.4,12.71,False
10,False,6,Thom-ASS,4361741,Brock Purdy,QB,QB,True,23.82,19.24,False
10,False,6,Thom-ASS,3128429,Courtland Sutton,WR,WR,True,16.0,9.3,False
10,False,6,Thom-ASS,4241416,Chuba Hubbard,RB,RB/WR/TE,True,22.9,14.71,False
10,False,6,Thom-ASS,15795,DeAndre Hopkins,WR,BE,False,7.6,9.2,False
10,False,6,Thom-ASS,-16005,Browns D/ST,D/ST,BE,False,0.0,0.0,True
10,False,6,Thom-ASS,3953687,Brandon Aubrey,K,BE,False,7.0,7.44,False
10,False,6,Thom-ASS,4258595,Cole Kmet,TE,BE,False,2.3,4.76,False
10,False,6,Thom-ASS,3128390,Allen Lazard,WR,IR,False,0.0,0.0,False
10,False,6,Thom-ASS,3129446,Robert Spillane,LB,BE,False,0.0,0.0,True
10,False,6,Thom-ASS,4362081,Cameron Dicker,K,K,True,9.0,8.17,False
10,False,6,Thom-ASS,3124890,Kaden Elliss,LB,DP,True,10.0,9.04,False
10,False,6,Thom-ASS,-16008,Lions D/ST,D/ST,D/ST,True,10.0,5.42,False
10,False,4,Injured Reserve ,3117251,Christian McCaffrey,RB,RB,True,13.7,16.65,False
10,False,4,Injured Reserve ,3116385,Joe Mixon,RB,RB,True,16.0,17.03,False
10,False,4,Injured Reserve ,4372016,Jaylen Waddle,WR,RB/WR/TE,True,7.1,8.99,False
10,False,4,Injured Reserve ,4360438,Brandon Aiyuk,WR,BE,False,0.0,0.0,False
10,False,4,Injured Reserve ,3915416,DJ Moore,WR,WR,True,4.2,10.26,False
10,False,4,Injured Reserve ,3915511,Joe Burrow,QB,QB,True,33.72,19.99,False
10,False,4,Injured Reserve ,4366031,Tank Dell,WR,WR,True,6.8,9.59,False
10,False,4,Injured Reserve ,3123076,David Njoku,TE,IR,False,0.0,0.0,True
10,False,4,Injured Reserve ,4429205,Jordan Addison,WR,BE,False,3.9,9.08,False
10,False,4,Injured Reserve ,3124005,Zaire Franklin,LB,DP,True,9.0,10.26,False
10,False,4,Injured Reserve ,4242431,Ty Chandler,RB,BE,False,1.8,0.0,False
10,False,4,Injured Reserve ,-16033,Ravens D/ST,D/ST,D/ST,True,-1.0,4.67,False
10,False,4,Injured Reserve ,3916433,Jakobi Meyers,WR,BE,False,0.0,0.0,True
10,False,4,Injured Reserve ,3049899,Younghoe Koo,K,K,True,2.0,8.06,False
10,False,4,Injured Reserve ,3052587,Baker Mayfield,QB,BE,False,8.94,17.63,False
10,False,4,Injured Reserve ,4360294,Antonio Gibson,RB,BE,False,2.6,3.84,False
10,False,4,Injured Reserve ,3116365,Mark Andrews,TE,TE,True,15.8,7.4,False
10,False,4,Injured Reserve ,4038441,Justice Hill,RB,BE,False,0.8,5.47,False
10,False,5,Jones in for a Repeat,4362628,Ja'Marr Chase,WR,WR,True,49.9,17.66,False
10,False,5,Jones in for a Repeat,3126486,Deebo Samuel Sr.,WR,RB/WR/TE,True,10.1,13.44,False
10,False,5,Jones in for a Repeat,4567048,Kenneth Walker III,RB,BE,False,0.0,0.0,True
10,False,5,Jones in for a Repeat,3042519,Aaron Jones,RB,RB,True,11.1,16.33,False
10,False,5,Jones in for a Repeat,15818,Keenan Allen,WR,WR,True,6.9,8.66,False
10,False,5,Jones in for a Repeat,3121023,Dallas Goedert,TE,BE,False,9.5,6.82,False
10,False,5,Jones in for a Repeat,4430878,Jaxon Smith-Njigba,WR,BE,False,0.0,0.0,True
10,False,5,Jones in for a Repeat,3912547,Sam Darnold,QB,QB,True,6.44,18.55,False
10,False,5,Jones in for a Repeat,-16023,Steelers D/ST,D/ST,BE,False,7.0,3.35,False
10,False,5,Jones in for a Repeat,-16016,Vikings D/ST,D/ST,D/ST,True,15.0,6.93,False
10,False,5,Jones in for a Repeat,3059915,Kareem Hunt,RB,RB,True,13.5,13.35,False
10,False,5,Jones in for a Repeat,3150744,Chase McLaughlin,K,K,True,8.0,8.46,False
10,False,5,Jones in for a Repeat,4426386,Roschon Johnson,RB,BE,False,0.6,6.84,False
10,False,5,Jones in for a Repeat,3138826,Fred Warner,LB,DP,True,9.0,10.38,False
10,False,5,Jones in for a Repeat,3046439,Hunter Henry,TE,TE,True,1.9,8.45,False
10,False,5,Jones in for a Repeat,4369863,Cedric Tillman,WR,BE,False,0.0,0.0,True
10,False,5,Jones in for a Repeat,4240021,Cam Akers,RB,BE,False,5.2,4.96,False
10,False,12,Rule  #76,3116406,Tyreek Hill,WR,WR,True,10.2,13.11,False
10,False,12,Rule  #76,4432708,Marvin Harrison Jr.,WR,WR,True,13.9,9.93,False
10,False,12,Rule  #76,4379399,James Cook,RB,RB,True,15.0,14.09,False
10,False,12,Rule  #76,4241478,DeVonta Smith,WR,RB/WR/TE,True,2.4,10.15,False
10,False,12,Rule  #76,4385690,Dalton Kincaid,TE,TE,True,3.4,9.98,False
10,False,12,Rule  #76,3917315,Kyler Murray,QB,QB,True,28.74,17.62,False
10,False,12,Rule  #76,4569987,Jaylen Warren,RB,BE,False,8.5,9.12,False
10,False,12,Rule  #76,4678008,Jonathon Brooks,RB,IR,False,0.0,0.0,False
10,False,12,Rule  #76,4035676,Zack Moss,RB,BE,False,0.0,0.0,False
10,False,12,Rule  #76,4038815,Rico Dowdle,RB,RB,True,7.1,9.55,False
10,False,12,Rule  #76,4432773,Brian Thomas Jr.,WR,BE,False,2.2,9.93,False
10,False,12,Rule  #76,15683,Justin Tucker,K,K,True,3.0,8.87,False
10,False,12,Rule  #76,4241463,Jerry Jeudy,WR,BE,False,0.0,0.0,True
10,False,12,Rule  #76,12483,Matthew Stafford,QB,BE,False,9.72,14.23,False
10,False,12,Rule  #76,3917657,Zack Baun,LB,DP,True,14.0,10.28,False
10,False,12,Rule  #76,-16034,Texans D/ST,D/ST,D/ST,True,10.0,4.32,False
10,False,12,Rule  #76,2510863,Eric Kendricks,LB,BE,False,8.0,10.27,False
10,False,12,Rule  #76,4429501,Ray Davis,RB,BE,False,0.6,4.15,False
10,False,9,Men of Will,4262921,Justin Jefferson,WR,WR,True,7.3,17.51,False
10,False,9,Men of Will,4426515,Puka Nacua,WR,WR,True,15.3,13.12,False
10,False,9,Men of Will,3916387,Lamar Jackson,QB,QB,True,32.9,23.87,False
10,False,9,Men of Will,4047650,DK Metcalf,WR,BE,False,0.0,0.0,True
10,False,9,Men of Will,4360248,Kyle Pitts,TE,TE,True,7.5,7.99,False
10,False,9,Men of Will,4241474,Brian Robinson Jr.,RB,BE,False,0.0,0.0,False
10,False,9,Men of Will,4241457,Najee Harris,RB,RB,True,11.3,13.77,False
10,False,9,Men of Will,4248528,Christian Watson,WR,BE,False,0.0,0.0,True
10,False,9,Men of Will,4038941,Justin Herbert,QB,BE,False,19.76,15.48,False
10,False,9,Men of Will,4430034,Xavier Legette,WR,RB/WR/TE,True,5.5,9.08,False
10,False,9,Men of Will,3055899,Harrison Butker,K,K,True,10.0,7.92,False
10,False,9,Men of Will,2468609,Taysom Hill,TE,BE,False,6.0,8.01,False
10,False,9,Men of Will,3043116,Demarcus Robinson,WR,BE,False,3.8,5.64,False
10,False,9,Men of Will,4360516,Tyrone Tracy Jr.,RB,RB,True,15.9,13.94,False
10,False,9,Men of Will,14985,Lavonte David,LB,DP,True,8.0,8.2,False
10,False,9,Men of Will,4429013,Tank Bigsby,RB,BE,False,0.4,7.09,False
10,False,9,Men of Will,-16001,Falcons D/ST,D/ST,D/ST,True,-1.0,5.22,False
10,False,11,ConcreteJungleWet DreamTomato,4430807,Bijan Robinson,RB,RB,True,27.9,19.46,False
10,False,11,ConcreteJungleWet DreamTomato,16800,Davante Adams,WR,WR,True,6.1,13.66,False
10,False,11,ConcreteJungleWet DreamTomato,4040715,Jalen Hurts,QB,QB,True,29.68,22.23,False
10,False,11,ConcreteJungleWet DreamTomato,4595348,Malik Nabers,WR,WR,True,7.8,15.05,False
10,False,11,ConcreteJungleWet DreamTomato,4361579,Javonte Williams,RB,RB/WR/TE,True,1.7,9.54,False
10,False,11,ConcreteJungleWet DreamTomato,4428557,Tyjae Spears,RB,BE,False,6.6,5.97,False
10,False,11,ConcreteJungleWet DreamTomato,4635008,Keon Coleman,WR,BE,False,0.0,0.0,False
10,False,11,ConcreteJungleWet DreamTomato,4241985,J.K. Dobbins,RB,RB,True,7.0,14.96,False
10,False,11,ConcreteJungleWet DreamTomato,-16025,49ers D/ST,D/ST,D/ST,True,4.0,5.83,False
10,False,11,ConcreteJungleWet DreamTomato,4360234,Evan McPherson,K,K,True,4.0,7.81,False
10,False,11,ConcreteJungleWet DreamTomato,4426338,Bo Nix,QB,BE,False,16.1,14.84,False
10,False,11,ConcreteJungleWet DreamTomato,3116724,Germaine Pratt,LB,DP,True,8.0,9.51,False
10,False,11,ConcreteJungleWet DreamTomato,4572680,Tucker Kraft,TE,BE,False,0.0,0.0,True
10,False,11,ConcreteJungleWet DreamTomato,4569587,Wan'Dale Robinson,WR,BE,False,7.6,7.78,False
10,False,11,ConcreteJungleWet DreamTomato,4249417,Jalen Tolbert,WR,BE,False,3.9,5.96,False
10,False,11,ConcreteJungleWet DreamTomato,4426407,Trey Palmer,WR,BE,False,0.0,4.89,False
10,False,11,ConcreteJungleWet DreamTomato,4036133,T.J. Hockenson,TE,TE,True,11.2,8.86,False
11,False,2,Pour One Out For Mahomies!!,3918298,Josh Allen,QB,QB,True,23.98,20.68,False
11,False,2,Pour One Out For Mahomies!!,4239996,Travis Etienne Jr.,RB,BE,False,4.8,12.31,False
11,False,2,Pour One Out For Mahomies!!,4258173,Nico Collins,WR,WR,True,7.4,13.15,False
11,False,2,Pour One Out For Mahomies!!,4569173,Rhamondre Stevenson,RB,RB,True,10.9,13.46,False
11,False,2,Pour One Out For Mahomies!!,3051876,Evan Engram,TE,TE,True,5.3,9.19,False
11,False,2,Pour One Out For Mahomies!!,4612826,Ladd McConkey,WR,RB/WR/TE,True,16.3,10.65,False
11,False,2,Pour One Out For Mahomies!!,4683062,Xavier Worthy,WR,WR,True,14.8,8.26,False
11,False,2,Pour One Out For Mahomies!!,3128720,Nick Chubb,RB,RB,True,5.0,13.58,False
11,False,2,Pour One Out For Mahomies!!,3915189,Roquan Smith,LB,DP,True,13.0,10.39,False
11,False,2,Pour One Out For Mahomies!!,-16020,Jets D/ST,D/ST,D/ST,True,3.0,5.5,False
11,False,2,Pour One Out For Mahomies!!,4431452,Drake Maye,QB,BE,False,17.98,16.22,False
11,False,2,Pour One Out For Mahomies!!,16460,Adam Thielen,WR,BE,False,0.0,0.0,True
11,False,2,Pour One Out For Mahomies!!,3116164,Mike Gesicki,TE,BE,False,0.0,6.07,False
11,False,2,Pour One Out For Mahomies!!,3139602,D'Ernest Johnson,RB,BE,False,0.3,4.75,False
11,False,2,Pour One Out For Mahomies!!,3050478,Jake Elliott,K,K,True,6.0,8.01,False
11,False,2,Pour One Out For Mahomies!!,3121409,Noah Brown,WR,BE,False,0.9,6.74,False
11,False,2,Pour One Out For Mahomies!!,3051738,Marquez Valdes-Scantling,WR,BE,False,16.7,6.4,False
11,False,13,Christopher's Kryptonite ,4374302,Amon-Ra St. Brown,WR,WR,True,33.2,13.26,False
11,False,13,Christopher's Kryptonite ,4430737,Kyren Williams,RB,RB,True,8.6,16.85,False
11,False,13,Christopher's Kryptonite ,3139477,Patrick Mahomes,QB,QB,True,15.84,16.74,False
11,False,13,Christopher's Kryptonite ,16737,Mike Evans,WR,IR,False,0.0,0.0,True
11,False,13,Christopher's Kryptonite ,3045147,James Conner,RB,BE,False,0.0,0.0,True
11,False,13,Christopher's Kryptonite ,4259545,D'Andre Swift,RB,RB,True,15.4,12.97,False
11,False,13,Christopher's Kryptonite ,4242355,Jake Ferguson,TE,TE,True,2.6,7.13,False
11,False,13,Christopher's Kryptonite ,4431299,Rome Odunze,WR,BE,False,9.5,7.89,False
11,False,13,Christopher's Kryptonite ,3050073,Foyesade Oluokun,LB,DP,True,9.0,9.3,False
11,False,13,Christopher's Kryptonite ,4429275,Trey Benson,RB,BE,False,0.0,0.0,True
11,False,13,Christopher's Kryptonite ,4360569,Jordan Mason,RB,BE,False,1.3,1.96,False
11,False,13,Christopher's Kryptonite ,-16007,Broncos D/ST,D/ST,BE,False,12.0,4.86,False
11,False,13,Christopher's Kryptonite ,17372,Chris Boswell,K,K,True,24.0,8.41,False
11,False,13,Christopher's Kryptonite ,14880,Kirk Cousins,QB,BE,False,4.92,14.62,False
11,False,13,Christopher's Kryptonite ,3886598,Jauan Jennings,WR,WR,True,20.1,10.07,False
11,False,13,Christopher's Kryptonite ,4429025,Quentin Johnston,WR,RB/WR/TE,True,11.8,9.35,False
11,False,13,Christopher's Kryptonite ,-16009,Packers D/ST,D/ST,D/ST,True,4.0,6.39,False
11,False,13,Christopher's Kryptonite ,4428209,Ricky Pearsall,WR,BE,False,0.0,8.97,False
11,False,3,Jim Ward's Ole Dick Necks,4241389,CeeDee Lamb,WR,RB/WR/TE,True,14.6,12.89,False
11,False,3,Jim Ward's Ole Dick Necks,4361529,Isiah Pacheco,RB,IR,False,0.0,0.0,False
11,False,3,Jim Ward's Ole Dick Necks,4697815,Rachaad White,RB,BE,False,0.0,0.0,True
11,False,3,Jim Ward's Ole Dick Necks,2977187,Cooper Kupp,WR,WR,True,25.6,12.42,False
11,False,3,Jim Ward's Ole Dick Necks,4432577,C.J. Stroud,QB,QB,True,10.88,16.58,False
11,False,3,Jim Ward's Ole Dick Necks,3068267,Austin Ekeler,RB,RB,True,13.6,7.7,False
11,False,3,Jim Ward's Ole Dick Necks,3040151,George Kittle,TE,BE,False,0.0,0.0,False
11,False,3,Jim Ward's Ole Dick Necks,4373626,Tyler Allgeier,RB,BE,False,0.4,6.03,False
11,False,3,Jim Ward's Ole Dick Necks,4040655,Darnell Mooney,WR,WR,True,3.7,11.45,False
11,False,3,Jim Ward's Ole Dick Necks,16731,Brandin Cooks,WR,BE,False,0.0,0.0,False
11,False,3,Jim Ward's Ole Dick Necks,2971573,Ka'imi Fairbairn,K,K,True,10.0,8.02,False
11,False,3,Jim Ward's Ole Dick Necks,14979,Bobby Wagner,LB,DP,True,8.0,9.83,False
11,False,3,Jim Ward's Ole Dick Necks,4048244,Alexander Mattison,RB,RB,True,8.4,9.21,False
11,False,3,Jim Ward's Ole Dick Necks,4361432,Romeo Doubs,WR,BE,False,2.2,8.88,False
11,False,3,Jim Ward's Ole Dick Necks,-16012,Chiefs D/ST,D/ST,BE,False,0.0,3.8,False
11,False,3,Jim Ward's Ole Dick Necks,4243331,Cade Otton,TE,BE,False,0.0,0.0,True
11,False,3,Jim Ward's Ole Dick Necks,-16015,Dolphins D/ST,D/ST,D/ST,True,5.0,7.6,False
11,False,3,Jim Ward's Ole Dick Necks,3930086,Dawson Knox,TE,TE,True,6.0,7.3,False
11,False,10,LaPorta Potty,4242335,Jonathan Taylor,RB,RB,True,6.5,16.86,False
11,False,10,LaPorta Potty,3043078,Derrick Henry,RB,RB,True,10.5,16.78,False
11,False,10,LaPorta Potty,4429160,De'Von Achane,RB,RB/WR/TE,True,18.5,16.14,False
11,False,10,LaPorta Potty,4430027,Sam LaPorta,TE,BE,False,0.0,0.0,False
11,False,10,LaPorta Potty,2976499,Amari Cooper,WR,BE,False,6.5,8.97,False
11,False,10,LaPorta Potty,3121422,Terry McLaurin,WR,WR,True,1.5,10.28,False
11,False,10,LaPorta Potty,3916148,Tony Pollard,RB,BE,False,3.9,11.46,False
11,False,10,LaPorta Potty,4036378,Jordan Love,QB,QB,True,20.24,16.14,False
11,False,10,LaPorta Potty,-16002,Bills D/ST,D/ST,D/ST,True,8.0,5.13,False
11,False,10,LaPorta Potty,4427095,DeMario Douglas,WR,BE,False,7.9,7.43,False
11,False,10,LaPorta Potty,4688813,Josh Downs,WR,WR,True,16.9,9.39,False
11,False,10,LaPorta Potty,-16021,Eagles D/ST,D/ST,BE,False,7.0,5.39,False
11,False,10,LaPorta Potty,3918330,Logan Wilson,LB,DP,True,10.0,9.71,False
11,False,10,LaPorta Potty,4035886,Khalil Herbert,RB,BE,False,0.0,4.34,False
11,False,10,LaPorta Potty,3124679,Jason Sanders,K,K,True,11.0,7.86,False
11,False,10,LaPorta Potty,3915486,Tyler Conklin,TE,TE,True,1.2,5.44,False
11,False,10,LaPorta Potty,3046779,Jared Goff,QB,BE,False,34.58,15.12,False
11,False,8,SCLSU Mud Dogs,4427366,Breece Hall,RB,RB,True,27.6,14.9,False
11,False,8,SCLSU Mud Dogs,4426502,Drake London,WR,WR,True,8.6,12.19,False
11,False,8,SCLSU Mud Dogs,4361370,Chris Olave,WR,IR,False,0.0,0.0,False
11,False,8,SCLSU Mud Dogs,4035538,David Montgomery,RB,RB,True,23.0,14.76,False
11,False,8,SCLSU Mud Dogs,4239993,Tee Higgins,WR,BE,False,25.3,12.09,False
11,False,8,SCLSU Mud Dogs,4362249,Jayden Reed,WR,WR,True,8.8,9.95,False
11,False,8,SCLSU Mud Dogs,4432665,Brock Bowers,TE,TE,True,24.8,9.81,False
11,False,8,SCLSU Mud Dogs,4426348,Jayden Daniels,QB,QB,True,13.44,18.5,False
11,False,8,SCLSU Mud Dogs,4426385,Zach Charbonnet,RB,BE,False,1.5,5.74,False
11,False,8,SCLSU Mud Dogs,3121544,T.J. Edwards,LB,DP,True,6.0,9.38,False
11,False,8,SCLSU Mud Dogs,3917232,Tyler Bass,K,K,True,6.0,8.08,False
11,False,8,SCLSU Mud Dogs,4685247,Braelon Allen,RB,BE,False,0.6,4.81,False
11,False,8,SCLSU Mud Dogs,4596448,Bucky Irving,RB,BE,False,0.0,0.0,True
11,False,8,SCLSU Mud Dogs,4362238,Chase Brown,RB,RB/WR/TE,True,16.8,13.94,False
11,False,8,SCLSU Mud Dogs,4426388,Jameson Williams,WR,BE,False,20.6,8.55,False
11,False,8,SCLSU Mud Dogs,-16003,Bears D/ST,D/ST,D/ST,True,2.0,3.81,False
11,False,8,SCLSU Mud Dogs,3054212,Jonnu Smith,TE,BE,False,25.1,6.68,False
11,False,8,SCLSU Mud Dogs,4361411,Pat Freiermuth,TE,BE,False,2.4,5.59,False
11,False,6,Thom-ASS,3929630,Saquon Barkley,RB,RB,True,32.8,17.09,False
11,False,6,Thom-ASS,4047646,A.J. Brown,WR,BE,False,9.0,12.93,False
11,False,6,Thom-ASS,15847,Travis Kelce,TE,TE,True,2.8,12.69,False
11,False,6,Thom-ASS,3054850,Alvin Kamara,RB,RB,True,10.9,19.34,False
11,False,6,Thom-ASS,3925357,Calvin Ridley,WR,RB/WR/TE,True,8.8,10.75,False
11,False,6,Thom-ASS,4429615,Zay Flowers,WR,WR,True,10.9,12.22,False
11,False,6,Thom-ASS,4361741,Brock Purdy,QB,QB,True,18.36,19.89,False
11,False,6,Thom-ASS,3128429,Courtland Sutton,WR,WR,True,11.3,10.5,False
11,False,6,Thom-ASS,4241416,Chuba Hubbard,RB,BE,False,0.0,0.0,True
11,False,6,Thom-ASS,15795,DeAndre Hopkins,WR,BE,False,4.4,10.51,False
11,False,6,Thom-ASS,-16005,Browns D/ST,D/ST,BE,False,-3.0,4.17,False
11,False,6,Thom-ASS,3953687,Brandon Aubrey,K,BE,False,5.0,7.25,False
11,False,6,Thom-ASS,4258595,Cole Kmet,TE,BE,False,5.7,5.05,False
11,False,6,Thom-ASS,3128390,Allen Lazard,WR,IR,False,0.0,0.0,False
11,False,6,Thom-ASS,3129446,Robert Spillane,LB,BE,False,11.0,9.97,False
11,False,6,Thom-ASS,4362081,Cameron Dicker,K,K,True,13.0,8.57,False
11,False,6,Thom-ASS,3124890,Kaden Elliss,LB,DP,True,10.0,9.13,False
11,False,6,Thom-ASS,-16008,Lions D/ST,D/ST,D/ST,True,10.0,7.36,False
11,False,4,Injured Reserve ,3117251,Christian McCaffrey,RB,RB,True,12.6,20.64,False
11,False,4,Injured Reserve ,3116385,Joe Mixon,RB,RB,True,34.3,18.94,False
11,False,4,Injured Reserve ,4372016,Jaylen Waddle,WR,RB/WR/TE,True,4.7,8.46,False
11,False,4,Injured Reserve ,4360438,Brandon Aiyuk,WR,BE,False,0.0,0.0,False
11,False,4,Injured Reserve ,3915416,DJ Moore,WR,WR,True,10.2,9.49,False
11,False,4,Injured Reserve ,3915511,Joe Burrow,QB,QB,True,29.04,18.75,False
11,False,4,Injured Reserve ,4366031,Tank Dell,WR,WR,True,7.8,9.84,False
11,False,4,Injured Reserve ,3123076,David Njoku,TE,IR,False,14.6,9.81,False
11,False,4,Injured Reserve ,4429205,Jordan Addison,WR,BE,False,13.6,6.89,False
11,False,4,Injured Reserve ,3124005,Zaire Franklin,LB,DP,True,5.0,10.01,False
11,False,4,Injured Reserve ,4242431,Ty Chandler,RB,BE,False,1.0,0.0,False
11,False,4,Injured Reserve ,-16033,Ravens D/ST,D/ST,D/ST,True,6.0,5.21,False
11,False,4,Injured Reserve ,3916433,Jakobi Meyers,WR,BE,False,7.8,9.47,False
11,False,4,Injured Reserve ,3049899,Younghoe Koo,K,K,True,9.0,7.42,False
11,False,4,Injured Reserve ,3052587,Baker Mayfield,QB,BE,False,0.0,0.0,True
11,False,4,Injured Reserve ,4360294,Antonio Gibson,RB,BE,False,2.5,2.44,False
11,False,4,Injured Reserve ,3116365,Mark Andrews,TE,TE,True,3.2,7.77,False
11,False,4,Injured Reserve ,4038441,Justice Hill,RB,BE,False,7.1,4.48,False
11,False,5,Jones in for a Repeat,4362628,Ja'Marr Chase,WR,WR,True,23.0,16.5,False
11,False,5,Jones in for a Repeat,3126486,Deebo Samuel Sr.,WR,WR,True,4.1,13.78,False
11,False,5,Jones in for a Repeat,4567048,Kenneth Walker III,RB,RB,True,12.9,13.63,False
11,False,5,Jones in for a Repeat,3042519,Aaron Jones,RB,RB/WR/TE,True,4.8,14.37,False
11,False,5,Jones in for a Repeat,15818,Keenan Allen,WR,BE,False,6.1,8.51,False
11,False,5,Jones in for a Repeat,3121023,Dallas Goedert,TE,TE,True,8.6,7.02,False
11,False,5,Jones in for a Repeat,4430878,Jaxon Smith-Njigba,WR,BE,False,17.8,10.16,False
11,False,5,Jones in for a Repeat,3912547,Sam Darnold,QB,QB,True,23.64,15.2,False
11,False,5,Jones in for a Repeat,-16023,Steelers D/ST,D/ST,BE,False,9.0,2.3,False
11,False,5,Jones in for a Repeat,-16016,Vikings D/ST,D/ST,D/ST,True,12.0,7.7,False
11,False,5,Jones in for a Repeat,3059915,Kareem Hunt,RB,RB,True,6.0,15.38,False
11,False,5,Jones in for a Repeat,4426386,Roschon Johnson,RB,BE,False,10.6,5.22,False
11,False,5,Jones in for a Repeat,3138826,Fred Warner,LB,DP,True,3.0,10.6,False
11,False,5,Jones in for a Repeat,3046439,Hunter Henry,TE,BE,False,9.3,8.53,False
11,False,5,Jones in for a Repeat,4369863,Cedric Tillman,WR,BE,False,6.2,9.95,False
11,False,5,Jones in for a Repeat,4240021,Cam Akers,RB,BE,False,10.6,4.06,False
11,False,5,Jones in for a Repeat,4259619,Blake Grupe,K,K,True,5.0,7.58,False
11,False,12,Rule  #76,3116406,Tyreek Hill,WR,WR,True,15.6,11.73,False
11,False,12,Rule  #76,4432708,Marvin Harrison Jr.,WR,BE,False,0.0,0.0,True
11,False,12,Rule  #76,4379399,James Cook,RB,RB,True,17.2,13.35,False
11,False,12,Rule  #76,4241478,DeVonta Smith,WR,WR,True,4.9,9.65,False
11,False,12,Rule  #76,4385690,Dalton Kincaid,TE,BE,False,0.0,0.0,False
11,False,12,Rule  #76,3917315,Kyler Murray,QB,BE,False,0.0,0.0,True
11,False,12,Rule  #76,4569987,Jaylen Warren,RB,BE,False,8.8,8.81,False
11,False,12,Rule  #76,4678008,Jonathon Brooks,RB,IR,False,0.0,0.0,True
11,False,12,Rule  #76,4035676,Zack Moss,RB,BE,False,0.0,0.0,False
11,False,12,Rule  #76,4038815,Rico Dowdle,RB,RB,True,4.4,10.4,False
11,False,12,Rule  #76,4432773,Brian Thomas Jr.,WR,BE,False,11.1,8.83,False
11,False,12,Rule  #76,15683,Justin Tucker,K,K,True,4.0,8.75,False
11,False,12,Rule  #76,4241463,Jerry Jeudy,WR,RB/WR/TE,True,23.2,9.29,False
11,False,12,Rule  #76,12483,Matthew Stafford,QB,QB,True,27.8,14.02,False
11,False,12,Rule  #76,3917657,Zack Baun,LB,DP,True,15.0,10.86,False
11,False,12,Rule  #76,-16034,Texans D/ST,D/ST,D/ST,True,17.0,6.86,False
11,False,12,Rule  #76,2510863,Eric Kendricks,LB,BE,False,9.0,9.9,False
11,False,12,Rule  #76,3117256,Dalton Schultz,TE,TE,True,5.8,6.15,False
11,False,9,Men of Will,4262921,Justin Jefferson,WR,WR,True,11.1,14.43,False
11,False,9,Men of Will,4426515,Puka Nacua,WR,WR,True,21.8,12.4,False
11,False,9,Men of Will,3916387,Lamar Jackson,QB,QB,True,14.88,23.82,False
11,False,9,Men of Will,4047650,DK Metcalf,WR,RB/WR/TE,True,10.5,11.83,False
11,False,9,Men of Will,4360248,Kyle Pitts,TE,TE,True,1.4,7.38,False
11,False,9,Men of Will,4241474,Brian Robinson Jr.,RB,RB,True,13.7,11.54,False
11,False,9,Men of Will,4241457,Najee Harris,RB,RB,True,11.3,11.52,False
11,False,9,Men of Will,4248528,Christian Watson,WR,BE,False,18.0,8.84,False
11,False,9,Men of Will,4038941,Justin Herbert,QB,BE,False,24.38,17.46,False
11,False,9,Men of Will,4430034,Xavier Legette,WR,BE,False,0.0,0.0,True
11,False,9,Men of Will,2468609,Taysom Hill,TE,BE,False,37.52,7.92,False
11,False,9,Men of Will,3043116,Demarcus Robinson,WR,BE,False,2.9,5.82,False
11,False,9,Men of Will,4360516,Tyrone Tracy Jr.,RB,BE,False,0.0,0.0,True
11,False,9,Men of Will,3919117,Azeez Al-Shaair,LB,DP,True,7.0,9.8,False
11,False,9,Men of Will,-16018,Saints D/ST,D/ST,D/ST,True,1.0,5.66,False
11,False,9,Men of Will,4569682,Audric Estime,RB,BE,False,4.0,8.0,False
11,False,9,Men of Will,4051167,John Parker Romo,K,K,True,6.0,7.69,False
11,False,11,ConcreteJungleWet DreamTomato,4430807,Bijan Robinson,RB,RB,True,8.3,16.37,False
11,False,11,ConcreteJungleWet DreamTomato,16800,Davante Adams,WR,WR,True,10.2,13.22,False
11,False,11,ConcreteJungleWet DreamTomato,4040715,Jalen Hurts,QB,QB,True,18.74,21.22,False
11,False,11,ConcreteJungleWet DreamTomato,4595348,Malik Nabers,WR,BE,False,0.0,0.0,True
11,False,11,ConcreteJungleWet DreamTomato,4361579,Javonte Williams,RB,RB/WR/TE,True,16.7,7.65,False
11,False,11,ConcreteJungleWet DreamTomato,4428557,Tyjae Spears,RB,BE,False,1.8,6.71,False
11,False,11,ConcreteJungleWet DreamTomato,4635008,Keon Coleman,WR,IR,False,0.0,0.0,False
11,False,11,ConcreteJungleWet DreamTomato,4241985,J.K. Dobbins,RB,RB,True,18.4,14.88,False
11,False,11,ConcreteJungleWet DreamTomato,-16025,49ers D/ST,D/ST,D/ST,True,8.0,7.06,False
11,False,11,ConcreteJungleWet DreamTomato,4360234,Evan McPherson,K,K,True,7.0,7.69,False
11,False,11,ConcreteJungleWet DreamTomato,4426338,Bo Nix,QB,BE,False,28.78,17.8,False
11,False,11,ConcreteJungleWet DreamTomato,3116724,Germaine Pratt,LB,DP,True,8.0,9.04,False
11,False,11,ConcreteJungleWet DreamTomato,4572680,Tucker Kraft,TE,BE,False,0.0,6.98,False
11,False,11,ConcreteJungleWet DreamTomato,4569587,Wan'Dale Robinson,WR,BE,False,0.0,0.0,True
11,False,11,ConcreteJungleWet DreamTomato,4249417,Jalen Tolbert,WR,BE,False,3.1,5.01,False
11,False,11,ConcreteJungleWet DreamTomato,4426407,Trey Palmer,WR,BE,False,0.0,0.0,True
11,False,11,ConcreteJungleWet DreamTomato,4036133,T.J. Hockenson,TE,TE,True,2.3,9.22,False
11,False,11,ConcreteJungleWet DreamTomato,4372414,Elijah Moore,WR,WR,True,15.6,7.85,False
11,False,1,Too Much Bama In Me ,4569618,Garrett Wilson,WR,WR,True,3.8,12.79,False
11,False,1,Too Much Bama In Me ,4429795,Jahmyr Gibbs,RB,RB,True,18.8,15.94,False
11,False,1,Too Much Bama In Me ,4035687,Michael Pittman Jr.,WR,BE,False,7.1,7.06,False
11,False,1,Too Much Bama In Me ,4047365,Josh Jacobs,RB,RB,True,21.4,13.48,False
11,False,1,Too Much Bama In Me ,4426354,George Pickens,WR,WR,True,12.9,13.83,False
11,False,1,Too Much Bama In Me ,4361307,Trey McBride,TE,BE,False,0.0,0.0,True
11,False,1,Too Much Bama In Me ,4373678,Khalil Shakir,WR,RB/WR/TE,True,11.0,9.78,False
11,False,1,Too Much Bama In Me ,15835,Zach Ertz,TE,TE,True,15.7,6.87,False
11,False,1,Too Much Bama In Me ,4689936,Jake Bates,K,K,True,12.0,8.79,False
11,False,1,Too Much Bama In Me ,4241479,Tua Tagovailoa,QB,BE,False,23.52,14.44,False
11,False,1,Too Much Bama In Me ,2576414,Raheem Mostert,RB,BE,False,-0.2,7.42,False
11,False,1,Too Much Bama In Me ,4887558,Emanuel Wilson,RB,BE,False,1.7,3.71,False
11,False,1,Too Much Bama In Me ,4360078,Alec Pierce,WR,BE,False,8.9,4.56,False
11,False,1,Too Much Bama In Me ,14881,Russell Wilson,QB,QB,True,6.3,17.39,False
11,False,1,Too Much Bama In Me ,-16014,Rams D/ST,D/ST,D/ST,True,8.0,5.96,False
11,False,1,Too Much Bama In Me ,3051926,Gus Edwards,RB,BE,False,2.7,5.25,False
11,False,1,Too Much Bama In Me ,4361331,Jamien Sherwood,LB,DP,True,6.0,10.2,False
12,False,2,Pour One Out For Mahomies!!,3918298,Josh Allen,QB,BE,False,0.0,0.0,True
12,False,2,Pour One Out For Mahomies!!,4239996,Travis Etienne Jr.,RB,BE,False,0.0,0.0,True
12,False,2,Pour One Out For Mahomies!!,4258173,Nico Collins,WR,WR,True,17.7,12.46,False
12,False,2,Pour One Out For Mahomies!!,4569173,Rhamondre Stevenson,RB,RB,True,3.3,13.35,False
12,False,2,Pour One Out For Mahomies!!,4612826,Ladd McConkey,WR,RB/WR/TE,True,11.3,11.22,False
12,False,2,Pour One Out For Mahomies!!,4683062,Xavier Worthy,WR,WR,True,7.1,9.26,False
12,False,2,Pour One Out For Mahomies!!,3128720,Nick Chubb,RB,RB,True,18.5,10.47,False
12,False,2,Pour One Out For Mahomies!!,3915189,Roquan Smith,LB,BE,False,0.0,0.0,False
12,False,2,Pour One Out For Mahomies!!,16460,Adam Thielen,WR,BE,False,7.2,6.93,False
12,False,2,Pour One Out For Mahomies!!,3116164,Mike Gesicki,TE,BE,False,0.0,0.0,True
12,False,2,Pour One Out For Mahomies!!,3050478,Jake Elliott,K,K,True,13.0,7.81,False
12,False,2,Pour One Out For Mahomies!!,3121409,Noah Brown,WR,BE,False,10.1,7.23,False
12,False,2,Pour One Out For Mahomies!!,3051738,Marquez Valdes-Scantling,WR,BE,False,0.0,0.0,True
12,False,2,Pour One Out For Mahomies!!,4036378,Jordan Love,QB,QB,True,14.72,14.82,False
12,False,2,Pour One Out For Mahomies!!,-16022,Cardinals D/ST,D/ST,D/ST,True,12.0,5.6,False
12,False,2,Pour One Out For Mahomies!!,4429148,Theo Johnson,TE,TE,True,5.4,6.37,False
12,False,2,Pour One Out For Mahomies!!,4575517,Kyle Hamilton,S,DP,True,3.0,7.95,False
12,False,10,LaPorta Potty,4242335,Jonathan Taylor,RB,RB/WR/TE,True,3.5,13.96,False
12,False,10,LaPorta Potty,3043078,Derrick Henry,RB,RB,True,14.0,17.66,False
12,False,10,LaPorta Potty,4429160,De'Von Achane,RB,RB,True,19.1,17.14,False
12,False,10,LaPorta Potty,4430027,Sam LaPorta,TE,TE,True,3.4,8.46,False
12,False,10,LaPorta Potty,2976499,Amari Cooper,WR,BE,False,0.0,0.0,True
12,False,10,LaPorta Potty,3121422,Terry McLaurin,WR,WR,True,18.7,10.98,False
12,False,10,LaPorta Potty,3916148,Tony Pollard,RB,BE,False,20.4,12.71,False
12,False,10,LaPorta Potty,-16002,Bills D/ST,D/ST,BE,False,0.0,0.0,True
12,False,10,LaPorta Potty,4427095,DeMario Douglas,WR,BE,False,8.8,7.44,False
12,False,10,LaPorta Potty,4688813,Josh Downs,WR,WR,True,4.2,8.39,False
12,False,10,LaPorta Potty,-16021,Eagles D/ST,D/ST,D/ST,True,9.0,6.03,False
12,False,10,LaPorta Potty,4035886,Khalil Herbert,RB,BE,False,0.0,0.0,True
12,False,10,LaPorta Potty,3124679,Jason Sanders,K,K,True,12.0,8.14,False
12,False,10,LaPorta Potty,3046779,Jared Goff,QB,QB,True,10.76,15.69,False
12,False,10,LaPorta Potty,4429084,Anthony Richardson,QB,BE,False,12.98,14.91,False
12,False,10,LaPorta Potty,3071353,E.J. Speed,LB,DP,True,11.0,9.62,False
12,False,10,LaPorta Potty,4361050,Isaiah Likely,TE,BE,False,0.0,5.91,False
12,False,3,Jim Ward's Ole Dick Necks,4241389,CeeDee Lamb,WR,WR,True,11.8,13.12,False
12,False,3,Jim Ward's Ole Dick Necks,4361529,Isiah Pacheco,RB,IR,False,0.0,0.0,False
12,False,3,Jim Ward's Ole Dick Necks,4697815,Rachaad White,RB,RB,True,11.2,12.04,False
12,False,3,Jim Ward's Ole Dick Necks,2977187,Cooper Kupp,WR,WR,True,16.0,11.97,False
12,False,3,Jim Ward's Ole Dick Necks,4432577,C.J. Stroud,QB,BE,False,15.68,13.96,False
12,False,3,Jim Ward's Ole Dick Necks,3068267,Austin Ekeler,RB,RB,True,3.4,8.83,False
12,False,3,Jim Ward's Ole Dick Necks,3040151,George Kittle,TE,RB/WR/TE,True,17.2,9.22,False
12,False,3,Jim Ward's Ole Dick Necks,4373626,Tyler Allgeier,RB,BE,False,0.0,0.0,True
12,False,3,Jim Ward's Ole Dick Necks,4040655,Darnell Mooney,WR,BE,False,0.0,0.0,True
12,False,3,Jim Ward's Ole Dick Necks,2971573,Ka'imi Fairbairn,K,K,True,10.0,7.91,False
12,False,3,Jim Ward's Ole Dick Necks,14979,Bobby Wagner,LB,DP,True,10.0,9.66,False
12,False,3,Jim Ward's Ole Dick Necks,4048244,Alexander Mattison,RB,BE,False,0.0,0.0,False
12,False,3,Jim Ward's Ole Dick Necks,4361432,Romeo Doubs,WR,BE,False,6.9,7.64,False
12,False,3,Jim Ward's Ole Dick Necks,-16012,Chiefs D/ST,D/ST,D/ST,True,2.0,6.61,False
12,False,3,Jim Ward's Ole Dick Necks,4243331,Cade Otton,TE,TE,True,3.5,9.36,False
12,False,3,Jim Ward's Ole Dick Necks,-16015,Dolphins D/ST,D/ST,BE,False,13.0,5.81,False
12,False,3,Jim Ward's Ole Dick Necks,4040761,Devin Singletary,RB,BE,False,8.0,6.37,False
12,False,3,Jim Ward's Ole Dick Necks,15864,Geno Smith,QB,QB,True,12.36,16.23,False
12,False,6,Thom-ASS,3929630,Saquon Barkley,RB,RB,True,44.2,17.07,False
12,False,6,Thom-ASS,4047646,A.J. Brown,WR,BE,False,19.9,13.62,False
12,False,6,Thom-ASS,15847,Travis Kelce,TE,TE,True,9.2,11.76,False
12,False,6,Thom-ASS,3054850,Alvin Kamara,RB,BE,False,0.0,0.0,True
12,False,6,Thom-ASS,3925357,Calvin Ridley,WR,RB/WR/TE,True,11.8,9.91,False
12,False,6,Thom-ASS,4429615,Zay Flowers,WR,WR,True,8.7,11.87,False
12,False,6,Thom-ASS,4361741,Brock Purdy,QB,QB,True,0.0,0.0,False
12,False,6,Thom-ASS,3128429,Courtland Sutton,WR,WR,True,25.7,10.95,False
12,False,6,Thom-ASS,4241416,Chuba Hubbard,RB,RB,True,14.5,12.69,False
12,False,6,Thom-ASS,15795,DeAndre Hopkins,WR,BE,False,12.0,8.62,False
12,False,6,Thom-ASS,3953687,Brandon Aubrey,K,BE,False,10.0,7.4,False
12,False,6,Thom-ASS,4258595,Cole Kmet,TE,BE,False,9.9,4.36,False
12,False,6,Thom-ASS,3128390,Allen Lazard,WR,IR,False,0.0,0.0,True
12,False,6,Thom-ASS,3129446,Robert Spillane,LB,DP,True,5.0,10.19,False
12,False,6,Thom-ASS,4362081,Cameron Dicker,K,K,True,16.0,8.39,False
12,False,6,Thom-ASS,3124890,Kaden Elliss,LB,BE,False,0.0,0.0,True
12,False,6,Thom-ASS,-16008,Lions D/ST,D/ST,D/ST,True,6.0,6.02,False
12,False,8,SCLSU Mud Dogs,4427366,Breece Hall,RB,BE,False,0.0,0.0,True
12,False,8,SCLSU Mud Dogs,4426502,Drake London,WR,BE,False,0.0,0.0,True
12,False,8,SCLSU Mud Dogs,4361370,Chris Olave,WR,IR,False,0.0,0.0,True
12,False,8,SCLSU Mud Dogs,4035538,David Montgomery,RB,RB,True,14.8,14.83,False
12,False,8,SCLSU Mud Dogs,4239993,Tee Higgins,WR,BE,False,0.0,0.0,True
12,False,8,SCLSU Mud Dogs,4362249,Jayden Reed,WR,WR,True,4.1,9.87,False
12,False,8,SCLSU Mud Dogs,4432665,Brock Bowers,TE,TE,True,5.8,10.35,False
12,False,8,SCLSU Mud Dogs,4426348,Jayden Daniels,QB,QB,True,31.4,22.57,False
12,False,8,SCLSU Mud Dogs,4426385,Zach Charbonnet,RB,BE,False,2.2,5.84,False
12,False,8,SCLSU Mud Dogs,3121544,T.J. Edwards,LB,DP,True,9.0,9.25,False
12,False,8,SCLSU Mud Dogs,3917232,Tyler Bass,K,BE,False,0.0,0.0,True
12,False,8,SCLSU Mud Dogs,4596448,Bucky Irving,RB,RB,True,24.2,12.69,False
12,False,8,SCLSU Mud Dogs,4362238,Chase Brown,RB,BE,False,0.0,0.0,True
12,False,8,SCLSU Mud Dogs,4426388,Jameson Williams,WR,WR,True,9.3,9.53,False
12,False,8,SCLSU Mud Dogs,-16003,Bears D/ST,D/ST,D/ST,True,-1.0,5.26,False
12,False,8,SCLSU Mud Dogs,3054212,Jonnu Smith,TE,RB/WR/TE,True,19.2,8.41,False
12,False,8,SCLSU Mud Dogs,4361411,Pat Freiermuth,TE,BE,False,7.9,4.35,False
12,False,8,SCLSU Mud Dogs,2985659,Wil Lutz,K,K,True,22.0,7.79,False
12,False,5,Jones in for a Repeat,4362628,Ja'Marr Chase,WR,BE,False,0.0,0.0,True
12,False,5,Jones in for a Repeat,3126486,Deebo Samuel Sr.,WR,WR,True,2.6,10.14,False
12,False,5,Jones in for a Repeat,4567048,Kenneth Walker III,RB,RB,True,11.3,15.14,False
12,False,5,Jones in for a Repeat,3042519,Aaron Jones,RB,RB/WR/TE,True,19.4,13.17,False
12,False,5,Jones in for a Repeat,15818,Keenan Allen,WR,BE,False,19.1,8.19,False
12,False,5,Jones in for a Repeat,3121023,Dallas Goedert,TE,TE,True,3.9,8.5,False
12,False,5,Jones in for a Repeat,4430878,Jaxon Smith-Njigba,WR,WR,True,16.7,10.9,False
12,False,5,Jones in for a Repeat,3912547,Sam Darnold,QB,QB,True,21.1,17.0,False
12,False,5,Jones in for a Repeat,-16023,Steelers D/ST,D/ST,BE,False,7.0,6.49,False
12,False,5,Jones in for a Repeat,-16016,Vikings D/ST,D/ST,D/ST,True,6.0,6.12,False
12,False,5,Jones in for a Repeat,3059915,Kareem Hunt,RB,RB,True,10.2,16.69,False
12,False,5,Jones in for a Repeat,4426386,Roschon Johnson,RB,BE,False,7.7,4.93,False
12,False,5,Jones in for a Repeat,3138826,Fred Warner,LB,DP,True,6.0,9.93,False
12,False,5,Jones in for a Repeat,3046439,Hunter Henry,TE,BE,False,6.9,8.78,False
12,False,5,Jones in for a Repeat,4369863,Cedric Tillman,WR,BE,False,1.8,9.07,False
12,False,5,Jones in for a Repeat,4240021,Cam Akers,RB,BE,False,3.0,5.54,False
12,False,5,Jones in for a Repeat,3821683,Austin Seibert,K,K,True,8.0,8.39,False
12,False,4,Injured Reserve ,3117251,Christian McCaffrey,RB,RB,True,6.3,17.92,False
12,False,4,Injured Reserve ,3116385,Joe Mixon,RB,RB,True,7.0,17.37,False
12,False,4,Injured Reserve ,4372016,Jaylen Waddle,WR,RB/WR/TE,True,24.4,8.6,False
12,False,4,Injured Reserve ,4360438,Brandon Aiyuk,WR,BE,False,0.0,0.0,False
12,False,4,Injured Reserve ,3915416,DJ Moore,WR,WR,True,23.4,8.97,False
12,False,4,Injured Reserve ,3915511,Joe Burrow,QB,BE,False,0.0,0.0,True
12,False,4,Injured Reserve ,4366031,Tank Dell,WR,WR,True,8.7,8.88,False
12,False,4,Injured Reserve ,3123076,David Njoku,TE,BE,False,3.4,8.59,False
12,False,4,Injured Reserve ,4429205,Jordan Addison,WR,BE,False,26.2,8.99,False
12,False,4,Injured Reserve ,3124005,Zaire Franklin,LB,DP,True,15.0,10.06,False
12,False,4,Injured Reserve ,4242431,Ty Chandler,RB,BE,False,0.0,0.0,False
12,False,4,Injured Reserve ,-16033,Ravens D/ST,D/ST,D/ST,True,6.0,4.19,False
12,False,4,Injured Reserve ,3916433,Jakobi Meyers,WR,BE,False,17.1,9.0,False
12,False,4,Injured Reserve ,3052587,Baker Mayfield,QB,QB,True,18.66,18.49,False
12,False,4,Injured Reserve ,3116365,Mark Andrews,TE,TE,True,13.1,6.5,False
12,False,4,Injured Reserve ,4038441,Justice Hill,RB,BE,False,13.2,5.9,False
12,False,4,Injured Reserve ,4372066,Jake Moody,K,K,True,5.0,7.12,False
12,False,9,Men of Will,4262921,Justin Jefferson,WR,WR,True,3.7,14.99,False
12,False,9,Men of Will,4426515,Puka Nacua,WR,WR,True,16.2,12.51,False
12,False,9,Men of Will,3916387,Lamar Jackson,QB,QB,True,22.58,23.06,False
12,False,9,Men of Will,4047650,DK Metcalf,WR,RB/WR/TE,True,7.9,12.44,False
12,False,9,Men of Will,4360248,Kyle Pitts,TE,BE,False,0.0,0.0,True
12,False,9,Men of Will,4241474,Brian Robinson Jr.,RB,RB,True,3.9,15.41,False
12,False,9,Men of Will,4241457,Najee Harris,RB,RB,True,6.4,13.38,False
12,False,9,Men of Will,4248528,Christian Watson,WR,BE,False,0.4,8.92,False
12,False,9,Men of Will,4038941,Justin Herbert,QB,BE,False,17.62,17.96,False
12,False,9,Men of Will,4430034,Xavier Legette,WR,BE,False,7.6,7.0,False
12,False,9,Men of Will,2468609,Taysom Hill,TE,BE,False,0.0,0.0,True
12,False,9,Men of Will,3043116,Demarcus Robinson,WR,BE,False,8.5,5.3,False
12,False,9,Men of Will,4360516,Tyrone Tracy Jr.,RB,BE,False,7.0,13.04,False
12,False,9,Men of Will,3919117,Azeez Al-Shaair,LB,DP,True,10.0,9.27,False
12,False,9,Men of Will,4051167,John Parker Romo,K,K,True,13.0,7.6,False
12,False,9,Men of Will,4372096,Luke Schoonmaker,TE,TE,True,14.0,6.64,False
12,False,9,Men of Will,-16028,Commanders D/ST,D/ST,D/ST,True,4.0,5.53,False
12,False,12,Rule  #76,3116406,Tyreek Hill,WR,WR,True,7.3,12.57,False
12,False,12,Rule  #76,4432708,Marvin Harrison Jr.,WR,WR,True,6.2,10.09,False
12,False,12,Rule  #76,4379399,James Cook,RB,BE,False,0.0,0.0,True
12,False,12,Rule  #76,4241478,DeVonta Smith,WR,BE,False,0.0,0.0,False
12,False,12,Rule  #76,4385690,Dalton Kincaid,TE,BE,False,0.0,0.0,True
12,False,12,Rule  #76,3917315,Kyler Murray,QB,QB,True,10.3,18.97,False
12,False,12,Rule  #76,4569987,Jaylen Warren,RB,RB,True,13.9,9.8,False
12,False,12,Rule  #76,4678008,Jonathon Brooks,RB,BE,False,0.7,4.58,False
12,False,12,Rule  #76,4035676,Zack Moss,RB,IR,False,0.0,0.0,True
12,False,12,Rule  #76,4038815,Rico Dowdle,RB,RB,True,9.3,10.92,False
12,False,12,Rule  #76,4432773,Brian Thomas Jr.,WR,BE,False,0.0,0.0,True
12,False,12,Rule  #76,15683,Justin Tucker,K,K,True,8.0,8.32,False
12,False,12,Rule  #76,4241463,Jerry Jeudy,WR,BE,False,11.5,8.44,False
12,False,12,Rule  #76,3917657,Zack Baun,LB,DP,True,3.0,11.02,False
12,False,12,Rule  #76,-16034,Texans D/ST,D/ST,D/ST,True,18.0,7.69,False
12,False,12,Rule  #76,2510863,Eric Kendricks,LB,BE,False,12.0,10.5,False
12,False,12,Rule  #76,3117256,Dalton Schultz,TE,TE,True,3.0,5.7,False
12,False,12,Rule  #76,4361409,Jahan Dotson,WR,RB/WR/TE,True,0.9,3.46,False
12,False,1,Too Much Bama In Me ,4569618,Garrett Wilson,WR,BE,False,0.0,0.0,True
12,False,1,Too Much Bama In Me ,4429795,Jahmyr Gibbs,RB,RB,True,23.4,15.75,False
12,False,1,Too Much Bama In Me ,4035687,Michael Pittman Jr.,WR,BE,False,12.6,7.89,False
12,False,1,Too Much Bama In Me ,4047365,Josh Jacobs,RB,RB,True,28.6,14.86,False
12,False,1,Too Much Bama In Me ,4426354,George Pickens,WR,WR,True,6.8,12.43,False
12,False,1,Too Much Bama In Me ,4361307,Trey McBride,TE,TE,True,19.3,10.09,False
12,False,1,Too Much Bama In Me ,4373678,Khalil Shakir,WR,BE,False,0.0,0.0,True
12,False,1,Too Much Bama In Me ,15835,Zach Ertz,TE,RB/WR/TE,True,12.8,8.16,False
12,False,1,Too Much Bama In Me ,4689936,Jake Bates,K,K,True,8.0,8.71,False
12,False,1,Too Much Bama In Me ,4241479,Tua Tagovailoa,QB,QB,True,28.48,17.0,False
12,False,1,Too Much Bama In Me ,2576414,Raheem Mostert,RB,BE,False,0.7,4.92,False
12,False,1,Too Much Bama In Me ,4360078,Alec Pierce,WR,WR,True,4.4,5.55,False
12,False,1,Too Much Bama In Me ,14881,Russell Wilson,QB,BE,False,13.8,14.58,False
12,False,1,Too Much Bama In Me ,3051926,Gus Edwards,RB,BE,False,7.1,4.65,False
12,False,1,Too Much Bama In Me ,-16027,Buccaneers D/ST,D/ST,D/ST,True,11.0,5.25,False
12,False,1,Too Much Bama In Me ,4043130,Jordyn Brooks,LB,DP,True,11.0,9.75,False
12,False,1,Too Much Bama In Me ,4360939,Rashod Bateman,WR,BE,False,11.3,7.32,False
12,False,11,ConcreteJungleWet DreamTomato,4430807,Bijan Robinson,RB,BE,False,0.0,0.0,True
12,False,11,ConcreteJungleWet DreamTomato,16800,Davante Adams,WR,BE,False,0.0,0.0,True
12,False,11,ConcreteJungleWet DreamTomato,4040715,Jalen Hurts,QB,QB,True,15.06,20.37,False
12,False,11,ConcreteJungleWet DreamTomato,4595348,Malik Nabers,WR,WR,True,9.4,12.88,False
12,False,11,ConcreteJungleWet DreamTomato,4361579,Javonte Williams,RB,RB,True,1.4,9.41,False
12,False,11,ConcreteJungleWet DreamTomato,4428557,Tyjae Spears,RB,BE,False,0.0,0.0,False
12,False,11,ConcreteJungleWet DreamTomato,4635008,Keon Coleman,WR,IR,False,0.0,0.0,True
12,False,11,ConcreteJungleWet DreamTomato,4241985,J.K. Dobbins,RB,RB,True,7.4,12.59,False
12,False,11,ConcreteJungleWet DreamTomato,-16025,49ers D/ST,D/ST,D/ST,True,-1.0,4.81,False
12,False,11,ConcreteJungleWet DreamTomato,4360234,Evan McPherson,K,BE,False,0.0,0.0,True
12,False,11,ConcreteJungleWet DreamTomato,4426338,Bo Nix,QB,BE,False,19.42,17.71,False
12,False,11,ConcreteJungleWet DreamTomato,3116724,Germaine Pratt,LB,BE,False,0.0,0.0,True
12,False,11,ConcreteJungleWet DreamTomato,4572680,Tucker Kraft,TE,BE,False,9.6,5.47,False
12,False,11,ConcreteJungleWet DreamTomato,4569587,Wan'Dale Robinson,WR,RB/WR/TE,True,7.2,7.79,False
12,False,11,ConcreteJungleWet DreamTomato,4036133,T.J. Hockenson,TE,TE,True,14.9,9.03,False
12,False,11,ConcreteJungleWet DreamTomato,4372414,Elijah Moore,WR,WR,True,4.6,6.93,False
12,False,11,ConcreteJungleWet DreamTomato,3150744,Chase McLaughlin,K,K,True,6.0,8.47,False
12,False,11,ConcreteJungleWet DreamTomato,4362851,Ernest Jones IV,LB,DP,True,10.0,10.3,False
12,False,13,Christopher's Kryptonite ,4374302,Amon-Ra St. Brown,WR,WR,True,9.2,14.06,False
12,False,13,Christopher's Kryptonite ,4430737,Kyren Williams,RB,RB,True,11.2,12.84,False
12,False,13,Christopher's Kryptonite ,3139477,Patrick Mahomes,QB,QB,True,28.76,17.25,False
12,False,13,Christopher's Kryptonite ,16737,Mike Evans,WR,WR,True,9.3,13.49,False
12,False,13,Christopher's Kryptonite ,3045147,James Conner,RB,RB,True,7.4,16.39,False
12,False,13,Christopher's Kryptonite ,4259545,D'Andre Swift,RB,RB/WR/TE,True,8.0,12.73,False
12,False,13,Christopher's Kryptonite ,4242355,Jake Ferguson,TE,BE,False,0.0,0.0,False
12,False,13,Christopher's Kryptonite ,4431299,Rome Odunze,WR,BE,False,6.4,8.56,False
12,False,13,Christopher's Kryptonite ,4429275,Trey Benson,RB,BE,False,1.8,6.35,False
12,False,13,Christopher's Kryptonite ,4360569,Jordan Mason,RB,BE,False,1.8,1.55,False
12,False,13,Christopher's Kryptonite ,-16007,Broncos D/ST,D/ST,D/ST,True,8.0,7.67,False
12,False,13,Christopher's Kryptonite ,17372,Chris Boswell,K,K,True,7.0,8.05,False
12,False,13,Christopher's Kryptonite ,14880,Kirk Cousins,QB,BE,False,0.0,0.0,True
12,False,13,Christopher's Kryptonite ,3886598,Jauan Jennings,WR,BE,False,6.5,8.49,False
12,False,13,Christopher's Kryptonite ,4429025,Quentin Johnston,WR,BE,False,0.0,9.77,False
12,False,13,Christopher's Kryptonite ,3127292,Will Dissly,TE,TE,True,6.7,7.61,False
12,False,13,Christopher's Kryptonite ,4241597,Daiyan Henley,LB,DP,True,10.0,9.1,False
13,False,6,Thom-ASS,3929630,Saquon Barkley,RB,RB,True,18.7,17.61,False
13,False,6,Thom-ASS,4047646,A.J. Brown,WR,BE,False,9.1,15.16,False
13,False,6,Thom-ASS,15847,Travis Kelce,TE,TE,True,10.3,10.74,False
13,False,6,Thom-ASS,3054850,Alvin Kamara,RB,RB/WR/TE,True,13.9,19.2,False
13,False,6,Thom-ASS,3925357,Calvin Ridley,WR,BE,False,5.5,11.68,False
13,False,6,Thom-ASS,4429615,Zay Flowers,WR,WR,True,8.6,12.13,False
13,False,6,Thom-ASS,4361741,Brock Purdy,QB,BE,False,2.16,19.24,False
13,False,6,Thom-ASS,3128429,Courtland Sutton,WR,WR,True,13.2,12.1,False
13,False,6,Thom-ASS,4241416,Chuba Hubbard,RB,RB,True,2.3,16.37,False
13,False,6,Thom-ASS,15795,DeAndre Hopkins,WR,BE,False,11.0,8.17,False
13,False,6,Thom-ASS,3953687,Brandon Aubrey,K,BE,False,9.0,7.55,False
13,False,6,Thom-ASS,4258595,Cole Kmet,TE,BE,False,4.1,5.54,False
13,False,6,Thom-ASS,3128390,Allen Lazard,WR,IR,False,0.0,0.0,False
13,False,6,Thom-ASS,3129446,Robert Spillane,LB,DP,True,9.0,10.13,False
13,False,6,Thom-ASS,4362081,Cameron Dicker,K,K,True,12.0,8.61,False
13,False,6,Thom-ASS,3124890,Kaden Elliss,LB,BE,False,7.0,9.29,False
13,False,6,Thom-ASS,-16008,Lions D/ST,D/ST,D/ST,True,5.0,7.25,False
13,False,6,Thom-ASS,12483,Matthew Stafford,QB,QB,True,15.62,17.13,False
13,False,2,Pour One Out For Mahomies!!,3918298,Josh Allen,QB,QB,True,28.42,20.49,False
13,False,2,Pour One Out For Mahomies!!,4239996,Travis Etienne Jr.,RB,RB,True,7.3,10.5,False
13,False,2,Pour One Out For Mahomies!!,4258173,Nico Collins,WR,WR,True,15.9,15.17,False
13,False,2,Pour One Out For Mahomies!!,4569173,Rhamondre Stevenson,RB,RB,True,10.9,12.48,False
13,False,2,Pour One Out For Mahomies!!,4612826,Ladd McConkey,WR,RB/WR/TE,True,16.2,10.67,False
13,False,2,Pour One Out For Mahomies!!,4683062,Xavier Worthy,WR,WR,True,7.9,9.62,False
13,False,2,Pour One Out For Mahomies!!,3128720,Nick Chubb,RB,BE,False,12.5,9.78,False
13,False,2,Pour One Out For Mahomies!!,3915189,Roquan Smith,LB,DP,True,12.0,10.18,False
13,False,2,Pour One Out For Mahomies!!,16460,Adam Thielen,WR,BE,False,19.9,7.4,False
13,False,2,Pour One Out For Mahomies!!,3116164,Mike Gesicki,TE,BE,False,7.8,4.93,False
13,False,2,Pour One Out For Mahomies!!,3050478,Jake Elliott,K,K,True,6.0,8.01,False
13,False,2,Pour One Out For Mahomies!!,3121409,Noah Brown,WR,BE,False,4.2,7.01,False
13,False,2,Pour One Out For Mahomies!!,3051738,Marquez Valdes-Scantling,WR,BE,False,10.6,8.31,False
13,False,2,Pour One Out For Mahomies!!,4036378,Jordan Love,QB,BE,False,18.96,15.18,False
13,False,2,Pour One Out For Mahomies!!,-16022,Cardinals D/ST,D/ST,D/ST,True,9.0,6.02,False
13,False,2,Pour One Out For Mahomies!!,4429148,Theo Johnson,TE,TE,True,7.9,7.0,False
13,False,2,Pour One Out For Mahomies!!,4575517,Kyle Hamilton,S,BE,False,4.0,7.89,False
13,False,5,Jones in for a Repeat,4362628,Ja'Marr Chase,WR,WR,True,17.6,16.82,False
13,False,5,Jones in for a Repeat,3126486,Deebo Samuel Sr.,WR,BE,False,2.0,11.07,False
13,False,5,Jones in for a Repeat,4567048,Kenneth Walker III,RB,RB,True,5.6,14.71,False
13,False,5,Jones in for a Repeat,3042519,Aaron Jones,RB,RB,True,8.3,14.09,False
13,False,5,Jones in for a Repeat,15818,Keenan Allen,WR,BE,False,21.8,9.55,False
13,False,5,Jones in for a Repeat,3121023,Dallas Goedert,TE,TE,True,11.0,8.68,False
13,False,5,Jones in for a Repeat,4430878,Jaxon Smith-Njigba,WR,WR,True,9.9,12.05,False
13,False,5,Jones in for a Repeat,3912547,Sam Darnold,QB,QB,True,19.6,16.77,False
13,False,5,Jones in for a Repeat,-16023,Steelers D/ST,D/ST,BE,False,14.0,5.08,False
13,False,5,Jones in for a Repeat,-16016,Vikings D/ST,D/ST,D/ST,True,2.0,5.97,False
13,False,5,Jones in for a Repeat,3059915,Kareem Hunt,RB,RB/WR/TE,True,2.5,9.54,False
13,False,5,Jones in for a Repeat,4426386,Roschon Johnson,RB,BE,False,1.0,4.02,False
13,False,5,Jones in for a Repeat,3138826,Fred Warner,LB,DP,True,4.0,9.68,False
13,False,5,Jones in for a Repeat,3046439,Hunter Henry,TE,BE,False,11.0,8.48,False
13,False,5,Jones in for a Repeat,4369863,Cedric Tillman,WR,BE,False,0.0,0.0,False
13,False,5,Jones in for a Repeat,4240021,Cam Akers,RB,BE,False,2.2,4.19,False
13,False,5,Jones in for a Repeat,4259619,Blake Grupe,K,K,True,10.0,7.8,False
13,False,3,Jim Ward's Ole Dick Necks,4241389,CeeDee Lamb,WR,WR,True,4.9,13.97,False
13,False,3,Jim Ward's Ole Dick Necks,4361529,Isiah Pacheco,RB,IR,False,5.4,10.69,False
13,False,3,Jim Ward's Ole Dick Necks,4697815,Rachaad White,RB,RB,True,8.3,11.56,False
13,False,3,Jim Ward's Ole Dick Necks,2977187,Cooper Kupp,WR,WR,True,3.2,13.95,False
13,False,3,Jim Ward's Ole Dick Necks,4432577,C.J. Stroud,QB,QB,True,14.38,17.03,False
13,False,3,Jim Ward's Ole Dick Necks,3068267,Austin Ekeler,RB,BE,False,0.0,0.0,False
13,False,3,Jim Ward's Ole Dick Necks,3040151,George Kittle,TE,RB/WR/TE,True,2.2,11.44,False
13,False,3,Jim Ward's Ole Dick Necks,4373626,Tyler Allgeier,RB,BE,False,3.7,6.91,False
13,False,3,Jim Ward's Ole Dick Necks,4040655,Darnell Mooney,WR,BE,False,3.5,10.65,False
13,False,3,Jim Ward's Ole Dick Necks,2971573,Ka'imi Fairbairn,K,K,True,13.0,7.97,False
13,False,3,Jim Ward's Ole Dick Necks,14979,Bobby Wagner,LB,DP,True,5.0,9.48,False
13,False,3,Jim Ward's Ole Dick Necks,4048244,Alexander Mattison,RB,BE,False,0.0,0.0,False
13,False,3,Jim Ward's Ole Dick Necks,4361432,Romeo Doubs,WR,BE,False,0.0,0.0,False
13,False,3,Jim Ward's Ole Dick Necks,-16012,Chiefs D/ST,D/ST,D/ST,True,3.0,7.55,False
13,False,3,Jim Ward's Ole Dick Necks,4243331,Cade Otton,TE,TE,True,5.0,8.87,False
13,False,3,Jim Ward's Ole Dick Necks,-16015,Dolphins D/ST,D/ST,BE,False,-2.0,4.44,False
13,False,3,Jim Ward's Ole Dick Necks,4040761,Devin Singletary,RB,RB,True,2.3,6.87,False
13,False,3,Jim Ward's Ole Dick Necks,15864,Geno Smith,QB,BE,False,12.44,16.37,False
13,False,9,Men of Will,4262921,Justin Jefferson,WR,WR,True,13.4,14.4,False
13,False,9,Men of Will,4426515,Puka Nacua,WR,WR,True,14.8,15.33,False
13,False,9,Men of Will,3916387,Lamar Jackson,QB,QB,True,25.38,21.52,False
13,False,9,Men of Will,4047650,DK Metcalf,WR,RB/WR/TE,True,8.6,12.26,False
13,False,9,Men of Will,4360248,Kyle Pitts,TE,BE,False,0.0,7.06,False
13,False,9,Men of Will,4241474,Brian Robinson Jr.,RB,RB,True,17.4,14.07,False
13,False,9,Men of Will,4241457,Najee Harris,RB,BE,False,21.9,11.28,False
13,False,9,Men of Will,4248528,Christian Watson,WR,BE,False,7.7,10.41,False
13,False,9,Men of Will,4038941,Justin Herbert,QB,BE,False,8.98,18.57,False
13,False,9,Men of Will,4430034,Xavier Legette,WR,BE,False,7.3,7.85,False
13,False,9,Men of Will,2468609,Taysom Hill,TE,TE,True,7.2,11.29,False
13,False,9,Men of Will,3043116,Demarcus Robinson,WR,BE,False,11.9,6.05,False
13,False,9,Men of Will,4360516,Tyrone Tracy Jr.,RB,RB,True,13.5,14.39,False
13,False,9,Men of Will,3919117,Azeez Al-Shaair,LB,DP,True,5.0,9.25,False
13,False,9,Men of Will,4051167,John Parker Romo,K,K,True,13.0,7.87,False
13,False,9,Men of Will,4372096,Luke Schoonmaker,TE,BE,False,5.8,7.25,False
13,False,9,Men of Will,-16028,Commanders D/ST,D/ST,D/ST,True,8.0,8.03,False
13,False,8,SCLSU Mud Dogs,4427366,Breece Hall,RB,RB,True,6.0,15.79,False
13,False,8,SCLSU Mud Dogs,4426502,Drake London,WR,WR,True,12.8,12.46,False
13,False,8,SCLSU Mud Dogs,4361370,Chris Olave,WR,IR,False,0.0,0.0,False
13,False,8,SCLSU Mud Dogs,4035538,David Montgomery,RB,RB/WR/TE,True,13.9,15.13,False
13,False,8,SCLSU Mud Dogs,4239993,Tee Higgins,WR,WR,True,16.4,14.15,False
13,False,8,SCLSU Mud Dogs,4362249,Jayden Reed,WR,BE,False,18.2,10.12,False
13,False,8,SCLSU Mud Dogs,4432665,Brock Bowers,TE,TE,True,25.2,11.82,False
13,False,8,SCLSU Mud Dogs,4426348,Jayden Daniels,QB,QB,True,27.64,19.8,False
13,False,8,SCLSU Mud Dogs,3121544,T.J. Edwards,LB,DP,True,6.0,10.02,False
13,False,8,SCLSU Mud Dogs,4596448,Bucky Irving,RB,BE,False,26.0,13.03,False
13,False,8,SCLSU Mud Dogs,4362238,Chase Brown,RB,RB,True,17.5,14.51,False
13,False,8,SCLSU Mud Dogs,4426388,Jameson Williams,WR,BE,False,7.1,11.05,False
13,False,8,SCLSU Mud Dogs,-16003,Bears D/ST,D/ST,BE,False,1.0,3.49,False
13,False,8,SCLSU Mud Dogs,3054212,Jonnu Smith,TE,BE,False,16.3,10.08,False
13,False,8,SCLSU Mud Dogs,2985659,Wil Lutz,K,K,True,11.0,7.84,False
13,False,8,SCLSU Mud Dogs,-16006,Cowboys D/ST,D/ST,D/ST,True,18.0,6.09,False
13,False,8,SCLSU Mud Dogs,4429013,Tank Bigsby,RB,BE,False,5.0,6.34,False
13,False,8,SCLSU Mud Dogs,3049899,Younghoe Koo,K,BE,False,7.0,7.59,False
13,False,1,Too Much Bama In Me ,4569618,Garrett Wilson,WR,WR,True,6.6,12.38,False
13,False,1,Too Much Bama In Me ,4429795,Jahmyr Gibbs,RB,RB,True,9.4,17.21,False
13,False,1,Too Much Bama In Me ,4035687,Michael Pittman Jr.,WR,BE,False,6.7,9.19,False
13,False,1,Too Much Bama In Me ,4047365,Josh Jacobs,RB,RB,True,19.7,17.25,False
13,False,1,Too Much Bama In Me ,4426354,George Pickens,WR,WR,True,14.9,13.14,False
13,False,1,Too Much Bama In Me ,4361307,Trey McBride,TE,TE,True,15.6,10.64,False
13,False,1,Too Much Bama In Me ,4373678,Khalil Shakir,WR,BE,False,5.0,9.97,False
13,False,1,Too Much Bama In Me ,15835,Zach Ertz,TE,BE,False,11.0,7.96,False
13,False,1,Too Much Bama In Me ,4689936,Jake Bates,K,K,True,11.0,8.78,False
13,False,1,Too Much Bama In Me ,4241479,Tua Tagovailoa,QB,QB,True,25.2,16.79,False
13,False,1,Too Much Bama In Me ,2576414,Raheem Mostert,RB,BE,False,4.4,2.97,False
13,False,1,Too Much Bama In Me ,4360078,Alec Pierce,WR,BE,False,10.6,7.95,False
13,False,1,Too Much Bama In Me ,14881,Russell Wilson,QB,BE,False,26.86,14.66,False
13,False,1,Too Much Bama In Me ,3051926,Gus Edwards,RB,RB/WR/TE,True,3.8,11.33,False
13,False,1,Too Much Bama In Me ,-16027,Buccaneers D/ST,D/ST,D/ST,True,2.0,7.18,False
13,False,1,Too Much Bama In Me ,4043130,Jordyn Brooks,LB,DP,True,9.0,10.27,False
13,False,1,Too Much Bama In Me ,4360939,Rashod Bateman,WR,BE,False,0.0,7.06,False
13,False,4,Injured Reserve ,3117251,Christian McCaffrey,RB,RB,True,7.7,17.66,False
13,False,4,Injured Reserve ,3116385,Joe Mixon,RB,RB,True,19.9,20.08,False
13,False,4,Injured Reserve ,4372016,Jaylen Waddle,WR,RB/WR/TE,True,9.3,10.44,False
13,False,4,Injured Reserve ,4360438,Brandon Aiyuk,WR,BE,False,0.0,0.0,False
13,False,4,Injured Reserve ,3915416,DJ Moore,WR,WR,True,19.7,10.41,False
13,False,4,Injured Reserve ,3915511,Joe Burrow,QB,BE,False,19.26,19.45,False
13,False,4,Injured Reserve ,4366031,Tank Dell,WR,WR,True,2.8,9.55,False
13,False,4,Injured Reserve ,3123076,David Njoku,TE,BE,False,21.7,9.47,False
13,False,4,Injured Reserve ,4429205,Jordan Addison,WR,BE,False,7.4,9.75,False
13,False,4,Injured Reserve ,3124005,Zaire Franklin,LB,DP,True,17.0,10.13,False
13,False,4,Injured Reserve ,4242431,Ty Chandler,RB,BE,False,1.2,0.0,False
13,False,4,Injured Reserve ,-16033,Ravens D/ST,D/ST,D/ST,True,4.0,5.07,False
13,False,4,Injured Reserve ,3916433,Jakobi Meyers,WR,BE,False,12.7,10.66,False
13,False,4,Injured Reserve ,3052587,Baker Mayfield,QB,QB,True,10.2,19.19,False
13,False,4,Injured Reserve ,3116365,Mark Andrews,TE,TE,True,15.9,7.15,False
13,False,4,Injured Reserve ,4038441,Justice Hill,RB,BE,False,4.1,5.67,False
13,False,4,Injured Reserve ,4372066,Jake Moody,K,K,True,2.0,7.5,False
13,False,13,Christopher's Kryptonite ,4374302,Amon-Ra St. Brown,WR,WR,True,9.8,15.77,False
13,False,13,Christopher's Kryptonite ,4430737,Kyren Williams,RB,RB,True,17.8,17.16,False
13,False,13,Christopher's Kryptonite ,3139477,Patrick Mahomes,QB,QB,True,16.64,17.65,False
13,False,13,Christopher's Kryptonite ,16737,Mike Evans,WR,WR,True,21.8,12.92,False
13,False,13,Christopher's Kryptonite ,3045147,James Conner,RB,RB,True,9.6,13.54,False
13,False,13,Christopher's Kryptonite ,4259545,D'Andre Swift,RB,RB/WR/TE,True,8.4,13.34,False
13,False,13,Christopher's Kryptonite ,4431299,Rome Odunze,WR,BE,False,3.5,9.62,False
13,False,13,Christopher's Kryptonite ,4429275,Trey Benson,RB,BE,False,2.0,4.58,False
13,False,13,Christopher's Kryptonite ,4360569,Jordan Mason,RB,BE,False,7.8,2.92,False
13,False,13,Christopher's Kryptonite ,-16007,Broncos D/ST,D/ST,D/ST,True,13.0,8.12,False
13,False,13,Christopher's Kryptonite ,17372,Chris Boswell,K,K,True,15.0,8.04,False
13,False,13,Christopher's Kryptonite ,14880,Kirk Cousins,QB,BE,False,2.1,14.9,False
13,False,13,Christopher's Kryptonite ,3886598,Jauan Jennings,WR,BE,False,7.1,11.2,False
13,False,13,Christopher's Kryptonite ,4429025,Quentin Johnston,WR,BE,False,2.2,9.5,False
13,False,13,Christopher's Kryptonite ,3127292,Will Dissly,TE,BE,False,0.0,7.34,False
13,False,13,Christopher's Kryptonite ,4241597,Daiyan Henley,LB,DP,True,10.0,10.03,False
13,False,13,Christopher's Kryptonite ,3051876,Evan Engram,TE,TE,True,7.6,8.55,False
13,False,12,Rule  #76,3116406,Tyreek Hill,WR,WR,True,17.3,11.78,False
13,False,12,Rule  #76,4432708,Marvin Harrison Jr.,WR,WR,True,15.5,9.86,False
13,False,12,Rule  #76,4379399,James Cook,RB,RB,True,18.5,14.03,False
13,False,12,Rule  #76,4241478,DeVonta Smith,WR,BE,False,0.0,0.0,False
13,False,12,Rule  #76,4385690,Dalton Kincaid,TE,BE,False,0.0,0.0,False
13,False,12,Rule  #76,3917315,Kyler Murray,QB,QB,True,15.2,16.88,False
13,False,12,Rule  #76,4569987,Jaylen Warren,RB,BE,False,8.4,9.11,False
13,False,12,Rule  #76,4678008,Jonathon Brooks,RB,BE,False,5.6,4.55,False
13,False,12,Rule  #76,4035676,Zack Moss,RB,IR,False,0.0,0.0,False
13,False,12,Rule  #76,4038815,Rico Dowdle,RB,RB,True,19.8,13.43,False
13,False,12,Rule  #76,4432773,Brian Thomas Jr.,WR,BE,False,16.7,10.06,False
13,False,12,Rule  #76,15683,Justin Tucker,K,K,True,7.0,8.26,False
13,False,12,Rule  #76,4241463,Jerry Jeudy,WR,RB/WR/TE,True,36.0,10.24,False
13,False,12,Rule  #76,3917657,Zack Baun,LB,DP,True,16.0,10.81,False
13,False,12,Rule  #76,-16034,Texans D/ST,D/ST,D/ST,True,1.0,6.69,False
13,False,12,Rule  #76,2510863,Eric Kendricks,LB,BE,False,14.0,10.86,False
13,False,12,Rule  #76,3117256,Dalton Schultz,TE,TE,True,14.6,6.45,False
13,False,12,Rule  #76,4361409,Jahan Dotson,WR,BE,False,1.2,3.29,False
13,False,10,LaPorta Potty,4242335,Jonathan Taylor,RB,RB,True,16.8,16.31,False
13,False,10,LaPorta Potty,3043078,Derrick Henry,RB,RB,True,12.6,15.92,False
13,False,10,LaPorta Potty,4429160,De'Von Achane,RB,RB/WR/TE,True,17.0,15.97,False
13,False,10,LaPorta Potty,4430027,Sam LaPorta,TE,TE,True,14.1,9.29,False
13,False,10,LaPorta Potty,2976499,Amari Cooper,WR,BE,False,2.7,8.25,False
13,False,10,LaPorta Potty,3121422,Terry McLaurin,WR,WR,True,23.3,10.4,False
13,False,10,LaPorta Potty,3916148,Tony Pollard,RB,BE,False,6.8,12.97,False
13,False,10,LaPorta Potty,-16002,Bills D/ST,D/ST,D/ST,True,13.0,4.68,False
13,False,10,LaPorta Potty,4427095,DeMario Douglas,WR,BE,False,4.0,7.83,False
13,False,10,LaPorta Potty,4688813,Josh Downs,WR,BE,False,0.0,0.0,False
13,False,10,LaPorta Potty,-16021,Eagles D/ST,D/ST,BE,False,2.0,3.6,False
13,False,10,LaPorta Potty,3124679,Jason Sanders,K,K,True,4.0,7.68,False
13,False,10,LaPorta Potty,3046779,Jared Goff,QB,BE,False,16.94,17.26,False
13,False,10,LaPorta Potty,4429084,Anthony Richardson,QB,QB,True,21.16,18.15,False
13,False,10,LaPorta Potty,3071353,E.J. Speed,LB,DP,True,9.0,9.47,False
13,False,10,LaPorta Potty,4361050,Isaiah Likely,TE,BE,False,12.3,5.19,False
13,False,10,LaPorta Potty,3929785,Nick Westbrook-Ikhine,WR,WR,True,19.6,8.4,False
13,False,11,ConcreteJungleWet DreamTomato,4430807,Bijan Robinson,RB,RB,True,22.5,18.31,False
13,False,11,ConcreteJungleWet DreamTomato,16800,Davante Adams,WR,WR,True,15.1,12.46,False
13,False,11,ConcreteJungleWet DreamTomato,4040715,Jalen Hurts,QB,QB,True,17.62,20.69,False
13,False,11,ConcreteJungleWet DreamTomato,4595348,Malik Nabers,WR,WR,True,11.3,13.27,False
13,False,11,ConcreteJungleWet DreamTomato,4361579,Javonte Williams,RB,RB,True,6.9,10.12,False
13,False,11,ConcreteJungleWet DreamTomato,4428557,Tyjae Spears,RB,BE,False,0.3,7.57,False
13,False,11,ConcreteJungleWet DreamTomato,4635008,Keon Coleman,WR,IR,False,0.0,8.25,False
13,False,11,ConcreteJungleWet DreamTomato,4241985,J.K. Dobbins,RB,BE,False,0.0,0.0,False
13,False,11,ConcreteJungleWet DreamTomato,-16025,49ers D/ST,D/ST,D/ST,True,-4.0,4.01,False
13,False,11,ConcreteJungleWet DreamTomato,4360234,Evan McPherson,K,BE,False,8.0,7.67,False
13,False,11,ConcreteJungleWet DreamTomato,4426338,Bo Nix,QB,BE,False,12.16,19.14,False
13,False,11,ConcreteJungleWet DreamTomato,3116724,Germaine Pratt,LB,BE,False,13.0,9.47,False
13,False,11,ConcreteJungleWet DreamTomato,4572680,Tucker Kraft,TE,BE,False,10.8,6.05,False
13,False,11,ConcreteJungleWet DreamTomato,4569587,Wan'Dale Robinson,WR,RB/WR/TE,True,1.6,7.88,False
13,False,11,ConcreteJungleWet DreamTomato,4036133,T.J. Hockenson,TE,TE,True,4.3,9.36,False
13,False,11,ConcreteJungleWet DreamTomato,4372414,Elijah Moore,WR,BE,False,15.2,7.96,False
13,False,11,ConcreteJungleWet DreamTomato,3150744,Chase McLaughlin,K,K,True,15.0,8.88,False
13,False,11,ConcreteJungleWet DreamTomato,4362851,Ernest Jones IV,LB,DP,True,8.0,10.1,False
14,False,2,Pour One Out For Mahomies!!,3918298,Josh Allen,QB,QB,True,51.88,21.75,False
14,False,2,Pour One Out For Mahomies!!,4239996,Travis Etienne Jr.,RB,RB,True,9.0,12.19,False
14,False,2,Pour One Out For Mahomies!!,4258173,Nico Collins,WR,BE,False,0.0,0.0,True
14,False,2,Pour One Out For Mahomies!!,4569173,Rhamondre Stevenson,RB,BE,False,0.0,0.0,True
14,False,2,Pour One Out For Mahomies!!,4612826,Ladd McConkey,WR,BE,False,0.0,0.0,False
14,False,2,Pour One Out For Mahomies!!,4683062,Xavier Worthy,WR,WR,True,7.1,8.9,False
14,False,2,Pour One Out For Mahomies!!,3128720,Nick Chubb,RB,RB,True,5.8,9.58,False
14,False,2,Pour One Out For Mahomies!!,3915189,Roquan Smith,LB,BE,False,0.0,0.0,True
14,False,2,Pour One Out For Mahomies!!,16460,Adam Thielen,WR,WR,True,14.7,8.06,False
14,False,2,Pour One Out For Mahomies!!,3116164,Mike Gesicki,TE,TE,True,3.9,6.42,False
14,False,2,Pour One Out For Mahomies!!,3050478,Jake Elliott,K,K,True,1.0,8.37,False
14,False,2,Pour One Out For Mahomies!!,3121409,Noah Brown,WR,BE,False,0.0,0.0,True
14,False,2,Pour One Out For Mahomies!!,3051738,Marquez Valdes-Scantling,WR,BE,False,7.1,7.14,False
14,False,2,Pour One Out For Mahomies!!,4036378,Jordan Love,QB,BE,False,14.54,13.72,False
14,False,2,Pour One Out For Mahomies!!,-16022,Cardinals D/ST,D/ST,D/ST,True,-4.0,6.42,False
14,False,2,Pour One Out For Mahomies!!,4371961,Micah McFadden,LB,DP,True,11.0,9.77,False
14,False,2,Pour One Out For Mahomies!!,16731,Brandin Cooks,WR,RB/WR/TE,True,6.8,7.34,False
14,False,5,Jones in for a Repeat,4362628,Ja'Marr Chase,WR,WR,True,39.1,17.47,False
14,False,5,Jones in for a Repeat,3126486,Deebo Samuel Sr.,WR,RB/WR/TE,True,4.5,11.43,False
14,False,5,Jones in for a Repeat,4567048,Kenneth Walker III,RB,BE,False,0.0,0.0,False
14,False,5,Jones in for a Repeat,3042519,Aaron Jones,RB,RB,True,15.4,14.59,False
14,False,5,Jones in for a Repeat,15818,Keenan Allen,WR,BE,False,4.5,9.65,False
14,False,5,Jones in for a Repeat,3121023,Dallas Goedert,TE,BE,False,0.0,0.0,False
14,False,5,Jones in for a Repeat,4430878,Jaxon Smith-Njigba,WR,WR,True,17.1,11.56,False
14,False,5,Jones in for a Repeat,3912547,Sam Darnold,QB,QB,True,34.58,17.82,False
14,False,5,Jones in for a Repeat,-16023,Steelers D/ST,D/ST,D/ST,True,10.0,6.6,False
14,False,5,Jones in for a Repeat,-16016,Vikings D/ST,D/ST,BE,False,2.0,6.19,False
14,False,5,Jones in for a Repeat,3059915,Kareem Hunt,RB,RB,True,3.4,8.13,False
14,False,5,Jones in for a Repeat,3046439,Hunter Henry,TE,BE,False,0.0,0.0,True
14,False,5,Jones in for a Repeat,4369863,Cedric Tillman,WR,BE,False,0.0,0.0,False
14,False,5,Jones in for a Repeat,4259619,Blake Grupe,K,K,True,0.0,7.58,False
14,False,5,Jones in for a Repeat,4361411,Pat Freiermuth,TE,TE,True,12.3,5.93,False
14,False,5,Jones in for a Repeat,3045282,T.J. Watt,DE,DP,True,4.0,6.57,False
14,False,5,Jones in for a Repeat,4426403,Nick Cross,S,BE,False,0.0,0.0,True
14,False,3,Jim Ward's Ole Dick Necks,4241389,CeeDee Lamb,WR,WR,True,19.4,13.05,False
14,False,3,Jim Ward's Ole Dick Necks,4361529,Isiah Pacheco,RB,RB,True,7.1,10.12,False
14,False,3,Jim Ward's Ole Dick Necks,4697815,Rachaad White,RB,RB,True,23.9,10.21,False
14,False,3,Jim Ward's Ole Dick Necks,2977187,Cooper Kupp,WR,WR,True,17.7,13.36,False
14,False,3,Jim Ward's Ole Dick Necks,4432577,C.J. Stroud,QB,BE,False,0.0,0.0,True
14,False,3,Jim Ward's Ole Dick Necks,3068267,Austin Ekeler,RB,IR,False,0.0,0.0,True
14,False,3,Jim Ward's Ole Dick Necks,3040151,George Kittle,TE,TE,True,18.1,11.36,False
14,False,3,Jim Ward's Ole Dick Necks,4373626,Tyler Allgeier,RB,BE,False,12.3,5.64,False
14,False,3,Jim Ward's Ole Dick Necks,4040655,Darnell Mooney,WR,RB/WR/TE,True,17.2,9.92,False
14,False,3,Jim Ward's Ole Dick Necks,2971573,Ka'imi Fairbairn,K,BE,False,0.0,0.0,True
14,False,3,Jim Ward's Ole Dick Necks,14979,Bobby Wagner,LB,BE,False,0.0,0.0,True
14,False,3,Jim Ward's Ole Dick Necks,4048244,Alexander Mattison,RB,BE,False,0.0,0.0,False
14,False,3,Jim Ward's Ole Dick Necks,4243331,Cade Otton,TE,BE,False,8.5,7.82,False
14,False,3,Jim Ward's Ole Dick Necks,-16015,Dolphins D/ST,D/ST,D/ST,True,0.0,6.35,False
14,False,3,Jim Ward's Ole Dick Necks,4040761,Devin Singletary,RB,BE,False,0.8,7.31,False
14,False,3,Jim Ward's Ole Dick Necks,15864,Geno Smith,QB,QB,True,13.32,15.7,False
14,False,3,Jim Ward's Ole Dick Necks,3917232,Tyler Bass,K,K,True,6.0,8.04,False
14,False,3,Jim Ward's Ole Dick Necks,4569465,Jack Campbell,LB,DP,True,8.0,9.11,False
14,False,9,Men of Will,4262921,Justin Jefferson,WR,WR,True,28.7,14.9,False
14,False,9,Men of Will,4426515,Puka Nacua,WR,WR,True,35.8,15.42,False
14,False,9,Men of Will,3916387,Lamar Jackson,QB,BE,False,0.0,0.0,True
14,False,9,Men of Will,4047650,DK Metcalf,WR,RB/WR/TE,True,6.9,12.27,False
14,False,9,Men of Will,4360248,Kyle Pitts,TE,TE,True,1.9,5.89,False
14,False,9,Men of Will,4241474,Brian Robinson Jr.,RB,BE,False,0.0,0.0,True
14,False,9,Men of Will,4241457,Najee Harris,RB,RB,True,11.3,13.73,False
14,False,9,Men of Will,4248528,Christian Watson,WR,BE,False,11.4,8.94,False
14,False,9,Men of Will,4038941,Justin Herbert,QB,QB,True,13.72,17.47,False
14,False,9,Men of Will,4430034,Xavier Legette,WR,BE,False,4.9,6.5,False
14,False,9,Men of Will,2468609,Taysom Hill,TE,BE,False,0.0,0.0,False
14,False,9,Men of Will,3043116,Demarcus Robinson,WR,BE,False,0.0,6.45,False
14,False,9,Men of Will,4360516,Tyrone Tracy Jr.,RB,RB,True,16.8,13.48,False
14,False,9,Men of Will,4051167,John Parker Romo,K,K,True,0.0,0.0,False
14,False,9,Men of Will,4372096,Luke Schoonmaker,TE,BE,False,4.2,1.42,False
14,False,9,Men of Will,4361331,Jamien Sherwood,LB,DP,True,18.0,9.38,False
14,False,9,Men of Will,-16024,Chargers D/ST,D/ST,D/ST,True,5.0,5.77,False
14,False,13,Christopher's Kryptonite ,4374302,Amon-Ra St. Brown,WR,WR,True,7.8,14.0,False
14,False,13,Christopher's Kryptonite ,4430737,Kyren Williams,RB,RB,True,22.7,14.36,False
14,False,13,Christopher's Kryptonite ,3139477,Patrick Mahomes,QB,QB,True,14.1,17.05,False
14,False,13,Christopher's Kryptonite ,16737,Mike Evans,WR,WR,True,8.9,12.33,False
14,False,13,Christopher's Kryptonite ,3045147,James Conner,RB,RB,True,21.2,15.14,False
14,False,13,Christopher's Kryptonite ,4259545,D'Andre Swift,RB,BE,False,4.5,14.58,False
14,False,13,Christopher's Kryptonite ,4431299,Rome Odunze,WR,BE,False,18.2,9.67,False
14,False,13,Christopher's Kryptonite ,4429275,Trey Benson,RB,BE,False,3.4,4.08,False
14,False,13,Christopher's Kryptonite ,4360569,Jordan Mason,RB,IR,False,0.0,0.0,False
14,False,13,Christopher's Kryptonite ,-16007,Broncos D/ST,D/ST,BE,False,0.0,0.0,True
14,False,13,Christopher's Kryptonite ,17372,Chris Boswell,K,K,True,11.0,8.2,False
14,False,13,Christopher's Kryptonite ,14880,Kirk Cousins,QB,BE,False,9.76,12.52,False
14,False,13,Christopher's Kryptonite ,3886598,Jauan Jennings,WR,BE,False,24.5,11.54,False
14,False,13,Christopher's Kryptonite ,4429025,Quentin Johnston,WR,BE,False,13.3,9.39,False
14,False,13,Christopher's Kryptonite ,4241597,Daiyan Henley,LB,DP,True,8.0,9.85,False
14,False,13,Christopher's Kryptonite ,3051876,Evan Engram,TE,TE,True,5.3,8.84,False
14,False,13,Christopher's Kryptonite ,-16010,Titans D/ST,D/ST,D/ST,True,10.0,6.2,False
14,False,13,Christopher's Kryptonite ,4426385,Zach Charbonnet,RB,RB/WR/TE,True,34.8,13.56,False
14,False,1,Too Much Bama In Me ,4569618,Garrett Wilson,WR,WR,True,14.9,11.57,False
14,False,1,Too Much Bama In Me ,4429795,Jahmyr Gibbs,RB,RB,True,16.3,15.24,False
14,False,1,Too Much Bama In Me ,4035687,Michael Pittman Jr.,WR,BE,False,0.0,0.0,True
14,False,1,Too Much Bama In Me ,4047365,Josh Jacobs,RB,RB,True,24.6,15.52,False
14,False,1,Too Much Bama In Me ,4426354,George Pickens,WR,BE,False,0.0,0.0,False
14,False,1,Too Much Bama In Me ,4361307,Trey McBride,TE,TE,True,10.5,11.01,False
14,False,1,Too Much Bama In Me ,4373678,Khalil Shakir,WR,WR,True,19.1,11.55,False
14,False,1,Too Much Bama In Me ,15835,Zach Ertz,TE,BE,False,0.0,0.0,True
14,False,1,Too Much Bama In Me ,4689936,Jake Bates,K,K,True,11.0,8.7,False
14,False,1,Too Much Bama In Me ,4241479,Tua Tagovailoa,QB,QB,True,23.54,17.18,False
14,False,1,Too Much Bama In Me ,2576414,Raheem Mostert,RB,BE,False,0.0,0.0,False
14,False,1,Too Much Bama In Me ,4360078,Alec Pierce,WR,BE,False,0.0,0.0,True
14,False,1,Too Much Bama In Me ,14881,Russell Wilson,QB,BE,False,16.02,16.28,False
14,False,1,Too Much Bama In Me ,3051926,Gus Edwards,RB,RB/WR/TE,True,9.6,9.51,False
14,False,1,Too Much Bama In Me ,-16027,Buccaneers D/ST,D/ST,D/ST,True,11.0,6.15,False
14,False,1,Too Much Bama In Me ,4043130,Jordyn Brooks,LB,DP,True,11.0,9.48,False
14,False,1,Too Much Bama In Me ,-16028,Commanders D/ST,D/ST,BE,False,0.0,0.0,True
14,False,4,Injured Reserve ,3117251,Christian McCaffrey,RB,RB,True,0.0,0.0,False
14,False,4,Injured Reserve ,3116385,Joe Mixon,RB,BE,False,0.0,0.0,True
14,False,4,Injured Reserve ,4372016,Jaylen Waddle,WR,RB/WR/TE,True,16.4,9.19,False
14,False,4,Injured Reserve ,4360438,Brandon Aiyuk,WR,BE,False,0.0,0.0,False
14,False,4,Injured Reserve ,3915416,DJ Moore,WR,WR,True,7.9,11.45,False
14,False,4,Injured Reserve ,3915511,Joe Burrow,QB,BE,False,24.56,21.07,False
14,False,4,Injured Reserve ,4366031,Tank Dell,WR,WR,True,0.0,0.0,True
14,False,4,Injured Reserve ,3123076,David Njoku,TE,BE,False,13.7,10.12,False
14,False,4,Injured Reserve ,4429205,Jordan Addison,WR,BE,False,35.3,10.22,False
14,False,4,Injured Reserve ,3124005,Zaire Franklin,LB,DP,True,0.0,0.0,True
14,False,4,Injured Reserve ,4242431,Ty Chandler,RB,BE,False,0.0,0.27,False
14,False,4,Injured Reserve ,-16033,Ravens D/ST,D/ST,D/ST,True,0.0,0.0,True
14,False,4,Injured Reserve ,3916433,Jakobi Meyers,WR,BE,False,10.2,11.6,False
14,False,4,Injured Reserve ,3052587,Baker Mayfield,QB,QB,True,19.0,16.53,False
14,False,4,Injured Reserve ,3116365,Mark Andrews,TE,TE,True,0.0,0.0,True
14,False,4,Injured Reserve ,4038441,Justice Hill,RB,RB,True,0.0,0.0,True
14,False,4,Injured Reserve ,4372066,Jake Moody,K,K,True,8.0,7.21,False
14,False,8,SCLSU Mud Dogs,4427366,Breece Hall,RB,BE,False,0.0,0.0,False
14,False,8,SCLSU Mud Dogs,4426502,Drake London,WR,WR,True,10.5,12.5,False
14,False,8,SCLSU Mud Dogs,4361370,Chris Olave,WR,IR,False,0.0,0.0,False
14,False,8,SCLSU Mud Dogs,4035538,David Montgomery,RB,RB,True,16.9,14.12,False
14,False,8,SCLSU Mud Dogs,4239993,Tee Higgins,WR,WR,True,3.3,14.55,False
14,False,8,SCLSU Mud Dogs,4362249,Jayden Reed,WR,BE,False,0.0,10.69,False
14,False,8,SCLSU Mud Dogs,4432665,Brock Bowers,TE,TE,True,7.7,13.18,False
14,False,8,SCLSU Mud Dogs,4426348,Jayden Daniels,QB,BE,False,0.0,0.0,True
14,False,8,SCLSU Mud Dogs,3121544,T.J. Edwards,LB,DP,True,12.0,8.68,False
14,False,8,SCLSU Mud Dogs,4596448,Bucky Irving,RB,RB,True,2.3,14.31,False
14,False,8,SCLSU Mud Dogs,4362238,Chase Brown,RB,RB/WR/TE,True,21.3,17.26,False
14,False,8,SCLSU Mud Dogs,4426388,Jameson Williams,WR,BE,False,10.5,10.65,False
14,False,8,SCLSU Mud Dogs,3054212,Jonnu Smith,TE,BE,False,11.9,9.31,False
14,False,8,SCLSU Mud Dogs,2985659,Wil Lutz,K,BE,False,0.0,0.0,True
14,False,8,SCLSU Mud Dogs,4429013,Tank Bigsby,RB,BE,False,13.7,7.63,False
14,False,8,SCLSU Mud Dogs,3049899,Younghoe Koo,K,K,True,7.0,7.03,False
14,False,8,SCLSU Mud Dogs,4361418,Will Levis,QB,QB,True,7.02,17.24,False
14,False,8,SCLSU Mud Dogs,-16018,Saints D/ST,D/ST,D/ST,True,9.0,5.61,False
14,False,12,Rule  #76,3116406,Tyreek Hill,WR,WR,True,23.1,11.11,False
14,False,12,Rule  #76,4432708,Marvin Harrison Jr.,WR,WR,True,6.9,10.31,False
14,False,12,Rule  #76,4379399,James Cook,RB,RB,True,3.9,15.22,False
14,False,12,Rule  #76,4241478,DeVonta Smith,WR,BE,False,11.7,8.68,False
14,False,12,Rule  #76,4385690,Dalton Kincaid,TE,BE,False,0.0,0.0,False
14,False,12,Rule  #76,3917315,Kyler Murray,QB,QB,True,17.96,17.45,False
14,False,12,Rule  #76,4569987,Jaylen Warren,RB,BE,False,8.2,9.38,False
14,False,12,Rule  #76,4678008,Jonathon Brooks,RB,BE,False,-0.3,4.22,False
14,False,12,Rule  #76,4035676,Zack Moss,RB,IR,False,0.0,0.0,False
14,False,12,Rule  #76,4038815,Rico Dowdle,RB,RB,True,14.6,11.32,False
14,False,12,Rule  #76,4432773,Brian Thomas Jr.,WR,BE,False,12.6,11.57,False
14,False,12,Rule  #76,4241463,Jerry Jeudy,WR,RB/WR/TE,True,14.9,12.45,False
14,False,12,Rule  #76,3917657,Zack Baun,LB,DP,True,13.0,10.95,False
14,False,12,Rule  #76,-16034,Texans D/ST,D/ST,BE,False,0.0,0.0,True
14,False,12,Rule  #76,2510863,Eric Kendricks,LB,BE,False,12.0,10.69,False
14,False,12,Rule  #76,-16030,Jaguars D/ST,D/ST,D/ST,True,8.0,5.36,False
14,False,12,Rule  #76,2473037,Jason Myers,K,K,True,12.0,7.59,False
14,False,12,Rule  #76,4360635,Chig Okonkwo,TE,TE,True,2.3,5.77,False
14,False,10,LaPorta Potty,4242335,Jonathan Taylor,RB,BE,False,0.0,0.0,True
14,False,10,LaPorta Potty,3043078,Derrick Henry,RB,BE,False,0.0,0.0,True
14,False,10,LaPorta Potty,4429160,De'Von Achane,RB,RB,True,15.9,17.57,False
14,False,10,LaPorta Potty,4430027,Sam LaPorta,TE,TE,True,7.9,8.7,False
14,False,10,LaPorta Potty,2976499,Amari Cooper,WR,WR,True,12.5,9.07,False
14,False,10,LaPorta Potty,3121422,Terry McLaurin,WR,BE,False,0.0,0.0,True
14,False,10,LaPorta Potty,3916148,Tony Pollard,RB,RB,True,13.4,14.29,False
14,False,10,LaPorta Potty,-16002,Bills D/ST,D/ST,BE,False,-8.0,4.82,False
14,False,10,LaPorta Potty,-16021,Eagles D/ST,D/ST,D/ST,True,4.0,6.9,False
14,False,10,LaPorta Potty,3124679,Jason Sanders,K,K,True,16.0,7.94,False
14,False,10,LaPorta Potty,3046779,Jared Goff,QB,QB,True,23.02,15.84,False
14,False,10,LaPorta Potty,4429084,Anthony Richardson,QB,BE,False,0.0,0.0,True
14,False,10,LaPorta Potty,4361050,Isaiah Likely,TE,BE,False,0.0,0.0,True
14,False,10,LaPorta Potty,3929785,Nick Westbrook-Ikhine,WR,WR,True,2.4,9.49,False
14,False,10,LaPorta Potty,4379416,Quay Walker,LB,DP,True,10.0,9.66,False
14,False,10,LaPorta Potty,4432620,Parker Washington,WR,BE,False,3.5,6.91,False
14,False,10,LaPorta Potty,4685247,Braelon Allen,RB,RB/WR/TE,True,10.1,11.05,False
14,False,11,ConcreteJungleWet DreamTomato,4430807,Bijan Robinson,RB,RB,True,19.1,15.69,False
14,False,11,ConcreteJungleWet DreamTomato,16800,Davante Adams,WR,WR,True,21.4,12.13,False
14,False,11,ConcreteJungleWet DreamTomato,4040715,Jalen Hurts,QB,QB,True,24.22,22.49,False
14,False,11,ConcreteJungleWet DreamTomato,4595348,Malik Nabers,WR,WR,True,12.4,13.49,False
14,False,11,ConcreteJungleWet DreamTomato,4361579,Javonte Williams,RB,BE,False,0.0,0.0,True
14,False,11,ConcreteJungleWet DreamTomato,4428557,Tyjae Spears,RB,BE,False,2.8,7.09,False
14,False,11,ConcreteJungleWet DreamTomato,4635008,Keon Coleman,WR,IR,False,0.0,0.0,False
14,False,11,ConcreteJungleWet DreamTomato,4241985,J.K. Dobbins,RB,BE,False,0.0,0.0,False
14,False,11,ConcreteJungleWet DreamTomato,-16025,49ers D/ST,D/ST,D/ST,True,15.0,5.44,False
14,False,11,ConcreteJungleWet DreamTomato,4426338,Bo Nix,QB,BE,False,0.0,0.0,True
14,False,11,ConcreteJungleWet DreamTomato,3116724,Germaine Pratt,LB,BE,False,7.0,9.82,False
14,False,11,ConcreteJungleWet DreamTomato,4572680,Tucker Kraft,TE,BE,False,11.6,7.11,False
14,False,11,ConcreteJungleWet DreamTomato,4569587,Wan'Dale Robinson,WR,BE,False,5.8,6.86,False
14,False,11,ConcreteJungleWet DreamTomato,4036133,T.J. Hockenson,TE,TE,True,6.5,8.84,False
14,False,11,ConcreteJungleWet DreamTomato,4372414,Elijah Moore,WR,RB/WR/TE,True,4.9,8.91,False
14,False,11,ConcreteJungleWet DreamTomato,3150744,Chase McLaughlin,K,K,True,4.0,8.61,False
14,False,11,ConcreteJungleWet DreamTomato,4362851,Ernest Jones IV,LB,DP,True,10.0,10.08,False
14,False,11,ConcreteJungleWet DreamTomato,4372561,Isaac Guerendo,RB,RB,True,25.8,11.77,False
14,False,6,Thom-ASS,3929630,Saquon Barkley,RB,RB,True,14.4,21.96,False
14,False,6,Thom-ASS,4047646,A.J. Brown,WR,WR,True,6.3,12.73,False
14,False,6,Thom-ASS,15847,Travis Kelce,TE,TE,True,7.0,11.39,False
14,False,6,Thom-ASS,3054850,Alvin Kamara,RB,RB/WR/TE,True,10.4,20.44,False
14,False,6,Thom-ASS,3925357,Calvin Ridley,WR,BE,False,9.4,12.03,False
14,False,6,Thom-ASS,4429615,Zay Flowers,WR,BE,False,0.0,0.0,True
14,False,6,Thom-ASS,4361741,Brock Purdy,QB,QB,True,22.1,18.35,False
14,False,6,Thom-ASS,3128429,Courtland Sutton,WR,BE,False,0.0,0.0,True
14,False,6,Thom-ASS,4241416,Chuba Hubbard,RB,RB,True,18.7,11.3,False
14,False,6,Thom-ASS,15795,DeAndre Hopkins,WR,WR,True,11.2,8.33,False
14,False,6,Thom-ASS,3953687,Brandon Aubrey,K,BE,False,9.0,7.63,False
14,False,6,Thom-ASS,4258595,Cole Kmet,TE,BE,False,0.0,5.26,False
14,False,6,Thom-ASS,3128390,Allen Lazard,WR,IR,False,2.3,4.06,False
14,False,6,Thom-ASS,3129446,Robert Spillane,LB,DP,True,7.0,9.92,False
14,False,6,Thom-ASS,4362081,Cameron Dicker,K,K,True,5.0,8.21,False
14,False,6,Thom-ASS,3124890,Kaden Elliss,LB,BE,False,12.0,9.35,False
14,False,6,Thom-ASS,-16008,Lions D/ST,D/ST,D/ST,True,4.0,4.51,False
14,False,6,Thom-ASS,12483,Matthew Stafford,QB,BE,False,20.8,15.89,False
15,True,1,Too Much Bama In Me ,4569618,Garrett Wilson,WR,WR,True,13.1,13.07,False
15,True,1,Too Much Bama In Me ,4429795,Jahmyr Gibbs,RB,RB,True,25.9,15.64,False
15,True,1,Too Much Bama In Me ,4035687,Michael Pittman Jr.,WR,RB/WR/TE,True,6.8,8.93,False
15,True,1,Too Much Bama In Me ,4047365,Josh Jacobs,RB,RB,True,20.6,17.56,False
15,True,1,Too Much Bama In Me ,4426354,George Pickens,WR,BE,False,0.0,0.0,False
15,True,1,Too Much Bama In Me ,4361307,Trey McBride,TE,TE,True,13.2,12.27,False
15,True,1,Too Much Bama In Me ,4373678,Khalil Shakir,WR,WR,True,12.9,11.53,False
15,True,1,Too Much Bama In Me ,15835,Zach Ertz,TE,BE,False,3.5,7.85,False
15,True,1,Too Much Bama In Me ,4689936,Jake Bates,K,K,True,5.0,8.81,False
15,True,1,Too Much Bama In Me ,4241479,Tua Tagovailoa,QB,QB,True,3.84,15.9,False
15,True,1,Too Much Bama In Me ,2576414,Raheem Mostert,RB,BE,False,3.6,5.23,False
15,True,1,Too Much Bama In Me ,4360078,Alec Pierce,WR,BE,False,1.0,5.5,False
15,True,1,Too Much Bama In Me ,14881,Russell Wilson,QB,BE,False,8.42,12.55,False
15,True,1,Too Much Bama In Me ,3051926,Gus Edwards,RB,BE,False,2.3,9.58,False
15,True,1,Too Much Bama In Me ,-16027,Buccaneers D/ST,D/ST,BE,False,10.0,4.86,False
15,True,1,Too Much Bama In Me ,4043130,Jordyn Brooks,LB,DP,True,10.0,9.57,False
15,True,1,Too Much Bama In Me ,-16028,Commanders D/ST,D/ST,D/ST,True,7.0,7.7,False
15,True,3,Jim Ward's Ole Dick Necks,4241389,CeeDee Lamb,WR,WR,True,22.1,12.98,False
15,True,3,Jim Ward's Ole Dick Necks,4361529,Isiah Pacheco,RB,RB,True,5.2,13.58,False
15,True,3,Jim Ward's Ole Dick Necks,4697815,Rachaad White,RB,RB,True,13.1,11.45,False
15,True,3,Jim Ward's Ole Dick Necks,2977187,Cooper Kupp,WR,WR,True,0.0,12.53,False
15,True,3,Jim Ward's Ole Dick Necks,4432577,C.J. Stroud,QB,BE,False,11.64,15.55,False
15,True,3,Jim Ward's Ole Dick Necks,3068267,Austin Ekeler,RB,IR,False,0.0,0.0,False
15,True,3,Jim Ward's Ole Dick Necks,3040151,George Kittle,TE,TE,True,8.1,11.85,False
15,True,3,Jim Ward's Ole Dick Necks,4373626,Tyler Allgeier,RB,BE,False,4.3,6.35,False
15,True,3,Jim Ward's Ole Dick Necks,4040655,Darnell Mooney,WR,RB/WR/TE,True,0.0,9.33,False
15,True,3,Jim Ward's Ole Dick Necks,2971573,Ka'imi Fairbairn,K,BE,False,9.0,7.85,False
15,True,3,Jim Ward's Ole Dick Necks,14979,Bobby Wagner,LB,DP,True,5.0,9.36,False
15,True,3,Jim Ward's Ole Dick Necks,4243331,Cade Otton,TE,BE,False,4.4,7.49,False
15,True,3,Jim Ward's Ole Dick Necks,-16015,Dolphins D/ST,D/ST,BE,False,9.0,5.58,False
15,True,3,Jim Ward's Ole Dick Necks,4040761,Devin Singletary,RB,BE,False,11.6,4.38,False
15,True,3,Jim Ward's Ole Dick Necks,15864,Geno Smith,QB,QB,True,4.46,15.31,False
15,True,3,Jim Ward's Ole Dick Necks,3917232,Tyler Bass,K,K,True,14.0,7.83,False
15,True,3,Jim Ward's Ole Dick Necks,4569465,Jack Campbell,LB,BE,False,11.0,9.29,False
15,True,3,Jim Ward's Ole Dick Necks,-16020,Jets D/ST,D/ST,D/ST,True,3.0,6.64,False
15,True,11,ConcreteJungleWet DreamTomato,4430807,Bijan Robinson,RB,RB,True,14.0,19.19,False
15,True,11,ConcreteJungleWet DreamTomato,16800,Davante Adams,WR,WR,True,38.3,13.87,False
15,True,11,ConcreteJungleWet DreamTomato,4040715,Jalen Hurts,QB,QB,True,28.1,20.01,False
15,True,11,ConcreteJungleWet DreamTomato,4595348,Malik Nabers,WR,WR,True,19.2,12.82,False
15,True,11,ConcreteJungleWet DreamTomato,4361579,Javonte Williams,RB,RB/WR/TE,True,3.3,9.37,False
15,True,11,ConcreteJungleWet DreamTomato,4635008,Keon Coleman,WR,BE,False,6.9,7.57,False
15,True,11,ConcreteJungleWet DreamTomato,4241985,J.K. Dobbins,RB,IR,False,0.0,0.0,False
15,True,11,ConcreteJungleWet DreamTomato,-16025,49ers D/ST,D/ST,BE,False,3.0,5.05,False
15,True,11,ConcreteJungleWet DreamTomato,4426338,Bo Nix,QB,BE,False,13.5,17.58,False
15,True,11,ConcreteJungleWet DreamTomato,3116724,Germaine Pratt,LB,BE,False,8.0,9.7,False
15,True,11,ConcreteJungleWet DreamTomato,4572680,Tucker Kraft,TE,BE,False,4.4,6.59,False
15,True,11,ConcreteJungleWet DreamTomato,4569587,Wan'Dale Robinson,WR,BE,False,5.8,6.69,False
15,True,11,ConcreteJungleWet DreamTomato,4036133,T.J. Hockenson,TE,TE,True,7.7,9.86,False
15,True,11,ConcreteJungleWet DreamTomato,4372414,Elijah Moore,WR,BE,False,0.9,8.14,False
15,True,11,ConcreteJungleWet DreamTomato,3150744,Chase McLaughlin,K,K,True,18.0,8.18,False
15,True,11,ConcreteJungleWet DreamTomato,4362851,Ernest Jones IV,LB,DP,True,13.0,9.69,False
15,True,11,ConcreteJungleWet DreamTomato,4372561,Isaac Guerendo,RB,RB,True,9.5,14.05,False
15,True,11,ConcreteJungleWet DreamTomato,-16004,Bengals D/ST,D/ST,D/ST,True,18.0,7.17,False
15,True,6,Thom-ASS,3929630,Saquon Barkley,RB,RB,True,8.4,18.42,False
15,True,6,Thom-ASS,4047646,A.J. Brown,WR,BE,False,21.0,12.26,False
15,True,6,Thom-ASS,15847,Travis Kelce,TE,TE,True,4.7,11.14,False
15,True,6,Thom-ASS,3054850,Alvin Kamara,RB,RB/WR/TE,True,16.0,14.57,False
15,True,6,Thom-ASS,3925357,Calvin Ridley,WR,BE,False,7.5,11.45,False
15,True,6,Thom-ASS,4429615,Zay Flowers,WR,BE,False,8.3,12.73,False
15,True,6,Thom-ASS,4361741,Brock Purdy,QB,QB,True,3.98,19.34,False
15,True,6,Thom-ASS,3128429,Courtland Sutton,WR,WR,True,11.7,11.98,False
15,True,6,Thom-ASS,4241416,Chuba Hubbard,RB,RB,True,6.9,17.13,False
15,True,6,Thom-ASS,15795,DeAndre Hopkins,WR,WR,True,6.1,8.93,False
15,True,6,Thom-ASS,3953687,Brandon Aubrey,K,BE,False,15.0,7.74,False
15,True,6,Thom-ASS,4258595,Cole Kmet,TE,BE,False,1.9,4.79,False
15,True,6,Thom-ASS,4362081,Cameron Dicker,K,K,True,6.0,8.39,False
15,True,6,Thom-ASS,3124890,Kaden Elliss,LB,DP,True,13.0,9.51,False
15,True,6,Thom-ASS,-16008,Lions D/ST,D/ST,BE,False,-12.0,2.87,False
15,True,6,Thom-ASS,12483,Matthew Stafford,QB,BE,False,8.2,15.44,False
15,True,6,Thom-ASS,-16009,Packers D/ST,D/ST,D/ST,True,16.0,6.43,False
15,True,5,Jones in for a Repeat,4362628,Ja'Marr Chase,WR,WR,True,14.9,18.05,False
15,True,5,Jones in for a Repeat,3126486,Deebo Samuel Sr.,WR,RB/WR/TE,True,3.4,11.79,False
15,True,5,Jones in for a Repeat,4567048,Kenneth Walker III,RB,BE,False,0.0,0.0,False
15,True,5,Jones in for a Repeat,3042519,Aaron Jones,RB,RB,True,17.6,15.3,False
15,True,5,Jones in for a Repeat,15818,Keenan Allen,WR,BE,False,17.2,9.73,False
15,True,5,Jones in for a Repeat,4430878,Jaxon Smith-Njigba,WR,WR,True,14.3,11.61,False
15,True,5,Jones in for a Repeat,3912547,Sam Darnold,QB,QB,True,11.24,20.64,False
15,True,5,Jones in for a Repeat,-16023,Steelers D/ST,D/ST,BE,False,4.0,5.43,False
15,True,5,Jones in for a Repeat,-16016,Vikings D/ST,D/ST,D/ST,True,9.0,6.83,False
15,True,5,Jones in for a Repeat,3059915,Kareem Hunt,RB,BE,False,5.4,5.56,False
15,True,5,Jones in for a Repeat,3046439,Hunter Henry,TE,TE,True,4.5,8.89,False
15,True,5,Jones in for a Repeat,4369863,Cedric Tillman,WR,BE,False,0.0,0.0,False
15,True,5,Jones in for a Repeat,4361411,Pat Freiermuth,TE,BE,False,9.7,5.91,False
15,True,5,Jones in for a Repeat,4426403,Nick Cross,S,DP,True,7.0,8.85,False
15,True,5,Jones in for a Repeat,4567104,Will Reichard,K,K,True,15.0,8.09,False
15,True,5,Jones in for a Repeat,4695404,Isaiah Davis,RB,BE,False,4.1,2.05,False
15,True,5,Jones in for a Repeat,4430104,Sincere McCormick,RB,RB,True,3.5,9.4,False
15,True,13,Christopher's Kryptonite ,4374302,Amon-Ra St. Brown,WR,WR,True,30.3,13.68,False
15,True,13,Christopher's Kryptonite ,4430737,Kyren Williams,RB,RB,True,12.2,14.76,False
15,True,13,Christopher's Kryptonite ,3139477,Patrick Mahomes,QB,QB,True,15.76,17.55,False
15,True,13,Christopher's Kryptonite ,16737,Mike Evans,WR,BE,False,32.4,12.21,False
15,True,13,Christopher's Kryptonite ,3045147,James Conner,RB,RB,True,28.3,16.19,False
15,True,13,Christopher's Kryptonite ,4259545,D'Andre Swift,RB,BE,False,9.4,12.83,False
15,True,13,Christopher's Kryptonite ,4431299,Rome Odunze,WR,BE,False,4.9,10.39,False
15,True,13,Christopher's Kryptonite ,4429275,Trey Benson,RB,BE,False,2.2,7.35,False
15,True,13,Christopher's Kryptonite ,4360569,Jordan Mason,RB,IR,False,0.0,0.0,False
15,True,13,Christopher's Kryptonite ,-16007,Broncos D/ST,D/ST,D/ST,True,19.0,7.06,False
15,True,13,Christopher's Kryptonite ,17372,Chris Boswell,K,K,True,8.0,7.61,False
15,True,13,Christopher's Kryptonite ,14880,Kirk Cousins,QB,BE,False,6.48,13.24,False
15,True,13,Christopher's Kryptonite ,3886598,Jauan Jennings,WR,WR,True,4.1,12.39,False
15,True,13,Christopher's Kryptonite ,4429025,Quentin Johnston,WR,BE,False,14.0,9.24,False
15,True,13,Christopher's Kryptonite ,4241597,Daiyan Henley,LB,DP,True,10.0,9.61,False
15,True,13,Christopher's Kryptonite ,4426385,Zach Charbonnet,RB,RB/WR/TE,True,13.1,15.03,False
15,True,13,Christopher's Kryptonite ,4242355,Jake Ferguson,TE,TE,True,3.3,7.73,False
15,True,13,Christopher's Kryptonite ,-16011,Colts D/ST,D/ST,BE,False,10.0,4.8,False
15,True,8,SCLSU Mud Dogs,4427366,Breece Hall,RB,RB,True,12.1,14.59,False
15,True,8,SCLSU Mud Dogs,4426502,Drake London,WR,WR,True,12.8,12.19,False
15,True,8,SCLSU Mud Dogs,4361370,Chris Olave,WR,IR,False,0.0,0.0,False
15,True,8,SCLSU Mud Dogs,4035538,David Montgomery,RB,RB/WR/TE,True,5.5,14.54,False
15,True,8,SCLSU Mud Dogs,4239993,Tee Higgins,WR,WR,True,17.3,13.05,False
15,True,8,SCLSU Mud Dogs,4362249,Jayden Reed,WR,BE,False,8.6,9.37,False
15,True,8,SCLSU Mud Dogs,4432665,Brock Bowers,TE,TE,True,5.0,12.28,False
15,True,8,SCLSU Mud Dogs,4426348,Jayden Daniels,QB,QB,True,23.64,21.87,False
15,True,8,SCLSU Mud Dogs,3121544,T.J. Edwards,LB,DP,True,10.0,9.22,False
15,True,8,SCLSU Mud Dogs,4596448,Bucky Irving,RB,BE,False,12.3,9.1,False
15,True,8,SCLSU Mud Dogs,4362238,Chase Brown,RB,RB,True,24.8,15.63,False
15,True,8,SCLSU Mud Dogs,4426388,Jameson Williams,WR,BE,False,11.2,11.05,False
15,True,8,SCLSU Mud Dogs,3054212,Jonnu Smith,TE,BE,False,15.3,8.88,False
15,True,8,SCLSU Mud Dogs,2985659,Wil Lutz,K,K,True,8.0,7.81,False
15,True,8,SCLSU Mud Dogs,4429013,Tank Bigsby,RB,BE,False,4.2,10.76,False
15,True,8,SCLSU Mud Dogs,3049899,Younghoe Koo,K,BE,False,8.0,7.37,False
15,True,8,SCLSU Mud Dogs,-16012,Chiefs D/ST,D/ST,D/ST,True,22.0,6.99,False
15,True,8,SCLSU Mud Dogs,4688813,Josh Downs,WR,BE,False,5.7,8.72,False
15,True,10,LaPorta Potty,4242335,Jonathan Taylor,RB,BE,False,9.6,12.17,False
15,True,10,LaPorta Potty,3043078,Derrick Henry,RB,RB,True,6.7,18.96,False
15,True,10,LaPorta Potty,4429160,De'Von Achane,RB,RB,True,12.1,16.35,False
15,True,10,LaPorta Potty,4430027,Sam LaPorta,TE,TE,True,14.6,9.15,False
15,True,10,LaPorta Potty,2976499,Amari Cooper,WR,WR,True,0.0,8.01,False
15,True,10,LaPorta Potty,3121422,Terry McLaurin,WR,WR,True,22.8,12.13,False
15,True,10,LaPorta Potty,3916148,Tony Pollard,RB,RB/WR/TE,True,8.5,14.69,False
15,True,10,LaPorta Potty,-16002,Bills D/ST,D/ST,BE,False,-4.0,3.65,False
15,True,10,LaPorta Potty,-16021,Eagles D/ST,D/ST,D/ST,True,10.0,7.68,False
15,True,10,LaPorta Potty,3124679,Jason Sanders,K,K,True,8.0,7.67,False
15,True,10,LaPorta Potty,3046779,Jared Goff,QB,QB,True,41.06,16.35,False
15,True,10,LaPorta Potty,4429084,Anthony Richardson,QB,BE,False,13.88,15.6,False
15,True,10,LaPorta Potty,4361050,Isaiah Likely,TE,BE,False,2.7,5.38,False
15,True,10,LaPorta Potty,3929785,Nick Westbrook-Ikhine,WR,BE,False,2.9,8.41,False
15,True,10,LaPorta Potty,4379416,Quay Walker,LB,DP,True,3.0,9.56,False
15,True,10,LaPorta Potty,4432620,Parker Washington,WR,BE,False,7.9,6.83,False
15,True,10,LaPorta Potty,4685247,Braelon Allen,RB,BE,False,0.5,4.76,False
15,True,2,Pour One Out For Mahomies!!,3918298,Josh Allen,QB,QB,True,41.28,21.51,False
15,True,2,Pour One Out For Mahomies!!,4239996,Travis Etienne Jr.,RB,RB,True,10.5,10.63,False
15,True,2,Pour One Out For Mahomies!!,4258173,Nico Collins,WR,BE,False,15.7,14.95,False
15,True,2,Pour One Out For Mahomies!!,4569173,Rhamondre Stevenson,RB,BE,False,9.0,12.34,False
15,True,2,Pour One Out For Mahomies!!,4612826,Ladd McConkey,WR,BE,False,14.3,11.72,False
15,True,2,Pour One Out For Mahomies!!,4683062,Xavier Worthy,WR,WR,True,16.6,9.66,False
15,True,2,Pour One Out For Mahomies!!,3128720,Nick Chubb,RB,RB,True,3.1,8.07,False
15,True,2,Pour One Out For Mahomies!!,3915189,Roquan Smith,LB,BE,False,5.0,10.41,False
15,True,2,Pour One Out For Mahomies!!,16460,Adam Thielen,WR,WR,True,7.6,9.53,False
15,True,2,Pour One Out For Mahomies!!,3116164,Mike Gesicki,TE,TE,True,5.2,5.74,False
15,True,2,Pour One Out For Mahomies!!,3121409,Noah Brown,WR,BE,False,0.0,0.0,False
15,True,2,Pour One Out For Mahomies!!,3051738,Marquez Valdes-Scantling,WR,BE,False,7.8,7.17,False
15,True,2,Pour One Out For Mahomies!!,4036378,Jordan Love,QB,BE,False,17.56,14.0,False
15,True,2,Pour One Out For Mahomies!!,4371961,Micah McFadden,LB,DP,True,13.0,10.17,False
15,True,2,Pour One Out For Mahomies!!,16731,Brandin Cooks,WR,RB/WR/TE,True,4.9,6.37,False
15,True,12,Rule  #76,3116406,Tyreek Hill,WR,WR,True,6.6,12.49,False
15,True,12,Rule  #76,4432708,Marvin Harrison Jr.,WR,BE,False,4.2,10.4,False
15,True,12,Rule  #76,4379399,James Cook,RB,RB,True,25.8,13.05,False
15,True,12,Rule  #76,4241478,DeVonta Smith,WR,BE,False,22.5,9.09,False
15,True,12,Rule  #76,4385690,Dalton Kincaid,TE,TE,True,7.3,7.78,False
15,True,12,Rule  #76,3917315,Kyler Murray,QB,QB,True,10.06,18.76,False
15,True,12,Rule  #76,4569987,Jaylen Warren,RB,BE,False,2.0,7.39,False
15,True,12,Rule  #76,4678008,Jonathon Brooks,RB,BE,False,0.0,0.0,False
15,True,12,Rule  #76,4035676,Zack Moss,RB,IR,False,0.0,0.0,False
15,True,12,Rule  #76,4038815,Rico Dowdle,RB,RB,True,14.9,13.47,False
15,True,12,Rule  #76,4432773,Brian Thomas Jr.,WR,WR,True,27.5,12.2,False
15,True,12,Rule  #76,4241463,Jerry Jeudy,WR,RB/WR/TE,True,16.3,11.57,False
15,True,12,Rule  #76,3917657,Zack Baun,LB,DP,True,5.0,11.35,False
15,True,12,Rule  #76,-16034,Texans D/ST,D/ST,BE,False,16.0,4.95,False
15,True,12,Rule  #76,2510863,Eric Kendricks,LB,BE,False,7.0,10.96,False
15,True,12,Rule  #76,-16030,Jaguars D/ST,D/ST,D/ST,True,-3.0,4.32,False
15,True,12,Rule  #76,2473037,Jason Myers,K,K,True,9.0,7.74,False
15,True,12,Rule  #76,4360635,Chig Okonkwo,TE,BE,False,9.9,5.35,False
15,True,9,Men of Will,4262921,Justin Jefferson,WR,WR,True,17.8,16.5,False
15,True,9,Men of Will,4426515,Puka Nacua,WR,WR,True,14.3,16.92,False
15,True,9,Men of Will,3916387,Lamar Jackson,QB,QB,True,37.1,23.94,False
15,True,9,Men of Will,4047650,DK Metcalf,WR,RB/WR/TE,True,4.3,11.64,False
15,True,9,Men of Will,4360248,Kyle Pitts,TE,TE,True,4.8,6.45,False
15,True,9,Men of Will,4241474,Brian Robinson Jr.,RB,RB,True,10.2,16.17,False
15,True,9,Men of Will,4241457,Najee Harris,RB,BE,False,2.6,10.22,False
15,True,9,Men of Will,4248528,Christian Watson,WR,BE,False,7.1,9.13,False
15,True,9,Men of Will,4038941,Justin Herbert,QB,BE,False,13.8,17.93,False
15,True,9,Men of Will,4430034,Xavier Legette,WR,BE,False,1.9,6.91,False
15,True,9,Men of Will,2468609,Taysom Hill,TE,BE,False,0.0,0.0,False
15,True,9,Men of Will,3043116,Demarcus Robinson,WR,BE,False,0.0,5.1,False
15,True,9,Men of Will,4360516,Tyrone Tracy Jr.,RB,RB,True,4.0,12.36,False
15,True,9,Men of Will,4372096,Luke Schoonmaker,TE,BE,False,1.0,1.77,False
15,True,9,Men of Will,4361331,Jamien Sherwood,LB,DP,True,9.0,10.14,False
15,True,9,Men of Will,-16024,Chargers D/ST,D/ST,D/ST,True,-4.0,6.12,False
15,True,9,Men of Will,3051909,Daniel Carlson,K,K,True,5.0,7.32,False
15,True,4,Injured Reserve ,3117251,Christian McCaffrey,RB,RB,True,0.0,0.0,False
15,True,4,Injured Reserve ,3116385,Joe Mixon,RB,BE,False,8.1,18.33,False
15,True,4,Injured Reserve ,4372016,Jaylen Waddle,WR,RB/WR/TE,True,0.0,10.03,False
15,True,4,Injured Reserve ,4360438,Brandon Aiyuk,WR,BE,False,0.0,0.0,False
15,True,4,Injured Reserve ,3915416,DJ Moore,WR,WR,True,11.0,12.18,False
15,True,4,Injured Reserve ,3915511,Joe Burrow,QB,BE,False,16.84,19.75,False
15,True,4,Injured Reserve ,4366031,Tank Dell,WR,WR,True,5.1,8.04,False
15,True,4,Injured Reserve ,3123076,David Njoku,TE,BE,False,0.0,0.0,False
15,True,4,Injured Reserve ,4429205,Jordan Addison,WR,BE,False,9.8,13.14,False
15,True,4,Injured Reserve ,3124005,Zaire Franklin,LB,DP,True,11.0,10.34,False
15,True,4,Injured Reserve ,4242431,Ty Chandler,RB,BE,False,1.4,0.32,False
15,True,4,Injured Reserve ,-16033,Ravens D/ST,D/ST,D/ST,True,8.0,8.13,False
15,True,4,Injured Reserve ,3916433,Jakobi Meyers,WR,BE,False,9.4,11.74,False
15,True,4,Injured Reserve ,3052587,Baker Mayfield,QB,QB,True,28.02,15.44,False
15,True,4,Injured Reserve ,3116365,Mark Andrews,TE,TE,True,9.4,8.9,False
15,True,4,Injured Reserve ,4038441,Justice Hill,RB,RB,True,15.3,6.28,False
15,True,4,Injured Reserve ,4372066,Jake Moody,K,K,True,9.0,7.64,False
16,True,1,Too Much Bama In Me ,4569618,Garrett Wilson,WR,WR,True,8.4,12.03,False
16,True,1,Too Much Bama In Me ,4429795,Jahmyr Gibbs,RB,RB,True,23.4,21.09,False
16,True,1,Too Much Bama In Me ,4035687,Michael Pittman Jr.,WR,BE,False,2.9,8.19,False
16,True,1,Too Much Bama In Me ,4047365,Josh Jacobs,RB,RB,True,18.7,21.99,False
16,True,1,Too Much Bama In Me ,4426354,George Pickens,WR,BE,False,0.0,0.0,False
16,True,1,Too Much Bama In Me ,4361307,Trey McBride,TE,TE,True,3.5,13.2,False
16,True,1,Too Much Bama In Me ,4373678,Khalil Shakir,WR,WR,True,3.2,11.41,False
16,True,1,Too Much Bama In Me ,15835,Zach Ertz,TE,BE,False,1.7,7.76,False
16,True,1,Too Much Bama In Me ,4689936,Jake Bates,K,K,True,9.0,8.94,False
16,True,1,Too Much Bama In Me ,4241479,Tua Tagovailoa,QB,QB,True,12.5,15.95,False
16,True,1,Too Much Bama In Me ,4360078,Alec Pierce,WR,BE,False,0.0,0.0,False
16,True,1,Too Much Bama In Me ,14881,Russell Wilson,QB,BE,False,15.38,14.88,False
16,True,1,Too Much Bama In Me ,-16027,Buccaneers D/ST,D/ST,D/ST,True,1.0,6.22,False
16,True,1,Too Much Bama In Me ,4043130,Jordyn Brooks,LB,DP,True,9.0,9.57,False
16,True,1,Too Much Bama In Me ,-16026,Seahawks D/ST,D/ST,BE,False,5.0,5.77,False
16,True,1,Too Much Bama In Me ,4372019,Jerome Ford,RB,BE,False,21.6,9.09,False
16,True,1,Too Much Bama In Me ,4599739,Kendre Miller,RB,RB/WR/TE,True,4.1,10.96,False
16,True,11,ConcreteJungleWet DreamTomato,4430807,Bijan Robinson,RB,RB,True,23.3,18.86,False
16,True,11,ConcreteJungleWet DreamTomato,16800,Davante Adams,WR,WR,True,16.3,14.99,False
16,True,11,ConcreteJungleWet DreamTomato,4040715,Jalen Hurts,QB,QB,True,4.54,22.18,False
16,True,11,ConcreteJungleWet DreamTomato,4595348,Malik Nabers,WR,WR,True,10.3,14.12,False
16,True,11,ConcreteJungleWet DreamTomato,4361579,Javonte Williams,RB,RB,True,8.8,9.94,False
16,True,11,ConcreteJungleWet DreamTomato,4635008,Keon Coleman,WR,RB/WR/TE,True,2.2,8.96,False
16,True,11,ConcreteJungleWet DreamTomato,4241985,J.K. Dobbins,RB,IR,False,0.0,0.0,False
16,True,11,ConcreteJungleWet DreamTomato,-16025,49ers D/ST,D/ST,BE,False,-2.0,5.23,False
16,True,11,ConcreteJungleWet DreamTomato,4426338,Bo Nix,QB,BE,False,21.02,15.47,False
16,True,11,ConcreteJungleWet DreamTomato,3116724,Germaine Pratt,LB,BE,False,5.0,9.65,False
16,True,11,ConcreteJungleWet DreamTomato,4572680,Tucker Kraft,TE,BE,False,8.0,6.03,False
16,True,11,ConcreteJungleWet DreamTomato,4569587,Wan'Dale Robinson,WR,BE,False,9.7,7.18,False
16,True,11,ConcreteJungleWet DreamTomato,4036133,T.J. Hockenson,TE,TE,True,3.7,8.55,False
16,True,11,ConcreteJungleWet DreamTomato,4372414,Elijah Moore,WR,BE,False,3.1,6.55,False
16,True,11,ConcreteJungleWet DreamTomato,3150744,Chase McLaughlin,K,K,True,7.0,8.56,False
16,True,11,ConcreteJungleWet DreamTomato,4362851,Ernest Jones IV,LB,DP,True,5.0,10.11,False
16,True,11,ConcreteJungleWet DreamTomato,4372561,Isaac Guerendo,RB,BE,False,0.0,0.0,False
16,True,11,ConcreteJungleWet DreamTomato,-16004,Bengals D/ST,D/ST,D/ST,True,17.0,6.28,False
16,True,8,SCLSU Mud Dogs,4427366,Breece Hall,RB,RB,True,11.5,13.15,False
16,True,8,SCLSU Mud Dogs,4426502,Drake London,WR,WR,True,9.4,11.73,False
16,True,8,SCLSU Mud Dogs,4361370,Chris Olave,WR,IR,False,0.0,0.0,False
16,True,8,SCLSU Mud Dogs,4239993,Tee Higgins,WR,WR,True,15.8,12.9,False
16,True,8,SCLSU Mud Dogs,4362249,Jayden Reed,WR,BE,False,9.6,9.59,False
16,True,8,SCLSU Mud Dogs,4432665,Brock Bowers,TE,TE,True,15.4,12.4,False
16,True,8,SCLSU Mud Dogs,4426348,Jayden Daniels,QB,QB,True,34.42,19.27,False
16,True,8,SCLSU Mud Dogs,3121544,T.J. Edwards,LB,DP,True,8.0,9.24,False
16,True,8,SCLSU Mud Dogs,4596448,Bucky Irving,RB,RB/WR/TE,True,16.7,12.95,False
16,True,8,SCLSU Mud Dogs,4362238,Chase Brown,RB,RB,True,12.4,17.22,False
16,True,8,SCLSU Mud Dogs,4426388,Jameson Williams,WR,BE,False,23.5,10.67,False
16,True,8,SCLSU Mud Dogs,3054212,Jonnu Smith,TE,BE,False,9.2,10.05,False
16,True,8,SCLSU Mud Dogs,2985659,Wil Lutz,K,K,True,12.0,7.5,False
16,True,8,SCLSU Mud Dogs,4429013,Tank Bigsby,RB,BE,False,9.6,8.39,False
16,True,8,SCLSU Mud Dogs,3049899,Younghoe Koo,K,BE,False,0.0,0.0,False
16,True,8,SCLSU Mud Dogs,-16012,Chiefs D/ST,D/ST,BE,False,6.0,6.48,False
16,True,8,SCLSU Mud Dogs,-16001,Falcons D/ST,D/ST,D/ST,True,26.0,7.23,False
16,True,8,SCLSU Mud Dogs,4360423,Michael Penix Jr.,QB,BE,False,6.38,14.7,False
16,True,13,Christopher's Kryptonite ,4374302,Amon-Ra St. Brown,WR,WR,True,16.0,14.64,False
16,True,13,Christopher's Kryptonite ,4430737,Kyren Williams,RB,RB,True,19.4,15.6,False
16,True,13,Christopher's Kryptonite ,3139477,Patrick Mahomes,QB,BE,False,23.7,15.49,False
16,True,13,Christopher's Kryptonite ,16737,Mike Evans,WR,WR,True,9.4,13.92,False
16,True,13,Christopher's Kryptonite ,3045147,James Conner,RB,RB,True,24.6,19.15,False
16,True,13,Christopher's Kryptonite ,4259545,D'Andre Swift,RB,BE,False,6.8,12.65,False
16,True,13,Christopher's Kryptonite ,4429275,Trey Benson,RB,BE,False,0.0,0.0,False
16,True,13,Christopher's Kryptonite ,4360569,Jordan Mason,RB,IR,False,0.0,0.0,False
16,True,13,Christopher's Kryptonite ,-16007,Broncos D/ST,D/ST,BE,False,2.0,6.8,False
16,True,13,Christopher's Kryptonite ,17372,Chris Boswell,K,K,True,7.0,7.83,False
16,True,13,Christopher's Kryptonite ,3886598,Jauan Jennings,WR,RB/WR/TE,True,8.1,12.15,False
16,True,13,Christopher's Kryptonite ,4429025,Quentin Johnston,WR,BE,False,3.3,8.87,False
16,True,13,Christopher's Kryptonite ,4241597,Daiyan Henley,LB,DP,True,10.0,9.47,False
16,True,13,Christopher's Kryptonite ,4426385,Zach Charbonnet,RB,BE,False,2.3,6.5,False
16,True,13,Christopher's Kryptonite ,4242355,Jake Ferguson,TE,TE,True,7.0,6.76,False
16,True,13,Christopher's Kryptonite ,-16011,Colts D/ST,D/ST,D/ST,True,6.0,6.05,False
16,True,13,Christopher's Kryptonite ,8439,Aaron Rodgers,QB,QB,True,12.84,16.9,False
16,True,13,Christopher's Kryptonite ,4241372,Hollywood Brown,WR,BE,False,7.0,1.68,False
16,True,5,Jones in for a Repeat,4362628,Ja'Marr Chase,WR,WR,True,19.4,18.21,False
16,True,5,Jones in for a Repeat,3126486,Deebo Samuel Sr.,WR,BE,False,21.6,10.58,False
16,True,5,Jones in for a Repeat,4567048,Kenneth Walker III,RB,RB,True,9.9,13.31,False
16,True,5,Jones in for a Repeat,3042519,Aaron Jones,RB,RB,True,10.8,13.73,False
16,True,5,Jones in for a Repeat,15818,Keenan Allen,WR,RB/WR/TE,True,24.6,11.19,False
16,True,5,Jones in for a Repeat,4430878,Jaxon Smith-Njigba,WR,WR,True,20.0,11.66,False
16,True,5,Jones in for a Repeat,3912547,Sam Darnold,QB,QB,True,22.94,16.83,False
16,True,5,Jones in for a Repeat,-16023,Steelers D/ST,D/ST,BE,False,-1.0,2.72,False
16,True,5,Jones in for a Repeat,-16016,Vikings D/ST,D/ST,D/ST,True,5.0,7.09,False
16,True,5,Jones in for a Repeat,3059915,Kareem Hunt,RB,BE,False,14.9,6.49,False
16,True,5,Jones in for a Repeat,3046439,Hunter Henry,TE,TE,True,11.9,9.08,False
16,True,5,Jones in for a Repeat,4369863,Cedric Tillman,WR,BE,False,0.0,0.0,False
16,True,5,Jones in for a Repeat,4361411,Pat Freiermuth,TE,BE,False,3.1,7.71,False
16,True,5,Jones in for a Repeat,4426403,Nick Cross,S,DP,True,1.0,8.45,False
16,True,5,Jones in for a Repeat,4567104,Will Reichard,K,K,True,12.0,7.7,False
16,True,5,Jones in for a Repeat,4695404,Isaiah Davis,RB,BE,False,1.2,3.4,False
16,True,5,Jones in for a Repeat,4048244,Alexander Mattison,RB,BE,False,13.6,10.66,False
16,True,6,Thom-ASS,3929630,Saquon Barkley,RB,RB,True,27.0,18.5,False
16,True,6,Thom-ASS,4047646,A.J. Brown,WR,WR,True,20.7,13.38,False
16,True,6,Thom-ASS,15847,Travis Kelce,TE,TE,True,5.5,10.25,False
16,True,6,Thom-ASS,3054850,Alvin Kamara,RB,RB/WR/TE,True,0.0,0.0,False
16,True,6,Thom-ASS,3925357,Calvin Ridley,WR,BE,False,15.3,10.04,False
16,True,6,Thom-ASS,4429615,Zay Flowers,WR,BE,False,12.8,12.62,False
16,True,6,Thom-ASS,4361741,Brock Purdy,QB,QB,True,21.12,17.39,False
16,True,6,Thom-ASS,3128429,Courtland Sutton,WR,WR,True,7.5,11.09,False
16,True,6,Thom-ASS,4241416,Chuba Hubbard,RB,RB,True,30.5,15.0,False
16,True,6,Thom-ASS,15795,DeAndre Hopkins,WR,BE,False,5.7,7.21,False
16,True,6,Thom-ASS,3953687,Brandon Aubrey,K,K,True,21.0,7.7,False
16,True,6,Thom-ASS,4258595,Cole Kmet,TE,BE,False,7.9,4.53,False
16,True,6,Thom-ASS,4362081,Cameron Dicker,K,BE,False,10.0,7.61,False
16,True,6,Thom-ASS,3124890,Kaden Elliss,LB,DP,True,11.0,9.51,False
16,True,6,Thom-ASS,-16008,Lions D/ST,D/ST,BE,False,6.0,5.27,False
16,True,6,Thom-ASS,12483,Matthew Stafford,QB,BE,False,6.0,16.03,False
16,True,6,Thom-ASS,-16009,Packers D/ST,D/ST,D/ST,True,15.0,7.62,False
16,True,10,LaPorta Potty,4242335,Jonathan Taylor,RB,RB,True,39.8,14.32,False
16,True,10,LaPorta Potty,3043078,Derrick Henry,RB,RB,True,19.9,16.75,False
16,True,10,LaPorta Potty,4429160,De'Von Achane,RB,RB/WR/TE,True,28.0,16.61,False
16,True,10,LaPorta Potty,4430027,Sam LaPorta,TE,TE,True,12.3,9.75,False
16,True,10,LaPorta Potty,2976499,Amari Cooper,WR,BE,False,1.5,5.64,False
16,True,10,LaPorta Potty,3121422,Terry McLaurin,WR,WR,True,14.5,12.81,False
16,True,10,LaPorta Potty,3916148,Tony Pollard,RB,BE,False,8.0,12.88,False
16,True,10,LaPorta Potty,-16002,Bills D/ST,D/ST,D/ST,True,13.0,6.03,False
16,True,10,LaPorta Potty,-16021,Eagles D/ST,D/ST,BE,False,7.0,6.18,False
16,True,10,LaPorta Potty,3124679,Jason Sanders,K,K,True,21.0,7.95,False
16,True,10,LaPorta Potty,3046779,Jared Goff,QB,BE,False,25.34,18.11,False
16,True,10,LaPorta Potty,4429084,Anthony Richardson,QB,QB,True,20.24,16.06,False
16,True,10,LaPorta Potty,4361050,Isaiah Likely,TE,BE,False,10.4,5.58,False
16,True,10,LaPorta Potty,3929785,Nick Westbrook-Ikhine,WR,BE,False,8.7,6.09,False
16,True,10,LaPorta Potty,4432620,Parker Washington,WR,WR,True,8.4,6.06,False
16,True,10,LaPorta Potty,4685247,Braelon Allen,RB,BE,False,1.5,4.43,False
16,True,10,LaPorta Potty,3129446,Robert Spillane,LB,DP,True,8.0,9.89,False
16,True,3,Jim Ward's Ole Dick Necks,4241389,CeeDee Lamb,WR,WR,True,14.0,13.49,False
16,True,3,Jim Ward's Ole Dick Necks,4361529,Isiah Pacheco,RB,RB,True,3.0,8.43,False
16,True,3,Jim Ward's Ole Dick Necks,4697815,Rachaad White,RB,RB,True,7.5,10.81,False
16,True,3,Jim Ward's Ole Dick Necks,2977187,Cooper Kupp,WR,WR,True,3.9,12.1,False
16,True,3,Jim Ward's Ole Dick Necks,4432577,C.J. Stroud,QB,QB,True,16.06,14.61,False
16,True,3,Jim Ward's Ole Dick Necks,3068267,Austin Ekeler,RB,IR,False,0.0,0.0,False
16,True,3,Jim Ward's Ole Dick Necks,3040151,George Kittle,TE,TE,True,14.6,11.49,False
16,True,3,Jim Ward's Ole Dick Necks,4373626,Tyler Allgeier,RB,BE,False,3.6,6.83,False
16,True,3,Jim Ward's Ole Dick Necks,4040655,Darnell Mooney,WR,RB/WR/TE,True,10.7,8.02,False
16,True,3,Jim Ward's Ole Dick Necks,2971573,Ka'imi Fairbairn,K,BE,False,7.0,7.68,False
16,True,3,Jim Ward's Ole Dick Necks,14979,Bobby Wagner,LB,DP,True,9.0,9.38,False
16,True,3,Jim Ward's Ole Dick Necks,4243331,Cade Otton,TE,BE,False,0.0,0.0,False
16,True,3,Jim Ward's Ole Dick Necks,4040761,Devin Singletary,RB,BE,False,1.2,6.34,False
16,True,3,Jim Ward's Ole Dick Necks,15864,Geno Smith,QB,BE,False,21.36,14.05,False
16,True,3,Jim Ward's Ole Dick Necks,3917232,Tyler Bass,K,K,True,8.0,8.77,False
16,True,3,Jim Ward's Ole Dick Necks,4569465,Jack Campbell,LB,BE,False,7.0,9.48,False
16,True,3,Jim Ward's Ole Dick Necks,-16020,Jets D/ST,D/ST,D/ST,True,4.0,4.25,False
16,True,3,Jim Ward's Ole Dick Necks,4431299,Rome Odunze,WR,BE,False,7.7,9.74,False
16,True,12,Rule  #76,3116406,Tyreek Hill,WR,BE,False,10.4,12.69,False
16,True,12,Rule  #76,4432708,Marvin Harrison Jr.,WR,BE,False,5.9,10.51,False
16,True,12,Rule  #76,4379399,James Cook,RB,RB,True,26.1,16.09,False
16,True,12,Rule  #76,4241478,DeVonta Smith,WR,WR,True,8.1,10.6,False
16,True,12,Rule  #76,4385690,Dalton Kincaid,TE,TE,True,3.5,8.37,False
16,True,12,Rule  #76,3917315,Kyler Murray,QB,QB,True,20.38,19.51,False
16,True,12,Rule  #76,4569987,Jaylen Warren,RB,BE,False,11.7,8.18,False
16,True,12,Rule  #76,4678008,Jonathon Brooks,RB,BE,False,0.0,0.0,False
16,True,12,Rule  #76,4035676,Zack Moss,RB,IR,False,0.0,0.0,False
16,True,12,Rule  #76,4038815,Rico Dowdle,RB,RB,True,6.6,11.15,False
16,True,12,Rule  #76,4432773,Brian Thomas Jr.,WR,WR,True,23.7,13.21,False
16,True,12,Rule  #76,4241463,Jerry Jeudy,WR,RB/WR/TE,True,3.0,10.35,False
16,True,12,Rule  #76,3917657,Zack Baun,LB,DP,True,12.0,11.6,False
16,True,12,Rule  #76,-16034,Texans D/ST,D/ST,BE,False,0.0,7.17,False
16,True,12,Rule  #76,2510863,Eric Kendricks,LB,BE,False,0.0,10.92,False
16,True,12,Rule  #76,-16030,Jaguars D/ST,D/ST,D/ST,True,2.0,4.34,False
16,True,12,Rule  #76,2473037,Jason Myers,K,K,True,6.0,7.52,False
16,True,12,Rule  #76,4360635,Chig Okonkwo,TE,BE,False,14.6,5.55,False
16,True,9,Men of Will,4262921,Justin Jefferson,WR,WR,True,31.4,15.74,False
16,True,9,Men of Will,4426515,Puka Nacua,WR,WR,True,9.6,17.06,False
16,True,9,Men of Will,3916387,Lamar Jackson,QB,QB,True,20.48,24.0,False
16,True,9,Men of Will,4047650,DK Metcalf,WR,RB/WR/TE,True,13.2,10.69,False
16,True,9,Men of Will,4360248,Kyle Pitts,TE,TE,True,1.2,6.73,False
16,True,9,Men of Will,4241474,Brian Robinson Jr.,RB,RB,True,1.1,12.58,False
16,True,9,Men of Will,4241457,Najee Harris,RB,BE,False,4.2,9.69,False
16,True,9,Men of Will,4248528,Christian Watson,WR,BE,False,2.3,9.83,False
16,True,9,Men of Will,4038941,Justin Herbert,QB,BE,False,22.16,14.76,False
16,True,9,Men of Will,4430034,Xavier Legette,WR,BE,False,0.0,0.0,False
16,True,9,Men of Will,2468609,Taysom Hill,TE,BE,False,0.0,0.0,False
16,True,9,Men of Will,3043116,Demarcus Robinson,WR,BE,False,1.0,4.22,False
16,True,9,Men of Will,4360516,Tyrone Tracy Jr.,RB,RB,True,14.9,12.13,False
16,True,9,Men of Will,4372096,Luke Schoonmaker,TE,BE,False,1.8,1.76,False
16,True,9,Men of Will,4361331,Jamien Sherwood,LB,DP,True,8.0,9.93,False
16,True,9,Men of Will,-16024,Chargers D/ST,D/ST,D/ST,True,1.0,5.71,False
16,True,9,Men of Will,3051909,Daniel Carlson,K,K,True,7.0,7.42,False
16,True,2,Pour One Out For Mahomies!!,3918298,Josh Allen,QB,QB,True,11.16,25.55,False
16,True,2,Pour One Out For Mahomies!!,4239996,Travis Etienne Jr.,RB,RB,True,4.7,11.62,False
16,True,2,Pour One Out For Mahomies!!,4258173,Nico Collins,WR,BE,False,10.5,14.18,False
16,True,2,Pour One Out For Mahomies!!,4569173,Rhamondre Stevenson,RB,BE,False,11.8,12.06,False
16,True,2,Pour One Out For Mahomies!!,4612826,Ladd McConkey,WR,BE,False,12.7,10.74,False
16,True,2,Pour One Out For Mahomies!!,4683062,Xavier Worthy,WR,WR,True,17.0,9.31,False
16,True,2,Pour One Out For Mahomies!!,3128720,Nick Chubb,RB,RB,True,0.0,0.0,False
16,True,2,Pour One Out For Mahomies!!,3915189,Roquan Smith,LB,BE,False,10.0,10.25,False
16,True,2,Pour One Out For Mahomies!!,16460,Adam Thielen,WR,WR,True,12.8,10.12,False
16,True,2,Pour One Out For Mahomies!!,3116164,Mike Gesicki,TE,TE,True,2.4,6.11,False
16,True,2,Pour One Out For Mahomies!!,3121409,Noah Brown,WR,BE,False,0.0,0.0,False
16,True,2,Pour One Out For Mahomies!!,3051738,Marquez Valdes-Scantling,WR,BE,False,0.0,0.0,False
16,True,2,Pour One Out For Mahomies!!,4036378,Jordan Love,QB,BE,False,11.48,15.13,False
16,True,2,Pour One Out For Mahomies!!,4371961,Micah McFadden,LB,DP,True,5.0,10.65,False
16,True,2,Pour One Out For Mahomies!!,16731,Brandin Cooks,WR,RB/WR/TE,True,6.3,6.69,False
16,True,4,Injured Reserve ,3117251,Christian McCaffrey,RB,BE,False,0.0,0.0,False
16,True,4,Injured Reserve ,3116385,Joe Mixon,RB,BE,False,7.6,16.67,False
16,True,4,Injured Reserve ,4372016,Jaylen Waddle,WR,RB/WR/TE,True,0.0,0.0,False
16,True,4,Injured Reserve ,4360438,Brandon Aiyuk,WR,BE,False,0.0,0.0,False
16,True,4,Injured Reserve ,3915416,DJ Moore,WR,WR,True,10.5,12.77,False
16,True,4,Injured Reserve ,3915511,Joe Burrow,QB,BE,False,21.98,20.53,False
16,True,4,Injured Reserve ,4366031,Tank Dell,WR,WR,True,19.8,7.38,False
16,True,4,Injured Reserve ,3123076,David Njoku,TE,BE,False,11.6,9.5,False
16,True,4,Injured Reserve ,4429205,Jordan Addison,WR,BE,False,12.0,11.36,False
16,True,4,Injured Reserve ,3124005,Zaire Franklin,LB,DP,True,7.0,10.08,False
16,True,4,Injured Reserve ,4242431,Ty Chandler,RB,RB,True,1.0,0.28,False
16,True,4,Injured Reserve ,-16033,Ravens D/ST,D/ST,D/ST,True,14.0,7.24,False
16,True,4,Injured Reserve ,3916433,Jakobi Meyers,WR,BE,False,5.1,12.09,False
16,True,4,Injured Reserve ,3052587,Baker Mayfield,QB,QB,True,22.32,17.9,False
16,True,4,Injured Reserve ,3116365,Mark Andrews,TE,TE,True,11.8,8.35,False
16,True,4,Injured Reserve ,4038441,Justice Hill,RB,RB,True,3.0,6.68,False
16,True,4,Injured Reserve ,4372066,Jake Moody,K,K,True,4.0,7.41,False
17,True,8,SCLSU Mud Dogs,4427366,Breece Hall,RB,RB,True,6.8,13.78,False
17,True,8,SCLSU Mud Dogs,4426502,Drake London,WR,WR,True,14.1,11.62,False
17,True,8,SCLSU Mud Dogs,4361370,Chris Olave,WR,IR,False,0.0,0.0,False
17,True,8,SCLSU Mud Dogs,4239993,Tee Higgins,WR,WR,True,34.6,14.68,False
17,True,8,SCLSU Mud Dogs,4362249,Jayden Reed,WR,BE,False,1.1,10.01,False
17,True,8,SCLSU Mud Dogs,4432665,Brock Bowers,TE,TE,True,11.1,11.27,False
17,True,8,SCLSU Mud Dogs,4426348,Jayden Daniels,QB,QB,True,31.78,21.45,False
17,True,8,SCLSU Mud Dogs,3121544,T.J. Edwards,LB,DP,True,6.0,9.08,False
17,True,8,SCLSU Mud Dogs,4596448,Bucky Irving,RB,RB/WR/TE,True,21.0,16.06,False
17,True,8,SCLSU Mud Dogs,4362238,Chase Brown,RB,RB,True,11.1,15.11,False
17,True,8,SCLSU Mud Dogs,4426388,Jameson Williams,WR,BE,False,22.0,11.75,False
17,True,8,SCLSU Mud Dogs,3054212,Jonnu Smith,TE,BE,False,10.1,6.66,False
17,True,8,SCLSU Mud Dogs,2985659,Wil Lutz,K,K,True,6.0,7.9,False
17,True,8,SCLSU Mud Dogs,4429013,Tank Bigsby,RB,BE,False,3.3,9.69,False
17,True,8,SCLSU Mud Dogs,4360423,Michael Penix Jr.,QB,BE,False,12.22,13.02,False
17,True,8,SCLSU Mud Dogs,-16015,Dolphins D/ST,D/ST,D/ST,True,11.0,7.27,False
17,True,8,SCLSU Mud Dogs,4430834,Jalen McMillan,WR,BE,False,20.5,9.4,False
17,True,8,SCLSU Mud Dogs,4428557,Tyjae Spears,RB,BE,False,11.8,13.39,False
17,True,11,ConcreteJungleWet DreamTomato,4430807,Bijan Robinson,RB,RB,True,23.3,16.52,False
17,True,11,ConcreteJungleWet DreamTomato,16800,Davante Adams,WR,WR,True,7.2,16.7,False
17,True,11,ConcreteJungleWet DreamTomato,4040715,Jalen Hurts,QB,BE,False,0.0,0.0,False
17,True,11,ConcreteJungleWet DreamTomato,4595348,Malik Nabers,WR,WR,True,32.6,13.77,False
17,True,11,ConcreteJungleWet DreamTomato,4361579,Javonte Williams,RB,RB,True,2.0,7.36,False
17,True,11,ConcreteJungleWet DreamTomato,4635008,Keon Coleman,WR,BE,False,10.2,7.24,False
17,True,11,ConcreteJungleWet DreamTomato,4241985,J.K. Dobbins,RB,IR,False,14.8,12.53,False
17,True,11,ConcreteJungleWet DreamTomato,-16025,49ers D/ST,D/ST,BE,False,-2.0,3.28,False
17,True,11,ConcreteJungleWet DreamTomato,4426338,Bo Nix,QB,QB,True,21.86,17.9,False
17,True,11,ConcreteJungleWet DreamTomato,3116724,Germaine Pratt,LB,BE,False,10.0,9.41,False
17,True,11,ConcreteJungleWet DreamTomato,4572680,Tucker Kraft,TE,BE,False,6.3,6.52,False
17,True,11,ConcreteJungleWet DreamTomato,4569587,Wan'Dale Robinson,WR,BE,False,15.6,7.93,False
17,True,11,ConcreteJungleWet DreamTomato,4036133,T.J. Hockenson,TE,TE,True,9.3,8.38,False
17,True,11,ConcreteJungleWet DreamTomato,4372414,Elijah Moore,WR,BE,False,0.6,5.32,False
17,True,11,ConcreteJungleWet DreamTomato,3150744,Chase McLaughlin,K,K,True,12.0,9.13,False
17,True,11,ConcreteJungleWet DreamTomato,4362851,Ernest Jones IV,LB,DP,True,6.0,9.91,False
17,True,11,ConcreteJungleWet DreamTomato,4372561,Isaac Guerendo,RB,RB/WR/TE,True,11.9,13.26,False
17,True,11,ConcreteJungleWet DreamTomato,-16004,Bengals D/ST,D/ST,D/ST,True,4.0,4.87,False
17,True,1,Too Much Bama In Me ,4569618,Garrett Wilson,WR,WR,True,14.1,12.17,False
17,True,1,Too Much Bama In Me ,4429795,Jahmyr Gibbs,RB,RB,True,24.3,22.28,False
17,True,1,Too Much Bama In Me ,4035687,Michael Pittman Jr.,WR,BE,False,21.4,9.61,False
17,True,1,Too Much Bama In Me ,4047365,Josh Jacobs,RB,RB,True,10.9,18.9,False
17,True,1,Too Much Bama In Me ,4426354,George Pickens,WR,RB/WR/TE,True,6.5,12.82,False
17,True,1,Too Much Bama In Me ,4361307,Trey McBride,TE,TE,True,24.3,12.03,False
17,True,1,Too Much Bama In Me ,4373678,Khalil Shakir,WR,WR,True,4.0,11.22,False
17,True,1,Too Much Bama In Me ,15835,Zach Ertz,TE,BE,False,22.2,7.76,False
17,True,1,Too Much Bama In Me ,4689936,Jake Bates,K,K,True,11.0,8.89,False
17,True,1,Too Much Bama In Me ,4360078,Alec Pierce,WR,BE,False,21.2,5.66,False
17,True,1,Too Much Bama In Me ,14881,Russell Wilson,QB,BE,False,17.7,15.17,False
17,True,1,Too Much Bama In Me ,-16027,Buccaneers D/ST,D/ST,BE,False,16.0,7.19,False
17,True,1,Too Much Bama In Me ,4043130,Jordyn Brooks,LB,DP,True,9.0,9.63,False
17,True,1,Too Much Bama In Me ,-16026,Seahawks D/ST,D/ST,D/ST,True,16.0,6.23,False
17,True,1,Too Much Bama In Me ,4372019,Jerome Ford,RB,BE,False,2.2,12.39,False
17,True,1,Too Much Bama In Me ,4599739,Kendre Miller,RB,BE,False,2.4,8.35,False
17,True,1,Too Much Bama In Me ,4685720,Bryce Young,QB,QB,True,16.92,15.13,False
17,True,13,Christopher's Kryptonite ,4374302,Amon-Ra St. Brown,WR,WR,True,16.0,14.06,False
17,True,13,Christopher's Kryptonite ,4430737,Kyren Williams,RB,RB,True,14.7,18.14,False
17,True,13,Christopher's Kryptonite ,3139477,Patrick Mahomes,QB,QB,True,26.0,17.48,False
17,True,13,Christopher's Kryptonite ,16737,Mike Evans,WR,WR,True,25.7,13.57,False
17,True,13,Christopher's Kryptonite ,3045147,James Conner,RB,RB/WR/TE,True,1.8,16.25,False
17,True,13,Christopher's Kryptonite ,4259545,D'Andre Swift,RB,BE,False,10.1,12.3,False
17,True,13,Christopher's Kryptonite ,4429275,Trey Benson,RB,BE,False,0.0,0.0,False
17,True,13,Christopher's Kryptonite ,4360569,Jordan Mason,RB,IR,False,0.0,0.0,False
17,True,13,Christopher's Kryptonite ,-16007,Broncos D/ST,D/ST,BE,False,3.0,4.31,False
17,True,13,Christopher's Kryptonite ,17372,Chris Boswell,K,K,True,4.0,8.02,False
17,True,13,Christopher's Kryptonite ,3886598,Jauan Jennings,WR,BE,False,10.2,12.48,False
17,True,13,Christopher's Kryptonite ,4429025,Quentin Johnston,WR,BE,False,7.3,10.27,False
17,True,13,Christopher's Kryptonite ,4241597,Daiyan Henley,LB,DP,True,0.0,9.7,False
17,True,13,Christopher's Kryptonite ,4426385,Zach Charbonnet,RB,RB,True,9.1,16.66,False
17,True,13,Christopher's Kryptonite ,4242355,Jake Ferguson,TE,TE,True,1.3,5.92,False
17,True,13,Christopher's Kryptonite ,-16011,Colts D/ST,D/ST,D/ST,True,-4.0,7.75,False
17,True,13,Christopher's Kryptonite ,8439,Aaron Rodgers,QB,BE,False,0.48,17.53,False
17,True,13,Christopher's Kryptonite ,4241372,Hollywood Brown,WR,BE,False,6.6,5.19,False
17,True,6,Thom-ASS,3929630,Saquon Barkley,RB,RB,True,17.9,19.3,False
17,True,6,Thom-ASS,4047646,A.J. Brown,WR,WR,True,11.1,14.0,False
17,True,6,Thom-ASS,15847,Travis Kelce,TE,TE,True,18.4,10.52,False
17,True,6,Thom-ASS,3054850,Alvin Kamara,RB,RB/WR/TE,True,0.0,0.0,False
17,True,6,Thom-ASS,3925357,Calvin Ridley,WR,BE,False,11.6,11.59,False
17,True,6,Thom-ASS,4429615,Zay Flowers,WR,BE,False,4.1,13.19,False
17,True,6,Thom-ASS,4361741,Brock Purdy,QB,QB,True,30.28,18.55,False
17,True,6,Thom-ASS,3128429,Courtland Sutton,WR,WR,True,14.0,12.02,False
17,True,6,Thom-ASS,4241416,Chuba Hubbard,RB,RB,True,0.0,0.0,False
17,True,6,Thom-ASS,15795,DeAndre Hopkins,WR,BE,False,1.7,6.7,False
17,True,6,Thom-ASS,3953687,Brandon Aubrey,K,K,True,0.0,7.31,False
17,True,6,Thom-ASS,4258595,Cole Kmet,TE,BE,False,1.0,3.16,False
17,True,6,Thom-ASS,4362081,Cameron Dicker,K,BE,False,17.0,8.32,False
17,True,6,Thom-ASS,3124890,Kaden Elliss,LB,DP,True,12.0,10.18,False
17,True,6,Thom-ASS,-16008,Lions D/ST,D/ST,BE,False,0.0,4.23,False
17,True,6,Thom-ASS,12483,Matthew Stafford,QB,BE,False,9.16,15.8,False
17,True,6,Thom-ASS,-16009,Packers D/ST,D/ST,D/ST,True,0.0,6.39,False
17,True,10,LaPorta Potty,4242335,Jonathan Taylor,RB,RB,True,26.6,18.76,False
17,True,10,LaPorta Potty,3043078,Derrick Henry,RB,RB,True,23.5,16.4,False
17,True,10,LaPorta Potty,4429160,De'Von Achane,RB,RB/WR/TE,True,4.8,13.88,False
17,True,10,LaPorta Potty,4430027,Sam LaPorta,TE,TE,True,15.4,9.24,False
17,True,10,LaPorta Potty,2976499,Amari Cooper,WR,BE,False,13.1,4.2,False
17,True,10,LaPorta Potty,3121422,Terry McLaurin,WR,WR,True,1.0,13.54,False
17,True,10,LaPorta Potty,3916148,Tony Pollard,RB,BE,False,0.0,0.0,False
17,True,10,LaPorta Potty,-16002,Bills D/ST,D/ST,BE,False,15.0,5.43,False
17,True,10,LaPorta Potty,-16021,Eagles D/ST,D/ST,D/ST,True,20.0,6.91,False
17,True,10,LaPorta Potty,3124679,Jason Sanders,K,K,True,10.0,6.92,False
17,True,10,LaPorta Potty,3046779,Jared Goff,QB,QB,True,25.82,16.89,False
17,True,10,LaPorta Potty,4429084,Anthony Richardson,QB,BE,False,0.0,0.0,False
17,True,10,LaPorta Potty,4361050,Isaiah Likely,TE,BE,False,7.4,5.2,False
17,True,10,LaPorta Potty,3929785,Nick Westbrook-Ikhine,WR,WR,True,5.2,7.01,False
17,True,10,LaPorta Potty,4432620,Parker Washington,WR,BE,False,10.6,6.56,False
17,True,10,LaPorta Potty,4685247,Braelon Allen,RB,BE,False,3.6,2.99,False
17,True,10,LaPorta Potty,3129446,Robert Spillane,LB,DP,True,10.0,9.68,False
17,True,5,Jones in for a Repeat,4362628,Ja'Marr Chase,WR,WR,True,14.7,18.32,False
17,True,5,Jones in for a Repeat,3126486,Deebo Samuel Sr.,WR,BE,False,9.6,12.59,False
17,True,5,Jones in for a Repeat,4567048,Kenneth Walker III,RB,BE,False,0.0,0.0,False
17,True,5,Jones in for a Repeat,3042519,Aaron Jones,RB,RB,True,9.7,13.28,False
17,True,5,Jones in for a Repeat,15818,Keenan Allen,WR,RB/WR/TE,True,5.0,12.06,False
17,True,5,Jones in for a Repeat,4430878,Jaxon Smith-Njigba,WR,WR,True,4.7,13.78,False
17,True,5,Jones in for a Repeat,3912547,Sam Darnold,QB,QB,True,24.78,17.36,False
17,True,5,Jones in for a Repeat,-16023,Steelers D/ST,D/ST,BE,False,-2.0,5.94,False
17,True,5,Jones in for a Repeat,-16016,Vikings D/ST,D/ST,D/ST,True,7.0,4.04,False
17,True,5,Jones in for a Repeat,3059915,Kareem Hunt,RB,BE,False,8.0,7.37,False
17,True,5,Jones in for a Repeat,3046439,Hunter Henry,TE,TE,True,0.0,8.46,False
17,True,5,Jones in for a Repeat,4369863,Cedric Tillman,WR,BE,False,0.0,0.0,False
17,True,5,Jones in for a Repeat,4361411,Pat Freiermuth,TE,BE,False,7.5,6.36,False
17,True,5,Jones in for a Repeat,4426403,Nick Cross,S,DP,True,8.0,8.18,False
17,True,5,Jones in for a Repeat,4567104,Will Reichard,K,K,True,9.0,7.84,False
17,True,5,Jones in for a Repeat,4695404,Isaiah Davis,RB,BE,False,6.8,2.91,False
17,True,5,Jones in for a Repeat,4048244,Alexander Mattison,RB,RB,True,4.3,12.24,False
17,True,3,Jim Ward's Ole Dick Necks,4241389,CeeDee Lamb,WR,BE,False,0.0,0.0,False
17,True,3,Jim Ward's Ole Dick Necks,4361529,Isiah Pacheco,RB,RB,True,1.8,7.9,False
17,True,3,Jim Ward's Ole Dick Necks,4697815,Rachaad White,RB,RB,True,3.9,12.4,False
17,True,3,Jim Ward's Ole Dick Necks,2977187,Cooper Kupp,WR,WR,True,3.4,11.02,False
17,True,3,Jim Ward's Ole Dick Necks,4432577,C.J. Stroud,QB,QB,True,6.1,15.59,False
17,True,3,Jim Ward's Ole Dick Necks,3068267,Austin Ekeler,RB,IR,False,0.0,0.0,False
17,True,3,Jim Ward's Ole Dick Necks,3040151,George Kittle,TE,TE,True,15.2,12.35,False
17,True,3,Jim Ward's Ole Dick Necks,4373626,Tyler Allgeier,RB,RB/WR/TE,True,1.9,6.31,False
17,True,3,Jim Ward's Ole Dick Necks,4040655,Darnell Mooney,WR,WR,True,4.7,8.04,False
17,True,3,Jim Ward's Ole Dick Necks,2971573,Ka'imi Fairbairn,K,BE,False,0.0,7.74,False
17,True,3,Jim Ward's Ole Dick Necks,14979,Bobby Wagner,LB,DP,True,6.0,9.18,False
17,True,3,Jim Ward's Ole Dick Necks,4243331,Cade Otton,TE,BE,False,0.0,0.0,False
17,True,3,Jim Ward's Ole Dick Necks,4040761,Devin Singletary,RB,BE,False,3.5,5.4,False
17,True,3,Jim Ward's Ole Dick Necks,15864,Geno Smith,QB,BE,False,8.3,16.79,False
17,True,3,Jim Ward's Ole Dick Necks,3917232,Tyler Bass,K,K,True,8.0,8.63,False
17,True,3,Jim Ward's Ole Dick Necks,4569465,Jack Campbell,LB,BE,False,9.0,9.29,False
17,True,3,Jim Ward's Ole Dick Necks,4431299,Rome Odunze,WR,BE,False,2.0,8.85,False
17,True,3,Jim Ward's Ole Dick Necks,-16013,Raiders D/ST,D/ST,D/ST,True,13.0,6.54,False
17,True,12,Rule  #76,3116406,Tyreek Hill,WR,RB/WR/TE,True,15.0,7.97,False
17,True,12,Rule  #76,4432708,Marvin Harrison Jr.,WR,BE,False,12.6,10.65,False
17,True,12,Rule  #76,4379399,James Cook,RB,RB,True,11.3,14.75,False
17,True,12,Rule  #76,4241478,DeVonta Smith,WR,WR,True,27.0,10.91,False
17,True,12,Rule  #76,4385690,Dalton Kincaid,TE,TE,True,3.4,8.62,False
17,True,12,Rule  #76,3917315,Kyler Murray,QB,QB,True,16.04,18.15,False
17,True,12,Rule  #76,4569987,Jaylen Warren,RB,BE,False,13.7,9.32,False
17,True,12,Rule  #76,4678008,Jonathon Brooks,RB,BE,False,0.0,0.0,False
17,True,12,Rule  #76,4035676,Zack Moss,RB,IR,False,0.0,0.0,False
17,True,12,Rule  #76,4038815,Rico Dowdle,RB,RB,True,10.3,10.82,False
17,True,12,Rule  #76,4432773,Brian Thomas Jr.,WR,WR,True,20.4,14.96,False
17,True,12,Rule  #76,4241463,Jerry Jeudy,WR,BE,False,16.4,7.92,False
17,True,12,Rule  #76,3917657,Zack Baun,LB,DP,True,7.0,11.16,False
17,True,12,Rule  #76,-16034,Texans D/ST,D/ST,BE,False,-1.0,2.85,False
17,True,12,Rule  #76,2510863,Eric Kendricks,LB,BE,False,9.0,10.8,False
17,True,12,Rule  #76,-16030,Jaguars D/ST,D/ST,D/ST,True,8.0,4.16,False
17,True,12,Rule  #76,2473037,Jason Myers,K,K,True,8.0,7.87,False
17,True,12,Rule  #76,4360635,Chig Okonkwo,TE,BE,False,9.4,8.01,False
17,True,4,Injured Reserve ,3117251,Christian McCaffrey,RB,BE,False,0.0,0.0,False
17,True,4,Injured Reserve ,3116385,Joe Mixon,RB,BE,False,4.9,14.65,False
17,True,4,Injured Reserve ,4372016,Jaylen Waddle,WR,RB/WR/TE,True,0.0,0.0,False
17,True,4,Injured Reserve ,4360438,Brandon Aiyuk,WR,BE,False,0.0,0.0,False
17,True,4,Injured Reserve ,3915416,DJ Moore,WR,WR,True,9.2,12.48,False
17,True,4,Injured Reserve ,3915511,Joe Burrow,QB,BE,False,36.98,19.61,False
17,True,4,Injured Reserve ,4366031,Tank Dell,WR,WR,True,0.0,0.0,False
17,True,4,Injured Reserve ,3123076,David Njoku,TE,BE,False,0.0,0.0,False
17,True,4,Injured Reserve ,4429205,Jordan Addison,WR,BE,False,15.9,12.94,False
17,True,4,Injured Reserve ,3124005,Zaire Franklin,LB,DP,True,16.0,10.03,False
17,True,4,Injured Reserve ,4242431,Ty Chandler,RB,RB,True,0.7,0.25,False
17,True,4,Injured Reserve ,-16033,Ravens D/ST,D/ST,D/ST,True,14.0,7.42,False
17,True,4,Injured Reserve ,3916433,Jakobi Meyers,WR,BE,False,14.6,10.88,False
17,True,4,Injured Reserve ,3052587,Baker Mayfield,QB,QB,True,34.56,19.47,False
17,True,4,Injured Reserve ,3116365,Mark Andrews,TE,TE,True,13.8,8.36,False
17,True,4,Injured Reserve ,4038441,Justice Hill,RB,RB,True,0.0,0.0,False
17,True,4,Injured Reserve ,4372066,Jake Moody,K,K,True,2.0,7.29,False
17,True,2,Pour One Out For Mahomies!!,3918298,Josh Allen,QB,QB,True,22.98,24.28,False
17,True,2,Pour One Out For Mahomies!!,4239996,Travis Etienne Jr.,RB,RB,True,8.0,10.97,False
17,True,2,Pour One Out For Mahomies!!,4258173,Nico Collins,WR,BE,False,7.4,15.39,False
17,True,2,Pour One Out For Mahomies!!,4569173,Rhamondre Stevenson,RB,BE,False,0.1,11.19,False
17,True,2,Pour One Out For Mahomies!!,4612826,Ladd McConkey,WR,BE,False,25.4,11.94,False
17,True,2,Pour One Out For Mahomies!!,4683062,Xavier Worthy,WR,WR,True,18.9,12.04,False
17,True,2,Pour One Out For Mahomies!!,3128720,Nick Chubb,RB,RB,True,0.0,0.0,False
17,True,2,Pour One Out For Mahomies!!,3915189,Roquan Smith,LB,BE,False,10.0,10.07,False
17,True,2,Pour One Out For Mahomies!!,16460,Adam Thielen,WR,WR,True,25.5,10.35,False
17,True,2,Pour One Out For Mahomies!!,3116164,Mike Gesicki,TE,TE,True,13.6,6.07,False
17,True,2,Pour One Out For Mahomies!!,3121409,Noah Brown,WR,BE,False,0.0,0.0,False
17,True,2,Pour One Out For Mahomies!!,3051738,Marquez Valdes-Scantling,WR,BE,False,0.0,7.27,False
17,True,2,Pour One Out For Mahomies!!,4036378,Jordan Love,QB,BE,False,14.0,14.17,False
17,True,2,Pour One Out For Mahomies!!,4371961,Micah McFadden,LB,DP,True,0.0,0.0,False
17,True,2,Pour One Out For Mahomies!!,16731,Brandin Cooks,WR,RB/WR/TE,True,7.2,7.04,False
17,True,9,Men of Will,4262921,Justin Jefferson,WR,WR,True,13.2,16.4,False
17,True,9,Men of Will,4426515,Puka Nacua,WR,WR,True,17.9,17.77,False
17,True,9,Men of Will,3916387,Lamar Jackson,QB,QB,True,29.42,22.1,False
17,True,9,Men of Will,4047650,DK Metcalf,WR,RB/WR/TE,True,5.7,11.91,False
17,True,9,Men of Will,4360248,Kyle Pitts,TE,TE,True,12.4,5.58,False
17,True,9,Men of Will,4241474,Brian Robinson Jr.,RB,RB,True,7.9,12.98,False
17,True,9,Men of Will,4241457,Najee Harris,RB,BE,False,9.1,9.64,False
17,True,9,Men of Will,4248528,Christian Watson,WR,BE,False,0.0,0.0,False
17,True,9,Men of Will,4038941,Justin Herbert,QB,BE,False,24.44,17.81,False
17,True,9,Men of Will,4430034,Xavier Legette,WR,BE,False,5.3,6.74,False
17,True,9,Men of Will,2468609,Taysom Hill,TE,BE,False,0.0,0.0,False
17,True,9,Men of Will,3043116,Demarcus Robinson,WR,BE,False,0.0,3.74,False
17,True,9,Men of Will,4360516,Tyrone Tracy Jr.,RB,RB,True,8.3,11.12,False
17,True,9,Men of Will,4372096,Luke Schoonmaker,TE,BE,False,0.0,1.84,False
17,True,9,Men of Will,4361331,Jamien Sherwood,LB,DP,True,10.0,9.92,False
17,True,9,Men of Will,-16024,Chargers D/ST,D/ST,D/ST,True,12.0,6.31,False
17,True,9,Men of Will,3051909,Daniel Carlson,K,K,True,15.0,7.35,False
