week,is_playoff,team_id,team_name,player_id,player_name,position,slot,started,points,projected_points,on_bye
1,False,10,Maitland Tiburon,3043078,Derrick Henry,RB,RB,True,14.6,16.44,False
1,False,10,Maitland Tiburon,16737,Mike Evans,WR,BE,False,6.7,10.45,False
1,False,10,Maitland Tiburon,2508176,David Johnson,RB,RB,True,18.4,13.53,False
1,False,10,Maitland Tiburon,15880,Robert Woods,WR,WR,True,14.9,11.72,False
1,False,10,Maitland Tiburon,3051876,Evan Engram,TE,TE,True,1.9,9.33,False
1,False,10,Maitland Tiburon,16790,Jarvis Landry,WR,WR,True,8.6,11.06,False
1,False,10,Maitland Tiburon,2573079,Carson Wentz,QB,QB,True,13.0,18.08,False
1,False,10,Maitland Tiburon,15920,Latavius Murray,RB,BE,False,4.8,6.33,False
1,False,10,Maitland Tiburon,3895856,Christian Kirk,WR,RB/WR/TE,True,0.5,8.78,False
1,False,10,Maitland Tiburon,4262921,Justin Jefferson,WR,BE,False,3.6,4.99,False
1,False,10,Maitland Tiburon,-16025,49ers D/ST,D/ST,D/ST,True,1.0,7.26,False
1,False,10,Maitland Tiburon,4035072,Benny Snell Jr.,RB,BE,False,11.3,4.17,False
1,False,10,Maitland Tiburon,2978304,Cory Littleton,LB,DP,True,6.0,8.8,False
1,False,10,Maitland Tiburon,16728,Teddy Bridgewater,QB,BE,False,19.36,15.69,False
1,False,10,Maitland Tiburon,10636,Mason Crosby,K,K,True,12.0,7.17,False
1,False,10,Maitland Tiburon,3123050,Chris Herndon,TE,BE,False,4.7,6.38,False
1,False,10,Maitland Tiburon,16757,Derek Carr,QB,BE,False,13.56,17.35,False
1,False,9,Tonie's Tigers,3051392,Ezekiel Elliott,RB,RB,True,26.2,18.55,False
1,False,9,Tonie's Tigers,3068267,Austin Ekeler,RB,RB,True,9.2,13.58,False
1,False,9,Tonie's Tigers,13982,Julio Jones,WR,WR,True,20.2,13.53,False
1,False,9,Tonie's Tigers,2977187,Cooper Kupp,WR,WR,True,6.0,11.45,False
1,False,9,Tonie's Tigers,4040761,Devin Singletary,RB,RB/WR/TE,True,8.8,10.28,False
1,False,9,Tonie's Tigers,3046439,Hunter Henry,TE,TE,True,9.8,8.14,False
1,False,9,Tonie's Tigers,2330,Tom Brady,QB,QB,True,20.46,18.44,False
1,False,9,Tonie's Tigers,15072,Marvin Jones Jr.,WR,BE,False,7.5,11.39,False
1,False,9,Tonie's Tigers,3066158,Tarik Cohen,RB,BE,False,5.7,8.53,False
1,False,9,Tonie's Tigers,4360294,Antonio Gibson,RB,BE,False,5.4,11.0,False
1,False,9,Tonie's Tigers,3915399,Preston Williams,WR,BE,False,5.1,8.69,False
1,False,9,Tonie's Tigers,14979,Bobby Wagner,LB,DP,True,7.0,10.24,False
1,False,9,Tonie's Tigers,11283,DeSean Jackson,WR,BE,False,6.6,9.83,False
1,False,9,Tonie's Tigers,-16011,Colts D/ST,D/ST,D/ST,True,6.0,7.02,False
1,False,9,Tonie's Tigers,3046779,Jared Goff,QB,BE,False,10.5,15.43,False
1,False,9,Tonie's Tigers,13217,Golden Tate,WR,BE,False,0.0,0.0,False
1,False,9,Tonie's Tigers,9704,Stephen Gostkowski,K,K,True,1.0,6.92,False
1,False,1,"Jim, Tannehill, Laundry ",3116593,Dalvin Cook,RB,RB,True,21.3,18.81,False
1,False,1,"Jim, Tannehill, Laundry ",4045163,Miles Sanders,RB,BE,False,0.0,0.0,False
1,False,1,"Jim, Tannehill, Laundry ",2976499,Amari Cooper,WR,WR,True,13.1,11.15,False
1,False,1,"Jim, Tannehill, Laundry ",16799,Allen Robinson II,WR,WR,True,9.8,12.05,False
1,False,1,"Jim, Tannehill, Laundry ",2576925,Darren Waller,TE,TE,True,7.5,10.89,False
1,False,1,"Jim, Tannehill, Laundry ",3122840,Deshaun Watson,QB,QB,True,20.82,21.95,False
1,False,1,"Jim, Tannehill, Laundry ",15818,Keenan Allen,WR,RB/WR/TE,True,5.7,11.12,False
1,False,1,"Jim, Tannehill, Laundry ",13983,A.J. Green,WR,BE,False,7.6,9.9,False
1,False,1,"Jim, Tannehill, Laundry ",4035676,Zack Moss,RB,RB,True,10.2,9.09,False
1,False,1,"Jim, Tannehill, Laundry ",4048244,Alexander Mattison,RB,BE,False,10.0,4.54,False
1,False,1,"Jim, Tannehill, Laundry ",3119195,Chase Edmonds,RB,BE,False,12.0,3.2,False
1,False,1,"Jim, Tannehill, Laundry ",3056362,Darius Leonard,LB,DP,True,10.0,10.19,False
1,False,1,"Jim, Tannehill, Laundry ",2985659,Wil Lutz,K,K,True,10.0,8.82,False
1,False,1,"Jim, Tannehill, Laundry ",14876,Ryan Tannehill,QB,BE,False,19.36,14.83,False
1,False,1,"Jim, Tannehill, Laundry ",4360438,Brandon Aiyuk,WR,BE,False,0.0,7.45,False
1,False,1,"Jim, Tannehill, Laundry ",3121023,Dallas Goedert,TE,BE,False,20.1,6.32,False
1,False,1,"Jim, Tannehill, Laundry ",-16010,Titans D/ST,D/ST,D/ST,True,3.0,6.58,False
1,False,6,This Year Will  Be A Brees ,4242214,Clyde Edwards-Helaire,RB,RB,True,19.8,13.65,False
1,False,6,This Year Will  Be A Brees ,3116406,Tyreek Hill,WR,WR,True,13.1,14.27,False
1,False,6,This Year Will  Be A Brees ,3045147,James Conner,RB,RB,True,2.7,14.64,False
1,False,6,This Year Will  Be A Brees ,3120348,JuJu Smith-Schuster,WR,WR,True,21.9,12.1,False
1,False,6,This Year Will  Be A Brees ,13229,Rob Gronkowski,TE,TE,True,2.1,7.9,False
1,False,6,This Year Will  Be A Brees ,4259545,D'Andre Swift,RB,BE,False,9.8,6.61,False
1,False,6,This Year Will  Be A Brees ,2976212,Stefon Diggs,WR,RB/WR/TE,True,12.6,11.09,False
1,False,6,This Year Will  Be A Brees ,2580,Drew Brees,QB,QB,True,14.4,17.52,False
1,False,6,This Year Will  Be A Brees ,2576716,Jamison Crowder,WR,BE,False,22.0,9.46,False
1,False,6,This Year Will  Be A Brees ,3128721,Sony Michel,RB,BE,False,9.7,7.53,False
1,False,6,This Year Will  Be A Brees ,13295,Emmanuel Sanders,WR,BE,False,9.0,8.68,False
1,False,6,This Year Will  Be A Brees ,9354,Robbie Gould,K,K,True,10.0,7.92,False
1,False,6,This Year Will  Be A Brees ,-16012,Chiefs D/ST,D/ST,BE,False,5.0,5.54,False
1,False,6,This Year Will  Be A Brees ,16760,Jimmy Garoppolo,QB,BE,False,19.26,16.27,False
1,False,6,This Year Will  Be A Brees ,3116164,Mike Gesicki,TE,BE,False,4.5,7.16,False
1,False,6,This Year Will  Be A Brees ,3915189,Roquan Smith,LB,DP,True,7.0,8.52,False
1,False,6,This Year Will  Be A Brees ,-16004,Bengals D/ST,D/ST,D/ST,True,2.0,7.02,False
1,False,8,SCLSU Mud Dogs,2976316,Michael Thomas,WR,RB/WR/TE,True,3.2,16.38,False
1,False,8,SCLSU Mud Dogs,16800,Davante Adams,WR,WR,True,34.6,15.0,False
1,False,8,SCLSU Mud Dogs,3040151,George Kittle,TE,TE,True,7.3,13.18,False
1,False,8,SCLSU Mud Dogs,15825,Le'Veon Bell,RB,RB,True,5.6,11.65,False
1,False,8,SCLSU Mud Dogs,4242335,Jonathan Taylor,RB,BE,False,11.9,9.96,False
1,False,8,SCLSU Mud Dogs,2577417,Dak Prescott,QB,QB,True,17.64,19.68,False
1,False,8,SCLSU Mud Dogs,14924,T.Y. Hilton,WR,WR,True,8.3,12.19,False
1,False,8,SCLSU Mud Dogs,3912550,Ronald Jones II,RB,BE,False,9.2,9.02,False
1,False,8,SCLSU Mud Dogs,2979477,Tevin Coleman,RB,BE,False,2.9,7.87,False
1,False,8,SCLSU Mud Dogs,3045138,Mike Williams,WR,BE,False,8.9,0.0,False
1,False,8,SCLSU Mud Dogs,3051439,Boston Scott,RB,RB,True,6.4,12.47,False
1,False,8,SCLSU Mud Dogs,3916148,Tony Pollard,RB,BE,False,4.2,4.34,False
1,False,8,SCLSU Mud Dogs,-16003,Bears D/ST,D/ST,D/ST,True,0.0,5.92,False
1,False,8,SCLSU Mud Dogs,11122,Matt Prater,K,K,True,11.0,8.26,False
1,False,8,SCLSU Mud Dogs,2514270,Jordan Hicks,LB,DP,True,6.0,9.08,False
1,False,8,SCLSU Mud Dogs,8479,Frank Gore,RB,BE,False,2.4,5.2,False
1,False,8,SCLSU Mud Dogs,4038524,Gardner Minshew II,QB,BE,False,20.82,15.52,False
1,False,5,Russ Finna Cuck,3128720,Nick Chubb,RB,RB,True,5.1,13.76,False
1,False,5,Russ Finna Cuck,2977644,Todd Gurley II,RB,RB,True,12.7,14.03,False
1,False,5,Russ Finna Cuck,16460,Adam Thielen,WR,WR,True,29.0,13.09,False
1,False,5,Russ Finna Cuck,2577327,Tyler Lockett,WR,WR,True,13.2,12.23,False
1,False,5,Russ Finna Cuck,3043275,Austin Hooper,TE,BE,False,3.5,6.5,False
1,False,5,Russ Finna Cuck,14881,Russell Wilson,QB,BE,False,31.78,19.81,False
1,False,5,Russ Finna Cuck,16913,James White,RB,RB/WR/TE,True,6.7,9.2,False
1,False,5,Russ Finna Cuck,3052117,Phillip Lindsay,RB,BE,False,4.0,8.87,False
1,False,5,Russ Finna Cuck,4035004,Mecole Hardman,WR,BE,False,1.1,6.14,False
1,False,5,Russ Finna Cuck,4241463,Jerry Jeudy,WR,BE,False,7.6,8.67,False
1,False,5,Russ Finna Cuck,14993,Greg Zuerlein,K,K,True,4.0,7.53,False
1,False,5,Russ Finna Cuck,13994,Cam Newton,QB,QB,True,25.7,18.07,False
1,False,5,Russ Finna Cuck,-16027,Buccaneers D/ST,D/ST,BE,False,2.0,4.34,False
1,False,5,Russ Finna Cuck,3138677,Leighton Vander Esch,LB,DP,True,3.0,9.65,False
1,False,5,Russ Finna Cuck,-16021,Eagles D/ST,D/ST,D/ST,True,5.0,8.68,False
1,False,5,Russ Finna Cuck,4052042,James Robinson,RB,BE,False,9.5,8.15,False
1,False,5,Russ Finna Cuck,16504,Jack Doyle,TE,TE,True,6.4,7.26,False
1,False,11,Dez (Bryant) Nuts,3117251,Christian McCaffrey,RB,RB,True,27.0,21.45,False
1,False,11,Dez (Bryant) Nuts,3919596,Chris Carson,RB,RB,True,21.6,13.93,False
1,False,11,Dez (Bryant) Nuts,15795,DeAndre Hopkins,WR,WR,True,23.1,12.74,False
1,False,11,Dez (Bryant) Nuts,3059915,Kareem Hunt,RB,BE,False,10.1,8.5,False
1,False,11,Dez (Bryant) Nuts,15835,Zach Ertz,TE,TE,True,9.3,10.19,False
1,False,11,Dez (Bryant) Nuts,3045144,Tyler Boyd,WR,BE,False,5.3,9.35,False
1,False,11,Dez (Bryant) Nuts,2576623,DeVante Parker,WR,RB/WR/TE,True,6.7,10.25,False
1,False,11,Dez (Bryant) Nuts,4036348,Michael Gallup,WR,WR,True,6.5,11.08,False
1,False,11,Dez (Bryant) Nuts,3916925,Kerryon Johnson,RB,BE,False,1.4,8.96,False
1,False,11,Dez (Bryant) Nuts,15683,Justin Tucker,K,K,True,9.0,8.71,False
1,False,11,Dez (Bryant) Nuts,-16023,Steelers D/ST,D/ST,D/ST,True,10.0,8.18,False
1,False,11,Dez (Bryant) Nuts,8439,Aaron Rodgers,QB,QB,True,30.76,16.17,False
1,False,11,Dez (Bryant) Nuts,3915511,Joe Burrow,QB,BE,False,16.32,14.38,False
1,False,11,Dez (Bryant) Nuts,3122132,Myles Garrett,DE,BE,False,3.0,4.84,False
1,False,11,Dez (Bryant) Nuts,3128390,Allen Lazard,WR,BE,False,16.2,6.72,False
1,False,11,Dez (Bryant) Nuts,4241479,Tua Tagovailoa,QB,BE,False,0.0,0.07,False
1,False,11,Dez (Bryant) Nuts,3045282,T.J. Watt,DE,DP,True,3.0,6.08,False
1,False,4,Thunder Thighs,3929630,Saquon Barkley,RB,RB,True,9.6,17.09,False
1,False,4,Thunder Thighs,15847,Travis Kelce,TE,TE,True,14.0,14.14,False
1,False,4,Thunder Thighs,2974858,Kenny Golladay,WR,BE,False,0.0,0.0,False
1,False,4,Thunder Thighs,3115394,DJ Chark Jr.,WR,WR,True,10.0,10.81,False
1,False,4,Thunder Thighs,3128429,Courtland Sutton,WR,BE,False,0.0,0.0,False
1,False,4,Thunder Thighs,11237,Matt Ryan,QB,QB,True,23.9,18.32,False
1,False,4,Thunder Thighs,4240021,Cam Akers,RB,RB,True,4.8,9.11,False
1,False,4,Thunder Thighs,3049916,Matt Breida,RB,RB/WR/TE,True,2.2,7.09,False
1,False,4,Thunder Thighs,16731,Brandin Cooks,WR,BE,False,3.0,7.36,False
1,False,4,Thunder Thighs,4039359,Darrell Henderson Jr.,RB,BE,False,0.6,4.96,False
1,False,4,Thunder Thighs,3916945,Darius Slayton,WR,WR,True,25.2,7.66,False
1,False,4,Thunder Thighs,2978273,Blake Martinez,LB,DP,True,13.0,10.0,False
1,False,4,Thunder Thighs,-16017,Patriots D/ST,D/ST,D/ST,True,12.0,7.39,False
1,False,4,Thunder Thighs,14880,Kirk Cousins,QB,BE,False,21.76,15.23,False
1,False,4,Thunder Thighs,4036133,T.J. Hockenson,TE,BE,False,15.1,7.07,False
1,False,4,Thunder Thighs,3925347,Damien Harris,RB,BE,False,0.0,0.0,False
1,False,4,Thunder Thighs,3049899,Younghoe Koo,K,K,True,9.0,8.01,False
1,False,2,Lamar  The Merrier!,3916387,Lamar Jackson,QB,QB,True,28.5,22.57,False
1,False,2,Lamar  The Merrier!,13981,Mark Ingram II,RB,RB,True,2.9,9.97,False
1,False,2,Lamar  The Merrier!,16733,Odell Beckham Jr.,WR,WR,True,3.7,11.56,False
1,False,2,Lamar  The Merrier!,2969962,Duke Johnson,RB,RB,True,1.4,7.52,False
1,False,2,Lamar  The Merrier!,4241389,CeeDee Lamb,WR,WR,True,8.4,8.28,False
1,False,2,Lamar  The Merrier!,2573401,Tyler Higbee,TE,TE,True,5.5,8.12,False
1,False,2,Lamar  The Merrier!,4035538,David Montgomery,RB,BE,False,7.9,9.36,False
1,False,2,Lamar  The Merrier!,12649,Julian Edelman,WR,RB/WR/TE,True,10.5,10.76,False
1,False,2,Lamar  The Merrier!,2991767,Blake Jarwin,TE,BE,False,1.7,5.82,False
1,False,2,Lamar  The Merrier!,5536,Ben Roethlisberger,QB,BE,False,22.06,18.25,False
1,False,2,Lamar  The Merrier!,5528,Larry Fitzgerald,WR,BE,False,5.4,7.04,False
1,False,2,Lamar  The Merrier!,3055899,Harrison Butker,K,K,True,10.0,9.03,False
1,False,2,Lamar  The Merrier!,16725,Sammy Watkins,WR,BE,False,18.0,7.74,False
1,False,2,Lamar  The Merrier!,3051389,Joey Bosa,DE,BE,False,7.0,6.21,False
1,False,2,Lamar  The Merrier!,-16024,Chargers D/ST,D/ST,D/ST,True,12.0,7.16,False
1,False,2,Lamar  The Merrier!,3051750,Zach Cunningham,LB,DP,True,8.0,8.42,False
1,False,2,Lamar  The Merrier!,3135321,Hunter Renfrow,WR,BE,False,3.1,7.06,False
1,False,13,Kamara Virus,3054850,Alvin Kamara,RB,RB,True,21.2,16.81,False
1,False,13,Kamara Virus,3116385,Joe Mixon,RB,RB,True,6.6,14.1,False
1,False,13,Kamara Virus,3116165,Chris Godwin,WR,RB/WR/TE,True,11.9,13.88,False
1,False,13,Kamara Virus,3925357,Calvin Ridley,WR,WR,True,29.4,11.24,False
1,False,13,Kamara Virus,3116365,Mark Andrews,TE,TE,True,20.3,11.31,False
1,False,13,Kamara Virus,3918298,Josh Allen,QB,QB,True,28.18,19.84,False
1,False,13,Kamara Virus,4047650,DK Metcalf,WR,WR,True,17.5,11.06,False
1,False,13,Kamara Virus,3060022,Jordan Howard,RB,BE,False,6.7,7.96,False
1,False,13,Kamara Virus,3932905,Diontae Johnson,WR,BE,False,6.7,9.63,False
1,False,13,Kamara Virus,3126486,Deebo Samuel,WR,BE,False,0.0,0.0,False
1,False,13,Kamara Virus,4241802,Jalen Reagor,WR,BE,False,7.0,6.1,False
1,False,13,Kamara Virus,-16033,Ravens D/ST,D/ST,D/ST,True,12.0,7.14,False
1,False,13,Kamara Virus,12483,Matthew Stafford,QB,BE,False,16.18,15.91,False
1,False,13,Kamara Virus,3054212,Jonnu Smith,TE,BE,False,11.6,5.65,False
1,False,13,Kamara Virus,3138826,Fred Warner,LB,DP,True,9.0,8.61,False
1,False,13,Kamara Virus,3050478,Jake Elliott,K,K,True,4.0,7.64,False
1,False,13,Kamara Virus,3923397,Ryquell Armstead,RB,BE,False,0.0,0.0,False
1,False,3,Jim Ward's Ole Dick Necks,3042519,Aaron Jones,RB,RB,True,15.6,13.84,False
1,False,3,Jim Ward's Ole Dick Necks,3139477,Patrick Mahomes,QB,QB,True,20.44,23.31,False
1,False,3,Jim Ward's Ole Dick Necks,2576434,Melvin Gordon III,RB,RB,True,14.1,10.92,False
1,False,3,Jim Ward's Ole Dick Necks,3115364,Leonard Fournette,RB,BE,False,2.4,6.04,False
1,False,3,Jim Ward's Ole Dick Necks,3052876,Will Fuller V,WR,WR,True,15.2,11.2,False
1,False,3,Jim Ward's Ole Dick Necks,4241985,J.K. Dobbins,RB,BE,False,14.2,7.48,False
1,False,3,Jim Ward's Ole Dick Necks,2976592,Sterling Shepard,WR,WR,True,7.7,10.09,False
1,False,3,Jim Ward's Ole Dick Necks,4241475,Henry Ruggs III,WR,BE,False,8.1,8.01,False
1,False,3,Jim Ward's Ole Dick Necks,3924365,Hayden Hurst,TE,BE,False,5.3,7.18,False
1,False,3,Jim Ward's Ole Dick Necks,16804,John Brown,WR,RB/WR/TE,True,16.0,9.31,False
1,False,3,Jim Ward's Ole Dick Necks,-16002,Bills D/ST,D/ST,D/ST,True,10.0,8.65,False
1,False,3,Jim Ward's Ole Dick Necks,3052587,Baker Mayfield,QB,BE,False,9.86,14.5,False
1,False,3,Jim Ward's Ole Dick Necks,2977819,Joe Schobert,LB,DP,True,8.0,8.69,False
1,False,3,Jim Ward's Ole Dick Necks,3043234,Zane Gonzalez,K,K,True,6.0,7.42,False
1,False,3,Jim Ward's Ole Dick Necks,12537,Jared Cook,TE,TE,True,10.5,7.9,False
1,False,3,Jim Ward's Ole Dick Necks,2972460,Breshad Perriman,WR,BE,False,3.2,7.06,False
1,False,3,Jim Ward's Ole Dick Necks,2972091,Jalen Richard,RB,BE,False,2.0,4.95,False
1,False,12,Rule  #76,4047365,Josh Jacobs,RB,RB,True,33.9,16.99,False
1,False,12,Rule  #76,2979843,Kenyan Drake,RB,RB,True,13.5,14.42,False
1,False,12,Rule  #76,3915416,DJ Moore,WR,WR,True,7.4,12.25,False
1,False,12,Rule  #76,4047646,A.J. Brown,WR,WR,True,6.4,11.51,False
1,False,12,Rule  #76,3121422,Terry McLaurin,WR,BE,False,8.6,10.73,False
1,False,12,Rule  #76,3917315,Kyler Murray,QB,QB,True,26.3,18.0,False
1,False,12,Rule  #76,2576414,Raheem Mostert,RB,RB/WR/TE,True,23.1,10.23,False
1,False,12,Rule  #76,4241372,Marquise Brown,WR,BE,False,12.6,9.84,False
1,False,12,Rule  #76,3139605,Marlon Mack,RB,BE,False,7.1,10.32,False
1,False,12,Rule  #76,4036131,Noah Fant,TE,TE,True,16.6,8.0,False
1,False,12,Rule  #76,-16018,Saints D/ST,D/ST,BE,False,17.0,4.66,False
1,False,12,Rule  #76,3052896,Jaylon Smith,LB,DP,True,10.0,10.15,False
1,False,12,Rule  #76,17372,Chris Boswell,K,K,True,9.0,7.84,False
1,False,12,Rule  #76,4040980,Irv Smith Jr.,TE,BE,False,1.6,5.61,False
1,False,12,Rule  #76,3916430,Nyheim Hines,RB,BE,False,23.3,7.53,False
1,False,12,Rule  #76,15966,Chris Thompson,RB,BE,False,1.6,7.47,False
1,False,12,Rule  #76,-16008,Lions D/ST,D/ST,D/ST,True,0.0,7.5,False
2,False,9,Tonie's Tigers,3051392,Ezekiel Elliott,RB,RB,True,19.2,19.3,False
2,False,9,Tonie's Tigers,3068267,Austin Ekeler,RB,RB,True,16.8,13.76,False
2,False,9,Tonie's Tigers,13982,Julio Jones,WR,WR,True,3.4,14.83,False
2,False,9,Tonie's Tigers,2977187,Cooper Kupp,WR,WR,True,10.5,11.09,False
2,False,9,Tonie's Tigers,4040761,Devin Singletary,RB,BE,False,8.6,10.07,False
2,False,9,Tonie's Tigers,3046439,Hunter Henry,TE,TE,True,11.3,8.74,False
2,False,9,Tonie's Tigers,2330,Tom Brady,QB,QB,True,8.68,20.49,False
2,False,9,Tonie's Tigers,15072,Marvin Jones Jr.,WR,RB/WR/TE,True,10.3,12.18,False
2,False,9,Tonie's Tigers,3066158,Tarik Cohen,RB,BE,False,3.2,9.04,False
2,False,9,Tonie's Tigers,4360294,Antonio Gibson,RB,BE,False,11.7,8.23,False
2,False,9,Tonie's Tigers,3915399,Preston Williams,WR,BE,False,5.1,8.89,False
2,False,9,Tonie's Tigers,14979,Bobby Wagner,LB,DP,True,10.0,9.8,False
2,False,9,Tonie's Tigers,11283,DeSean Jackson,WR,BE,False,9.4,8.41,False
2,False,9,Tonie's Tigers,-16011,Colts D/ST,D/ST,D/ST,True,17.0,5.94,False
2,False,9,Tonie's Tigers,3046779,Jared Goff,QB,BE,False,23.98,15.75,False
2,False,9,Tonie's Tigers,13217,Golden Tate,WR,BE,False,7.2,7.38,False
2,False,9,Tonie's Tigers,9704,Stephen Gostkowski,K,K,True,12.0,7.32,False
2,False,6,This Year Will  Be A Brees ,4242214,Clyde Edwards-Helaire,RB,RB,True,10.0,14.98,False
2,False,6,This Year Will  Be A Brees ,3116406,Tyreek Hill,WR,WR,True,19.3,13.07,False
2,False,6,This Year Will  Be A Brees ,3045147,James Conner,RB,RB,True,19.1,12.25,False
2,False,6,This Year Will  Be A Brees ,3120348,JuJu Smith-Schuster,WR,WR,True,8.3,11.17,False
2,False,6,This Year Will  Be A Brees ,13229,Rob Gronkowski,TE,TE,True,0.0,7.38,False
2,False,6,This Year Will  Be A Brees ,4259545,D'Andre Swift,RB,BE,False,9.7,7.64,False
2,False,6,This Year Will  Be A Brees ,2976212,Stefon Diggs,WR,RB/WR/TE,True,25.3,10.77,False
2,False,6,This Year Will  Be A Brees ,2580,Drew Brees,QB,QB,True,14.48,18.44,False
2,False,6,This Year Will  Be A Brees ,2576716,Jamison Crowder,WR,BE,False,0.0,0.0,False
2,False,6,This Year Will  Be A Brees ,3128721,Sony Michel,RB,BE,False,1.9,5.85,False
2,False,6,This Year Will  Be A Brees ,13295,Emmanuel Sanders,WR,BE,False,3.3,10.64,False
2,False,6,This Year Will  Be A Brees ,9354,Robbie Gould,K,K,True,8.0,7.8,False
2,False,6,This Year Will  Be A Brees ,-16012,Chiefs D/ST,D/ST,BE,False,-1.0,6.67,False
2,False,6,This Year Will  Be A Brees ,16760,Jimmy Garoppolo,QB,BE,False,13.24,15.5,False
2,False,6,This Year Will  Be A Brees ,3915189,Roquan Smith,LB,DP,True,8.0,8.63,False
2,False,6,This Year Will  Be A Brees ,-16004,Bengals D/ST,D/ST,D/ST,True,-4.0,5.74,False
2,False,6,This Year Will  Be A Brees ,13232,Jimmy Graham,TE,BE,False,2.3,6.64,False
2,False,5,Russ Finna Cuck,3128720,Nick Chubb,RB,RB,True,25.8,13.13,False
2,False,5,Russ Finna Cuck,2977644,Todd Gurley II,RB,RB,True,6.1,12.77,False
2,False,5,Russ Finna Cuck,16460,Adam Thielen,WR,WR,True,4.6,12.87,False
2,False,5,Russ Finna Cuck,2577327,Tyler Lockett,WR,WR,True,16.2,11.34,False
2,False,5,Russ Finna Cuck,3043275,Austin Hooper,TE,TE,True,3.2,6.49,False
2,False,5,Russ Finna Cuck,14881,Russell Wilson,QB,BE,False,33.42,18.23,False
2,False,5,Russ Finna Cuck,16913,James White,RB,BE,False,0.0,0.0,False
2,False,5,Russ Finna Cuck,3052117,Phillip Lindsay,RB,BE,False,0.0,0.0,False
2,False,5,Russ Finna Cuck,4241463,Jerry Jeudy,WR,BE,False,8.2,7.77,False
2,False,5,Russ Finna Cuck,13994,Cam Newton,QB,QB,True,34.58,17.51,False
2,False,5,Russ Finna Cuck,-16027,Buccaneers D/ST,D/ST,BE,False,11.0,7.16,False
2,False,5,Russ Finna Cuck,4052042,James Robinson,RB,BE,False,19.5,9.85,False
2,False,5,Russ Finna Cuck,3915507,Jerome Baker,LB,DP,True,6.0,9.19,False
2,False,5,Russ Finna Cuck,3121410,Parris Campbell,WR,RB/WR/TE,True,0.7,9.2,False
2,False,5,Russ Finna Cuck,-16005,Browns D/ST,D/ST,D/ST,True,3.0,7.08,False
2,False,5,Russ Finna Cuck,2998120,Josh Lambo,K,K,True,6.0,7.87,False
2,False,5,Russ Finna Cuck,16813,Logan Thomas,TE,BE,False,4.6,6.34,False
2,False,10,Maitland Tiburon,3043078,Derrick Henry,RB,RB,True,8.4,20.29,False
2,False,10,Maitland Tiburon,16737,Mike Evans,WR,WR,True,19.9,14.84,False
2,False,10,Maitland Tiburon,2508176,David Johnson,RB,RB,True,7.0,14.54,False
2,False,10,Maitland Tiburon,15880,Robert Woods,WR,WR,True,10.3,11.75,False
2,False,10,Maitland Tiburon,3051876,Evan Engram,TE,TE,True,9.5,7.95,False
2,False,10,Maitland Tiburon,16790,Jarvis Landry,WR,RB/WR/TE,True,6.1,10.51,False
2,False,10,Maitland Tiburon,2573079,Carson Wentz,QB,QB,True,12.38,17.55,False
2,False,10,Maitland Tiburon,15920,Latavius Murray,RB,BE,False,4.3,7.83,False
2,False,10,Maitland Tiburon,3895856,Christian Kirk,WR,BE,False,7.0,8.78,False
2,False,10,Maitland Tiburon,4262921,Justin Jefferson,WR,BE,False,5.9,6.24,False
2,False,10,Maitland Tiburon,-16025,49ers D/ST,D/ST,D/ST,True,6.0,8.49,False
2,False,10,Maitland Tiburon,4035072,Benny Snell Jr.,RB,BE,False,-0.4,7.59,False
2,False,10,Maitland Tiburon,2978304,Cory Littleton,LB,DP,True,3.0,8.54,False
2,False,10,Maitland Tiburon,16728,Teddy Bridgewater,QB,BE,False,8.68,14.8,False
2,False,10,Maitland Tiburon,10636,Mason Crosby,K,K,True,11.0,7.96,False
2,False,10,Maitland Tiburon,2574808,Robby Anderson,WR,BE,False,13.4,9.56,False
2,False,10,Maitland Tiburon,10475,Greg Olsen,TE,BE,False,0.0,5.39,False
2,False,8,SCLSU Mud Dogs,2976316,Michael Thomas,WR,BE,False,0.0,0.0,False
2,False,8,SCLSU Mud Dogs,16800,Davante Adams,WR,WR,True,5.1,15.77,False
2,False,8,SCLSU Mud Dogs,3040151,George Kittle,TE,BE,False,0.0,0.0,False
2,False,8,SCLSU Mud Dogs,15825,Le'Veon Bell,RB,BE,False,0.0,0.0,False
2,False,8,SCLSU Mud Dogs,4242335,Jonathan Taylor,RB,RB,True,18.0,14.14,False
2,False,8,SCLSU Mud Dogs,2577417,Dak Prescott,QB,QB,True,39.8,20.37,False
2,False,8,SCLSU Mud Dogs,14924,T.Y. Hilton,WR,WR,True,4.3,10.68,False
2,False,8,SCLSU Mud Dogs,3912550,Ronald Jones II,RB,RB,True,9.7,12.2,False
2,False,8,SCLSU Mud Dogs,2979477,Tevin Coleman,RB,BE,False,5.0,6.07,False
2,False,8,SCLSU Mud Dogs,3051439,Boston Scott,RB,BE,False,5.8,6.98,False
2,False,8,SCLSU Mud Dogs,3916148,Tony Pollard,RB,BE,False,1.4,5.06,False
2,False,8,SCLSU Mud Dogs,-16003,Bears D/ST,D/ST,D/ST,True,13.0,7.97,False
2,False,8,SCLSU Mud Dogs,11122,Matt Prater,K,K,True,2.0,8.03,False
2,False,8,SCLSU Mud Dogs,4038524,Gardner Minshew II,QB,BE,False,23.46,16.12,False
2,False,8,SCLSU Mud Dogs,3050487,Anthony Miller,WR,RB/WR/TE,True,0.0,7.7,False
2,False,8,SCLSU Mud Dogs,2577712,Alexander Johnson,LB,DP,True,8.0,9.24,False
2,False,8,SCLSU Mud Dogs,3116164,Mike Gesicki,TE,TE,True,23.0,6.51,False
2,False,1,"Jim, Tannehill, Laundry ",3116593,Dalvin Cook,RB,RB,True,16.1,16.65,False
2,False,1,"Jim, Tannehill, Laundry ",4045163,Miles Sanders,RB,RB,True,19.6,14.14,False
2,False,1,"Jim, Tannehill, Laundry ",2976499,Amari Cooper,WR,WR,True,13.0,13.04,False
2,False,1,"Jim, Tannehill, Laundry ",16799,Allen Robinson II,WR,WR,True,5.8,12.92,False
2,False,1,"Jim, Tannehill, Laundry ",2576925,Darren Waller,TE,TE,True,22.5,10.62,False
2,False,1,"Jim, Tannehill, Laundry ",3122840,Deshaun Watson,QB,QB,True,14.7,19.87,False
2,False,1,"Jim, Tannehill, Laundry ",15818,Keenan Allen,WR,BE,False,14.1,10.57,False
2,False,1,"Jim, Tannehill, Laundry ",13983,A.J. Green,WR,RB/WR/TE,True,4.4,11.41,False
2,False,1,"Jim, Tannehill, Laundry ",4035676,Zack Moss,RB,BE,False,3.7,8.44,False
2,False,1,"Jim, Tannehill, Laundry ",4048244,Alexander Mattison,RB,BE,False,2.1,5.46,False
2,False,1,"Jim, Tannehill, Laundry ",3119195,Chase Edmonds,RB,BE,False,2.8,5.36,False
2,False,1,"Jim, Tannehill, Laundry ",3056362,Darius Leonard,LB,DP,True,6.0,10.25,False
2,False,1,"Jim, Tannehill, Laundry ",2985659,Wil Lutz,K,K,True,6.0,8.26,False
2,False,1,"Jim, Tannehill, Laundry ",14876,Ryan Tannehill,QB,BE,False,26.76,16.53,False
2,False,1,"Jim, Tannehill, Laundry ",4360438,Brandon Aiyuk,WR,BE,False,3.1,6.32,False
2,False,1,"Jim, Tannehill, Laundry ",3121023,Dallas Goedert,TE,BE,False,5.0,7.82,False
2,False,1,"Jim, Tannehill, Laundry ",-16022,Cardinals D/ST,D/ST,D/ST,True,9.0,7.59,False
2,False,4,Thunder Thighs,3929630,Saquon Barkley,RB,RB,True,2.8,18.16,False
2,False,4,Thunder Thighs,15847,Travis Kelce,TE,TE,True,19.5,12.88,False
2,False,4,Thunder Thighs,2974858,Kenny Golladay,WR,BE,False,0.0,0.0,False
2,False,4,Thunder Thighs,3115394,DJ Chark Jr.,WR,WR,True,10.4,10.59,False
2,False,4,Thunder Thighs,3128429,Courtland Sutton,WR,RB/WR/TE,True,9.1,10.01,False
2,False,4,Thunder Thighs,11237,Matt Ryan,QB,QB,True,28.52,18.39,False
2,False,4,Thunder Thighs,4240021,Cam Akers,RB,BE,False,1.3,7.73,False
2,False,4,Thunder Thighs,3049916,Matt Breida,RB,BE,False,4.4,3.83,False
2,False,4,Thunder Thighs,16731,Brandin Cooks,WR,BE,False,12.0,8.28,False
2,False,4,Thunder Thighs,3916945,Darius Slayton,WR,WR,True,4.8,9.35,False
2,False,4,Thunder Thighs,2978273,Blake Martinez,LB,DP,True,10.0,9.83,False
2,False,4,Thunder Thighs,-16017,Patriots D/ST,D/ST,D/ST,True,4.0,5.65,False
2,False,4,Thunder Thighs,14880,Kirk Cousins,QB,BE,False,-1.48,14.81,False
2,False,4,Thunder Thighs,4036133,T.J. Hockenson,TE,BE,False,8.2,7.21,False
2,False,4,Thunder Thighs,3049899,Younghoe Koo,K,K,True,17.0,7.54,False
2,False,4,Thunder Thighs,3051902,Peyton Barber,RB,BE,False,0.1,7.91,False
2,False,4,Thunder Thighs,10452,Adrian Peterson,RB,RB,True,4.1,8.39,False
2,False,13,Kamara Virus,3054850,Alvin Kamara,RB,RB,True,33.9,17.53,False
2,False,13,Kamara Virus,3116385,Joe Mixon,RB,RB,True,10.6,13.79,False
2,False,13,Kamara Virus,3116165,Chris Godwin,WR,BE,False,0.0,0.0,False
2,False,13,Kamara Virus,3925357,Calvin Ridley,WR,WR,True,26.4,11.95,False
2,False,13,Kamara Virus,3116365,Mark Andrews,TE,TE,True,3.4,11.73,False
2,False,13,Kamara Virus,3918298,Josh Allen,QB,QB,True,34.5,19.53,False
2,False,13,Kamara Virus,4047650,DK Metcalf,WR,RB/WR/TE,True,17.2,9.7,False
2,False,13,Kamara Virus,3060022,Jordan Howard,RB,BE,False,6.4,4.9,False
2,False,13,Kamara Virus,3932905,Diontae Johnson,WR,WR,True,19.2,9.85,False
2,False,13,Kamara Virus,3126486,Deebo Samuel,WR,BE,False,0.0,0.0,False
2,False,13,Kamara Virus,4241802,Jalen Reagor,WR,BE,False,6.1,7.14,False
2,False,13,Kamara Virus,-16033,Ravens D/ST,D/ST,D/ST,True,15.0,6.5,False
2,False,13,Kamara Virus,12483,Matthew Stafford,QB,BE,False,16.16,17.79,False
2,False,13,Kamara Virus,3054212,Jonnu Smith,TE,BE,False,22.4,7.43,False
2,False,13,Kamara Virus,3138826,Fred Warner,LB,DP,True,12.0,8.2,False
2,False,13,Kamara Virus,2570986,Malcolm Brown,RB,BE,False,4.7,9.85,False
2,False,13,Kamara Virus,2473037,Jason Myers,K,K,True,5.0,7.65,False
2,False,12,Rule  #76,4047365,Josh Jacobs,RB,RB,True,12.0,14.71,False
2,False,12,Rule  #76,2979843,Kenyan Drake,RB,RB,True,10.5,14.86,False
2,False,12,Rule  #76,3915416,DJ Moore,WR,WR,True,17.0,10.94,False
2,False,12,Rule  #76,4047646,A.J. Brown,WR,BE,False,0.0,0.0,False
2,False,12,Rule  #76,3121422,Terry McLaurin,WR,WR,True,22.0,11.45,False
2,False,12,Rule  #76,3917315,Kyler Murray,QB,QB,True,32.14,20.4,False
2,False,12,Rule  #76,2576414,Raheem Mostert,RB,RB/WR/TE,True,17.7,13.85,False
2,False,12,Rule  #76,4241372,Marquise Brown,WR,BE,False,6.7,10.64,False
2,False,12,Rule  #76,4036131,Noah Fant,TE,TE,True,15.7,7.1,False
2,False,12,Rule  #76,-16018,Saints D/ST,D/ST,D/ST,True,3.0,6.8,False
2,False,12,Rule  #76,3052896,Jaylon Smith,LB,DP,True,14.0,9.74,False
2,False,12,Rule  #76,17372,Chris Boswell,K,K,True,6.0,8.0,False
2,False,12,Rule  #76,4040980,Irv Smith Jr.,TE,BE,False,0.8,4.67,False
2,False,12,Rule  #76,3916430,Nyheim Hines,RB,BE,False,0.9,8.79,False
2,False,12,Rule  #76,15966,Chris Thompson,RB,BE,False,10.2,6.38,False
2,False,12,Rule  #76,3910544,Joshua Kelley,RB,BE,False,12.3,7.49,False
2,False,12,Rule  #76,3917792,Daniel Jones,QB,BE,False,7.74,15.13,False
2,False,11,Dez (Bryant) Nuts,3117251,Christian McCaffrey,RB,RB,True,24.8,19.39,False
2,False,11,Dez (Bryant) Nuts,3919596,Chris Carson,RB,RB,True,18.3,12.28,False
2,False,11,Dez (Bryant) Nuts,15795,DeAndre Hopkins,WR,WR,True,17.8,13.81,False
2,False,11,Dez (Bryant) Nuts,3059915,Kareem Hunt,RB,RB/WR/TE,True,23.1,11.76,False
2,False,11,Dez (Bryant) Nuts,15835,Zach Ertz,TE,TE,True,6.7,9.76,False
2,False,11,Dez (Bryant) Nuts,3045144,Tyler Boyd,WR,BE,False,16.7,9.43,False
2,False,11,Dez (Bryant) Nuts,2576623,DeVante Parker,WR,BE,False,13.8,9.97,False
2,False,11,Dez (Bryant) Nuts,4036348,Michael Gallup,WR,WR,True,6.8,11.28,False
2,False,11,Dez (Bryant) Nuts,3916925,Kerryon Johnson,RB,BE,False,9.2,5.52,False
2,False,11,Dez (Bryant) Nuts,15683,Justin Tucker,K,K,True,16.0,8.48,False
2,False,11,Dez (Bryant) Nuts,-16023,Steelers D/ST,D/ST,D/ST,True,13.0,7.88,False
2,False,11,Dez (Bryant) Nuts,8439,Aaron Rodgers,QB,QB,True,18.7,18.04,False
2,False,11,Dez (Bryant) Nuts,3915511,Joe Burrow,QB,BE,False,24.54,16.17,False
2,False,11,Dez (Bryant) Nuts,3122132,Myles Garrett,DE,BE,False,7.0,4.56,False
2,False,11,Dez (Bryant) Nuts,3128390,Allen Lazard,WR,BE,False,6.0,8.14,False
2,False,11,Dez (Bryant) Nuts,4241479,Tua Tagovailoa,QB,BE,False,0.0,0.06,False
2,False,11,Dez (Bryant) Nuts,3045282,T.J. Watt,DE,DP,True,9.0,5.79,False
2,False,3,Jim Ward's Ole Dick Necks,3042519,Aaron Jones,RB,RB,True,43.6,15.96,False
2,False,3,Jim Ward's Ole Dick Necks,3139477,Patrick Mahomes,QB,QB,True,27.48,20.61,False
2,False,3,Jim Ward's Ole Dick Necks,2576434,Melvin Gordon III,RB,RB,True,15.4,12.43,False
2,False,3,Jim Ward's Ole Dick Necks,3115364,Leonard Fournette,RB,BE,False,25.6,7.38,False
2,False,3,Jim Ward's Ole Dick Necks,3052876,Will Fuller V,WR,WR,True,0.0,10.88,False
2,False,3,Jim Ward's Ole Dick Necks,4241985,J.K. Dobbins,RB,BE,False,6.6,6.91,False
2,False,3,Jim Ward's Ole Dick Necks,2976592,Sterling Shepard,WR,WR,True,4.5,8.04,False
2,False,3,Jim Ward's Ole Dick Necks,4241475,Henry Ruggs III,WR,BE,False,0.9,9.2,False
2,False,3,Jim Ward's Ole Dick Necks,3924365,Hayden Hurst,TE,BE,False,15.7,7.26,False
2,False,3,Jim Ward's Ole Dick Necks,16804,John Brown,WR,RB/WR/TE,True,16.2,9.09,False
2,False,3,Jim Ward's Ole Dick Necks,-16002,Bills D/ST,D/ST,D/ST,True,-1.0,8.47,False
2,False,3,Jim Ward's Ole Dick Necks,3052587,Baker Mayfield,QB,BE,False,15.26,15.1,False
2,False,3,Jim Ward's Ole Dick Necks,2977819,Joe Schobert,LB,DP,True,10.0,8.13,False
2,False,3,Jim Ward's Ole Dick Necks,3043234,Zane Gonzalez,K,K,True,13.0,7.83,False
2,False,3,Jim Ward's Ole Dick Necks,12537,Jared Cook,TE,TE,True,8.3,8.79,False
2,False,3,Jim Ward's Ole Dick Necks,2972091,Jalen Richard,RB,BE,False,8.6,3.25,False
2,False,3,Jim Ward's Ole Dick Necks,3045138,Mike Williams,WR,BE,False,2.4,8.67,False
2,False,2,Lamar  The Merrier!,3916387,Lamar Jackson,QB,QB,True,17.56,23.34,False
2,False,2,Lamar  The Merrier!,13981,Mark Ingram II,RB,RB,True,14.7,9.06,False
2,False,2,Lamar  The Merrier!,16733,Odell Beckham Jr.,WR,WR,True,15.4,11.07,False
2,False,2,Lamar  The Merrier!,2969962,Duke Johnson,RB,BE,False,0.0,0.0,False
2,False,2,Lamar  The Merrier!,4241389,CeeDee Lamb,WR,WR,True,14.5,9.01,False
2,False,2,Lamar  The Merrier!,2573401,Tyler Higbee,TE,TE,True,25.9,7.68,False
2,False,2,Lamar  The Merrier!,4035538,David Montgomery,RB,RB,True,21.2,11.05,False
2,False,2,Lamar  The Merrier!,12649,Julian Edelman,WR,BE,False,21.9,10.33,False
2,False,2,Lamar  The Merrier!,5536,Ben Roethlisberger,QB,BE,False,18.24,15.78,False
2,False,2,Lamar  The Merrier!,5528,Larry Fitzgerald,WR,BE,False,8.5,8.54,False
2,False,2,Lamar  The Merrier!,3055899,Harrison Butker,K,K,True,13.0,8.67,False
2,False,2,Lamar  The Merrier!,16725,Sammy Watkins,WR,RB/WR/TE,True,1.6,8.09,False
2,False,2,Lamar  The Merrier!,3051389,Joey Bosa,DE,BE,False,6.0,5.24,False
2,False,2,Lamar  The Merrier!,-16024,Chargers D/ST,D/ST,D/ST,True,0.0,2.86,False
2,False,2,Lamar  The Merrier!,3051750,Zach Cunningham,LB,DP,True,17.0,8.93,False
2,False,2,Lamar  The Merrier!,3135321,Hunter Renfrow,WR,BE,False,5.2,5.38,False
3,False,5,Russ Finna Cuck,3128720,Nick Chubb,RB,RB,True,23.5,14.58,False
3,False,5,Russ Finna Cuck,2977644,Todd Gurley II,RB,BE,False,14.7,12.21,False
3,False,5,Russ Finna Cuck,16460,Adam Thielen,WR,WR,True,10.8,12.96,False
3,False,5,Russ Finna Cuck,2577327,Tyler Lockett,WR,WR,True,32.5,13.01,False
3,False,5,Russ Finna Cuck,3043275,Austin Hooper,TE,BE,False,4.0,6.44,False
3,False,5,Russ Finna Cuck,14881,Russell Wilson,QB,QB,True,36.8,21.29,False
3,False,5,Russ Finna Cuck,16913,James White,RB,BE,False,0.0,0.0,False
3,False,5,Russ Finna Cuck,3052117,Phillip Lindsay,RB,BE,False,0.0,0.0,False
3,False,5,Russ Finna Cuck,4241463,Jerry Jeudy,WR,BE,False,9.0,8.52,False
3,False,5,Russ Finna Cuck,13994,Cam Newton,QB,BE,False,11.18,20.84,False
3,False,5,Russ Finna Cuck,-16027,Buccaneers D/ST,D/ST,D/ST,True,19.0,8.31,False
3,False,5,Russ Finna Cuck,4052042,James Robinson,RB,RB,True,27.9,13.0,False
3,False,5,Russ Finna Cuck,16813,Logan Thomas,TE,TE,True,5.1,7.67,False
3,False,5,Russ Finna Cuck,3115378,Russell Gage,WR,BE,False,3.6,9.87,False
3,False,5,Russ Finna Cuck,4035434,Devin White,LB,DP,True,7.0,8.97,False
3,False,5,Russ Finna Cuck,4243160,Laviska Shenault Jr.,WR,RB/WR/TE,True,5.9,11.03,False
3,False,5,Russ Finna Cuck,3915165,Rodrigo Blankenship,K,K,True,11.0,8.21,False
3,False,9,Tonie's Tigers,3051392,Ezekiel Elliott,RB,RB,True,14.8,18.55,False
3,False,9,Tonie's Tigers,3068267,Austin Ekeler,RB,RB,True,26.8,15.13,False
3,False,9,Tonie's Tigers,13982,Julio Jones,WR,BE,False,0.0,0.0,False
3,False,9,Tonie's Tigers,2977187,Cooper Kupp,WR,WR,True,21.2,10.89,False
3,False,9,Tonie's Tigers,4040761,Devin Singletary,RB,RB/WR/TE,True,14.1,12.7,False
3,False,9,Tonie's Tigers,3046439,Hunter Henry,TE,TE,True,8.5,9.56,False
3,False,9,Tonie's Tigers,2330,Tom Brady,QB,QB,True,23.88,15.99,False
3,False,9,Tonie's Tigers,15072,Marvin Jones Jr.,WR,WR,True,6.6,10.96,False
3,False,9,Tonie's Tigers,3066158,Tarik Cohen,RB,BE,False,5.6,6.42,False
3,False,9,Tonie's Tigers,4360294,Antonio Gibson,RB,BE,False,11.5,10.49,False
3,False,9,Tonie's Tigers,3915399,Preston Williams,WR,BE,False,7.7,8.75,False
3,False,9,Tonie's Tigers,14979,Bobby Wagner,LB,DP,True,9.0,9.79,False
3,False,9,Tonie's Tigers,11283,DeSean Jackson,WR,BE,False,3.1,9.58,False
3,False,9,Tonie's Tigers,-16011,Colts D/ST,D/ST,D/ST,True,27.0,8.26,False
3,False,9,Tonie's Tigers,3046779,Jared Goff,QB,BE,False,27.24,14.98,False
3,False,9,Tonie's Tigers,13217,Golden Tate,WR,BE,False,6.1,7.71,False
3,False,9,Tonie's Tigers,9704,Stephen Gostkowski,K,K,True,25.0,6.81,False
3,False,6,This Year Will  Be A Brees ,4242214,Clyde Edwards-Helaire,RB,RB,True,15.9,12.99,False
3,False,6,This Year Will  Be A Brees ,3116406,Tyreek Hill,WR,WR,True,18.7,12.57,False
3,False,6,This Year Will  Be A Brees ,3045147,James Conner,RB,RB,True,22.9,15.02,False
3,False,6,This Year Will  Be A Brees ,3120348,JuJu Smith-Schuster,WR,WR,True,14.3,12.34,False
3,False,6,This Year Will  Be A Brees ,13229,Rob Gronkowski,TE,BE,False,7.8,4.35,False
3,False,6,This Year Will  Be A Brees ,4259545,D'Andre Swift,RB,BE,False,2.4,8.47,False
3,False,6,This Year Will  Be A Brees ,2976212,Stefon Diggs,WR,RB/WR/TE,True,12.9,11.33,False
3,False,6,This Year Will  Be A Brees ,2580,Drew Brees,QB,QB,True,23.52,17.89,False
3,False,6,This Year Will  Be A Brees ,2576716,Jamison Crowder,WR,BE,False,0.0,0.0,False
3,False,6,This Year Will  Be A Brees ,3128721,Sony Michel,RB,BE,False,15.0,8.95,False
3,False,6,This Year Will  Be A Brees ,13295,Emmanuel Sanders,WR,BE,False,13.6,7.81,False
3,False,6,This Year Will  Be A Brees ,9354,Robbie Gould,K,K,True,13.0,7.38,False
3,False,6,This Year Will  Be A Brees ,3915189,Roquan Smith,LB,DP,True,7.0,9.29,False
3,False,6,This Year Will  Be A Brees ,-16004,Bengals D/ST,D/ST,BE,False,6.0,4.63,False
3,False,6,This Year Will  Be A Brees ,13232,Jimmy Graham,TE,BE,False,21.0,5.98,False
3,False,6,This Year Will  Be A Brees ,-16005,Browns D/ST,D/ST,D/ST,True,13.0,8.3,False
3,False,6,This Year Will  Be A Brees ,2998565,Mo Alie-Cox,TE,TE,True,12.5,6.03,False
3,False,8,SCLSU Mud Dogs,2976316,Michael Thomas,WR,BE,False,0.0,0.0,False
3,False,8,SCLSU Mud Dogs,16800,Davante Adams,WR,BE,False,0.0,0.0,False
3,False,8,SCLSU Mud Dogs,3040151,George Kittle,TE,BE,False,0.0,0.0,False
3,False,8,SCLSU Mud Dogs,15825,Le'Veon Bell,RB,BE,False,0.0,0.0,False
3,False,8,SCLSU Mud Dogs,4242335,Jonathan Taylor,RB,RB,True,12.7,16.53,False
3,False,8,SCLSU Mud Dogs,2577417,Dak Prescott,QB,QB,True,27.48,19.84,False
3,False,8,SCLSU Mud Dogs,14924,T.Y. Hilton,WR,WR,True,6.7,10.41,False
3,False,8,SCLSU Mud Dogs,3912550,Ronald Jones II,RB,RB/WR/TE,True,8.3,8.53,False
3,False,8,SCLSU Mud Dogs,2979477,Tevin Coleman,RB,BE,False,0.0,0.0,False
3,False,8,SCLSU Mud Dogs,3051439,Boston Scott,RB,RB,True,0.5,6.73,False
3,False,8,SCLSU Mud Dogs,3916148,Tony Pollard,RB,BE,False,0.0,4.1,False
3,False,8,SCLSU Mud Dogs,4038524,Gardner Minshew II,QB,BE,False,9.2,19.9,False
3,False,8,SCLSU Mud Dogs,3116164,Mike Gesicki,TE,TE,True,8.0,9.37,False
3,False,8,SCLSU Mud Dogs,14993,Greg Zuerlein,K,K,True,9.0,7.91,False
3,False,8,SCLSU Mud Dogs,-16014,Rams D/ST,D/ST,D/ST,True,4.0,6.21,False
3,False,8,SCLSU Mud Dogs,3042778,Corey Davis,WR,WR,True,9.4,9.13,False
3,False,8,SCLSU Mud Dogs,3115373,Jamal Adams,S,DP,True,2.0,7.76,False
3,False,10,Maitland Tiburon,3043078,Derrick Henry,RB,RB,True,26.0,16.56,False
3,False,10,Maitland Tiburon,16737,Mike Evans,WR,WR,True,13.2,12.07,False
3,False,10,Maitland Tiburon,2508176,David Johnson,RB,RB,True,11.6,13.07,False
3,False,10,Maitland Tiburon,15880,Robert Woods,WR,WR,True,18.9,11.29,False
3,False,10,Maitland Tiburon,3051876,Evan Engram,TE,TE,True,4.7,8.98,False
3,False,10,Maitland Tiburon,16790,Jarvis Landry,WR,BE,False,5.6,8.93,False
3,False,10,Maitland Tiburon,2573079,Carson Wentz,QB,BE,False,21.5,17.33,False
3,False,10,Maitland Tiburon,15920,Latavius Murray,RB,BE,False,7.0,7.48,False
3,False,10,Maitland Tiburon,3895856,Christian Kirk,WR,BE,False,0.0,0.0,False
3,False,10,Maitland Tiburon,-16025,49ers D/ST,D/ST,D/ST,True,13.0,8.01,False
3,False,10,Maitland Tiburon,4035072,Benny Snell Jr.,RB,BE,False,1.1,5.54,False
3,False,10,Maitland Tiburon,2978304,Cory Littleton,LB,DP,True,6.0,8.63,False
3,False,10,Maitland Tiburon,16728,Teddy Bridgewater,QB,BE,False,14.6,13.04,False
3,False,10,Maitland Tiburon,10636,Mason Crosby,K,K,True,16.0,7.08,False
3,False,10,Maitland Tiburon,2574808,Robby Anderson,WR,RB/WR/TE,True,8.0,10.25,False
3,False,10,Maitland Tiburon,10475,Greg Olsen,TE,BE,False,8.6,4.7,False
3,False,10,Maitland Tiburon,8664,Ryan Fitzpatrick,QB,QB,True,24.7,17.76,False
3,False,1,"Jim, Tannehill, Laundry ",3116593,Dalvin Cook,RB,RB,True,24.9,17.52,False
3,False,1,"Jim, Tannehill, Laundry ",4045163,Miles Sanders,RB,RB,True,12.7,17.42,False
3,False,1,"Jim, Tannehill, Laundry ",2976499,Amari Cooper,WR,WR,True,13.1,12.45,False
3,False,1,"Jim, Tannehill, Laundry ",16799,Allen Robinson II,WR,WR,True,23.3,12.42,False
3,False,1,"Jim, Tannehill, Laundry ",2576925,Darren Waller,TE,TE,True,1.9,10.43,False
3,False,1,"Jim, Tannehill, Laundry ",3122840,Deshaun Watson,QB,QB,True,17.06,19.3,False
3,False,1,"Jim, Tannehill, Laundry ",15818,Keenan Allen,WR,RB/WR/TE,True,23.7,11.37,False
3,False,1,"Jim, Tannehill, Laundry ",13983,A.J. Green,WR,BE,False,6.1,10.56,False
3,False,1,"Jim, Tannehill, Laundry ",4035676,Zack Moss,RB,BE,False,0.0,0.0,False
3,False,1,"Jim, Tannehill, Laundry ",4048244,Alexander Mattison,RB,BE,False,2.7,5.93,False
3,False,1,"Jim, Tannehill, Laundry ",3119195,Chase Edmonds,RB,BE,False,5.4,6.42,False
3,False,1,"Jim, Tannehill, Laundry ",3056362,Darius Leonard,LB,DP,True,10.0,9.76,False
3,False,1,"Jim, Tannehill, Laundry ",2985659,Wil Lutz,K,K,True,13.0,8.24,False
3,False,1,"Jim, Tannehill, Laundry ",14876,Ryan Tannehill,QB,BE,False,12.24,15.63,False
3,False,1,"Jim, Tannehill, Laundry ",4360438,Brandon Aiyuk,WR,BE,False,18.6,6.68,False
3,False,1,"Jim, Tannehill, Laundry ",3121023,Dallas Goedert,TE,BE,False,1.2,9.67,False
3,False,1,"Jim, Tannehill, Laundry ",-16022,Cardinals D/ST,D/ST,D/ST,True,4.0,5.23,False
3,False,12,Rule  #76,4047365,Josh Jacobs,RB,RB,True,7.8,16.36,False
3,False,12,Rule  #76,2979843,Kenyan Drake,RB,RB,True,8.4,14.57,False
3,False,12,Rule  #76,3915416,DJ Moore,WR,WR,True,7.5,11.29,False
3,False,12,Rule  #76,4047646,A.J. Brown,WR,BE,False,0.0,0.0,False
3,False,12,Rule  #76,3121422,Terry McLaurin,WR,WR,True,10.6,12.04,False
3,False,12,Rule  #76,3917315,Kyler Murray,QB,QB,True,21.7,22.03,False
3,False,12,Rule  #76,2576414,Raheem Mostert,RB,BE,False,0.0,0.0,False
3,False,12,Rule  #76,4241372,Marquise Brown,WR,BE,False,2.3,11.78,False
3,False,12,Rule  #76,4036131,Noah Fant,TE,TE,True,7.1,7.53,False
3,False,12,Rule  #76,-16018,Saints D/ST,D/ST,D/ST,True,-3.0,5.95,False
3,False,12,Rule  #76,3052896,Jaylon Smith,LB,DP,True,8.0,9.45,False
3,False,12,Rule  #76,17372,Chris Boswell,K,K,True,8.0,7.82,False
3,False,12,Rule  #76,4040980,Irv Smith Jr.,TE,BE,False,0.0,4.28,False
3,False,12,Rule  #76,3916430,Nyheim Hines,RB,BE,False,8.1,6.99,False
3,False,12,Rule  #76,3910544,Joshua Kelley,RB,RB/WR/TE,True,4.2,11.0,False
3,False,12,Rule  #76,3917792,Daniel Jones,QB,BE,False,8.06,15.82,False
3,False,12,Rule  #76,16944,Devonta Freeman,RB,BE,False,1.0,5.18,False
3,False,4,Thunder Thighs,15847,Travis Kelce,TE,TE,True,11.7,13.29,False
3,False,4,Thunder Thighs,2974858,Kenny Golladay,WR,WR,True,14.7,11.01,False
3,False,4,Thunder Thighs,3115394,DJ Chark Jr.,WR,BE,False,0.0,0.0,False
3,False,4,Thunder Thighs,11237,Matt Ryan,QB,QB,True,11.42,17.55,False
3,False,4,Thunder Thighs,4240021,Cam Akers,RB,BE,False,0.0,0.0,False
3,False,4,Thunder Thighs,16731,Brandin Cooks,WR,BE,False,4.8,8.69,False
3,False,4,Thunder Thighs,3916945,Darius Slayton,WR,WR,True,4.8,10.04,False
3,False,4,Thunder Thighs,2978273,Blake Martinez,LB,DP,True,11.0,9.76,False
3,False,4,Thunder Thighs,-16017,Patriots D/ST,D/ST,D/ST,True,13.0,6.2,False
3,False,4,Thunder Thighs,14880,Kirk Cousins,QB,BE,False,19.44,13.96,False
3,False,4,Thunder Thighs,4036133,T.J. Hockenson,TE,BE,False,7.3,6.63,False
3,False,4,Thunder Thighs,3049899,Younghoe Koo,K,K,True,7.0,8.34,False
3,False,4,Thunder Thighs,3051902,Peyton Barber,RB,BE,False,0.6,2.49,False
3,False,4,Thunder Thighs,10452,Adrian Peterson,RB,BE,False,9.0,6.73,False
3,False,4,Thunder Thighs,14198,Dion Lewis,RB,RB,True,2.5,8.14,False
3,False,4,Thunder Thighs,4039359,Darrell Henderson Jr.,RB,RB,True,18.5,10.08,False
3,False,4,Thunder Thighs,3071572,Keelan Cole Sr.,WR,RB/WR/TE,True,6.3,9.3,False
3,False,13,Kamara Virus,3054850,Alvin Kamara,RB,RB,True,38.2,20.13,False
3,False,13,Kamara Virus,3116385,Joe Mixon,RB,RB,True,7.5,13.88,False
3,False,13,Kamara Virus,3116165,Chris Godwin,WR,WR,True,14.9,11.93,False
3,False,13,Kamara Virus,3925357,Calvin Ridley,WR,WR,True,14.2,14.12,False
3,False,13,Kamara Virus,3116365,Mark Andrews,TE,TE,True,4.7,11.67,False
3,False,13,Kamara Virus,3918298,Josh Allen,QB,QB,True,31.24,20.34,False
3,False,13,Kamara Virus,4047650,DK Metcalf,WR,RB/WR/TE,True,17.0,12.61,False
3,False,13,Kamara Virus,3932905,Diontae Johnson,WR,BE,False,0.9,11.58,False
3,False,13,Kamara Virus,3126486,Deebo Samuel,WR,BE,False,0.0,0.0,False
3,False,13,Kamara Virus,-16033,Ravens D/ST,D/ST,BE,False,1.0,4.49,False
3,False,13,Kamara Virus,12483,Matthew Stafford,QB,BE,False,18.5,17.77,False
3,False,13,Kamara Virus,3054212,Jonnu Smith,TE,BE,False,8.6,8.24,False
3,False,13,Kamara Virus,3138826,Fred Warner,LB,DP,True,9.0,8.81,False
3,False,13,Kamara Virus,2570986,Malcolm Brown,RB,BE,False,1.9,9.47,False
3,False,13,Kamara Virus,2473037,Jason Myers,K,K,True,4.0,8.12,False
3,False,13,Kamara Virus,3886818,Myles Gaskin,RB,BE,False,12.0,9.72,False
3,False,13,Kamara Virus,-16010,Titans D/ST,D/ST,D/ST,True,2.0,6.24,False
3,False,3,Jim Ward's Ole Dick Necks,3042519,Aaron Jones,RB,RB,True,15.6,15.17,False
3,False,3,Jim Ward's Ole Dick Necks,3139477,Patrick Mahomes,QB,QB,True,40.0,19.64,False
3,False,3,Jim Ward's Ole Dick Necks,2576434,Melvin Gordon III,RB,RB,True,5.8,12.78,False
3,False,3,Jim Ward's Ole Dick Necks,3115364,Leonard Fournette,RB,RB/WR/TE,True,3.2,9.89,False
3,False,3,Jim Ward's Ole Dick Necks,3052876,Will Fuller V,WR,WR,True,13.4,10.83,False
3,False,3,Jim Ward's Ole Dick Necks,4241985,J.K. Dobbins,RB,BE,False,6.4,7.01,False
3,False,3,Jim Ward's Ole Dick Necks,2976592,Sterling Shepard,WR,BE,False,0.0,0.0,False
3,False,3,Jim Ward's Ole Dick Necks,4241475,Henry Ruggs III,WR,BE,False,0.0,0.0,False
3,False,3,Jim Ward's Ole Dick Necks,3924365,Hayden Hurst,TE,TE,True,6.6,9.02,False
3,False,3,Jim Ward's Ole Dick Necks,16804,John Brown,WR,BE,False,0.0,9.27,False
3,False,3,Jim Ward's Ole Dick Necks,-16002,Bills D/ST,D/ST,D/ST,True,0.0,6.31,False
3,False,3,Jim Ward's Ole Dick Necks,3052587,Baker Mayfield,QB,BE,False,14.34,14.68,False
3,False,3,Jim Ward's Ole Dick Necks,2977819,Joe Schobert,LB,DP,True,8.0,8.56,False
3,False,3,Jim Ward's Ole Dick Necks,3043234,Zane Gonzalez,K,K,True,7.0,8.05,False
3,False,3,Jim Ward's Ole Dick Necks,12537,Jared Cook,TE,BE,False,3.1,8.32,False
3,False,3,Jim Ward's Ole Dick Necks,2972091,Jalen Richard,RB,BE,False,3.7,2.57,False
3,False,3,Jim Ward's Ole Dick Necks,3045138,Mike Williams,WR,WR,True,2.2,9.06,False
3,False,11,Dez (Bryant) Nuts,3117251,Christian McCaffrey,RB,BE,False,0.0,0.0,False
3,False,11,Dez (Bryant) Nuts,3919596,Chris Carson,RB,RB,True,9.1,13.53,False
3,False,11,Dez (Bryant) Nuts,15795,DeAndre Hopkins,WR,WR,True,18.7,15.19,False
3,False,11,Dez (Bryant) Nuts,3059915,Kareem Hunt,RB,RB,True,13.4,11.36,False
3,False,11,Dez (Bryant) Nuts,15835,Zach Ertz,TE,TE,True,11.5,9.57,False
3,False,11,Dez (Bryant) Nuts,3045144,Tyler Boyd,WR,BE,False,17.5,9.71,False
3,False,11,Dez (Bryant) Nuts,2576623,DeVante Parker,WR,RB/WR/TE,True,9.4,10.82,False
3,False,11,Dez (Bryant) Nuts,4036348,Michael Gallup,WR,WR,True,22.8,10.57,False
3,False,11,Dez (Bryant) Nuts,3916925,Kerryon Johnson,RB,BE,False,3.5,6.16,False
3,False,11,Dez (Bryant) Nuts,15683,Justin Tucker,K,K,True,9.0,8.89,False
3,False,11,Dez (Bryant) Nuts,-16023,Steelers D/ST,D/ST,D/ST,True,9.0,8.34,False
3,False,11,Dez (Bryant) Nuts,8439,Aaron Rodgers,QB,QB,True,24.52,18.03,False
3,False,11,Dez (Bryant) Nuts,3915511,Joe Burrow,QB,BE,False,20.38,17.04,False
3,False,11,Dez (Bryant) Nuts,3128390,Allen Lazard,WR,BE,False,23.4,10.37,False
3,False,11,Dez (Bryant) Nuts,3045282,T.J. Watt,DE,DP,True,6.0,6.31,False
3,False,11,Dez (Bryant) Nuts,16782,Jerick McKinnon,RB,BE,False,15.2,9.32,False
3,False,11,Dez (Bryant) Nuts,3025433,Mike Davis,RB,BE,False,19.1,10.95,False
3,False,2,Lamar  The Merrier!,3916387,Lamar Jackson,QB,QB,True,14.18,24.21,False
3,False,2,Lamar  The Merrier!,13981,Mark Ingram II,RB,RB,True,3.0,8.82,False
3,False,2,Lamar  The Merrier!,16733,Odell Beckham Jr.,WR,WR,True,7.9,10.98,False
3,False,2,Lamar  The Merrier!,2969962,Duke Johnson,RB,BE,False,0.0,0.0,False
3,False,2,Lamar  The Merrier!,4241389,CeeDee Lamb,WR,WR,True,10.1,10.17,False
3,False,2,Lamar  The Merrier!,2573401,Tyler Higbee,TE,TE,True,7.0,7.78,False
3,False,2,Lamar  The Merrier!,4035538,David Montgomery,RB,RB,True,6.4,10.35,False
3,False,2,Lamar  The Merrier!,12649,Julian Edelman,WR,RB/WR/TE,True,3.2,12.12,False
3,False,2,Lamar  The Merrier!,5536,Ben Roethlisberger,QB,BE,False,19.18,18.64,False
3,False,2,Lamar  The Merrier!,5528,Larry Fitzgerald,WR,BE,False,1.5,8.24,False
3,False,2,Lamar  The Merrier!,3055899,Harrison Butker,K,K,True,3.0,8.67,False
3,False,2,Lamar  The Merrier!,16725,Sammy Watkins,WR,BE,False,9.7,7.97,False
3,False,2,Lamar  The Merrier!,3051389,Joey Bosa,DE,BE,False,4.0,5.98,False
3,False,2,Lamar  The Merrier!,-16024,Chargers D/ST,D/ST,D/ST,True,4.0,7.01,False
3,False,2,Lamar  The Merrier!,3051750,Zach Cunningham,LB,DP,True,11.0,9.72,False
3,False,2,Lamar  The Merrier!,3135321,Hunter Renfrow,WR,BE,False,17.4,6.74,False
4,False,9,Tonie's Tigers,3051392,Ezekiel Elliott,RB,RB,True,16.5,21.59,False
4,False,9,Tonie's Tigers,3068267,Austin Ekeler,RB,RB,True,1.9,14.95,False
4,False,9,Tonie's Tigers,13982,Julio Jones,WR,WR,True,5.2,14.58,False
4,False,9,Tonie's Tigers,2977187,Cooper Kupp,WR,WR,True,15.2,11.83,False
4,False,9,Tonie's Tigers,4040761,Devin Singletary,RB,RB/WR/TE,True,16.2,11.81,False
4,False,9,Tonie's Tigers,3046439,Hunter Henry,TE,TE,True,4.9,8.87,False
4,False,9,Tonie's Tigers,2330,Tom Brady,QB,QB,True,32.46,16.31,False
4,False,9,Tonie's Tigers,15072,Marvin Jones Jr.,WR,BE,False,1.4,10.78,False
4,False,9,Tonie's Tigers,4360294,Antonio Gibson,RB,BE,False,20.8,9.84,False
4,False,9,Tonie's Tigers,3915399,Preston Williams,WR,BE,False,5.0,8.02,False
4,False,9,Tonie's Tigers,14979,Bobby Wagner,LB,DP,True,12.0,9.26,False
4,False,9,Tonie's Tigers,11283,DeSean Jackson,WR,BE,False,0.0,0.0,False
4,False,9,Tonie's Tigers,-16011,Colts D/ST,D/ST,D/ST,True,8.0,6.25,False
4,False,9,Tonie's Tigers,3046779,Jared Goff,QB,BE,False,11.7,16.57,False
4,False,9,Tonie's Tigers,3124084,Joey Slye,K,K,True,6.0,7.94,False
4,False,9,Tonie's Tigers,3122976,Jeff Wilson Jr.,RB,BE,False,2.4,9.66,False
4,False,9,Tonie's Tigers,16777,Carlos Hyde,RB,BE,False,0.0,0.0,False
4,False,8,SCLSU Mud Dogs,2976316,Michael Thomas,WR,BE,False,0.0,0.0,False
4,False,8,SCLSU Mud Dogs,16800,Davante Adams,WR,RB/WR/TE,True,0.0,0.0,False
4,False,8,SCLSU Mud Dogs,3040151,George Kittle,TE,TE,True,32.6,12.94,False
4,False,8,SCLSU Mud Dogs,15825,Le'Veon Bell,RB,BE,False,0.0,0.0,False
4,False,8,SCLSU Mud Dogs,4242335,Jonathan Taylor,RB,RB,True,8.4,13.78,False
4,False,8,SCLSU Mud Dogs,2577417,Dak Prescott,QB,QB,True,37.28,20.33,False
4,False,8,SCLSU Mud Dogs,14924,T.Y. Hilton,WR,WR,True,4.4,8.84,False
4,False,8,SCLSU Mud Dogs,3912550,Ronald Jones II,RB,RB,True,15.8,13.4,False
4,False,8,SCLSU Mud Dogs,2979477,Tevin Coleman,RB,BE,False,0.0,0.0,False
4,False,8,SCLSU Mud Dogs,3051439,Boston Scott,RB,BE,False,0.1,4.49,False
4,False,8,SCLSU Mud Dogs,3916148,Tony Pollard,RB,BE,False,9.7,2.96,False
4,False,8,SCLSU Mud Dogs,4038524,Gardner Minshew II,QB,BE,False,20.94,18.55,False
4,False,8,SCLSU Mud Dogs,3116164,Mike Gesicki,TE,BE,False,2.0,9.12,False
4,False,8,SCLSU Mud Dogs,14993,Greg Zuerlein,K,K,True,2.0,7.9,False
4,False,8,SCLSU Mud Dogs,-16014,Rams D/ST,D/ST,D/ST,True,12.0,7.71,False
4,False,8,SCLSU Mud Dogs,14985,Lavonte David,LB,DP,True,10.0,9.16,False
4,False,8,SCLSU Mud Dogs,4036348,Michael Gallup,WR,WR,True,3.9,8.74,False
4,False,1,"Jim, Tannehill, Laundry ",3116593,Dalvin Cook,RB,RB,True,27.6,18.79,False
4,False,1,"Jim, Tannehill, Laundry ",4045163,Miles Sanders,RB,RB,True,8.6,15.34,False
4,False,1,"Jim, Tannehill, Laundry ",2976499,Amari Cooper,WR,WR,True,28.4,11.48,False
4,False,1,"Jim, Tannehill, Laundry ",16799,Allen Robinson II,WR,WR,True,19.6,12.47,False
4,False,1,"Jim, Tannehill, Laundry ",2576925,Darren Waller,TE,TE,True,12.3,10.14,False
4,False,1,"Jim, Tannehill, Laundry ",3122840,Deshaun Watson,QB,QB,True,20.9,21.26,False
4,False,1,"Jim, Tannehill, Laundry ",15818,Keenan Allen,WR,RB/WR/TE,True,10.2,12.85,False
4,False,1,"Jim, Tannehill, Laundry ",13983,A.J. Green,WR,BE,False,0.8,10.41,False
4,False,1,"Jim, Tannehill, Laundry ",4035676,Zack Moss,RB,BE,False,0.0,0.0,False
4,False,1,"Jim, Tannehill, Laundry ",4048244,Alexander Mattison,RB,BE,False,7.7,6.45,False
4,False,1,"Jim, Tannehill, Laundry ",3119195,Chase Edmonds,RB,BE,False,12.5,6.18,False
4,False,1,"Jim, Tannehill, Laundry ",3056362,Darius Leonard,LB,DP,True,1.0,10.5,False
4,False,1,"Jim, Tannehill, Laundry ",2985659,Wil Lutz,K,K,True,5.0,8.29,False
4,False,1,"Jim, Tannehill, Laundry ",14876,Ryan Tannehill,QB,BE,False,0.0,0.0,True
4,False,1,"Jim, Tannehill, Laundry ",4360438,Brandon Aiyuk,WR,BE,False,13.6,7.23,False
4,False,1,"Jim, Tannehill, Laundry ",-16022,Cardinals D/ST,D/ST,D/ST,True,-2.0,5.82,False
4,False,1,"Jim, Tannehill, Laundry ",3117256,Dalton Schultz,TE,BE,False,15.2,6.33,False
4,False,5,Russ Finna Cuck,3128720,Nick Chubb,RB,RB,True,4.3,13.57,False
4,False,5,Russ Finna Cuck,2977644,Todd Gurley II,RB,RB/WR/TE,True,18.8,12.64,False
4,False,5,Russ Finna Cuck,16460,Adam Thielen,WR,WR,True,22.2,11.89,False
4,False,5,Russ Finna Cuck,2577327,Tyler Lockett,WR,WR,True,4.9,14.93,False
4,False,5,Russ Finna Cuck,3043275,Austin Hooper,TE,TE,True,11.9,6.86,False
4,False,5,Russ Finna Cuck,14881,Russell Wilson,QB,QB,True,20.9,23.79,False
4,False,5,Russ Finna Cuck,16913,James White,RB,BE,False,10.4,8.35,False
4,False,5,Russ Finna Cuck,3052117,Phillip Lindsay,RB,BE,False,0.0,0.0,False
4,False,5,Russ Finna Cuck,4241463,Jerry Jeudy,WR,BE,False,13.1,8.77,False
4,False,5,Russ Finna Cuck,13994,Cam Newton,QB,BE,False,0.0,0.0,False
4,False,5,Russ Finna Cuck,-16027,Buccaneers D/ST,D/ST,D/ST,True,6.0,6.73,False
4,False,5,Russ Finna Cuck,4052042,James Robinson,RB,RB,True,12.7,13.14,False
4,False,5,Russ Finna Cuck,16813,Logan Thomas,TE,BE,False,2.3,6.64,False
4,False,5,Russ Finna Cuck,3115378,Russell Gage,WR,BE,False,3.0,10.11,False
4,False,5,Russ Finna Cuck,4035434,Devin White,LB,DP,True,6.0,9.76,False
4,False,5,Russ Finna Cuck,4243160,Laviska Shenault Jr.,WR,BE,False,11.6,8.24,False
4,False,5,Russ Finna Cuck,3915165,Rodrigo Blankenship,K,K,True,14.0,7.64,False
4,False,10,Maitland Tiburon,3043078,Derrick Henry,RB,BE,False,0.0,0.0,True
4,False,10,Maitland Tiburon,16737,Mike Evans,WR,WR,True,21.7,12.17,False
4,False,10,Maitland Tiburon,2508176,David Johnson,RB,RB,True,10.2,12.45,False
4,False,10,Maitland Tiburon,15880,Robert Woods,WR,WR,True,6.8,11.73,False
4,False,10,Maitland Tiburon,3051876,Evan Engram,TE,TE,True,7.5,8.6,False
4,False,10,Maitland Tiburon,16790,Jarvis Landry,WR,BE,False,12.78,8.66,False
4,False,10,Maitland Tiburon,2573079,Carson Wentz,QB,BE,False,21.42,14.22,False
4,False,10,Maitland Tiburon,15920,Latavius Murray,RB,RB,True,20.8,8.68,False
4,False,10,Maitland Tiburon,-16025,49ers D/ST,D/ST,D/ST,True,7.0,7.82,False
4,False,10,Maitland Tiburon,2978304,Cory Littleton,LB,BE,False,7.0,8.0,False
4,False,10,Maitland Tiburon,16728,Teddy Bridgewater,QB,BE,False,26.24,14.58,False
4,False,10,Maitland Tiburon,10636,Mason Crosby,K,K,True,7.0,8.39,False
4,False,10,Maitland Tiburon,2574808,Robby Anderson,WR,RB/WR/TE,True,13.9,11.22,False
4,False,10,Maitland Tiburon,10475,Greg Olsen,TE,BE,False,6.0,6.23,False
4,False,10,Maitland Tiburon,8664,Ryan Fitzpatrick,QB,QB,True,21.3,17.54,False
4,False,10,Maitland Tiburon,15971,Rex Burkhead,RB,BE,False,5.5,7.55,False
4,False,10,Maitland Tiburon,3915507,Jerome Baker,LB,DP,True,2.0,9.01,False
4,False,6,This Year Will  Be A Brees ,4242214,Clyde Edwards-Helaire,RB,RB,True,10.6,16.64,False
4,False,6,This Year Will  Be A Brees ,3116406,Tyreek Hill,WR,WR,True,14.4,13.39,False
4,False,6,This Year Will  Be A Brees ,3045147,James Conner,RB,BE,False,0.0,0.0,True
4,False,6,This Year Will  Be A Brees ,3120348,JuJu Smith-Schuster,WR,BE,False,0.0,0.0,True
4,False,6,This Year Will  Be A Brees ,13229,Rob Gronkowski,TE,BE,False,3.4,6.57,False
4,False,6,This Year Will  Be A Brees ,2976212,Stefon Diggs,WR,RB/WR/TE,True,14.5,13.12,False
4,False,6,This Year Will  Be A Brees ,2580,Drew Brees,QB,QB,True,15.54,17.25,False
4,False,6,This Year Will  Be A Brees ,2576716,Jamison Crowder,WR,WR,True,13.9,9.17,False
4,False,6,This Year Will  Be A Brees ,3128721,Sony Michel,RB,BE,False,0.0,0.0,False
4,False,6,This Year Will  Be A Brees ,13295,Emmanuel Sanders,WR,BE,False,12.3,8.41,False
4,False,6,This Year Will  Be A Brees ,9354,Robbie Gould,K,K,True,2.0,8.41,False
4,False,6,This Year Will  Be A Brees ,-16004,Bengals D/ST,D/ST,D/ST,True,2.0,5.63,False
4,False,6,This Year Will  Be A Brees ,13232,Jimmy Graham,TE,BE,False,5.3,7.5,False
4,False,6,This Year Will  Be A Brees ,-16005,Browns D/ST,D/ST,BE,False,-1.0,4.11,False
4,False,6,This Year Will  Be A Brees ,2998565,Mo Alie-Cox,TE,TE,True,7.8,5.8,False
4,False,6,This Year Will  Be A Brees ,8479,Frank Gore,RB,RB,True,4.1,8.0,False
4,False,6,This Year Will  Be A Brees ,2978313,Shaq Thompson,LB,DP,True,5.0,8.99,False
4,False,4,Thunder Thighs,15847,Travis Kelce,TE,TE,True,8.5,12.1,False
4,False,4,Thunder Thighs,2974858,Kenny Golladay,WR,WR,True,14.2,12.2,False
4,False,4,Thunder Thighs,3115394,DJ Chark Jr.,WR,RB/WR/TE,True,25.5,9.61,False
4,False,4,Thunder Thighs,11237,Matt Ryan,QB,QB,True,12.4,21.61,False
4,False,4,Thunder Thighs,4240021,Cam Akers,RB,BE,False,0.0,0.0,False
4,False,4,Thunder Thighs,16731,Brandin Cooks,WR,BE,False,0.0,9.59,False
4,False,4,Thunder Thighs,3916945,Darius Slayton,WR,WR,True,6.3,10.27,False
4,False,4,Thunder Thighs,2978273,Blake Martinez,LB,DP,True,13.0,10.05,False
4,False,4,Thunder Thighs,14880,Kirk Cousins,QB,BE,False,14.9,14.9,False
4,False,4,Thunder Thighs,4036133,T.J. Hockenson,TE,BE,False,9.9,8.96,False
4,False,4,Thunder Thighs,3051902,Peyton Barber,RB,BE,False,0.5,2.11,False
4,False,4,Thunder Thighs,10452,Adrian Peterson,RB,RB,True,9.6,8.81,False
4,False,4,Thunder Thighs,14198,Dion Lewis,RB,BE,False,2.8,4.7,False
4,False,4,Thunder Thighs,4039359,Darrell Henderson Jr.,RB,RB,True,4.2,14.48,False
4,False,4,Thunder Thighs,3071572,Keelan Cole Sr.,WR,BE,False,6.6,7.17,False
4,False,4,Thunder Thighs,11122,Matt Prater,K,K,True,3.0,8.83,False
4,False,4,Thunder Thighs,-16026,Seahawks D/ST,D/ST,D/ST,True,2.0,6.06,False
4,False,3,Jim Ward's Ole Dick Necks,3042519,Aaron Jones,RB,RB,True,19.6,18.33,False
4,False,3,Jim Ward's Ole Dick Necks,3139477,Patrick Mahomes,QB,QB,True,20.24,21.51,False
4,False,3,Jim Ward's Ole Dick Necks,2576434,Melvin Gordon III,RB,RB,True,24.8,14.13,False
4,False,3,Jim Ward's Ole Dick Necks,3115364,Leonard Fournette,RB,BE,False,0.0,0.0,False
4,False,3,Jim Ward's Ole Dick Necks,3052876,Will Fuller V,WR,WR,True,19.8,11.54,False
4,False,3,Jim Ward's Ole Dick Necks,4241985,J.K. Dobbins,RB,BE,False,2.2,5.84,False
4,False,3,Jim Ward's Ole Dick Necks,4241475,Henry Ruggs III,WR,BE,False,0.0,0.35,False
4,False,3,Jim Ward's Ole Dick Necks,3924365,Hayden Hurst,TE,TE,True,7.1,8.49,False
4,False,3,Jim Ward's Ole Dick Necks,16804,John Brown,WR,WR,True,6.2,9.29,False
4,False,3,Jim Ward's Ole Dick Necks,-16002,Bills D/ST,D/ST,D/ST,True,5.0,6.01,False
4,False,3,Jim Ward's Ole Dick Necks,2977819,Joe Schobert,LB,DP,True,7.0,9.05,False
4,False,3,Jim Ward's Ole Dick Necks,3043234,Zane Gonzalez,K,K,True,3.0,7.99,False
4,False,3,Jim Ward's Ole Dick Necks,2972091,Jalen Richard,RB,BE,False,2.6,2.89,False
4,False,3,Jim Ward's Ole Dick Necks,3045523,Kendrick Bourne,WR,BE,False,5.8,4.39,False
4,False,3,Jim Ward's Ole Dick Necks,3051738,Marquez Valdes-Scantling,WR,RB/WR/TE,True,6.5,8.84,False
4,False,3,Jim Ward's Ole Dick Necks,3125403,Brian Hill,RB,BE,False,3.3,6.01,False
4,False,3,Jim Ward's Ole Dick Necks,3059989,Nick Mullens,QB,BE,False,6.0,16.31,False
4,False,2,Lamar  The Merrier!,3916387,Lamar Jackson,QB,QB,True,25.02,23.05,False
4,False,2,Lamar  The Merrier!,13981,Mark Ingram II,RB,RB,True,10.2,8.92,False
4,False,2,Lamar  The Merrier!,16733,Odell Beckham Jr.,WR,RB/WR/TE,True,35.9,11.51,False
4,False,2,Lamar  The Merrier!,2969962,Duke Johnson,RB,BE,False,6.0,6.43,False
4,False,2,Lamar  The Merrier!,4241389,CeeDee Lamb,WR,WR,True,22.7,8.67,False
4,False,2,Lamar  The Merrier!,2573401,Tyler Higbee,TE,TE,True,3.5,7.36,False
4,False,2,Lamar  The Merrier!,4035538,David Montgomery,RB,RB,True,9.2,11.29,False
4,False,2,Lamar  The Merrier!,12649,Julian Edelman,WR,BE,False,5.0,10.69,False
4,False,2,Lamar  The Merrier!,5536,Ben Roethlisberger,QB,BE,False,0.0,0.0,True
4,False,2,Lamar  The Merrier!,5528,Larry Fitzgerald,WR,BE,False,1.4,6.59,False
4,False,2,Lamar  The Merrier!,3055899,Harrison Butker,K,K,True,8.0,9.17,False
4,False,2,Lamar  The Merrier!,16725,Sammy Watkins,WR,WR,True,4.3,8.21,False
4,False,2,Lamar  The Merrier!,3051389,Joey Bosa,DE,BE,False,1.0,5.74,False
4,False,2,Lamar  The Merrier!,-16024,Chargers D/ST,D/ST,D/ST,True,0.0,5.14,False
4,False,2,Lamar  The Merrier!,3051750,Zach Cunningham,LB,DP,True,10.0,9.21,False
4,False,2,Lamar  The Merrier!,3135321,Hunter Renfrow,WR,BE,False,8.2,9.48,False
4,False,12,Rule  #76,4047365,Josh Jacobs,RB,RB,True,8.8,17.28,False
4,False,12,Rule  #76,2979843,Kenyan Drake,RB,RB,True,3.5,14.72,False
4,False,12,Rule  #76,3915416,DJ Moore,WR,WR,True,6.9,11.55,False
4,False,12,Rule  #76,4047646,A.J. Brown,WR,BE,False,0.0,0.0,True
4,False,12,Rule  #76,3121422,Terry McLaurin,WR,BE,False,16.8,11.18,False
4,False,12,Rule  #76,3917315,Kyler Murray,QB,QB,True,23.12,21.91,False
4,False,12,Rule  #76,2576414,Raheem Mostert,RB,BE,False,0.0,0.0,False
4,False,12,Rule  #76,4241372,Marquise Brown,WR,WR,True,10.6,10.45,False
4,False,12,Rule  #76,4036131,Noah Fant,TE,TE,True,6.0,8.62,False
4,False,12,Rule  #76,-16018,Saints D/ST,D/ST,D/ST,True,6.0,5.45,False
4,False,12,Rule  #76,3052896,Jaylon Smith,LB,DP,True,7.0,9.39,False
4,False,12,Rule  #76,3916430,Nyheim Hines,RB,BE,False,4.7,8.35,False
4,False,12,Rule  #76,3910544,Joshua Kelley,RB,RB/WR/TE,True,2.8,7.36,False
4,False,12,Rule  #76,3917792,Daniel Jones,QB,BE,False,10.1,15.87,False
4,False,12,Rule  #76,16944,Devonta Freeman,RB,BE,False,8.8,8.12,False
4,False,12,Rule  #76,15091,Randy Bullock,K,K,True,17.0,8.27,False
4,False,12,Rule  #76,3043080,O.J. Howard,TE,BE,False,12.5,6.03,False
4,False,11,Dez (Bryant) Nuts,3117251,Christian McCaffrey,RB,BE,False,0.0,0.0,False
4,False,11,Dez (Bryant) Nuts,3919596,Chris Carson,RB,RB,True,23.5,15.23,False
4,False,11,Dez (Bryant) Nuts,15795,DeAndre Hopkins,WR,WR,True,7.6,15.11,False
4,False,11,Dez (Bryant) Nuts,3059915,Kareem Hunt,RB,RB,True,19.1,12.4,False
4,False,11,Dez (Bryant) Nuts,15835,Zach Ertz,TE,TE,True,4.9,9.85,False
4,False,11,Dez (Bryant) Nuts,3045144,Tyler Boyd,WR,WR,True,12.9,11.51,False
4,False,11,Dez (Bryant) Nuts,2576623,DeVante Parker,WR,BE,False,16.0,11.69,False
4,False,11,Dez (Bryant) Nuts,15683,Justin Tucker,K,K,True,8.0,8.81,False
4,False,11,Dez (Bryant) Nuts,-16023,Steelers D/ST,D/ST,BE,False,0.0,0.0,True
4,False,11,Dez (Bryant) Nuts,8439,Aaron Rodgers,QB,QB,True,29.58,21.09,False
4,False,11,Dez (Bryant) Nuts,3915511,Joe Burrow,QB,BE,False,15.1,19.29,False
4,False,11,Dez (Bryant) Nuts,3128390,Allen Lazard,WR,BE,False,0.0,0.0,False
4,False,11,Dez (Bryant) Nuts,3045282,T.J. Watt,DE,BE,False,0.0,0.0,True
4,False,11,Dez (Bryant) Nuts,16782,Jerick McKinnon,RB,BE,False,19.2,12.12,False
4,False,11,Dez (Bryant) Nuts,3025433,Mike Davis,RB,RB/WR/TE,True,19.6,13.51,False
4,False,11,Dez (Bryant) Nuts,3047566,Myles Jack,LB,DP,True,6.0,8.73,False
4,False,11,Dez (Bryant) Nuts,-16007,Broncos D/ST,D/ST,D/ST,True,6.0,7.26,False
4,False,13,Kamara Virus,3054850,Alvin Kamara,RB,RB,True,19.4,21.18,False
4,False,13,Kamara Virus,3116385,Joe Mixon,RB,RB,True,39.1,14.88,False
4,False,13,Kamara Virus,3116165,Chris Godwin,WR,BE,False,0.0,0.0,False
4,False,13,Kamara Virus,3925357,Calvin Ridley,WR,WR,True,0.0,14.91,False
4,False,13,Kamara Virus,3116365,Mark Andrews,TE,TE,True,19.2,11.35,False
4,False,13,Kamara Virus,3918298,Josh Allen,QB,QB,True,25.42,23.61,False
4,False,13,Kamara Virus,4047650,DK Metcalf,WR,WR,True,12.6,13.48,False
4,False,13,Kamara Virus,3932905,Diontae Johnson,WR,BE,False,0.0,0.0,True
4,False,13,Kamara Virus,3126486,Deebo Samuel,WR,BE,False,6.0,7.97,False
4,False,13,Kamara Virus,-16033,Ravens D/ST,D/ST,D/ST,True,6.0,8.44,False
4,False,13,Kamara Virus,12483,Matthew Stafford,QB,BE,False,22.34,17.86,False
4,False,13,Kamara Virus,3054212,Jonnu Smith,TE,BE,False,0.0,0.0,True
4,False,13,Kamara Virus,3138826,Fred Warner,LB,DP,True,5.0,9.5,False
4,False,13,Kamara Virus,2570986,Malcolm Brown,RB,BE,False,8.2,9.28,False
4,False,13,Kamara Virus,2473037,Jason Myers,K,K,True,9.0,8.51,False
4,False,13,Kamara Virus,3886818,Myles Gaskin,RB,RB/WR/TE,True,7.7,11.85,False
4,False,13,Kamara Virus,4262921,Justin Jefferson,WR,BE,False,12.3,8.69,False
5,False,1,"Jim, Tannehill, Laundry ",3116593,Dalvin Cook,RB,RB,True,17.4,17.78,False
5,False,1,"Jim, Tannehill, Laundry ",4045163,Miles Sanders,RB,RB,True,22.9,14.81,False
5,False,1,"Jim, Tannehill, Laundry ",2976499,Amari Cooper,WR,WR,True,3.1,12.33,False
5,False,1,"Jim, Tannehill, Laundry ",16799,Allen Robinson II,WR,WR,True,14.0,12.35,False
5,False,1,"Jim, Tannehill, Laundry ",2576925,Darren Waller,TE,TE,True,13.3,11.7,False
5,False,1,"Jim, Tannehill, Laundry ",3122840,Deshaun Watson,QB,QB,True,25.86,21.59,False
5,False,1,"Jim, Tannehill, Laundry ",15818,Keenan Allen,WR,RB/WR/TE,True,9.9,12.93,False
5,False,1,"Jim, Tannehill, Laundry ",13983,A.J. Green,WR,BE,False,0.0,8.84,False
5,False,1,"Jim, Tannehill, Laundry ",4035676,Zack Moss,RB,BE,False,0.0,0.0,False
5,False,1,"Jim, Tannehill, Laundry ",4048244,Alexander Mattison,RB,BE,False,15.1,5.81,False
5,False,1,"Jim, Tannehill, Laundry ",3119195,Chase Edmonds,RB,BE,False,17.7,8.26,False
5,False,1,"Jim, Tannehill, Laundry ",3056362,Darius Leonard,LB,BE,False,0.0,0.0,False
5,False,1,"Jim, Tannehill, Laundry ",2985659,Wil Lutz,K,K,True,15.0,8.5,False
5,False,1,"Jim, Tannehill, Laundry ",14876,Ryan Tannehill,QB,BE,False,30.0,16.76,False
5,False,1,"Jim, Tannehill, Laundry ",-16022,Cardinals D/ST,D/ST,D/ST,True,8.0,6.81,False
5,False,1,"Jim, Tannehill, Laundry ",3117256,Dalton Schultz,TE,BE,False,1.1,7.31,False
5,False,1,"Jim, Tannehill, Laundry ",3915189,Roquan Smith,LB,DP,True,7.0,9.05,False
5,False,9,Tonie's Tigers,3051392,Ezekiel Elliott,RB,RB,True,23.0,21.62,False
5,False,9,Tonie's Tigers,3068267,Austin Ekeler,RB,BE,False,0.0,0.0,False
5,False,9,Tonie's Tigers,13982,Julio Jones,WR,BE,False,0.0,0.0,False
5,False,9,Tonie's Tigers,2977187,Cooper Kupp,WR,WR,True,10.1,12.0,False
5,False,9,Tonie's Tigers,4040761,Devin Singletary,RB,RB,True,3.8,11.27,False
5,False,9,Tonie's Tigers,3046439,Hunter Henry,TE,TE,True,10.3,10.06,False
5,False,9,Tonie's Tigers,2330,Tom Brady,QB,QB,True,14.12,17.99,False
5,False,9,Tonie's Tigers,15072,Marvin Jones Jr.,WR,BE,False,0.0,0.0,True
5,False,9,Tonie's Tigers,4360294,Antonio Gibson,RB,RB/WR/TE,True,7.6,12.22,False
5,False,9,Tonie's Tigers,14979,Bobby Wagner,LB,DP,True,14.0,9.01,False
5,False,9,Tonie's Tigers,-16011,Colts D/ST,D/ST,D/ST,True,10.0,6.77,False
5,False,9,Tonie's Tigers,3046779,Jared Goff,QB,BE,False,24.36,15.75,False
5,False,9,Tonie's Tigers,3124084,Joey Slye,K,K,True,11.0,8.49,False
5,False,9,Tonie's Tigers,15349,Cole Beasley,WR,WR,True,8.3,8.12,False
5,False,9,Tonie's Tigers,4239993,Tee Higgins,WR,BE,False,9.2,8.54,False
5,False,9,Tonie's Tigers,2572861,J.D. McKissic,RB,BE,False,7.9,7.87,False
5,False,9,Tonie's Tigers,3134353,Tim Patrick,WR,BE,False,0.0,0.0,True
5,False,8,SCLSU Mud Dogs,2976316,Michael Thomas,WR,BE,False,0.0,0.0,False
5,False,8,SCLSU Mud Dogs,16800,Davante Adams,WR,BE,False,0.0,0.0,True
5,False,8,SCLSU Mud Dogs,3040151,George Kittle,TE,TE,True,6.4,14.31,False
5,False,8,SCLSU Mud Dogs,15825,Le'Veon Bell,RB,RB/WR/TE,True,7.2,11.24,False
5,False,8,SCLSU Mud Dogs,4242335,Jonathan Taylor,RB,RB,True,14.4,13.39,False
5,False,8,SCLSU Mud Dogs,2577417,Dak Prescott,QB,QB,True,12.94,21.16,False
5,False,8,SCLSU Mud Dogs,14924,T.Y. Hilton,WR,WR,True,9.9,8.68,False
5,False,8,SCLSU Mud Dogs,3912550,Ronald Jones II,RB,RB,True,14.0,13.58,False
5,False,8,SCLSU Mud Dogs,2979477,Tevin Coleman,RB,BE,False,0.0,0.0,False
5,False,8,SCLSU Mud Dogs,3051439,Boston Scott,RB,BE,False,0.3,3.46,False
5,False,8,SCLSU Mud Dogs,3916148,Tony Pollard,RB,BE,False,4.2,3.09,False
5,False,8,SCLSU Mud Dogs,4038524,Gardner Minshew II,QB,BE,False,19.84,19.35,False
5,False,8,SCLSU Mud Dogs,14993,Greg Zuerlein,K,K,True,14.0,7.83,False
5,False,8,SCLSU Mud Dogs,-16014,Rams D/ST,D/ST,D/ST,True,14.0,7.2,False
5,False,8,SCLSU Mud Dogs,14985,Lavonte David,LB,DP,True,5.0,9.13,False
5,False,8,SCLSU Mud Dogs,4036348,Michael Gallup,WR,WR,True,9.3,8.18,False
5,False,8,SCLSU Mud Dogs,13217,Golden Tate,WR,BE,False,6.2,8.09,False
5,False,10,Maitland Tiburon,3043078,Derrick Henry,RB,RB,True,18.8,17.14,False
5,False,10,Maitland Tiburon,16737,Mike Evans,WR,RB/WR/TE,True,12.6,12.36,False
5,False,10,Maitland Tiburon,2508176,David Johnson,RB,RB,True,11.3,13.89,False
5,False,10,Maitland Tiburon,15880,Robert Woods,WR,WR,True,15.1,11.41,False
5,False,10,Maitland Tiburon,3051876,Evan Engram,TE,TE,True,9.0,9.16,False
5,False,10,Maitland Tiburon,16790,Jarvis Landry,WR,BE,False,10.8,8.06,False
5,False,10,Maitland Tiburon,15920,Latavius Murray,RB,BE,False,6.7,9.06,False
5,False,10,Maitland Tiburon,-16025,49ers D/ST,D/ST,D/ST,True,-4.0,7.18,False
5,False,10,Maitland Tiburon,16728,Teddy Bridgewater,QB,QB,True,20.82,17.45,False
5,False,10,Maitland Tiburon,10636,Mason Crosby,K,BE,False,0.0,0.0,True
5,False,10,Maitland Tiburon,2574808,Robby Anderson,WR,WR,True,15.5,12.63,False
5,False,10,Maitland Tiburon,10475,Greg Olsen,TE,BE,False,2.5,7.54,False
5,False,10,Maitland Tiburon,8664,Ryan Fitzpatrick,QB,BE,False,27.6,15.48,False
5,False,10,Maitland Tiburon,15971,Rex Burkhead,RB,BE,False,0.0,0.0,True
5,False,10,Maitland Tiburon,4360438,Brandon Aiyuk,WR,BE,False,6.9,7.36,False
5,False,10,Maitland Tiburon,4036261,Devin Bush,LB,DP,True,3.0,8.67,False
5,False,10,Maitland Tiburon,12460,Graham Gano,K,K,True,20.0,8.6,False
5,False,5,Russ Finna Cuck,3128720,Nick Chubb,RB,BE,False,0.0,0.0,False
5,False,5,Russ Finna Cuck,2977644,Todd Gurley II,RB,RB,True,23.0,15.42,False
5,False,5,Russ Finna Cuck,16460,Adam Thielen,WR,WR,True,24.8,14.31,False
5,False,5,Russ Finna Cuck,2577327,Tyler Lockett,WR,WR,True,6.4,14.01,False
5,False,5,Russ Finna Cuck,3043275,Austin Hooper,TE,TE,True,9.2,6.76,False
5,False,5,Russ Finna Cuck,14881,Russell Wilson,QB,QB,True,24.48,24.16,False
5,False,5,Russ Finna Cuck,16913,James White,RB,BE,False,0.0,0.0,True
5,False,5,Russ Finna Cuck,3052117,Phillip Lindsay,RB,BE,False,0.0,0.0,True
5,False,5,Russ Finna Cuck,4241463,Jerry Jeudy,WR,BE,False,0.0,0.0,True
5,False,5,Russ Finna Cuck,13994,Cam Newton,QB,BE,False,0.0,0.0,True
5,False,5,Russ Finna Cuck,-16027,Buccaneers D/ST,D/ST,D/ST,True,7.0,6.58,False
5,False,5,Russ Finna Cuck,4052042,James Robinson,RB,RB,True,7.5,14.58,False
5,False,5,Russ Finna Cuck,3115378,Russell Gage,WR,BE,False,2.6,8.21,False
5,False,5,Russ Finna Cuck,4243160,Laviska Shenault Jr.,WR,RB/WR/TE,True,11.4,8.47,False
5,False,5,Russ Finna Cuck,3915165,Rodrigo Blankenship,K,K,True,11.0,9.49,False
5,False,5,Russ Finna Cuck,12537,Jared Cook,TE,BE,False,13.2,7.22,False
5,False,5,Russ Finna Cuck,15827,Jon Bostic,LB,DP,True,5.0,8.44,False
5,False,6,This Year Will  Be A Brees ,4242214,Clyde Edwards-Helaire,RB,RB,True,9.5,18.27,False
5,False,6,This Year Will  Be A Brees ,3116406,Tyreek Hill,WR,WR,True,16.8,13.11,False
5,False,6,This Year Will  Be A Brees ,3045147,James Conner,RB,RB,True,14.8,14.4,False
5,False,6,This Year Will  Be A Brees ,3120348,JuJu Smith-Schuster,WR,BE,False,4.8,11.42,False
5,False,6,This Year Will  Be A Brees ,13229,Rob Gronkowski,TE,TE,True,6.7,7.13,False
5,False,6,This Year Will  Be A Brees ,2976212,Stefon Diggs,WR,RB/WR/TE,True,15.6,13.37,False
5,False,6,This Year Will  Be A Brees ,2580,Drew Brees,QB,QB,True,21.1,15.27,False
5,False,6,This Year Will  Be A Brees ,2576716,Jamison Crowder,WR,WR,True,21.6,10.43,False
5,False,6,This Year Will  Be A Brees ,3128721,Sony Michel,RB,BE,False,0.0,0.0,True
5,False,6,This Year Will  Be A Brees ,13295,Emmanuel Sanders,WR,BE,False,18.2,4.63,False
5,False,6,This Year Will  Be A Brees ,9354,Robbie Gould,K,K,True,5.0,8.36,False
5,False,6,This Year Will  Be A Brees ,-16004,Bengals D/ST,D/ST,BE,False,3.0,4.33,False
5,False,6,This Year Will  Be A Brees ,13232,Jimmy Graham,TE,BE,False,10.8,7.77,False
5,False,6,This Year Will  Be A Brees ,2998565,Mo Alie-Cox,TE,BE,False,0.0,5.22,False
5,False,6,This Year Will  Be A Brees ,8479,Frank Gore,RB,BE,False,3.0,4.64,False
5,False,6,This Year Will  Be A Brees ,2978313,Shaq Thompson,LB,DP,True,10.0,8.99,False
5,False,6,This Year Will  Be A Brees ,-16012,Chiefs D/ST,D/ST,D/ST,True,-5.0,5.8,False
5,False,2,Lamar  The Merrier!,3916387,Lamar Jackson,QB,QB,True,13.5,23.36,False
5,False,2,Lamar  The Merrier!,13981,Mark Ingram II,RB,RB,True,5.7,8.57,False
5,False,2,Lamar  The Merrier!,16733,Odell Beckham Jr.,WR,RB/WR/TE,True,9.92,11.66,False
5,False,2,Lamar  The Merrier!,2969962,Duke Johnson,RB,BE,False,2.4,6.8,False
5,False,2,Lamar  The Merrier!,4241389,CeeDee Lamb,WR,WR,True,16.4,9.42,False
5,False,2,Lamar  The Merrier!,2573401,Tyler Higbee,TE,TE,True,2.2,6.14,False
5,False,2,Lamar  The Merrier!,4035538,David Montgomery,RB,RB,True,15.4,11.44,False
5,False,2,Lamar  The Merrier!,12649,Julian Edelman,WR,BE,False,0.0,0.0,True
5,False,2,Lamar  The Merrier!,5536,Ben Roethlisberger,QB,BE,False,21.36,18.47,False
5,False,2,Lamar  The Merrier!,5528,Larry Fitzgerald,WR,BE,False,5.5,5.22,False
5,False,2,Lamar  The Merrier!,3055899,Harrison Butker,K,K,True,6.0,9.42,False
5,False,2,Lamar  The Merrier!,16725,Sammy Watkins,WR,WR,True,9.4,9.92,False
5,False,2,Lamar  The Merrier!,3051389,Joey Bosa,DE,BE,False,3.0,5.15,False
5,False,2,Lamar  The Merrier!,-16024,Chargers D/ST,D/ST,D/ST,True,0.0,3.87,False
5,False,2,Lamar  The Merrier!,3051750,Zach Cunningham,LB,DP,True,12.0,9.53,False
5,False,2,Lamar  The Merrier!,3135321,Hunter Renfrow,WR,BE,False,4.7,7.9,False
5,False,4,Thunder Thighs,15847,Travis Kelce,TE,TE,True,20.8,13.52,False
5,False,4,Thunder Thighs,2974858,Kenny Golladay,WR,BE,False,0.0,0.0,True
5,False,4,Thunder Thighs,3115394,DJ Chark Jr.,WR,RB/WR/TE,True,3.1,10.73,False
5,False,4,Thunder Thighs,11237,Matt Ryan,QB,QB,True,6.94,19.32,False
5,False,4,Thunder Thighs,4240021,Cam Akers,RB,BE,False,6.1,6.26,False
5,False,4,Thunder Thighs,16731,Brandin Cooks,WR,WR,True,26.1,7.64,False
5,False,4,Thunder Thighs,3916945,Darius Slayton,WR,WR,True,16.9,10.67,False
5,False,4,Thunder Thighs,2978273,Blake Martinez,LB,DP,True,9.0,10.91,False
5,False,4,Thunder Thighs,14880,Kirk Cousins,QB,BE,False,14.16,15.02,False
5,False,4,Thunder Thighs,4036133,T.J. Hockenson,TE,BE,False,0.0,0.0,True
5,False,4,Thunder Thighs,10452,Adrian Peterson,RB,BE,False,0.0,0.0,True
5,False,4,Thunder Thighs,4039359,Darrell Henderson Jr.,RB,RB,True,20.3,9.66,False
5,False,4,Thunder Thighs,3071572,Keelan Cole Sr.,WR,BE,False,9.7,7.14,False
5,False,4,Thunder Thighs,3925347,Damien Harris,RB,BE,False,0.0,0.0,True
5,False,4,Thunder Thighs,3116136,Justin Jackson,RB,RB,True,13.9,10.02,False
5,False,4,Thunder Thighs,17372,Chris Boswell,K,K,True,9.0,8.73,False
5,False,4,Thunder Thighs,-16010,Titans D/ST,D/ST,D/ST,True,7.0,4.15,False
5,False,3,Jim Ward's Ole Dick Necks,3042519,Aaron Jones,RB,BE,False,0.0,0.0,True
5,False,3,Jim Ward's Ole Dick Necks,3139477,Patrick Mahomes,QB,QB,True,30.7,23.47,False
5,False,3,Jim Ward's Ole Dick Necks,2576434,Melvin Gordon III,RB,BE,False,0.0,0.0,True
5,False,3,Jim Ward's Ole Dick Necks,3115364,Leonard Fournette,RB,BE,False,0.0,0.83,False
5,False,3,Jim Ward's Ole Dick Necks,3052876,Will Fuller V,WR,WR,True,14.8,12.5,False
5,False,3,Jim Ward's Ole Dick Necks,4241985,J.K. Dobbins,RB,RB,True,7.0,6.38,False
5,False,3,Jim Ward's Ole Dick Necks,4241475,Henry Ruggs III,WR,RB/WR/TE,True,18.8,7.89,False
5,False,3,Jim Ward's Ole Dick Necks,3924365,Hayden Hurst,TE,TE,True,1.8,8.19,False
5,False,3,Jim Ward's Ole Dick Necks,16804,John Brown,WR,BE,False,0.0,0.0,False
5,False,3,Jim Ward's Ole Dick Necks,-16002,Bills D/ST,D/ST,D/ST,True,-3.0,6.56,False
5,False,3,Jim Ward's Ole Dick Necks,2977819,Joe Schobert,LB,DP,True,4.0,8.22,False
5,False,3,Jim Ward's Ole Dick Necks,3043234,Zane Gonzalez,K,K,True,7.0,8.17,False
5,False,3,Jim Ward's Ole Dick Necks,2972091,Jalen Richard,RB,BE,False,5.0,3.34,False
5,False,3,Jim Ward's Ole Dick Necks,3045523,Kendrick Bourne,WR,WR,True,10.0,4.54,False
5,False,3,Jim Ward's Ole Dick Necks,3051738,Marquez Valdes-Scantling,WR,BE,False,0.0,0.0,True
5,False,3,Jim Ward's Ole Dick Necks,3125403,Brian Hill,RB,BE,False,6.4,5.88,False
5,False,3,Jim Ward's Ole Dick Necks,3139602,D'Ernest Johnson,RB,RB,True,5.1,6.35,False
5,False,11,Dez (Bryant) Nuts,3117251,Christian McCaffrey,RB,BE,False,0.0,0.0,False
5,False,11,Dez (Bryant) Nuts,3919596,Chris Carson,RB,RB,True,16.9,15.53,False
5,False,11,Dez (Bryant) Nuts,15795,DeAndre Hopkins,WR,WR,True,22.1,15.19,False
5,False,11,Dez (Bryant) Nuts,3059915,Kareem Hunt,RB,RB,True,16.8,14.95,False
5,False,11,Dez (Bryant) Nuts,15835,Zach Ertz,TE,TE,True,2.1,10.26,False
5,False,11,Dez (Bryant) Nuts,3045144,Tyler Boyd,WR,BE,False,6.2,10.63,False
5,False,11,Dez (Bryant) Nuts,2576623,DeVante Parker,WR,WR,True,12.0,11.06,False
5,False,11,Dez (Bryant) Nuts,15683,Justin Tucker,K,K,True,9.0,9.13,False
5,False,11,Dez (Bryant) Nuts,-16023,Steelers D/ST,D/ST,D/ST,True,8.0,7.69,False
5,False,11,Dez (Bryant) Nuts,8439,Aaron Rodgers,QB,BE,False,0.0,0.0,True
5,False,11,Dez (Bryant) Nuts,3915511,Joe Burrow,QB,QB,True,4.32,16.85,False
5,False,11,Dez (Bryant) Nuts,3128390,Allen Lazard,WR,BE,False,0.0,0.0,True
5,False,11,Dez (Bryant) Nuts,3045282,T.J. Watt,DE,BE,False,5.0,6.53,False
5,False,11,Dez (Bryant) Nuts,16782,Jerick McKinnon,RB,BE,False,2.5,10.85,False
5,False,11,Dez (Bryant) Nuts,3025433,Mike Davis,RB,RB/WR/TE,True,25.4,16.6,False
5,False,11,Dez (Bryant) Nuts,3047566,Myles Jack,LB,DP,True,0.0,0.0,False
5,False,11,Dez (Bryant) Nuts,-16007,Broncos D/ST,D/ST,BE,False,0.0,0.0,True
5,False,12,Rule  #76,4047365,Josh Jacobs,RB,RB,True,21.5,15.79,False
5,False,12,Rule  #76,2979843,Kenyan Drake,RB,RB,True,13.7,13.21,False
5,False,12,Rule  #76,3915416,DJ Moore,WR,WR,True,17.3,11.34,False
5,False,12,Rule  #76,4047646,A.J. Brown,WR,BE,False,17.7,10.8,False
5,False,12,Rule  #76,3121422,Terry McLaurin,WR,WR,True,4.1,12.17,False
5,False,12,Rule  #76,3917315,Kyler Murray,QB,QB,True,26.3,21.99,False
5,False,12,Rule  #76,2576414,Raheem Mostert,RB,BE,False,13.4,13.35,False
5,False,12,Rule  #76,4241372,Marquise Brown,WR,BE,False,16.8,11.4,False
5,False,12,Rule  #76,4036131,Noah Fant,TE,BE,False,0.0,0.0,True
5,False,12,Rule  #76,-16018,Saints D/ST,D/ST,D/ST,True,2.0,5.67,False
5,False,12,Rule  #76,3052896,Jaylon Smith,LB,DP,True,15.0,9.02,False
5,False,12,Rule  #76,3916430,Nyheim Hines,RB,BE,False,4.0,9.31,False
5,False,12,Rule  #76,3910544,Joshua Kelley,RB,RB/WR/TE,True,5.3,12.05,False
5,False,12,Rule  #76,16944,Devonta Freeman,RB,BE,False,15.7,9.2,False
5,False,12,Rule  #76,15091,Randy Bullock,K,K,True,3.0,8.63,False
5,False,12,Rule  #76,2975674,Robert Tonyan,TE,BE,False,0.0,0.0,True
5,False,12,Rule  #76,16732,Eric Ebron,TE,TE,True,4.8,6.99,False
5,False,13,Kamara Virus,3054850,Alvin Kamara,RB,RB,True,15.9,19.32,False
5,False,13,Kamara Virus,3116385,Joe Mixon,RB,RB,True,12.4,13.73,False
5,False,13,Kamara Virus,3116165,Chris Godwin,WR,BE,False,0.0,0.0,False
5,False,13,Kamara Virus,3925357,Calvin Ridley,WR,WR,True,17.6,13.98,False
5,False,13,Kamara Virus,3116365,Mark Andrews,TE,TE,True,14.6,11.23,False
5,False,13,Kamara Virus,3918298,Josh Allen,QB,QB,True,17.32,24.98,False
5,False,13,Kamara Virus,4047650,DK Metcalf,WR,WR,True,25.3,13.42,False
5,False,13,Kamara Virus,3932905,Diontae Johnson,WR,BE,False,0.3,11.15,False
5,False,13,Kamara Virus,3126486,Deebo Samuel,WR,BE,False,3.2,10.1,False
5,False,13,Kamara Virus,-16033,Ravens D/ST,D/ST,D/ST,True,25.0,6.59,False
5,False,13,Kamara Virus,12483,Matthew Stafford,QB,BE,False,0.0,0.0,True
5,False,13,Kamara Virus,3054212,Jonnu Smith,TE,BE,False,18.5,9.83,False
5,False,13,Kamara Virus,3138826,Fred Warner,LB,DP,True,10.0,8.88,False
5,False,13,Kamara Virus,2473037,Jason Myers,K,K,True,3.0,8.09,False
5,False,13,Kamara Virus,3886818,Myles Gaskin,RB,BE,False,17.6,11.2,False
5,False,13,Kamara Virus,4262921,Justin Jefferson,WR,RB/WR/TE,True,4.8,10.46,False
5,False,13,Kamara Virus,4038941,Justin Herbert,QB,BE,False,27.36,16.72,False
6,False,9,Tonie's Tigers,3051392,Ezekiel Elliott,RB,RB,True,8.0,19.92,False
6,False,9,Tonie's Tigers,3068267,Austin Ekeler,RB,BE,False,0.0,0.0,True
6,False,9,Tonie's Tigers,13982,Julio Jones,WR,WR,True,29.7,13.33,False
6,False,9,Tonie's Tigers,2977187,Cooper Kupp,WR,WR,True,2.6,11.89,False
6,False,9,Tonie's Tigers,4040761,Devin Singletary,RB,RB,True,5.0,10.7,False
6,False,9,Tonie's Tigers,2330,Tom Brady,QB,QB,True,14.64,20.51,False
6,False,9,Tonie's Tigers,4360294,Antonio Gibson,RB,RB/WR/TE,True,7.5,13.79,False
6,False,9,Tonie's Tigers,14979,Bobby Wagner,LB,BE,False,0.0,0.0,True
6,False,9,Tonie's Tigers,-16011,Colts D/ST,D/ST,D/ST,True,3.0,8.26,False
6,False,9,Tonie's Tigers,3046779,Jared Goff,QB,BE,False,14.92,15.06,False
6,False,9,Tonie's Tigers,3124084,Joey Slye,K,K,True,10.0,8.57,False
6,False,9,Tonie's Tigers,4239993,Tee Higgins,WR,BE,False,16.7,8.9,False
6,False,9,Tonie's Tigers,2572861,J.D. McKissic,RB,BE,False,11.4,8.29,False
6,False,9,Tonie's Tigers,3134353,Tim Patrick,WR,BE,False,12.1,8.63,False
6,False,9,Tonie's Tigers,3139522,Travis Fulgham,WR,BE,False,16.5,9.6,False
6,False,9,Tonie's Tigers,4242207,Patrick Queen,LB,DP,True,2.0,7.9,False
6,False,9,Tonie's Tigers,3116164,Mike Gesicki,TE,TE,True,0.0,8.06,False
6,False,4,Thunder Thighs,15847,Travis Kelce,TE,TE,True,19.0,14.41,False
6,False,4,Thunder Thighs,2974858,Kenny Golladay,WR,RB/WR/TE,True,12.5,12.85,False
6,False,4,Thunder Thighs,3115394,DJ Chark Jr.,WR,BE,False,8.0,9.83,False
6,False,4,Thunder Thighs,11237,Matt Ryan,QB,QB,True,31.64,18.81,False
6,False,4,Thunder Thighs,4240021,Cam Akers,RB,BE,False,0.0,5.38,False
6,False,4,Thunder Thighs,16731,Brandin Cooks,WR,WR,True,17.3,10.44,False
6,False,4,Thunder Thighs,3916945,Darius Slayton,WR,WR,True,10.8,10.86,False
6,False,4,Thunder Thighs,2978273,Blake Martinez,LB,DP,True,14.0,9.72,False
6,False,4,Thunder Thighs,14880,Kirk Cousins,QB,BE,False,23.72,16.68,False
6,False,4,Thunder Thighs,4036133,T.J. Hockenson,TE,BE,False,8.7,7.12,False
6,False,4,Thunder Thighs,10452,Adrian Peterson,RB,RB,True,12.3,10.14,False
6,False,4,Thunder Thighs,4039359,Darrell Henderson Jr.,RB,RB,True,9.2,10.23,False
6,False,4,Thunder Thighs,3071572,Keelan Cole Sr.,WR,BE,False,17.3,7.42,False
6,False,4,Thunder Thighs,3925347,Damien Harris,RB,BE,False,3.8,8.77,False
6,False,4,Thunder Thighs,3116136,Justin Jackson,RB,BE,False,0.0,0.0,True
6,False,4,Thunder Thighs,17372,Chris Boswell,K,K,True,8.0,8.59,False
6,False,4,Thunder Thighs,-16015,Dolphins D/ST,D/ST,D/ST,True,12.0,6.61,False
6,False,10,Maitland Tiburon,3043078,Derrick Henry,RB,RB,True,39.4,18.99,False
6,False,10,Maitland Tiburon,16737,Mike Evans,WR,RB/WR/TE,True,1.5,12.01,False
6,False,10,Maitland Tiburon,2508176,David Johnson,RB,RB,True,13.4,13.18,False
6,False,10,Maitland Tiburon,15880,Robert Woods,WR,WR,True,12.0,11.56,False
6,False,10,Maitland Tiburon,3051876,Evan Engram,TE,TE,True,4.0,7.81,False
6,False,10,Maitland Tiburon,16790,Jarvis Landry,WR,BE,False,5.5,10.12,False
6,False,10,Maitland Tiburon,15920,Latavius Murray,RB,BE,False,0.0,0.0,True
6,False,10,Maitland Tiburon,-16025,49ers D/ST,D/ST,BE,False,5.0,4.41,False
6,False,10,Maitland Tiburon,16728,Teddy Bridgewater,QB,BE,False,9.44,14.46,False
6,False,10,Maitland Tiburon,10636,Mason Crosby,K,K,True,4.0,9.06,False
6,False,10,Maitland Tiburon,2574808,Robby Anderson,WR,WR,True,9.7,11.96,False
6,False,10,Maitland Tiburon,8664,Ryan Fitzpatrick,QB,QB,True,17.04,19.14,False
6,False,10,Maitland Tiburon,4360438,Brandon Aiyuk,WR,BE,False,8.2,7.42,False
6,False,10,Maitland Tiburon,12460,Graham Gano,K,BE,False,8.0,9.03,False
6,False,10,Maitland Tiburon,2577712,Alexander Johnson,LB,DP,True,8.0,8.82,False
6,False,10,Maitland Tiburon,-16029,Panthers D/ST,D/ST,D/ST,True,4.0,6.01,False
6,False,11,Dez (Bryant) Nuts,3117251,Christian McCaffrey,RB,BE,False,0.0,0.0,False
6,False,11,Dez (Bryant) Nuts,3919596,Chris Carson,RB,BE,False,0.0,0.0,True
6,False,11,Dez (Bryant) Nuts,15795,DeAndre Hopkins,WR,WR,True,8.3,16.06,False
6,False,11,Dez (Bryant) Nuts,3059915,Kareem Hunt,RB,RB,True,6.7,17.17,False
6,False,11,Dez (Bryant) Nuts,15835,Zach Ertz,TE,TE,True,6.3,8.27,False
6,False,11,Dez (Bryant) Nuts,3045144,Tyler Boyd,WR,RB/WR/TE,True,10.4,10.66,False
6,False,11,Dez (Bryant) Nuts,2576623,DeVante Parker,WR,WR,True,5.0,10.4,False
6,False,11,Dez (Bryant) Nuts,15683,Justin Tucker,K,K,True,16.0,9.07,False
6,False,11,Dez (Bryant) Nuts,-16023,Steelers D/ST,D/ST,D/ST,True,19.0,5.96,False
6,False,11,Dez (Bryant) Nuts,8439,Aaron Rodgers,QB,QB,True,3.8,19.41,False
6,False,11,Dez (Bryant) Nuts,3915511,Joe Burrow,QB,BE,False,16.72,14.22,False
6,False,11,Dez (Bryant) Nuts,3128390,Allen Lazard,WR,BE,False,0.0,0.0,False
6,False,11,Dez (Bryant) Nuts,3045282,T.J. Watt,DE,BE,False,3.0,5.82,False
6,False,11,Dez (Bryant) Nuts,16782,Jerick McKinnon,RB,BE,False,3.8,7.85,False
6,False,11,Dez (Bryant) Nuts,3025433,Mike Davis,RB,RB,True,11.5,18.07,False
6,False,11,Dez (Bryant) Nuts,3047566,Myles Jack,LB,DP,True,4.0,8.21,False
6,False,11,Dez (Bryant) Nuts,-16007,Broncos D/ST,D/ST,BE,False,15.0,5.18,False
6,False,6,This Year Will  Be A Brees ,4242214,Clyde Edwards-Helaire,RB,RB,True,18.9,16.2,False
6,False,6,This Year Will  Be A Brees ,3116406,Tyreek Hill,WR,WR,True,4.0,13.96,False
6,False,6,This Year Will  Be A Brees ,3045147,James Conner,RB,RB,True,16.7,15.18,False
6,False,6,This Year Will  Be A Brees ,3120348,JuJu Smith-Schuster,WR,BE,False,1.6,11.97,False
6,False,6,This Year Will  Be A Brees ,13229,Rob Gronkowski,TE,BE,False,16.3,7.51,False
6,False,6,This Year Will  Be A Brees ,2976212,Stefon Diggs,WR,RB/WR/TE,True,13.6,13.82,False
6,False,6,This Year Will  Be A Brees ,2580,Drew Brees,QB,BE,False,0.0,0.0,True
6,False,6,This Year Will  Be A Brees ,2576716,Jamison Crowder,WR,WR,True,8.3,11.38,False
6,False,6,This Year Will  Be A Brees ,3128721,Sony Michel,RB,BE,False,0.0,0.0,False
6,False,6,This Year Will  Be A Brees ,13295,Emmanuel Sanders,WR,BE,False,0.0,0.0,True
6,False,6,This Year Will  Be A Brees ,9354,Robbie Gould,K,K,True,7.0,8.22,False
6,False,6,This Year Will  Be A Brees ,13232,Jimmy Graham,TE,TE,True,5.9,7.15,False
6,False,6,This Year Will  Be A Brees ,2998565,Mo Alie-Cox,TE,BE,False,0.0,0.0,False
6,False,6,This Year Will  Be A Brees ,2978313,Shaq Thompson,LB,DP,True,6.0,8.63,False
6,False,6,This Year Will  Be A Brees ,16757,Derek Carr,QB,BE,False,0.0,0.0,True
6,False,6,This Year Will  Be A Brees ,14012,Andy Dalton,QB,QB,True,11.04,15.87,False
6,False,6,This Year Will  Be A Brees ,-16022,Cardinals D/ST,D/ST,D/ST,True,14.0,5.06,False
6,False,13,Kamara Virus,3054850,Alvin Kamara,RB,BE,False,0.0,0.0,True
6,False,13,Kamara Virus,3116385,Joe Mixon,RB,RB,True,13.9,14.82,False
6,False,13,Kamara Virus,3116165,Chris Godwin,WR,RB/WR/TE,True,7.3,12.87,False
6,False,13,Kamara Virus,3925357,Calvin Ridley,WR,WR,True,15.9,13.65,False
6,False,13,Kamara Virus,3116365,Mark Andrews,TE,TE,True,3.1,12.46,False
6,False,13,Kamara Virus,3918298,Josh Allen,QB,QB,True,15.08,23.62,False
6,False,13,Kamara Virus,4047650,DK Metcalf,WR,BE,False,0.0,0.0,True
6,False,13,Kamara Virus,3932905,Diontae Johnson,WR,BE,False,0.0,0.0,False
6,False,13,Kamara Virus,3126486,Deebo Samuel,WR,BE,False,15.0,9.61,False
6,False,13,Kamara Virus,-16033,Ravens D/ST,D/ST,D/ST,True,6.0,7.74,False
6,False,13,Kamara Virus,12483,Matthew Stafford,QB,BE,False,12.32,19.8,False
6,False,13,Kamara Virus,3054212,Jonnu Smith,TE,BE,False,1.8,9.45,False
6,False,13,Kamara Virus,3138826,Fred Warner,LB,DP,True,7.0,9.12,False
6,False,13,Kamara Virus,3886818,Myles Gaskin,RB,RB,True,14.6,14.91,False
6,False,13,Kamara Virus,4262921,Justin Jefferson,WR,WR,True,35.1,9.61,False
6,False,13,Kamara Virus,4038941,Justin Herbert,QB,BE,False,0.0,0.0,True
6,False,13,Kamara Virus,9704,Stephen Gostkowski,K,K,True,2.0,8.99,False
6,False,5,Russ Finna Cuck,3128720,Nick Chubb,RB,BE,False,0.0,0.0,False
6,False,5,Russ Finna Cuck,2977644,Todd Gurley II,RB,RB,True,8.2,13.55,False
6,False,5,Russ Finna Cuck,16460,Adam Thielen,WR,WR,True,12.6,14.94,False
6,False,5,Russ Finna Cuck,2577327,Tyler Lockett,WR,BE,False,0.0,0.0,True
6,False,5,Russ Finna Cuck,3043275,Austin Hooper,TE,TE,True,7.7,8.19,False
6,False,5,Russ Finna Cuck,14881,Russell Wilson,QB,BE,False,0.0,0.0,True
6,False,5,Russ Finna Cuck,16913,James White,RB,BE,False,11.3,8.27,False
6,False,5,Russ Finna Cuck,3052117,Phillip Lindsay,RB,BE,False,10.1,11.03,False
6,False,5,Russ Finna Cuck,4241463,Jerry Jeudy,WR,WR,True,4.2,9.19,False
6,False,5,Russ Finna Cuck,13994,Cam Newton,QB,QB,True,17.98,18.71,False
6,False,5,Russ Finna Cuck,-16027,Buccaneers D/ST,D/ST,BE,False,20.0,5.32,False
6,False,5,Russ Finna Cuck,4052042,James Robinson,RB,RB,True,13.3,15.15,False
6,False,5,Russ Finna Cuck,4243160,Laviska Shenault Jr.,WR,RB/WR/TE,True,2.6,9.68,False
6,False,5,Russ Finna Cuck,3915165,Rodrigo Blankenship,K,K,True,8.0,8.67,False
6,False,5,Russ Finna Cuck,12537,Jared Cook,TE,BE,False,0.0,0.0,True
6,False,5,Russ Finna Cuck,2510863,Eric Kendricks,LB,DP,True,13.0,9.92,False
6,False,5,Russ Finna Cuck,-16003,Bears D/ST,D/ST,D/ST,True,11.0,6.27,False
6,False,12,Rule  #76,4047365,Josh Jacobs,RB,BE,False,0.0,0.0,True
6,False,12,Rule  #76,2979843,Kenyan Drake,RB,RB,True,28.4,13.04,False
6,False,12,Rule  #76,3915416,DJ Moore,WR,WR,True,11.8,9.75,False
6,False,12,Rule  #76,4047646,A.J. Brown,WR,WR,True,20.3,11.59,False
6,False,12,Rule  #76,3121422,Terry McLaurin,WR,BE,False,11.9,10.46,False
6,False,12,Rule  #76,3917315,Kyler Murray,QB,QB,True,28.92,23.24,False
6,False,12,Rule  #76,2576414,Raheem Mostert,RB,RB,True,8.6,13.68,False
6,False,12,Rule  #76,4241372,Marquise Brown,WR,BE,False,7.7,11.93,False
6,False,12,Rule  #76,4036131,Noah Fant,TE,BE,False,0.0,0.0,False
6,False,12,Rule  #76,3052896,Jaylon Smith,LB,DP,True,10.0,10.1,False
6,False,12,Rule  #76,3916430,Nyheim Hines,RB,BE,False,5.2,7.85,False
6,False,12,Rule  #76,16944,Devonta Freeman,RB,RB/WR/TE,True,6.2,12.02,False
6,False,12,Rule  #76,2975674,Robert Tonyan,TE,TE,True,4.0,6.81,False
6,False,12,Rule  #76,-16017,Patriots D/ST,D/ST,D/ST,True,8.0,6.31,False
6,False,12,Rule  #76,12731,Ryan Succop,K,K,True,10.0,8.49,False
6,False,12,Rule  #76,2573079,Carson Wentz,QB,BE,False,29.42,15.61,False
6,False,12,Rule  #76,8479,Frank Gore,RB,BE,False,9.0,8.73,False
6,False,8,SCLSU Mud Dogs,2976316,Michael Thomas,WR,BE,False,0.0,0.0,True
6,False,8,SCLSU Mud Dogs,16800,Davante Adams,WR,WR,True,9.1,17.02,False
6,False,8,SCLSU Mud Dogs,3040151,George Kittle,TE,TE,True,20.4,11.99,False
6,False,8,SCLSU Mud Dogs,15825,Le'Veon Bell,RB,BE,False,0.0,0.0,False
6,False,8,SCLSU Mud Dogs,4242335,Jonathan Taylor,RB,RB,True,13.5,13.4,False
6,False,8,SCLSU Mud Dogs,14924,T.Y. Hilton,WR,WR,True,1.6,8.69,False
6,False,8,SCLSU Mud Dogs,3912550,Ronald Jones II,RB,RB,True,25.1,13.19,False
6,False,8,SCLSU Mud Dogs,2979477,Tevin Coleman,RB,BE,False,0.0,0.0,False
6,False,8,SCLSU Mud Dogs,3051439,Boston Scott,RB,BE,False,1.9,2.21,False
6,False,8,SCLSU Mud Dogs,3916148,Tony Pollard,RB,BE,False,5.0,4.37,False
6,False,8,SCLSU Mud Dogs,4038524,Gardner Minshew II,QB,QB,True,17.62,19.33,False
6,False,8,SCLSU Mud Dogs,14993,Greg Zuerlein,K,K,True,3.0,8.63,False
6,False,8,SCLSU Mud Dogs,-16014,Rams D/ST,D/ST,D/ST,True,-1.0,6.17,False
6,False,8,SCLSU Mud Dogs,14985,Lavonte David,LB,DP,True,11.0,8.54,False
6,False,8,SCLSU Mud Dogs,4036348,Michael Gallup,WR,RB/WR/TE,True,3.3,6.86,False
6,False,8,SCLSU Mud Dogs,13217,Golden Tate,WR,BE,False,1.6,7.08,False
6,False,8,SCLSU Mud Dogs,4035004,Mecole Hardman,WR,BE,False,0.0,8.61,False
6,False,3,Jim Ward's Ole Dick Necks,3042519,Aaron Jones,RB,RB,True,11.6,16.37,False
6,False,3,Jim Ward's Ole Dick Necks,3139477,Patrick Mahomes,QB,QB,True,20.6,23.84,False
6,False,3,Jim Ward's Ole Dick Necks,2576434,Melvin Gordon III,RB,BE,False,0.0,0.0,False
6,False,3,Jim Ward's Ole Dick Necks,3115364,Leonard Fournette,RB,BE,False,0.0,0.0,False
6,False,3,Jim Ward's Ole Dick Necks,3052876,Will Fuller V,WR,WR,True,21.3,12.65,False
6,False,3,Jim Ward's Ole Dick Necks,4241985,J.K. Dobbins,RB,BE,False,3.9,6.06,False
6,False,3,Jim Ward's Ole Dick Necks,4241475,Henry Ruggs III,WR,BE,False,0.0,0.0,True
6,False,3,Jim Ward's Ole Dick Necks,3924365,Hayden Hurst,TE,TE,True,13.7,8.18,False
6,False,3,Jim Ward's Ole Dick Necks,16804,John Brown,WR,BE,False,0.0,10.46,False
6,False,3,Jim Ward's Ole Dick Necks,2977819,Joe Schobert,LB,DP,True,12.0,8.11,False
6,False,3,Jim Ward's Ole Dick Necks,3043234,Zane Gonzalez,K,K,True,8.0,7.99,False
6,False,3,Jim Ward's Ole Dick Necks,2972091,Jalen Richard,RB,BE,False,0.0,0.0,True
6,False,3,Jim Ward's Ole Dick Necks,3051738,Marquez Valdes-Scantling,WR,WR,True,5.7,8.6,False
6,False,3,Jim Ward's Ole Dick Necks,3125403,Brian Hill,RB,RB,True,2.4,5.98,False
6,False,3,Jim Ward's Ole Dick Necks,3139602,D'Ernest Johnson,RB,BE,False,0.1,6.41,False
6,False,3,Jim Ward's Ole Dick Necks,-16019,Giants D/ST,D/ST,D/ST,True,13.0,6.89,False
6,False,3,Jim Ward's Ole Dick Necks,3122672,Royce Freeman,RB,RB/WR/TE,True,4.5,7.67,False
6,False,1,"Jim, Tannehill, Laundry ",3116593,Dalvin Cook,RB,BE,False,0.0,0.0,False
6,False,1,"Jim, Tannehill, Laundry ",4045163,Miles Sanders,RB,RB,True,11.7,15.96,False
6,False,1,"Jim, Tannehill, Laundry ",2976499,Amari Cooper,WR,WR,True,18.4,10.61,False
6,False,1,"Jim, Tannehill, Laundry ",16799,Allen Robinson II,WR,WR,True,7.8,12.89,False
6,False,1,"Jim, Tannehill, Laundry ",2576925,Darren Waller,TE,BE,False,0.0,0.0,True
6,False,1,"Jim, Tannehill, Laundry ",3122840,Deshaun Watson,QB,QB,True,32.0,20.46,False
6,False,1,"Jim, Tannehill, Laundry ",15818,Keenan Allen,WR,BE,False,0.0,0.0,True
6,False,1,"Jim, Tannehill, Laundry ",4048244,Alexander Mattison,RB,RB,True,3.5,16.93,False
6,False,1,"Jim, Tannehill, Laundry ",3119195,Chase Edmonds,RB,RB/WR/TE,True,3.4,9.19,False
6,False,1,"Jim, Tannehill, Laundry ",3056362,Darius Leonard,LB,BE,False,0.0,0.0,False
6,False,1,"Jim, Tannehill, Laundry ",2985659,Wil Lutz,K,BE,False,0.0,0.0,True
6,False,1,"Jim, Tannehill, Laundry ",14876,Ryan Tannehill,QB,BE,False,28.64,17.58,False
6,False,1,"Jim, Tannehill, Laundry ",3117256,Dalton Schultz,TE,TE,True,6.5,5.96,False
6,False,1,"Jim, Tannehill, Laundry ",3915189,Roquan Smith,LB,DP,True,12.0,9.02,False
6,False,1,"Jim, Tannehill, Laundry ",-16028,Washington D/ST,D/ST,D/ST,True,6.0,7.03,False
6,False,1,"Jim, Tannehill, Laundry ",3124679,Jason Sanders,K,K,True,6.0,9.5,False
6,False,1,"Jim, Tannehill, Laundry ",3046439,Hunter Henry,TE,BE,False,0.0,0.0,True
6,False,2,Lamar  The Merrier!,3916387,Lamar Jackson,QB,QB,True,28.24,23.13,False
6,False,2,Lamar  The Merrier!,13981,Mark Ingram II,RB,RB,True,2.0,8.06,False
6,False,2,Lamar  The Merrier!,16733,Odell Beckham Jr.,WR,RB/WR/TE,True,3.5,12.95,False
6,False,2,Lamar  The Merrier!,2969962,Duke Johnson,RB,BE,False,1.6,5.23,False
6,False,2,Lamar  The Merrier!,4241389,CeeDee Lamb,WR,WR,True,9.9,9.95,False
6,False,2,Lamar  The Merrier!,2573401,Tyler Higbee,TE,TE,True,7.1,5.59,False
6,False,2,Lamar  The Merrier!,4035538,David Montgomery,RB,RB,True,11.7,14.83,False
6,False,2,Lamar  The Merrier!,12649,Julian Edelman,WR,BE,False,4.32,10.09,False
6,False,2,Lamar  The Merrier!,5536,Ben Roethlisberger,QB,BE,False,10.98,19.75,False
6,False,2,Lamar  The Merrier!,3055899,Harrison Butker,K,K,True,8.0,9.01,False
6,False,2,Lamar  The Merrier!,16725,Sammy Watkins,WR,BE,False,0.0,0.0,False
6,False,2,Lamar  The Merrier!,3051389,Joey Bosa,DE,BE,False,0.0,0.0,True
6,False,2,Lamar  The Merrier!,3051750,Zach Cunningham,LB,DP,True,7.0,9.33,False
6,False,2,Lamar  The Merrier!,3135321,Hunter Renfrow,WR,BE,False,0.0,0.0,True
6,False,2,Lamar  The Merrier!,4046692,Chase Claypool,WR,WR,True,17.1,11.8,False
6,False,2,Lamar  The Merrier!,-16010,Titans D/ST,D/ST,D/ST,True,-4.0,5.67,False
7,False,4,Thunder Thighs,15847,Travis Kelce,TE,TE,True,4.6,13.58,False
7,False,4,Thunder Thighs,2974858,Kenny Golladay,WR,RB/WR/TE,True,14.4,13.7,False
7,False,4,Thunder Thighs,3115394,DJ Chark Jr.,WR,BE,False,3.1,10.92,False
7,False,4,Thunder Thighs,11237,Matt Ryan,QB,QB,True,17.52,19.75,False
7,False,4,Thunder Thighs,4240021,Cam Akers,RB,BE,False,0.0,3.16,False
7,False,4,Thunder Thighs,16731,Brandin Cooks,WR,WR,True,10.5,9.92,False
7,False,4,Thunder Thighs,3916945,Darius Slayton,WR,WR,True,3.3,10.3,False
7,False,4,Thunder Thighs,2978273,Blake Martinez,LB,DP,True,9.0,10.4,False
7,False,4,Thunder Thighs,4036133,T.J. Hockenson,TE,BE,False,14.4,8.16,False
7,False,4,Thunder Thighs,10452,Adrian Peterson,RB,BE,False,3.5,8.21,False
7,False,4,Thunder Thighs,4039359,Darrell Henderson Jr.,RB,RB,True,8.6,11.46,False
7,False,4,Thunder Thighs,3071572,Keelan Cole Sr.,WR,BE,False,1.7,8.98,False
7,False,4,Thunder Thighs,3925347,Damien Harris,RB,BE,False,7.5,7.44,False
7,False,4,Thunder Thighs,3116136,Justin Jackson,RB,RB,True,8.0,13.26,False
7,False,4,Thunder Thighs,17372,Chris Boswell,K,K,True,9.0,7.52,False
7,False,4,Thunder Thighs,4241479,Tua Tagovailoa,QB,BE,False,0.0,0.0,True
7,False,4,Thunder Thighs,-16021,Eagles D/ST,D/ST,D/ST,True,9.0,7.28,False
7,False,10,Maitland Tiburon,3043078,Derrick Henry,RB,RB,True,14.2,19.38,False
7,False,10,Maitland Tiburon,16737,Mike Evans,WR,RB/WR/TE,True,4.7,11.42,False
7,False,10,Maitland Tiburon,2508176,David Johnson,RB,RB,True,14.4,14.2,False
7,False,10,Maitland Tiburon,15880,Robert Woods,WR,WR,True,4.0,10.99,False
7,False,10,Maitland Tiburon,3051876,Evan Engram,TE,BE,False,7.9,7.5,False
7,False,10,Maitland Tiburon,15920,Latavius Murray,RB,BE,False,6.1,9.02,False
7,False,10,Maitland Tiburon,-16025,49ers D/ST,D/ST,D/ST,True,16.0,6.63,False
7,False,10,Maitland Tiburon,16728,Teddy Bridgewater,QB,BE,False,19.16,16.59,False
7,False,10,Maitland Tiburon,10636,Mason Crosby,K,BE,False,5.0,8.03,False
7,False,10,Maitland Tiburon,2574808,Robby Anderson,WR,WR,True,10.4,12.39,False
7,False,10,Maitland Tiburon,8664,Ryan Fitzpatrick,QB,BE,False,0.0,0.0,True
7,False,10,Maitland Tiburon,12460,Graham Gano,K,K,True,4.0,8.96,False
7,False,10,Maitland Tiburon,2577712,Alexander Johnson,LB,BE,False,11.0,8.52,False
7,False,10,Maitland Tiburon,3046439,Hunter Henry,TE,TE,True,3.8,8.91,False
7,False,10,Maitland Tiburon,3895856,Christian Kirk,WR,BE,False,18.2,7.7,False
7,False,10,Maitland Tiburon,3122132,Myles Garrett,DE,DP,True,9.0,6.17,False
7,False,10,Maitland Tiburon,12483,Matthew Stafford,QB,QB,True,18.4,19.18,False
7,False,11,Dez (Bryant) Nuts,3117251,Christian McCaffrey,RB,IR,False,0.0,0.0,False
7,False,11,Dez (Bryant) Nuts,3919596,Chris Carson,RB,RB/WR/TE,True,4.6,14.08,False
7,False,11,Dez (Bryant) Nuts,15795,DeAndre Hopkins,WR,WR,True,19.3,17.01,False
7,False,11,Dez (Bryant) Nuts,3059915,Kareem Hunt,RB,RB,True,17.7,17.61,False
7,False,11,Dez (Bryant) Nuts,15835,Zach Ertz,TE,TE,True,0.0,0.0,False
7,False,11,Dez (Bryant) Nuts,3045144,Tyler Boyd,WR,WR,True,23.24,10.74,False
7,False,11,Dez (Bryant) Nuts,2576623,DeVante Parker,WR,BE,False,0.0,0.0,True
7,False,11,Dez (Bryant) Nuts,15683,Justin Tucker,K,BE,False,0.0,0.0,True
7,False,11,Dez (Bryant) Nuts,-16023,Steelers D/ST,D/ST,D/ST,True,4.0,5.1,False
7,False,11,Dez (Bryant) Nuts,8439,Aaron Rodgers,QB,QB,True,27.32,20.57,False
7,False,11,Dez (Bryant) Nuts,3915511,Joe Burrow,QB,BE,False,33.64,17.71,False
7,False,11,Dez (Bryant) Nuts,3128390,Allen Lazard,WR,BE,False,0.0,0.0,False
7,False,11,Dez (Bryant) Nuts,3045282,T.J. Watt,DE,DP,True,7.0,5.84,False
7,False,11,Dez (Bryant) Nuts,16782,Jerick McKinnon,RB,BE,False,0.9,13.38,False
7,False,11,Dez (Bryant) Nuts,3025433,Mike Davis,RB,RB,True,6.1,16.83,False
7,False,11,Dez (Bryant) Nuts,3047566,Myles Jack,LB,BE,False,0.0,0.0,False
7,False,11,Dez (Bryant) Nuts,-16007,Broncos D/ST,D/ST,BE,False,5.0,3.36,False
7,False,11,Dez (Bryant) Nuts,3124084,Joey Slye,K,K,True,6.0,8.92,False
7,False,6,This Year Will  Be A Brees ,4242214,Clyde Edwards-Helaire,RB,RB,True,12.8,12.86,False
7,False,6,This Year Will  Be A Brees ,3116406,Tyreek Hill,WR,WR,True,14.5,12.58,False
7,False,6,This Year Will  Be A Brees ,3045147,James Conner,RB,RB,True,13.6,15.94,False
7,False,6,This Year Will  Be A Brees ,3120348,JuJu Smith-Schuster,WR,BE,False,13.0,9.69,False
7,False,6,This Year Will  Be A Brees ,13229,Rob Gronkowski,TE,TE,True,14.7,9.5,False
7,False,6,This Year Will  Be A Brees ,2976212,Stefon Diggs,WR,RB/WR/TE,True,7.8,15.35,False
7,False,6,This Year Will  Be A Brees ,2580,Drew Brees,QB,BE,False,23.68,15.76,False
7,False,6,This Year Will  Be A Brees ,2576716,Jamison Crowder,WR,BE,False,0.0,0.0,False
7,False,6,This Year Will  Be A Brees ,3128721,Sony Michel,RB,BE,False,0.0,0.0,False
7,False,6,This Year Will  Be A Brees ,13295,Emmanuel Sanders,WR,IR,False,0.0,0.0,False
7,False,6,This Year Will  Be A Brees ,9354,Robbie Gould,K,K,True,10.0,7.24,False
7,False,6,This Year Will  Be A Brees ,13232,Jimmy Graham,TE,BE,False,5.6,7.35,False
7,False,6,This Year Will  Be A Brees ,2998565,Mo Alie-Cox,TE,BE,False,0.0,0.0,True
7,False,6,This Year Will  Be A Brees ,2978313,Shaq Thompson,LB,DP,True,13.0,8.31,False
7,False,6,This Year Will  Be A Brees ,16757,Derek Carr,QB,QB,True,19.26,16.42,False
7,False,6,This Year Will  Be A Brees ,14012,Andy Dalton,QB,BE,False,2.6,16.04,False
7,False,6,This Year Will  Be A Brees ,-16022,Cardinals D/ST,D/ST,D/ST,True,0.0,4.74,False
7,False,6,This Year Will  Be A Brees ,15349,Cole Beasley,WR,WR,True,16.7,10.83,False
7,False,13,Kamara Virus,3054850,Alvin Kamara,RB,RB,True,18.8,19.84,False
7,False,13,Kamara Virus,3116385,Joe Mixon,RB,BE,False,0.0,0.0,False
7,False,13,Kamara Virus,3116165,Chris Godwin,WR,RB/WR/TE,True,19.3,12.79,False
7,False,13,Kamara Virus,3925357,Calvin Ridley,WR,WR,True,17.4,13.63,False
7,False,13,Kamara Virus,3116365,Mark Andrews,TE,BE,False,0.0,0.0,True
7,False,13,Kamara Virus,3918298,Josh Allen,QB,QB,True,16.38,24.62,False
7,False,13,Kamara Virus,4047650,DK Metcalf,WR,WR,True,5.3,14.36,False
7,False,13,Kamara Virus,3932905,Diontae Johnson,WR,BE,False,25.5,10.22,False
7,False,13,Kamara Virus,-16033,Ravens D/ST,D/ST,BE,False,0.0,0.0,True
7,False,13,Kamara Virus,3054212,Jonnu Smith,TE,TE,True,1.4,9.73,False
7,False,13,Kamara Virus,3138826,Fred Warner,LB,DP,True,9.0,8.96,False
7,False,13,Kamara Virus,3886818,Myles Gaskin,RB,BE,False,0.0,0.0,True
7,False,13,Kamara Virus,4262921,Justin Jefferson,WR,BE,False,0.0,0.0,True
7,False,13,Kamara Virus,4038941,Justin Herbert,QB,BE,False,38.48,18.9,False
7,False,13,Kamara Virus,9704,Stephen Gostkowski,K,K,True,7.0,8.51,False
7,False,13,Kamara Virus,4259545,D'Andre Swift,RB,RB,True,12.8,11.63,False
7,False,13,Kamara Virus,-16012,Chiefs D/ST,D/ST,D/ST,True,21.0,6.32,False
7,False,5,Russ Finna Cuck,3128720,Nick Chubb,RB,IR,False,0.0,0.0,False
7,False,5,Russ Finna Cuck,2977644,Todd Gurley II,RB,RB,True,21.2,15.15,False
7,False,5,Russ Finna Cuck,16460,Adam Thielen,WR,BE,False,0.0,0.0,True
7,False,5,Russ Finna Cuck,2577327,Tyler Lockett,WR,WR,True,45.5,13.72,False
7,False,5,Russ Finna Cuck,3043275,Austin Hooper,TE,BE,False,0.0,0.0,False
7,False,5,Russ Finna Cuck,14881,Russell Wilson,QB,QB,True,29.92,23.08,False
7,False,5,Russ Finna Cuck,16913,James White,RB,BE,False,0.8,9.48,False
7,False,5,Russ Finna Cuck,3052117,Phillip Lindsay,RB,BE,False,7.9,6.96,False
7,False,5,Russ Finna Cuck,13994,Cam Newton,QB,BE,False,-0.18,17.31,False
7,False,5,Russ Finna Cuck,-16027,Buccaneers D/ST,D/ST,D/ST,True,5.0,6.3,False
7,False,5,Russ Finna Cuck,4052042,James Robinson,RB,RB,True,29.7,12.29,False
7,False,5,Russ Finna Cuck,3915165,Rodrigo Blankenship,K,BE,False,0.0,0.0,True
7,False,5,Russ Finna Cuck,2510863,Eric Kendricks,LB,BE,False,0.0,0.0,True
7,False,5,Russ Finna Cuck,3045138,Mike Williams,WR,WR,True,0.9,9.95,False
7,False,5,Russ Finna Cuck,3929950,Tremaine Edmunds,LB,DP,True,5.0,8.62,False
7,False,5,Russ Finna Cuck,15091,Randy Bullock,K,K,True,10.0,8.76,False
7,False,5,Russ Finna Cuck,12537,Jared Cook,TE,TE,True,10.7,8.13,False
7,False,5,Russ Finna Cuck,15826,Giovani Bernard,RB,RB/WR/TE,True,18.1,13.15,False
7,False,12,Rule  #76,4047365,Josh Jacobs,RB,RB,True,4.6,14.84,False
7,False,12,Rule  #76,2979843,Kenyan Drake,RB,RB,True,4.6,13.13,False
7,False,12,Rule  #76,3915416,DJ Moore,WR,WR,True,23.3,11.24,False
7,False,12,Rule  #76,4047646,A.J. Brown,WR,WR,True,24.3,12.45,False
7,False,12,Rule  #76,3121422,Terry McLaurin,WR,RB/WR/TE,True,18.5,12.45,False
7,False,12,Rule  #76,3917315,Kyler Murray,QB,QB,True,37.1,23.4,False
7,False,12,Rule  #76,2576414,Raheem Mostert,RB,BE,False,0.0,0.0,False
7,False,12,Rule  #76,4241372,Marquise Brown,WR,BE,False,0.0,0.0,True
7,False,12,Rule  #76,4036131,Noah Fant,TE,BE,False,5.3,8.6,False
7,False,12,Rule  #76,3052896,Jaylon Smith,LB,DP,True,12.0,10.02,False
7,False,12,Rule  #76,16944,Devonta Freeman,RB,BE,False,0.8,11.65,False
7,False,12,Rule  #76,2975674,Robert Tonyan,TE,TE,True,4.2,7.49,False
7,False,12,Rule  #76,-16017,Patriots D/ST,D/ST,D/ST,True,1.0,6.24,False
7,False,12,Rule  #76,12731,Ryan Succop,K,K,True,9.0,7.68,False
7,False,12,Rule  #76,2573079,Carson Wentz,QB,BE,False,27.76,17.43,False
7,False,12,Rule  #76,8479,Frank Gore,RB,BE,False,6.0,7.25,False
7,False,12,Rule  #76,13934,Antonio Brown,WR,BE,False,0.0,0.0,False
7,False,8,SCLSU Mud Dogs,2976316,Michael Thomas,WR,BE,False,0.0,0.0,False
7,False,8,SCLSU Mud Dogs,16800,Davante Adams,WR,WR,True,38.1,18.07,False
7,False,8,SCLSU Mud Dogs,3040151,George Kittle,TE,TE,True,8.0,12.18,False
7,False,8,SCLSU Mud Dogs,15825,Le'Veon Bell,RB,RB/WR/TE,True,3.9,6.41,False
7,False,8,SCLSU Mud Dogs,4242335,Jonathan Taylor,RB,BE,False,0.0,0.0,True
7,False,8,SCLSU Mud Dogs,14924,T.Y. Hilton,WR,BE,False,0.0,0.0,True
7,False,8,SCLSU Mud Dogs,3912550,Ronald Jones II,RB,RB,True,10.1,13.7,False
7,False,8,SCLSU Mud Dogs,3051439,Boston Scott,RB,RB,True,16.7,11.29,False
7,False,8,SCLSU Mud Dogs,3916148,Tony Pollard,RB,BE,False,2.7,4.65,False
7,False,8,SCLSU Mud Dogs,4038524,Gardner Minshew II,QB,QB,True,19.02,16.95,False
7,False,8,SCLSU Mud Dogs,-16014,Rams D/ST,D/ST,D/ST,True,14.0,6.48,False
7,False,8,SCLSU Mud Dogs,14985,Lavonte David,LB,DP,True,8.0,8.69,False
7,False,8,SCLSU Mud Dogs,4036348,Michael Gallup,WR,BE,False,0.0,7.63,False
7,False,8,SCLSU Mud Dogs,13217,Golden Tate,WR,BE,False,11.4,4.87,False
7,False,8,SCLSU Mud Dogs,4035004,Mecole Hardman,WR,BE,False,8.0,6.93,False
7,False,8,SCLSU Mud Dogs,3049899,Younghoe Koo,K,K,True,2.0,9.05,False
7,False,8,SCLSU Mud Dogs,4243160,Laviska Shenault Jr.,WR,WR,True,5.9,8.65,False
7,False,3,Jim Ward's Ole Dick Necks,3042519,Aaron Jones,RB,BE,False,0.0,0.0,False
7,False,3,Jim Ward's Ole Dick Necks,3139477,Patrick Mahomes,QB,QB,True,12.0,21.23,False
7,False,3,Jim Ward's Ole Dick Necks,2576434,Melvin Gordon III,RB,RB,True,11.0,10.53,False
7,False,3,Jim Ward's Ole Dick Necks,3115364,Leonard Fournette,RB,RB,True,12.7,8.13,False
7,False,3,Jim Ward's Ole Dick Necks,3052876,Will Fuller V,WR,WR,True,11.0,12.08,False
7,False,3,Jim Ward's Ole Dick Necks,4241985,J.K. Dobbins,RB,BE,False,0.0,0.0,True
7,False,3,Jim Ward's Ole Dick Necks,4241475,Henry Ruggs III,WR,BE,False,5.5,8.04,False
7,False,3,Jim Ward's Ole Dick Necks,3924365,Hayden Hurst,TE,TE,True,9.8,7.12,False
7,False,3,Jim Ward's Ole Dick Necks,16804,John Brown,WR,BE,False,0.0,0.0,False
7,False,3,Jim Ward's Ole Dick Necks,2977819,Joe Schobert,LB,DP,True,9.0,8.65,False
7,False,3,Jim Ward's Ole Dick Necks,3043234,Zane Gonzalez,K,K,True,15.0,7.96,False
7,False,3,Jim Ward's Ole Dick Necks,2972091,Jalen Richard,RB,BE,False,2.4,4.38,False
7,False,3,Jim Ward's Ole Dick Necks,3051738,Marquez Valdes-Scantling,WR,RB/WR/TE,True,0.9,8.65,False
7,False,3,Jim Ward's Ole Dick Necks,3125403,Brian Hill,RB,BE,False,4.5,7.04,False
7,False,3,Jim Ward's Ole Dick Necks,3139602,D'Ernest Johnson,RB,BE,False,0.3,5.76,False
7,False,3,Jim Ward's Ole Dick Necks,-16019,Giants D/ST,D/ST,D/ST,True,2.0,6.73,False
7,False,3,Jim Ward's Ole Dick Necks,13983,A.J. Green,WR,WR,True,11.7,9.26,False
7,False,1,"Jim, Tannehill, Laundry ",3116593,Dalvin Cook,RB,BE,False,0.0,0.0,True
7,False,1,"Jim, Tannehill, Laundry ",4045163,Miles Sanders,RB,BE,False,0.0,0.0,False
7,False,1,"Jim, Tannehill, Laundry ",2976499,Amari Cooper,WR,WR,True,12.0,11.64,False
7,False,1,"Jim, Tannehill, Laundry ",16799,Allen Robinson II,WR,WR,True,9.0,12.92,False
7,False,1,"Jim, Tannehill, Laundry ",2576925,Darren Waller,TE,TE,True,14.0,11.6,False
7,False,1,"Jim, Tannehill, Laundry ",3122840,Deshaun Watson,QB,QB,True,24.16,21.27,False
7,False,1,"Jim, Tannehill, Laundry ",15818,Keenan Allen,WR,RB/WR/TE,True,17.5,14.04,False
7,False,1,"Jim, Tannehill, Laundry ",4048244,Alexander Mattison,RB,BE,False,0.0,0.0,True
7,False,1,"Jim, Tannehill, Laundry ",3119195,Chase Edmonds,RB,RB,True,18.0,8.52,False
7,False,1,"Jim, Tannehill, Laundry ",3056362,Darius Leonard,LB,BE,False,0.0,0.0,True
7,False,1,"Jim, Tannehill, Laundry ",2985659,Wil Lutz,K,K,True,11.0,8.39,False
7,False,1,"Jim, Tannehill, Laundry ",14876,Ryan Tannehill,QB,BE,False,17.3,17.92,False
7,False,1,"Jim, Tannehill, Laundry ",3915189,Roquan Smith,LB,DP,True,8.0,9.23,False
7,False,1,"Jim, Tannehill, Laundry ",16790,Jarvis Landry,WR,BE,False,8.46,8.11,False
7,False,1,"Jim, Tannehill, Laundry ",3910544,Joshua Kelley,RB,RB,True,7.8,10.92,False
7,False,1,"Jim, Tannehill, Laundry ",-16005,Browns D/ST,D/ST,D/ST,True,2.0,6.82,False
7,False,1,"Jim, Tannehill, Laundry ",3121023,Dallas Goedert,TE,IR,False,0.0,0.0,False
7,False,1,"Jim, Tannehill, Laundry ",3126486,Deebo Samuel,WR,BE,False,9.7,10.24,False
7,False,2,Lamar  The Merrier!,3916387,Lamar Jackson,QB,BE,False,0.0,0.0,True
7,False,2,Lamar  The Merrier!,13981,Mark Ingram II,RB,BE,False,0.0,0.0,True
7,False,2,Lamar  The Merrier!,16733,Odell Beckham Jr.,WR,RB/WR/TE,True,0.0,11.13,False
7,False,2,Lamar  The Merrier!,4241389,CeeDee Lamb,WR,WR,True,0.1,9.7,False
7,False,2,Lamar  The Merrier!,2573401,Tyler Higbee,TE,BE,False,0.0,0.0,False
7,False,2,Lamar  The Merrier!,4035538,David Montgomery,RB,RB,True,9.4,13.75,False
7,False,2,Lamar  The Merrier!,12649,Julian Edelman,WR,BE,False,2.8,8.8,False
7,False,2,Lamar  The Merrier!,5536,Ben Roethlisberger,QB,QB,True,12.62,18.66,False
7,False,2,Lamar  The Merrier!,3055899,Harrison Butker,K,K,True,14.0,8.78,False
7,False,2,Lamar  The Merrier!,16725,Sammy Watkins,WR,BE,False,0.0,0.0,False
7,False,2,Lamar  The Merrier!,3051389,Joey Bosa,DE,BE,False,4.0,4.94,False
7,False,2,Lamar  The Merrier!,3051750,Zach Cunningham,LB,DP,True,11.0,9.46,False
7,False,2,Lamar  The Merrier!,3135321,Hunter Renfrow,WR,BE,False,6.2,6.84,False
7,False,2,Lamar  The Merrier!,4046692,Chase Claypool,WR,WR,True,0.3,11.12,False
7,False,2,Lamar  The Merrier!,2582410,Tyler Kroft,TE,TE,True,8.4,5.76,False
7,False,2,Lamar  The Merrier!,2980453,Jamaal Williams,RB,RB,True,19.4,14.85,False
7,False,2,Lamar  The Merrier!,-16003,Bears D/ST,D/ST,D/ST,True,10.0,5.5,False
7,False,9,Tonie's Tigers,3051392,Ezekiel Elliott,RB,RB,True,6.6,19.53,False
7,False,9,Tonie's Tigers,3068267,Austin Ekeler,RB,IR,False,0.0,0.0,False
7,False,9,Tonie's Tigers,13982,Julio Jones,WR,WR,True,13.7,14.69,False
7,False,9,Tonie's Tigers,2977187,Cooper Kupp,WR,BE,False,8.9,11.19,False
7,False,9,Tonie's Tigers,4040761,Devin Singletary,RB,RB/WR/TE,True,5.7,11.55,False
7,False,9,Tonie's Tigers,2330,Tom Brady,QB,QB,True,36.86,20.24,False
7,False,9,Tonie's Tigers,4360294,Antonio Gibson,RB,RB,True,18.8,14.96,False
7,False,9,Tonie's Tigers,14979,Bobby Wagner,LB,DP,True,11.0,10.16,False
7,False,9,Tonie's Tigers,-16011,Colts D/ST,D/ST,BE,False,0.0,0.0,True
7,False,9,Tonie's Tigers,3046779,Jared Goff,QB,BE,False,16.9,13.74,False
7,False,9,Tonie's Tigers,4239993,Tee Higgins,WR,WR,True,16.3,10.79,False
7,False,9,Tonie's Tigers,2572861,J.D. McKissic,RB,BE,False,6.1,10.9,False
7,False,9,Tonie's Tigers,3134353,Tim Patrick,WR,BE,False,6.9,7.8,False
7,False,9,Tonie's Tigers,3139522,Travis Fulgham,WR,BE,False,9.8,11.46,False
7,False,9,Tonie's Tigers,-16002,Bills D/ST,D/ST,D/ST,True,16.0,7.62,False
7,False,9,Tonie's Tigers,16732,Eric Ebron,TE,TE,True,8.0,7.96,False
7,False,9,Tonie's Tigers,4034952,La'Mical Perine,RB,BE,False,13.6,8.39,False
7,False,9,Tonie's Tigers,16339,Brandon McManus,K,K,True,5.0,8.3,False
8,False,6,This Year Will  Be A Brees ,4242214,Clyde Edwards-Helaire,RB,RB,True,4.6,13.88,False
8,False,6,This Year Will  Be A Brees ,3116406,Tyreek Hill,WR,WR,True,23.8,13.93,False
8,False,6,This Year Will  Be A Brees ,3045147,James Conner,RB,RB,True,13.5,15.02,False
8,False,6,This Year Will  Be A Brees ,3120348,JuJu Smith-Schuster,WR,WR,True,10.2,9.67,False
8,False,6,This Year Will  Be A Brees ,13229,Rob Gronkowski,TE,TE,True,12.1,10.79,False
8,False,6,This Year Will  Be A Brees ,2976212,Stefon Diggs,WR,RB/WR/TE,True,12.2,12.93,False
8,False,6,This Year Will  Be A Brees ,2580,Drew Brees,QB,BE,False,19.6,15.34,False
8,False,6,This Year Will  Be A Brees ,2576716,Jamison Crowder,WR,BE,False,0.0,0.0,False
8,False,6,This Year Will  Be A Brees ,3128721,Sony Michel,RB,BE,False,0.0,0.0,False
8,False,6,This Year Will  Be A Brees ,13295,Emmanuel Sanders,WR,IR,False,0.0,0.0,False
8,False,6,This Year Will  Be A Brees ,9354,Robbie Gould,K,K,True,3.0,7.74,False
8,False,6,This Year Will  Be A Brees ,13232,Jimmy Graham,TE,BE,False,3.3,7.4,False
8,False,6,This Year Will  Be A Brees ,2978313,Shaq Thompson,LB,DP,True,5.0,9.38,False
8,False,6,This Year Will  Be A Brees ,16757,Derek Carr,QB,QB,True,12.54,16.29,False
8,False,6,This Year Will  Be A Brees ,-16022,Cardinals D/ST,D/ST,BE,False,0.0,0.0,True
8,False,6,This Year Will  Be A Brees ,15349,Cole Beasley,WR,BE,False,3.4,8.15,False
8,False,6,This Year Will  Be A Brees ,3122976,Jeff Wilson Jr.,RB,BE,False,0.0,0.0,False
8,False,6,This Year Will  Be A Brees ,-16024,Chargers D/ST,D/ST,D/ST,True,2.0,5.9,False
8,False,4,Thunder Thighs,15847,Travis Kelce,TE,TE,True,20.9,12.88,False
8,False,4,Thunder Thighs,2974858,Kenny Golladay,WR,WR,True,0.0,11.62,False
8,False,4,Thunder Thighs,3115394,DJ Chark Jr.,WR,BE,False,0.0,0.0,True
8,False,4,Thunder Thighs,11237,Matt Ryan,QB,QB,True,17.94,17.83,False
8,False,4,Thunder Thighs,4240021,Cam Akers,RB,BE,False,5.9,2.39,False
8,False,4,Thunder Thighs,16731,Brandin Cooks,WR,BE,False,0.0,0.0,True
8,False,4,Thunder Thighs,3916945,Darius Slayton,WR,WR,True,8.1,9.56,False
8,False,4,Thunder Thighs,2978273,Blake Martinez,LB,DP,True,11.0,10.11,False
8,False,4,Thunder Thighs,4036133,T.J. Hockenson,TE,RB/WR/TE,True,10.0,7.74,False
8,False,4,Thunder Thighs,10452,Adrian Peterson,RB,BE,False,1.7,7.21,False
8,False,4,Thunder Thighs,4039359,Darrell Henderson Jr.,RB,RB,True,6.3,12.5,False
8,False,4,Thunder Thighs,3071572,Keelan Cole Sr.,WR,BE,False,0.0,0.0,True
8,False,4,Thunder Thighs,3925347,Damien Harris,RB,BE,False,16.2,9.73,False
8,False,4,Thunder Thighs,3116136,Justin Jackson,RB,RB,True,15.7,11.16,False
8,False,4,Thunder Thighs,17372,Chris Boswell,K,K,True,4.0,7.7,False
8,False,4,Thunder Thighs,4241479,Tua Tagovailoa,QB,BE,False,5.72,14.4,False
8,False,4,Thunder Thighs,-16021,Eagles D/ST,D/ST,D/ST,True,21.0,7.72,False
8,False,5,Russ Finna Cuck,3128720,Nick Chubb,RB,IR,False,0.0,0.0,False
8,False,5,Russ Finna Cuck,2977644,Todd Gurley II,RB,RB,True,10.6,15.41,False
8,False,5,Russ Finna Cuck,16460,Adam Thielen,WR,WR,True,4.2,12.63,False
8,False,5,Russ Finna Cuck,2577327,Tyler Lockett,WR,WR,True,5.3,15.9,False
8,False,5,Russ Finna Cuck,3043275,Austin Hooper,TE,BE,False,0.0,0.0,False
8,False,5,Russ Finna Cuck,14881,Russell Wilson,QB,QB,True,28.74,23.44,False
8,False,5,Russ Finna Cuck,3052117,Phillip Lindsay,RB,BE,False,15.1,6.73,False
8,False,5,Russ Finna Cuck,13994,Cam Newton,QB,BE,False,18.36,15.44,False
8,False,5,Russ Finna Cuck,-16027,Buccaneers D/ST,D/ST,D/ST,True,6.0,8.26,False
8,False,5,Russ Finna Cuck,4052042,James Robinson,RB,BE,False,0.0,0.0,True
8,False,5,Russ Finna Cuck,2510863,Eric Kendricks,LB,DP,True,12.0,9.58,False
8,False,5,Russ Finna Cuck,15091,Randy Bullock,K,K,True,7.0,8.33,False
8,False,5,Russ Finna Cuck,12537,Jared Cook,TE,TE,True,13.6,6.61,False
8,False,5,Russ Finna Cuck,15826,Giovani Bernard,RB,RB,True,21.3,14.47,False
8,False,5,Russ Finna Cuck,4360438,Brandon Aiyuk,WR,RB/WR/TE,True,19.1,10.36,False
8,False,5,Russ Finna Cuck,3042778,Corey Davis,WR,BE,False,22.8,8.35,False
8,False,5,Russ Finna Cuck,16777,Carlos Hyde,RB,BE,False,0.0,0.0,False
8,False,5,Russ Finna Cuck,3116164,Mike Gesicki,TE,BE,False,1.3,7.34,False
8,False,11,Dez (Bryant) Nuts,3117251,Christian McCaffrey,RB,IR,False,0.0,0.0,False
8,False,11,Dez (Bryant) Nuts,3919596,Chris Carson,RB,RB/WR/TE,True,0.0,0.0,False
8,False,11,Dez (Bryant) Nuts,15795,DeAndre Hopkins,WR,BE,False,0.0,0.0,True
8,False,11,Dez (Bryant) Nuts,3059915,Kareem Hunt,RB,RB,True,8.3,19.07,False
8,False,11,Dez (Bryant) Nuts,15835,Zach Ertz,TE,BE,False,0.0,0.0,False
8,False,11,Dez (Bryant) Nuts,3045144,Tyler Boyd,WR,WR,True,16.6,11.82,False
8,False,11,Dez (Bryant) Nuts,2576623,DeVante Parker,WR,WR,True,6.8,9.64,False
8,False,11,Dez (Bryant) Nuts,15683,Justin Tucker,K,BE,False,8.0,8.7,False
8,False,11,Dez (Bryant) Nuts,-16023,Steelers D/ST,D/ST,D/ST,True,13.0,5.58,False
8,False,11,Dez (Bryant) Nuts,8439,Aaron Rodgers,QB,QB,True,22.54,19.15,False
8,False,11,Dez (Bryant) Nuts,3915511,Joe Burrow,QB,BE,False,18.86,19.05,False
8,False,11,Dez (Bryant) Nuts,3128390,Allen Lazard,WR,BE,False,0.0,0.0,False
8,False,11,Dez (Bryant) Nuts,3045282,T.J. Watt,DE,DP,True,7.0,6.03,False
8,False,11,Dez (Bryant) Nuts,16782,Jerick McKinnon,RB,BE,False,12.9,7.18,False
8,False,11,Dez (Bryant) Nuts,3025433,Mike Davis,RB,RB,True,8.2,16.33,False
8,False,11,Dez (Bryant) Nuts,3047566,Myles Jack,LB,BE,False,0.0,0.0,True
8,False,11,Dez (Bryant) Nuts,3124084,Joey Slye,K,K,True,5.0,9.53,False
8,False,11,Dez (Bryant) Nuts,4040774,Harrison Bryant,TE,TE,True,2.0,7.1,False
8,False,8,SCLSU Mud Dogs,2976316,Michael Thomas,WR,BE,False,0.0,0.0,False
8,False,8,SCLSU Mud Dogs,16800,Davante Adams,WR,WR,True,26.8,17.77,False
8,False,8,SCLSU Mud Dogs,3040151,George Kittle,TE,TE,True,4.9,16.48,False
8,False,8,SCLSU Mud Dogs,15825,Le'Veon Bell,RB,BE,False,5.3,9.27,False
8,False,8,SCLSU Mud Dogs,4242335,Jonathan Taylor,RB,RB,True,4.1,13.61,False
8,False,8,SCLSU Mud Dogs,3912550,Ronald Jones II,RB,RB/WR/TE,True,4.6,12.35,False
8,False,8,SCLSU Mud Dogs,3051439,Boston Scott,RB,RB,True,8.9,14.03,False
8,False,8,SCLSU Mud Dogs,3916148,Tony Pollard,RB,BE,False,7.4,5.06,False
8,False,8,SCLSU Mud Dogs,4038524,Gardner Minshew II,QB,BE,False,0.0,0.0,True
8,False,8,SCLSU Mud Dogs,-16014,Rams D/ST,D/ST,D/ST,True,8.0,6.97,False
8,False,8,SCLSU Mud Dogs,14985,Lavonte David,LB,DP,True,5.0,8.3,False
8,False,8,SCLSU Mud Dogs,4036348,Michael Gallup,WR,BE,False,9.6,6.69,False
8,False,8,SCLSU Mud Dogs,3049899,Younghoe Koo,K,K,True,13.0,8.44,False
8,False,8,SCLSU Mud Dogs,4243160,Laviska Shenault Jr.,WR,BE,False,0.0,0.0,True
8,False,8,SCLSU Mud Dogs,14880,Kirk Cousins,QB,QB,True,10.4,14.24,False
8,False,8,SCLSU Mud Dogs,3045138,Mike Williams,WR,WR,True,18.5,7.8,False
8,False,8,SCLSU Mud Dogs,3915165,Rodrigo Blankenship,K,BE,False,3.0,7.74,False
8,False,13,Kamara Virus,3054850,Alvin Kamara,RB,RB,True,20.8,19.54,False
8,False,13,Kamara Virus,3116385,Joe Mixon,RB,BE,False,0.0,0.0,False
8,False,13,Kamara Virus,3116165,Chris Godwin,WR,BE,False,0.0,0.0,False
8,False,13,Kamara Virus,3925357,Calvin Ridley,WR,WR,True,5.7,12.98,False
8,False,13,Kamara Virus,3116365,Mark Andrews,TE,TE,True,4.7,10.71,False
8,False,13,Kamara Virus,3918298,Josh Allen,QB,QB,True,12.46,20.15,False
8,False,13,Kamara Virus,4047650,DK Metcalf,WR,WR,True,34.1,14.01,False
8,False,13,Kamara Virus,3932905,Diontae Johnson,WR,BE,False,1.1,11.14,False
8,False,13,Kamara Virus,-16033,Ravens D/ST,D/ST,BE,False,6.0,5.24,False
8,False,13,Kamara Virus,3054212,Jonnu Smith,TE,BE,False,3.9,8.06,False
8,False,13,Kamara Virus,3138826,Fred Warner,LB,DP,True,4.0,8.91,False
8,False,13,Kamara Virus,3886818,Myles Gaskin,RB,RB,True,11.8,14.17,False
8,False,13,Kamara Virus,4262921,Justin Jefferson,WR,RB/WR/TE,True,4.1,10.59,False
8,False,13,Kamara Virus,4038941,Justin Herbert,QB,BE,False,22.22,18.81,False
8,False,13,Kamara Virus,9704,Stephen Gostkowski,K,K,True,1.0,7.6,False
8,False,13,Kamara Virus,4259545,D'Andre Swift,RB,BE,False,3.8,10.96,False
8,False,13,Kamara Virus,-16012,Chiefs D/ST,D/ST,D/ST,True,10.0,7.96,False
8,False,1,"Jim, Tannehill, Laundry ",3116593,Dalvin Cook,RB,RB,True,47.6,17.3,False
8,False,1,"Jim, Tannehill, Laundry ",4045163,Miles Sanders,RB,BE,False,0.0,0.0,False
8,False,1,"Jim, Tannehill, Laundry ",2976499,Amari Cooper,WR,WR,True,1.0,10.37,False
8,False,1,"Jim, Tannehill, Laundry ",16799,Allen Robinson II,WR,WR,True,17.7,13.16,False
8,False,1,"Jim, Tannehill, Laundry ",2576925,Darren Waller,TE,TE,True,5.2,11.45,False
8,False,1,"Jim, Tannehill, Laundry ",3122840,Deshaun Watson,QB,BE,False,0.0,0.0,True
8,False,1,"Jim, Tannehill, Laundry ",15818,Keenan Allen,WR,RB/WR/TE,True,17.2,14.32,False
8,False,1,"Jim, Tannehill, Laundry ",4048244,Alexander Mattison,RB,BE,False,0.8,5.96,False
8,False,1,"Jim, Tannehill, Laundry ",3119195,Chase Edmonds,RB,BE,False,0.0,0.0,True
8,False,1,"Jim, Tannehill, Laundry ",3056362,Darius Leonard,LB,DP,True,13.0,9.88,False
8,False,1,"Jim, Tannehill, Laundry ",2985659,Wil Lutz,K,K,True,13.0,8.38,False
8,False,1,"Jim, Tannehill, Laundry ",14876,Ryan Tannehill,QB,QB,True,17.32,17.03,False
8,False,1,"Jim, Tannehill, Laundry ",3915189,Roquan Smith,LB,BE,False,11.0,9.06,False
8,False,1,"Jim, Tannehill, Laundry ",16790,Jarvis Landry,WR,BE,False,7.2,8.51,False
8,False,1,"Jim, Tannehill, Laundry ",3910544,Joshua Kelley,RB,RB,True,3.0,10.63,False
8,False,1,"Jim, Tannehill, Laundry ",3121023,Dallas Goedert,TE,IR,False,2.0,9.41,False
8,False,1,"Jim, Tannehill, Laundry ",3126486,Deebo Samuel,WR,BE,False,0.0,0.0,False
8,False,1,"Jim, Tannehill, Laundry ",-16018,Saints D/ST,D/ST,D/ST,True,7.0,5.9,False
8,False,12,Rule  #76,4047365,Josh Jacobs,RB,RB,True,12.9,16.66,False
8,False,12,Rule  #76,2979843,Kenyan Drake,RB,BE,False,0.0,0.0,True
8,False,12,Rule  #76,3915416,DJ Moore,WR,WR,True,6.5,11.9,False
8,False,12,Rule  #76,4047646,A.J. Brown,WR,WR,True,10.4,12.11,False
8,False,12,Rule  #76,3121422,Terry McLaurin,WR,BE,False,0.0,0.0,True
8,False,12,Rule  #76,3917315,Kyler Murray,QB,BE,False,0.0,0.0,True
8,False,12,Rule  #76,2576414,Raheem Mostert,RB,IR,False,0.0,0.0,False
8,False,12,Rule  #76,4241372,Marquise Brown,WR,RB/WR/TE,True,6.8,11.38,False
8,False,12,Rule  #76,4036131,Noah Fant,TE,TE,True,8.2,8.23,False
8,False,12,Rule  #76,3052896,Jaylon Smith,LB,DP,True,7.0,10.64,False
8,False,12,Rule  #76,16944,Devonta Freeman,RB,BE,False,0.0,0.0,False
8,False,12,Rule  #76,2975674,Robert Tonyan,TE,BE,False,10.4,5.93,False
8,False,12,Rule  #76,-16017,Patriots D/ST,D/ST,D/ST,True,3.0,5.03,False
8,False,12,Rule  #76,12731,Ryan Succop,K,K,True,15.0,7.97,False
8,False,12,Rule  #76,2573079,Carson Wentz,QB,QB,True,8.62,20.18,False
8,False,12,Rule  #76,13934,Antonio Brown,WR,BE,False,0.0,0.0,False
8,False,12,Rule  #76,3928925,JaMycal Hasty,RB,RB,True,9.6,7.92,False
8,False,12,Rule  #76,2979477,Tevin Coleman,RB,BE,False,2.0,9.09,False
8,False,9,Tonie's Tigers,3051392,Ezekiel Elliott,RB,RB,True,7.8,14.93,False
8,False,9,Tonie's Tigers,3068267,Austin Ekeler,RB,IR,False,0.0,0.0,False
8,False,9,Tonie's Tigers,13982,Julio Jones,WR,WR,True,17.2,13.42,False
8,False,9,Tonie's Tigers,2977187,Cooper Kupp,WR,BE,False,17.5,11.5,False
8,False,9,Tonie's Tigers,4040761,Devin Singletary,RB,RB,True,9.7,10.14,False
8,False,9,Tonie's Tigers,2330,Tom Brady,QB,QB,True,19.06,19.31,False
8,False,9,Tonie's Tigers,4360294,Antonio Gibson,RB,BE,False,0.0,0.0,True
8,False,9,Tonie's Tigers,14979,Bobby Wagner,LB,DP,True,15.0,9.79,False
8,False,9,Tonie's Tigers,-16011,Colts D/ST,D/ST,D/ST,True,15.0,6.44,False
8,False,9,Tonie's Tigers,3046779,Jared Goff,QB,BE,False,10.2,15.61,False
8,False,9,Tonie's Tigers,4239993,Tee Higgins,WR,WR,True,11.4,10.81,False
8,False,9,Tonie's Tigers,2572861,J.D. McKissic,RB,BE,False,0.0,0.0,True
8,False,9,Tonie's Tigers,3134353,Tim Patrick,WR,BE,False,0.0,0.0,False
8,False,9,Tonie's Tigers,3139522,Travis Fulgham,WR,RB/WR/TE,True,16.8,11.78,False
8,False,9,Tonie's Tigers,-16002,Bills D/ST,D/ST,BE,False,4.0,6.85,False
8,False,9,Tonie's Tigers,16732,Eric Ebron,TE,TE,True,12.8,8.08,False
8,False,9,Tonie's Tigers,4034952,La'Mical Perine,RB,BE,False,4.3,9.09,False
8,False,9,Tonie's Tigers,16339,Brandon McManus,K,K,True,7.0,8.54,False
8,False,3,Jim Ward's Ole Dick Necks,3042519,Aaron Jones,RB,BE,False,0.0,0.0,False
8,False,3,Jim Ward's Ole Dick Necks,3139477,Patrick Mahomes,QB,QB,True,36.64,22.3,False
8,False,3,Jim Ward's Ole Dick Necks,2576434,Melvin Gordon III,RB,RB,True,7.7,11.45,False
8,False,3,Jim Ward's Ole Dick Necks,3115364,Leonard Fournette,RB,RB,True,8.6,12.18,False
8,False,3,Jim Ward's Ole Dick Necks,3052876,Will Fuller V,WR,BE,False,0.0,0.0,True
8,False,3,Jim Ward's Ole Dick Necks,4241985,J.K. Dobbins,RB,BE,False,12.6,8.66,False
8,False,3,Jim Ward's Ole Dick Necks,4241475,Henry Ruggs III,WR,RB/WR/TE,True,1.9,6.74,False
8,False,3,Jim Ward's Ole Dick Necks,3924365,Hayden Hurst,TE,TE,True,7.9,7.71,False
8,False,3,Jim Ward's Ole Dick Necks,2972091,Jalen Richard,RB,BE,False,2.3,4.13,False
8,False,3,Jim Ward's Ole Dick Necks,3125403,Brian Hill,RB,BE,False,7.4,6.23,False
8,False,3,Jim Ward's Ole Dick Necks,13983,A.J. Green,WR,WR,True,2.9,10.28,False
8,False,3,Jim Ward's Ole Dick Necks,3051909,Daniel Carlson,K,K,True,9.0,7.14,False
8,False,3,Jim Ward's Ole Dick Necks,-16010,Titans D/ST,D/ST,D/ST,True,-2.0,5.85,False
8,False,3,Jim Ward's Ole Dick Necks,3050073,Foyesade Oluokun,LB,DP,True,5.0,10.32,False
8,False,3,Jim Ward's Ole Dick Necks,2976592,Sterling Shepard,WR,BE,False,12.4,9.66,False
8,False,3,Jim Ward's Ole Dick Necks,4212909,David Moore,WR,BE,False,12.1,6.48,False
8,False,3,Jim Ward's Ole Dick Necks,16804,John Brown,WR,WR,True,2.6,7.79,False
8,False,10,Maitland Tiburon,3043078,Derrick Henry,RB,RB,True,17.2,21.99,False
8,False,10,Maitland Tiburon,16737,Mike Evans,WR,RB/WR/TE,True,14.0,11.36,False
8,False,10,Maitland Tiburon,2508176,David Johnson,RB,BE,False,0.0,0.0,True
8,False,10,Maitland Tiburon,15880,Robert Woods,WR,WR,True,24.9,11.88,False
8,False,10,Maitland Tiburon,3051876,Evan Engram,TE,BE,False,9.5,7.78,False
8,False,10,Maitland Tiburon,15920,Latavius Murray,RB,RB,True,4.6,7.63,False
8,False,10,Maitland Tiburon,-16025,49ers D/ST,D/ST,BE,False,-2.0,4.68,False
8,False,10,Maitland Tiburon,16728,Teddy Bridgewater,QB,QB,True,12.04,17.48,False
8,False,10,Maitland Tiburon,2574808,Robby Anderson,WR,WR,True,7.3,13.52,False
8,False,10,Maitland Tiburon,8664,Ryan Fitzpatrick,QB,BE,False,0.0,0.06,False
8,False,10,Maitland Tiburon,2577712,Alexander Johnson,LB,DP,True,10.0,9.33,False
8,False,10,Maitland Tiburon,3046439,Hunter Henry,TE,TE,True,5.3,9.45,False
8,False,10,Maitland Tiburon,3895856,Christian Kirk,WR,BE,False,0.0,0.0,True
8,False,10,Maitland Tiburon,12483,Matthew Stafford,QB,BE,False,22.44,14.99,False
8,False,10,Maitland Tiburon,-16005,Browns D/ST,D/ST,D/ST,True,3.0,5.55,False
8,False,10,Maitland Tiburon,11122,Matt Prater,K,K,True,2.0,8.71,False
8,False,10,Maitland Tiburon,4035004,Mecole Hardman,WR,BE,False,19.1,5.85,False
8,False,2,Lamar  The Merrier!,3916387,Lamar Jackson,QB,QB,True,14.82,20.63,False
8,False,2,Lamar  The Merrier!,13981,Mark Ingram II,RB,BE,False,0.0,0.0,False
8,False,2,Lamar  The Merrier!,4241389,CeeDee Lamb,WR,WR,True,6.6,8.46,False
8,False,2,Lamar  The Merrier!,2573401,Tyler Higbee,TE,BE,False,2.4,5.68,False
8,False,2,Lamar  The Merrier!,4035538,David Montgomery,RB,RB,True,11.5,14.05,False
8,False,2,Lamar  The Merrier!,12649,Julian Edelman,WR,BE,False,0.0,0.0,False
8,False,2,Lamar  The Merrier!,5536,Ben Roethlisberger,QB,BE,False,15.28,16.3,False
8,False,2,Lamar  The Merrier!,3055899,Harrison Butker,K,K,True,5.0,9.3,False
8,False,2,Lamar  The Merrier!,16725,Sammy Watkins,WR,BE,False,0.0,0.0,False
8,False,2,Lamar  The Merrier!,3051389,Joey Bosa,DE,DP,True,2.0,4.74,False
8,False,2,Lamar  The Merrier!,3051750,Zach Cunningham,LB,BE,False,0.0,0.0,True
8,False,2,Lamar  The Merrier!,3135321,Hunter Renfrow,WR,BE,False,10.6,6.9,False
8,False,2,Lamar  The Merrier!,4046692,Chase Claypool,WR,WR,True,10.7,8.76,False
8,False,2,Lamar  The Merrier!,2582410,Tyler Kroft,TE,TE,True,1.6,4.81,False
8,False,2,Lamar  The Merrier!,2980453,Jamaal Williams,RB,RB,True,15.2,16.53,False
8,False,2,Lamar  The Merrier!,-16003,Bears D/ST,D/ST,D/ST,True,0.0,4.09,False
8,False,2,Lamar  The Merrier!,3042910,Rashard Higgins,WR,RB/WR/TE,True,1.9,6.32,False
9,False,4,Thunder Thighs,15847,Travis Kelce,TE,TE,True,20.9,14.24,False
9,False,4,Thunder Thighs,2974858,Kenny Golladay,WR,BE,False,0.0,0.0,False
9,False,4,Thunder Thighs,3115394,DJ Chark Jr.,WR,BE,False,24.1,9.57,False
9,False,4,Thunder Thighs,11237,Matt Ryan,QB,QB,True,22.36,18.1,False
9,False,4,Thunder Thighs,16731,Brandin Cooks,WR,WR,True,15.8,10.66,False
9,False,4,Thunder Thighs,3916945,Darius Slayton,WR,WR,True,1.3,9.42,False
9,False,4,Thunder Thighs,2978273,Blake Martinez,LB,DP,True,12.0,10.43,False
9,False,4,Thunder Thighs,4036133,T.J. Hockenson,TE,RB/WR/TE,True,12.4,9.74,False
9,False,4,Thunder Thighs,10452,Adrian Peterson,RB,BE,False,5.8,7.45,False
9,False,4,Thunder Thighs,4039359,Darrell Henderson Jr.,RB,BE,False,0.0,0.0,True
9,False,4,Thunder Thighs,3071572,Keelan Cole Sr.,WR,BE,False,1.1,7.41,False
9,False,4,Thunder Thighs,3925347,Damien Harris,RB,RB,True,7.1,10.84,False
9,False,4,Thunder Thighs,3116136,Justin Jackson,RB,RB,True,0.0,13.57,False
9,False,4,Thunder Thighs,4241479,Tua Tagovailoa,QB,BE,False,21.42,14.47,False
9,False,4,Thunder Thighs,3123052,Michael Badgley,K,K,True,8.0,8.74,False
9,False,4,Thunder Thighs,4241463,Jerry Jeudy,WR,BE,False,22.0,9.38,False
9,False,4,Thunder Thighs,-16012,Chiefs D/ST,D/ST,D/ST,True,-2.0,5.98,False
9,False,5,Russ Finna Cuck,3128720,Nick Chubb,RB,IR,False,0.0,0.0,True
9,False,5,Russ Finna Cuck,2977644,Todd Gurley II,RB,RB,True,12.5,14.59,False
9,False,5,Russ Finna Cuck,16460,Adam Thielen,WR,WR,True,4.8,13.19,False
9,False,5,Russ Finna Cuck,2577327,Tyler Lockett,WR,WR,True,6.0,16.57,False
9,False,5,Russ Finna Cuck,3043275,Austin Hooper,TE,BE,False,0.0,0.0,True
9,False,5,Russ Finna Cuck,14881,Russell Wilson,QB,QB,True,23.1,25.55,False
9,False,5,Russ Finna Cuck,3052117,Phillip Lindsay,RB,BE,False,2.3,7.26,False
9,False,5,Russ Finna Cuck,13994,Cam Newton,QB,BE,False,24.56,16.94,False
9,False,5,Russ Finna Cuck,-16027,Buccaneers D/ST,D/ST,BE,False,-1.0,4.28,False
9,False,5,Russ Finna Cuck,4052042,James Robinson,RB,RB,True,15.9,16.27,False
9,False,5,Russ Finna Cuck,2510863,Eric Kendricks,LB,DP,True,8.0,9.6,False
9,False,5,Russ Finna Cuck,15091,Randy Bullock,K,BE,False,0.0,0.0,True
9,False,5,Russ Finna Cuck,12537,Jared Cook,TE,TE,True,3.0,7.76,False
9,False,5,Russ Finna Cuck,15826,Giovani Bernard,RB,BE,False,0.0,0.0,True
9,False,5,Russ Finna Cuck,4360438,Brandon Aiyuk,WR,BE,False,0.0,0.0,False
9,False,5,Russ Finna Cuck,3042778,Corey Davis,WR,RB/WR/TE,True,0.0,9.54,False
9,False,5,Russ Finna Cuck,-16019,Giants D/ST,D/ST,D/ST,True,9.0,6.79,False
9,False,5,Russ Finna Cuck,3915165,Rodrigo Blankenship,K,K,True,5.0,7.96,False
9,False,11,Dez (Bryant) Nuts,3117251,Christian McCaffrey,RB,RB,True,32.1,17.18,False
9,False,11,Dez (Bryant) Nuts,3919596,Chris Carson,RB,RB,True,0.0,0.0,False
9,False,11,Dez (Bryant) Nuts,15795,DeAndre Hopkins,WR,WR,True,4.5,14.55,False
9,False,11,Dez (Bryant) Nuts,3059915,Kareem Hunt,RB,BE,False,0.0,0.0,True
9,False,11,Dez (Bryant) Nuts,15835,Zach Ertz,TE,IR,False,0.0,0.0,True
9,False,11,Dez (Bryant) Nuts,3045144,Tyler Boyd,WR,BE,False,0.0,0.0,True
9,False,11,Dez (Bryant) Nuts,2576623,DeVante Parker,WR,WR,True,9.4,9.46,False
9,False,11,Dez (Bryant) Nuts,15683,Justin Tucker,K,K,True,8.0,8.86,False
9,False,11,Dez (Bryant) Nuts,-16023,Steelers D/ST,D/ST,D/ST,True,5.0,7.15,False
9,False,11,Dez (Bryant) Nuts,8439,Aaron Rodgers,QB,QB,True,28.9,19.4,False
9,False,11,Dez (Bryant) Nuts,3915511,Joe Burrow,QB,BE,False,0.0,0.0,True
9,False,11,Dez (Bryant) Nuts,3128390,Allen Lazard,WR,BE,False,0.0,0.0,False
9,False,11,Dez (Bryant) Nuts,3045282,T.J. Watt,DE,BE,False,2.0,6.06,False
9,False,11,Dez (Bryant) Nuts,16782,Jerick McKinnon,RB,RB/WR/TE,True,14.3,11.11,False
9,False,11,Dez (Bryant) Nuts,3025433,Mike Davis,RB,BE,False,6.2,4.88,False
9,False,11,Dez (Bryant) Nuts,3047566,Myles Jack,LB,DP,True,13.0,7.99,False
9,False,11,Dez (Bryant) Nuts,3124084,Joey Slye,K,BE,False,6.0,8.46,False
9,False,11,Dez (Bryant) Nuts,10475,Greg Olsen,TE,TE,True,2.3,6.02,False
9,False,8,SCLSU Mud Dogs,16800,Davante Adams,WR,WR,True,28.3,18.93,False
9,False,8,SCLSU Mud Dogs,3040151,George Kittle,TE,BE,False,0.0,0.0,False
9,False,8,SCLSU Mud Dogs,15825,Le'Veon Bell,RB,RB,True,0.8,8.89,False
9,False,8,SCLSU Mud Dogs,4242335,Jonathan Taylor,RB,RB,True,8.4,11.46,False
9,False,8,SCLSU Mud Dogs,3912550,Ronald Jones II,RB,BE,False,3.3,10.7,False
9,False,8,SCLSU Mud Dogs,3051439,Boston Scott,RB,BE,False,0.0,0.0,True
9,False,8,SCLSU Mud Dogs,-16014,Rams D/ST,D/ST,BE,False,0.0,0.0,True
9,False,8,SCLSU Mud Dogs,14985,Lavonte David,LB,DP,True,9.0,8.51,False
9,False,8,SCLSU Mud Dogs,3049899,Younghoe Koo,K,K,True,13.0,9.18,False
9,False,8,SCLSU Mud Dogs,4243160,Laviska Shenault Jr.,WR,BE,False,0.4,7.57,False
9,False,8,SCLSU Mud Dogs,14880,Kirk Cousins,QB,BE,False,20.8,15.46,False
9,False,8,SCLSU Mud Dogs,3045138,Mike Williams,WR,WR,True,10.6,10.71,False
9,False,8,SCLSU Mud Dogs,14876,Ryan Tannehill,QB,QB,True,14.62,16.46,False
9,False,8,SCLSU Mud Dogs,2976499,Amari Cooper,WR,RB/WR/TE,True,11.0,10.27,False
9,False,8,SCLSU Mud Dogs,3121023,Dallas Goedert,TE,BE,False,0.0,0.0,True
9,False,8,SCLSU Mud Dogs,16974,Trey Burton,TE,TE,True,1.1,5.51,False
9,False,8,SCLSU Mud Dogs,-16009,Packers D/ST,D/ST,D/ST,True,6.0,5.46,False
9,False,13,Kamara Virus,3054850,Alvin Kamara,RB,RB,True,13.4,18.3,False
9,False,13,Kamara Virus,3116385,Joe Mixon,RB,BE,False,0.0,0.0,True
9,False,13,Kamara Virus,3116165,Chris Godwin,WR,RB/WR/TE,True,5.6,12.26,False
9,False,13,Kamara Virus,3925357,Calvin Ridley,WR,BE,False,0.0,0.0,False
9,False,13,Kamara Virus,3116365,Mark Andrews,TE,TE,True,3.7,9.76,False
9,False,13,Kamara Virus,3918298,Josh Allen,QB,QB,True,36.0,24.92,False
9,False,13,Kamara Virus,4047650,DK Metcalf,WR,WR,True,20.3,13.56,False
9,False,13,Kamara Virus,3932905,Diontae Johnson,WR,BE,False,11.1,9.95,False
9,False,13,Kamara Virus,-16033,Ravens D/ST,D/ST,D/ST,True,13.0,6.39,False
9,False,13,Kamara Virus,3054212,Jonnu Smith,TE,BE,False,10.2,7.16,False
9,False,13,Kamara Virus,3138826,Fred Warner,LB,BE,False,13.0,8.49,False
9,False,13,Kamara Virus,3886818,Myles Gaskin,RB,IR,False,0.0,0.0,False
9,False,13,Kamara Virus,4262921,Justin Jefferson,WR,WR,True,7.9,11.32,False
9,False,13,Kamara Virus,4038941,Justin Herbert,QB,BE,False,23.44,21.94,False
9,False,13,Kamara Virus,9704,Stephen Gostkowski,K,K,True,7.0,8.47,False
9,False,13,Kamara Virus,4259545,D'Andre Swift,RB,RB,True,11.2,12.19,False
9,False,13,Kamara Virus,4035434,Devin White,LB,DP,True,14.0,9.17,False
9,False,13,Kamara Virus,4035676,Zack Moss,RB,BE,False,11.8,7.22,False
9,False,1,"Jim, Tannehill, Laundry ",3116593,Dalvin Cook,RB,RB,True,38.2,21.77,False
9,False,1,"Jim, Tannehill, Laundry ",4045163,Miles Sanders,RB,BE,False,0.0,0.0,True
9,False,1,"Jim, Tannehill, Laundry ",16799,Allen Robinson II,WR,WR,True,11.6,13.36,False
9,False,1,"Jim, Tannehill, Laundry ",2576925,Darren Waller,TE,TE,True,10.7,13.18,False
9,False,1,"Jim, Tannehill, Laundry ",3122840,Deshaun Watson,QB,QB,True,24.24,21.85,False
9,False,1,"Jim, Tannehill, Laundry ",15818,Keenan Allen,WR,RB/WR/TE,True,20.8,15.61,False
9,False,1,"Jim, Tannehill, Laundry ",4048244,Alexander Mattison,RB,BE,False,6.9,5.78,False
9,False,1,"Jim, Tannehill, Laundry ",3119195,Chase Edmonds,RB,RB,True,10.3,16.23,False
9,False,1,"Jim, Tannehill, Laundry ",3056362,Darius Leonard,LB,DP,True,17.0,10.24,False
9,False,1,"Jim, Tannehill, Laundry ",2985659,Wil Lutz,K,K,True,8.0,8.85,False
9,False,1,"Jim, Tannehill, Laundry ",16790,Jarvis Landry,WR,BE,False,0.0,0.0,True
9,False,1,"Jim, Tannehill, Laundry ",3910544,Joshua Kelley,RB,BE,False,8.4,9.15,False
9,False,1,"Jim, Tannehill, Laundry ",2976316,Michael Thomas,WR,WR,True,7.6,14.29,False
9,False,1,"Jim, Tannehill, Laundry ",3916148,Tony Pollard,RB,BE,False,6.3,8.0,False
9,False,1,"Jim, Tannehill, Laundry ",-16034,Texans D/ST,D/ST,D/ST,True,1.0,6.94,False
9,False,1,"Jim, Tannehill, Laundry ",-16015,Dolphins D/ST,D/ST,BE,False,5.0,4.81,False
9,False,1,"Jim, Tannehill, Laundry ",3052587,Baker Mayfield,QB,BE,False,0.0,0.0,True
9,False,12,Rule  #76,4047365,Josh Jacobs,RB,RB,True,13.3,16.14,False
9,False,12,Rule  #76,2979843,Kenyan Drake,RB,BE,False,0.0,0.0,False
9,False,12,Rule  #76,3915416,DJ Moore,WR,WR,True,2.8,10.72,False
9,False,12,Rule  #76,4047646,A.J. Brown,WR,WR,True,18.1,11.2,False
9,False,12,Rule  #76,3121422,Terry McLaurin,WR,RB/WR/TE,True,21.0,12.79,False
9,False,12,Rule  #76,3917315,Kyler Murray,QB,QB,True,37.92,23.09,False
9,False,12,Rule  #76,2576414,Raheem Mostert,RB,IR,False,0.0,0.0,False
9,False,12,Rule  #76,4241372,Marquise Brown,WR,BE,False,6.3,10.17,False
9,False,12,Rule  #76,4036131,Noah Fant,TE,TE,True,6.0,9.25,False
9,False,12,Rule  #76,3052896,Jaylon Smith,LB,DP,True,7.0,9.86,False
9,False,12,Rule  #76,16944,Devonta Freeman,RB,BE,False,0.0,0.0,False
9,False,12,Rule  #76,2975674,Robert Tonyan,TE,BE,False,1.0,6.96,False
9,False,12,Rule  #76,-16017,Patriots D/ST,D/ST,D/ST,True,3.0,6.33,False
9,False,12,Rule  #76,12731,Ryan Succop,K,K,True,4.0,8.75,False
9,False,12,Rule  #76,2573079,Carson Wentz,QB,BE,False,0.0,0.0,True
9,False,12,Rule  #76,13934,Antonio Brown,WR,BE,False,5.6,9.25,False
9,False,12,Rule  #76,3928925,JaMycal Hasty,RB,RB,True,2.3,13.28,False
9,False,12,Rule  #76,3049916,Matt Breida,RB,BE,False,0.0,0.0,False
9,False,9,Tonie's Tigers,3051392,Ezekiel Elliott,RB,BE,False,7.9,12.27,False
9,False,9,Tonie's Tigers,3068267,Austin Ekeler,RB,IR,False,0.0,0.0,False
9,False,9,Tonie's Tigers,13982,Julio Jones,WR,WR,True,13.9,15.56,False
9,False,9,Tonie's Tigers,2977187,Cooper Kupp,WR,BE,False,0.0,0.0,True
9,False,9,Tonie's Tigers,4040761,Devin Singletary,RB,RB/WR/TE,True,4.9,9.45,False
9,False,9,Tonie's Tigers,2330,Tom Brady,QB,QB,True,2.36,21.89,False
9,False,9,Tonie's Tigers,4360294,Antonio Gibson,RB,RB,True,11.0,12.57,False
9,False,9,Tonie's Tigers,14979,Bobby Wagner,LB,DP,True,8.0,9.67,False
9,False,9,Tonie's Tigers,-16011,Colts D/ST,D/ST,D/ST,True,6.0,6.81,False
9,False,9,Tonie's Tigers,3046779,Jared Goff,QB,BE,False,0.0,0.0,True
9,False,9,Tonie's Tigers,4239993,Tee Higgins,WR,BE,False,0.0,0.0,True
9,False,9,Tonie's Tigers,3139522,Travis Fulgham,WR,BE,False,0.0,0.0,True
9,False,9,Tonie's Tigers,-16002,Bills D/ST,D/ST,BE,False,9.0,4.39,False
9,False,9,Tonie's Tigers,16732,Eric Ebron,TE,TE,True,9.7,8.18,False
9,False,9,Tonie's Tigers,4034952,La'Mical Perine,RB,RB,True,4.8,8.6,False
9,False,9,Tonie's Tigers,16339,Brandon McManus,K,K,True,11.0,8.33,False
9,False,9,Tonie's Tigers,15072,Marvin Jones Jr.,WR,WR,True,11.8,11.84,False
9,False,9,Tonie's Tigers,3045127,Wayne Gallman,RB,BE,False,14.2,8.02,False
9,False,3,Jim Ward's Ole Dick Necks,3042519,Aaron Jones,RB,BE,False,10.4,13.21,False
9,False,3,Jim Ward's Ole Dick Necks,3139477,Patrick Mahomes,QB,QB,True,31.48,23.04,False
9,False,3,Jim Ward's Ole Dick Necks,2576434,Melvin Gordon III,RB,RB,True,4.2,11.97,False
9,False,3,Jim Ward's Ole Dick Necks,3115364,Leonard Fournette,RB,RB,True,7.1,13.03,False
9,False,3,Jim Ward's Ole Dick Necks,3052876,Will Fuller V,WR,WR,True,18.5,11.75,False
9,False,3,Jim Ward's Ole Dick Necks,4241985,J.K. Dobbins,RB,RB/WR/TE,True,4.5,9.0,False
9,False,3,Jim Ward's Ole Dick Necks,4241475,Henry Ruggs III,WR,BE,False,1.0,7.68,False
9,False,3,Jim Ward's Ole Dick Necks,3924365,Hayden Hurst,TE,TE,True,9.7,8.02,False
9,False,3,Jim Ward's Ole Dick Necks,2972091,Jalen Richard,RB,BE,False,2.7,3.69,False
9,False,3,Jim Ward's Ole Dick Necks,3125403,Brian Hill,RB,BE,False,2.4,7.28,False
9,False,3,Jim Ward's Ole Dick Necks,13983,A.J. Green,WR,BE,False,0.0,0.0,True
9,False,3,Jim Ward's Ole Dick Necks,3051909,Daniel Carlson,K,K,True,7.0,8.75,False
9,False,3,Jim Ward's Ole Dick Necks,-16010,Titans D/ST,D/ST,D/ST,True,13.0,6.02,False
9,False,3,Jim Ward's Ole Dick Necks,3050073,Foyesade Oluokun,LB,DP,True,12.0,10.47,False
9,False,3,Jim Ward's Ole Dick Necks,2976592,Sterling Shepard,WR,BE,False,8.7,9.96,False
9,False,3,Jim Ward's Ole Dick Necks,4212909,David Moore,WR,BE,False,15.1,6.28,False
9,False,3,Jim Ward's Ole Dick Necks,16804,John Brown,WR,WR,True,13.9,8.88,False
9,False,10,Maitland Tiburon,3043078,Derrick Henry,RB,RB,True,6.8,18.26,False
9,False,10,Maitland Tiburon,16737,Mike Evans,WR,RB/WR/TE,True,8.4,10.37,False
9,False,10,Maitland Tiburon,2508176,David Johnson,RB,RB,True,1.6,15.2,False
9,False,10,Maitland Tiburon,15880,Robert Woods,WR,BE,False,0.0,0.0,True
9,False,10,Maitland Tiburon,3051876,Evan Engram,TE,TE,True,13.3,8.73,False
9,False,10,Maitland Tiburon,15920,Latavius Murray,RB,BE,False,5.2,6.93,False
9,False,10,Maitland Tiburon,-16025,49ers D/ST,D/ST,BE,False,-3.0,4.1,False
9,False,10,Maitland Tiburon,16728,Teddy Bridgewater,QB,BE,False,28.3,15.47,False
9,False,10,Maitland Tiburon,2574808,Robby Anderson,WR,WR,True,10.8,11.62,False
9,False,10,Maitland Tiburon,2577712,Alexander Johnson,LB,DP,True,8.0,9.28,False
9,False,10,Maitland Tiburon,3046439,Hunter Henry,TE,BE,False,5.3,9.01,False
9,False,10,Maitland Tiburon,3895856,Christian Kirk,WR,WR,True,20.8,7.56,False
9,False,10,Maitland Tiburon,12483,Matthew Stafford,QB,QB,True,8.44,18.12,False
9,False,10,Maitland Tiburon,11122,Matt Prater,K,K,True,8.0,8.39,False
9,False,10,Maitland Tiburon,4035004,Mecole Hardman,WR,BE,False,6.3,9.02,False
9,False,10,Maitland Tiburon,-16028,Washington D/ST,D/ST,D/ST,True,4.0,7.38,False
9,False,10,Maitland Tiburon,3121427,Curtis Samuel,WR,BE,False,22.3,7.85,False
9,False,2,Lamar  The Merrier!,3916387,Lamar Jackson,QB,BE,False,18.6,19.24,False
9,False,2,Lamar  The Merrier!,13981,Mark Ingram II,RB,BE,False,0.0,0.0,False
9,False,2,Lamar  The Merrier!,4241389,CeeDee Lamb,WR,BE,False,14.1,8.04,False
9,False,2,Lamar  The Merrier!,2573401,Tyler Higbee,TE,BE,False,0.0,0.0,True
9,False,2,Lamar  The Merrier!,4035538,David Montgomery,RB,RB,True,3.7,14.3,False
9,False,2,Lamar  The Merrier!,5536,Ben Roethlisberger,QB,QB,True,25.04,17.93,False
9,False,2,Lamar  The Merrier!,3055899,Harrison Butker,K,K,True,10.0,8.94,False
9,False,2,Lamar  The Merrier!,16725,Sammy Watkins,WR,BE,False,0.0,0.0,False
9,False,2,Lamar  The Merrier!,3051750,Zach Cunningham,LB,DP,True,9.0,9.75,False
9,False,2,Lamar  The Merrier!,4046692,Chase Claypool,WR,RB/WR/TE,True,11.3,11.33,False
9,False,2,Lamar  The Merrier!,2980453,Jamaal Williams,RB,BE,False,0.0,0.0,False
9,False,2,Lamar  The Merrier!,-16003,Bears D/ST,D/ST,D/ST,True,5.0,5.05,False
9,False,2,Lamar  The Merrier!,3042910,Rashard Higgins,WR,BE,False,0.0,0.0,True
9,False,2,Lamar  The Merrier!,15860,Jordan Reed,TE,TE,True,0.8,7.18,False
9,False,2,Lamar  The Merrier!,3051926,Gus Edwards,RB,RB,True,11.4,7.33,False
9,False,2,Lamar  The Merrier!,4040655,Darnell Mooney,WR,WR,True,6.8,8.5,False
9,False,2,Lamar  The Merrier!,13215,Dez Bryant,WR,WR,True,0.0,0.37,False
9,False,6,This Year Will  Be A Brees ,4242214,Clyde Edwards-Helaire,RB,RB,True,10.9,12.67,False
9,False,6,This Year Will  Be A Brees ,3116406,Tyreek Hill,WR,WR,True,28.6,13.89,False
9,False,6,This Year Will  Be A Brees ,3045147,James Conner,RB,RB,True,3.0,18.5,False
9,False,6,This Year Will  Be A Brees ,3120348,JuJu Smith-Schuster,WR,WR,True,18.3,10.58,False
9,False,6,This Year Will  Be A Brees ,13229,Rob Gronkowski,TE,TE,True,1.7,9.14,False
9,False,6,This Year Will  Be A Brees ,2976212,Stefon Diggs,WR,RB/WR/TE,True,16.3,16.54,False
9,False,6,This Year Will  Be A Brees ,2580,Drew Brees,QB,BE,False,22.68,16.94,False
9,False,6,This Year Will  Be A Brees ,2576716,Jamison Crowder,WR,BE,False,9.6,11.39,False
9,False,6,This Year Will  Be A Brees ,13295,Emmanuel Sanders,WR,IR,False,11.8,9.04,False
9,False,6,This Year Will  Be A Brees ,9354,Robbie Gould,K,K,True,5.0,6.79,False
9,False,6,This Year Will  Be A Brees ,13232,Jimmy Graham,TE,BE,False,14.5,8.01,False
9,False,6,This Year Will  Be A Brees ,2978313,Shaq Thompson,LB,DP,True,7.0,8.47,False
9,False,6,This Year Will  Be A Brees ,16757,Derek Carr,QB,QB,True,14.0,17.55,False
9,False,6,This Year Will  Be A Brees ,-16022,Cardinals D/ST,D/ST,BE,False,2.0,7.16,False
9,False,6,This Year Will  Be A Brees ,15349,Cole Beasley,WR,BE,False,5.4,9.21,False
9,False,6,This Year Will  Be A Brees ,3122976,Jeff Wilson Jr.,RB,BE,False,0.0,0.0,False
9,False,6,This Year Will  Be A Brees ,-16024,Chargers D/ST,D/ST,D/ST,True,2.0,4.39,False
10,False,8,SCLSU Mud Dogs,16800,Davante Adams,WR,WR,True,14.6,17.95,False
10,False,8,SCLSU Mud Dogs,3040151,George Kittle,TE,BE,False,0.0,0.0,False
10,False,8,SCLSU Mud Dogs,15825,Le'Veon Bell,RB,BE,False,0.0,0.0,True
10,False,8,SCLSU Mud Dogs,4242335,Jonathan Taylor,RB,RB,True,4.7,10.66,False
10,False,8,SCLSU Mud Dogs,3912550,Ronald Jones II,RB,RB,True,24.3,9.46,False
10,False,8,SCLSU Mud Dogs,3051439,Boston Scott,RB,BE,False,13.9,2.32,False
10,False,8,SCLSU Mud Dogs,-16014,Rams D/ST,D/ST,BE,False,13.0,4.8,False
10,False,8,SCLSU Mud Dogs,14985,Lavonte David,LB,DP,True,6.0,7.91,False
10,False,8,SCLSU Mud Dogs,3049899,Younghoe Koo,K,BE,False,0.0,0.0,True
10,False,8,SCLSU Mud Dogs,4243160,Laviska Shenault Jr.,WR,BE,False,0.0,0.0,False
10,False,8,SCLSU Mud Dogs,14880,Kirk Cousins,QB,BE,False,18.58,12.8,False
10,False,8,SCLSU Mud Dogs,3045138,Mike Williams,WR,WR,True,4.8,10.63,False
10,False,8,SCLSU Mud Dogs,14876,Ryan Tannehill,QB,QB,True,10.78,15.91,False
10,False,8,SCLSU Mud Dogs,2976499,Amari Cooper,WR,BE,False,0.0,0.0,True
10,False,8,SCLSU Mud Dogs,3121023,Dallas Goedert,TE,RB/WR/TE,True,5.3,7.47,False
10,False,8,SCLSU Mud Dogs,16974,Trey Burton,TE,TE,True,3.9,5.96,False
10,False,8,SCLSU Mud Dogs,-16009,Packers D/ST,D/ST,D/ST,True,7.0,7.31,False
10,False,4,Thunder Thighs,15847,Travis Kelce,TE,BE,False,0.0,0.0,True
10,False,4,Thunder Thighs,2974858,Kenny Golladay,WR,BE,False,0.0,0.0,False
10,False,4,Thunder Thighs,3115394,DJ Chark Jr.,WR,RB/WR/TE,True,7.6,10.25,False
10,False,4,Thunder Thighs,11237,Matt Ryan,QB,BE,False,0.0,0.0,True
10,False,4,Thunder Thighs,16731,Brandin Cooks,WR,WR,True,6.9,11.01,False
10,False,4,Thunder Thighs,3916945,Darius Slayton,WR,BE,False,11.8,9.42,False
10,False,4,Thunder Thighs,2978273,Blake Martinez,LB,DP,True,4.0,10.61,False
10,False,4,Thunder Thighs,4036133,T.J. Hockenson,TE,TE,True,2.3,8.29,False
10,False,4,Thunder Thighs,10452,Adrian Peterson,RB,BE,False,3.5,6.94,False
10,False,4,Thunder Thighs,4039359,Darrell Henderson Jr.,RB,RB,True,9.8,11.28,False
10,False,4,Thunder Thighs,3071572,Keelan Cole Sr.,WR,BE,False,19.2,7.03,False
10,False,4,Thunder Thighs,3925347,Damien Harris,RB,RB,True,12.1,8.11,False
10,False,4,Thunder Thighs,3116136,Justin Jackson,RB,BE,False,0.0,0.0,False
10,False,4,Thunder Thighs,4241479,Tua Tagovailoa,QB,QB,True,15.66,16.08,False
10,False,4,Thunder Thighs,3123052,Michael Badgley,K,K,True,3.0,8.21,False
10,False,4,Thunder Thighs,4241463,Jerry Jeudy,WR,WR,True,8.8,10.52,False
10,False,4,Thunder Thighs,-16021,Eagles D/ST,D/ST,D/ST,True,2.0,7.52,False
10,False,1,"Jim, Tannehill, Laundry ",3116593,Dalvin Cook,RB,RB,True,13.2,18.9,False
10,False,1,"Jim, Tannehill, Laundry ",4045163,Miles Sanders,RB,RB,True,12.5,16.09,False
10,False,1,"Jim, Tannehill, Laundry ",16799,Allen Robinson II,WR,BE,False,7.3,12.82,False
10,False,1,"Jim, Tannehill, Laundry ",2576925,Darren Waller,TE,TE,True,5.2,12.91,False
10,False,1,"Jim, Tannehill, Laundry ",3122840,Deshaun Watson,QB,QB,True,14.12,20.2,False
10,False,1,"Jim, Tannehill, Laundry ",15818,Keenan Allen,WR,WR,True,11.4,15.56,False
10,False,1,"Jim, Tannehill, Laundry ",4048244,Alexander Mattison,RB,BE,False,0.4,4.85,False
10,False,1,"Jim, Tannehill, Laundry ",3119195,Chase Edmonds,RB,BE,False,9.2,10.75,False
10,False,1,"Jim, Tannehill, Laundry ",3056362,Darius Leonard,LB,DP,True,9.0,10.01,False
10,False,1,"Jim, Tannehill, Laundry ",2985659,Wil Lutz,K,K,True,10.0,9.75,False
10,False,1,"Jim, Tannehill, Laundry ",16790,Jarvis Landry,WR,BE,False,4.4,8.83,False
10,False,1,"Jim, Tannehill, Laundry ",2976316,Michael Thomas,WR,WR,True,3.7,12.54,False
10,False,1,"Jim, Tannehill, Laundry ",3916148,Tony Pollard,RB,BE,False,0.0,0.0,True
10,False,1,"Jim, Tannehill, Laundry ",-16015,Dolphins D/ST,D/ST,BE,False,8.0,5.32,False
10,False,1,"Jim, Tannehill, Laundry ",3052587,Baker Mayfield,QB,BE,False,5.38,15.61,False
10,False,1,"Jim, Tannehill, Laundry ",-16018,Saints D/ST,D/ST,D/ST,True,15.0,6.39,False
10,False,1,"Jim, Tannehill, Laundry ",2969962,Duke Johnson,RB,RB/WR/TE,True,5.4,14.14,False
10,False,11,Dez (Bryant) Nuts,3117251,Christian McCaffrey,RB,BE,False,0.0,0.0,False
10,False,11,Dez (Bryant) Nuts,3919596,Chris Carson,RB,BE,False,0.0,0.0,False
10,False,11,Dez (Bryant) Nuts,15795,DeAndre Hopkins,WR,WR,True,23.2,12.98,False
10,False,11,Dez (Bryant) Nuts,3059915,Kareem Hunt,RB,RB,True,14.7,12.92,False
10,False,11,Dez (Bryant) Nuts,15835,Zach Ertz,TE,IR,False,0.0,0.0,False
10,False,11,Dez (Bryant) Nuts,3045144,Tyler Boyd,WR,WR,True,7.1,11.55,False
10,False,11,Dez (Bryant) Nuts,2576623,DeVante Parker,WR,BE,False,4.1,10.27,False
10,False,11,Dez (Bryant) Nuts,15683,Justin Tucker,K,K,True,5.0,8.43,False
10,False,11,Dez (Bryant) Nuts,-16023,Steelers D/ST,D/ST,D/ST,True,11.0,6.55,False
10,False,11,Dez (Bryant) Nuts,8439,Aaron Rodgers,QB,QB,True,25.4,19.99,False
10,False,11,Dez (Bryant) Nuts,3915511,Joe Burrow,QB,BE,False,12.52,16.65,False
10,False,11,Dez (Bryant) Nuts,3128390,Allen Lazard,WR,BE,False,0.0,0.0,False
10,False,11,Dez (Bryant) Nuts,3045282,T.J. Watt,DE,BE,False,8.0,6.37,False
10,False,11,Dez (Bryant) Nuts,16782,Jerick McKinnon,RB,RB/WR/TE,True,5.1,14.16,False
10,False,11,Dez (Bryant) Nuts,3025433,Mike Davis,RB,RB,True,6.4,13.3,False
10,False,11,Dez (Bryant) Nuts,3047566,Myles Jack,LB,DP,True,10.0,8.64,False
10,False,11,Dez (Bryant) Nuts,3124084,Joey Slye,K,BE,False,6.0,8.98,False
10,False,11,Dez (Bryant) Nuts,10475,Greg Olsen,TE,TE,True,4.3,5.2,False
10,False,9,Tonie's Tigers,3051392,Ezekiel Elliott,RB,BE,False,0.0,0.0,True
10,False,9,Tonie's Tigers,3068267,Austin Ekeler,RB,IR,False,0.0,0.0,False
10,False,9,Tonie's Tigers,13982,Julio Jones,WR,BE,False,0.0,0.0,True
10,False,9,Tonie's Tigers,2977187,Cooper Kupp,WR,WR,True,7.5,13.35,False
10,False,9,Tonie's Tigers,4040761,Devin Singletary,RB,RB,True,1.5,8.06,False
10,False,9,Tonie's Tigers,2330,Tom Brady,QB,BE,False,31.84,18.77,False
10,False,9,Tonie's Tigers,4360294,Antonio Gibson,RB,RB,True,20.5,14.72,False
10,False,9,Tonie's Tigers,14979,Bobby Wagner,LB,DP,True,7.0,9.69,False
10,False,9,Tonie's Tigers,-16011,Colts D/ST,D/ST,D/ST,True,12.0,6.33,False
10,False,9,Tonie's Tigers,3046779,Jared Goff,QB,QB,True,10.48,18.49,False
10,False,9,Tonie's Tigers,4239993,Tee Higgins,WR,WR,True,19.0,10.6,False
10,False,9,Tonie's Tigers,3139522,Travis Fulgham,WR,RB/WR/TE,True,1.3,11.99,False
10,False,9,Tonie's Tigers,-16002,Bills D/ST,D/ST,BE,False,1.0,3.75,False
10,False,9,Tonie's Tigers,16732,Eric Ebron,TE,TE,True,4.8,7.31,False
10,False,9,Tonie's Tigers,16339,Brandon McManus,K,K,True,8.0,8.78,False
10,False,9,Tonie's Tigers,15072,Marvin Jones Jr.,WR,BE,False,19.6,10.24,False
10,False,9,Tonie's Tigers,3045127,Wayne Gallman,RB,BE,False,18.5,8.6,False
10,False,9,Tonie's Tigers,4240631,DeeJay Dallas,RB,BE,False,4.1,7.58,False
10,False,13,Kamara Virus,3054850,Alvin Kamara,RB,RB,True,31.3,19.46,False
10,False,13,Kamara Virus,3116385,Joe Mixon,RB,BE,False,0.0,0.0,False
10,False,13,Kamara Virus,3116165,Chris Godwin,WR,WR,True,12.2,11.16,False
10,False,13,Kamara Virus,3925357,Calvin Ridley,WR,BE,False,0.0,0.0,True
10,False,13,Kamara Virus,3116365,Mark Andrews,TE,TE,True,9.6,9.27,False
10,False,13,Kamara Virus,3918298,Josh Allen,QB,QB,True,26.86,24.05,False
10,False,13,Kamara Virus,4047650,DK Metcalf,WR,WR,True,3.8,15.42,False
10,False,13,Kamara Virus,3932905,Diontae Johnson,WR,RB/WR/TE,True,20.6,9.7,False
10,False,13,Kamara Virus,-16033,Ravens D/ST,D/ST,D/ST,True,1.0,7.23,False
10,False,13,Kamara Virus,3054212,Jonnu Smith,TE,BE,False,8.5,6.16,False
10,False,13,Kamara Virus,3138826,Fred Warner,LB,BE,False,5.0,9.27,False
10,False,13,Kamara Virus,3886818,Myles Gaskin,RB,IR,False,0.0,0.0,False
10,False,13,Kamara Virus,4262921,Justin Jefferson,WR,BE,False,17.5,10.04,False
10,False,13,Kamara Virus,4038941,Justin Herbert,QB,BE,False,21.48,20.99,False
10,False,13,Kamara Virus,9704,Stephen Gostkowski,K,K,True,6.0,8.5,False
10,False,13,Kamara Virus,4259545,D'Andre Swift,RB,RB,True,23.4,13.41,False
10,False,13,Kamara Virus,4035434,Devin White,LB,DP,True,6.0,9.06,False
10,False,13,Kamara Virus,4035676,Zack Moss,RB,BE,False,2.2,7.75,False
10,False,10,Maitland Tiburon,3043078,Derrick Henry,RB,RB,True,11.4,15.21,False
10,False,10,Maitland Tiburon,16737,Mike Evans,WR,BE,False,16.7,10.02,False
10,False,10,Maitland Tiburon,2508176,David Johnson,RB,IR,False,0.0,0.0,False
10,False,10,Maitland Tiburon,15880,Robert Woods,WR,RB/WR/TE,True,6.1,13.5,False
10,False,10,Maitland Tiburon,3051876,Evan Engram,TE,TE,True,2.5,8.66,False
10,False,10,Maitland Tiburon,15920,Latavius Murray,RB,BE,False,5.7,7.99,False
10,False,10,Maitland Tiburon,-16025,49ers D/ST,D/ST,BE,False,9.0,2.97,False
10,False,10,Maitland Tiburon,16728,Teddy Bridgewater,QB,QB,True,19.04,15.83,False
10,False,10,Maitland Tiburon,2574808,Robby Anderson,WR,BE,False,4.1,12.21,False
10,False,10,Maitland Tiburon,2577712,Alexander Johnson,LB,DP,True,14.0,8.46,False
10,False,10,Maitland Tiburon,3046439,Hunter Henry,TE,BE,False,11.0,9.01,False
10,False,10,Maitland Tiburon,3895856,Christian Kirk,WR,WR,True,4.7,9.82,False
10,False,10,Maitland Tiburon,12483,Matthew Stafford,QB,BE,False,23.04,17.18,False
10,False,10,Maitland Tiburon,11122,Matt Prater,K,K,True,16.0,9.42,False
10,False,10,Maitland Tiburon,4035004,Mecole Hardman,WR,BE,False,0.0,0.0,True
10,False,10,Maitland Tiburon,-16028,Washington D/ST,D/ST,D/ST,True,-1.0,5.49,False
10,False,10,Maitland Tiburon,3121427,Curtis Samuel,WR,WR,True,2.7,10.89,False
10,False,10,Maitland Tiburon,15807,Cordarrelle Patterson,RB,RB,True,11.9,7.67,False
10,False,12,Rule  #76,4047365,Josh Jacobs,RB,RB,True,27.6,15.05,False
10,False,12,Rule  #76,2979843,Kenyan Drake,RB,RB,True,9.4,11.31,False
10,False,12,Rule  #76,3915416,DJ Moore,WR,WR,True,18.6,10.88,False
10,False,12,Rule  #76,4047646,A.J. Brown,WR,WR,True,2.6,12.2,False
10,False,12,Rule  #76,3121422,Terry McLaurin,WR,RB/WR/TE,True,13.7,14.37,False
10,False,12,Rule  #76,3917315,Kyler Murray,QB,QB,True,29.9,24.89,False
10,False,12,Rule  #76,2576414,Raheem Mostert,RB,IR,False,0.0,0.0,False
10,False,12,Rule  #76,4241372,Marquise Brown,WR,BE,False,3.4,9.32,False
10,False,12,Rule  #76,4036131,Noah Fant,TE,TE,True,3.3,8.96,False
10,False,12,Rule  #76,3052896,Jaylon Smith,LB,BE,False,0.0,0.0,True
10,False,12,Rule  #76,16944,Devonta Freeman,RB,BE,False,0.0,0.0,False
10,False,12,Rule  #76,2975674,Robert Tonyan,TE,BE,False,4.8,5.38,False
10,False,12,Rule  #76,-16017,Patriots D/ST,D/ST,D/ST,True,4.0,5.23,False
10,False,12,Rule  #76,12731,Ryan Succop,K,K,True,17.0,8.26,False
10,False,12,Rule  #76,2573079,Carson Wentz,QB,BE,False,8.72,18.08,False
10,False,12,Rule  #76,13934,Antonio Brown,WR,BE,False,10.1,10.05,False
10,False,12,Rule  #76,3928925,JaMycal Hasty,RB,BE,False,1.9,8.23,False
10,False,12,Rule  #76,3915189,Roquan Smith,LB,DP,True,16.0,8.72,False
10,False,6,This Year Will  Be A Brees ,4242214,Clyde Edwards-Helaire,RB,BE,False,0.0,0.0,True
10,False,6,This Year Will  Be A Brees ,3116406,Tyreek Hill,WR,BE,False,0.0,0.0,True
10,False,6,This Year Will  Be A Brees ,3045147,James Conner,RB,RB,True,5.8,16.48,False
10,False,6,This Year Will  Be A Brees ,3120348,JuJu Smith-Schuster,WR,WR,True,18.2,10.27,False
10,False,6,This Year Will  Be A Brees ,13229,Rob Gronkowski,TE,TE,True,12.1,8.48,False
10,False,6,This Year Will  Be A Brees ,2976212,Stefon Diggs,WR,RB/WR/TE,True,20.3,15.5,False
10,False,6,This Year Will  Be A Brees ,2580,Drew Brees,QB,QB,True,6.94,17.15,False
10,False,6,This Year Will  Be A Brees ,2576716,Jamison Crowder,WR,BE,False,0.0,0.0,True
10,False,6,This Year Will  Be A Brees ,13295,Emmanuel Sanders,WR,WR,True,1.0,7.73,False
10,False,6,This Year Will  Be A Brees ,9354,Robbie Gould,K,K,True,8.0,7.09,False
10,False,6,This Year Will  Be A Brees ,13232,Jimmy Graham,TE,BE,False,0.0,7.77,False
10,False,6,This Year Will  Be A Brees ,2978313,Shaq Thompson,LB,DP,True,9.0,8.47,False
10,False,6,This Year Will  Be A Brees ,16757,Derek Carr,QB,BE,False,7.16,17.16,False
10,False,6,This Year Will  Be A Brees ,15349,Cole Beasley,WR,BE,False,23.4,8.0,False
10,False,6,This Year Will  Be A Brees ,-16024,Chargers D/ST,D/ST,BE,False,3.0,5.68,False
10,False,6,This Year Will  Be A Brees ,2572861,J.D. McKissic,RB,RB,True,14.4,10.25,False
10,False,6,This Year Will  Be A Brees ,-16019,Giants D/ST,D/ST,D/ST,True,4.0,7.15,False
10,False,3,Jim Ward's Ole Dick Necks,3042519,Aaron Jones,RB,RB,True,12.0,19.66,False
10,False,3,Jim Ward's Ole Dick Necks,3139477,Patrick Mahomes,QB,BE,False,0.0,0.0,True
10,False,3,Jim Ward's Ole Dick Necks,2576434,Melvin Gordon III,RB,RB/WR/TE,True,4.6,11.51,False
10,False,3,Jim Ward's Ole Dick Necks,3115364,Leonard Fournette,RB,RB,True,4.0,11.97,False
10,False,3,Jim Ward's Ole Dick Necks,3052876,Will Fuller V,WR,WR,True,6.3,11.46,False
10,False,3,Jim Ward's Ole Dick Necks,4241985,J.K. Dobbins,RB,BE,False,1.9,8.55,False
10,False,3,Jim Ward's Ole Dick Necks,3924365,Hayden Hurst,TE,BE,False,0.0,0.0,True
10,False,3,Jim Ward's Ole Dick Necks,3125403,Brian Hill,RB,BE,False,0.0,0.0,True
10,False,3,Jim Ward's Ole Dick Necks,13983,A.J. Green,WR,BE,False,0.0,8.4,False
10,False,3,Jim Ward's Ole Dick Necks,3051909,Daniel Carlson,K,K,True,15.0,9.15,False
10,False,3,Jim Ward's Ole Dick Necks,2976592,Sterling Shepard,WR,BE,False,7.7,10.91,False
10,False,3,Jim Ward's Ole Dick Necks,4212909,David Moore,WR,BE,False,2.8,7.23,False
10,False,3,Jim Ward's Ole Dick Necks,16804,John Brown,WR,WR,True,10.2,10.83,False
10,False,3,Jim Ward's Ole Dick Necks,3924327,Drew Lock,QB,QB,True,6.98,16.89,False
10,False,3,Jim Ward's Ole Dick Necks,3915507,Jerome Baker,LB,DP,True,4.0,8.37,False
10,False,3,Jim Ward's Ole Dick Necks,16813,Logan Thomas,TE,TE,True,8.6,6.42,False
10,False,3,Jim Ward's Ole Dick Necks,-16016,Vikings D/ST,D/ST,D/ST,True,12.0,5.71,False
10,False,5,Russ Finna Cuck,3128720,Nick Chubb,RB,RB,True,18.6,14.21,False
10,False,5,Russ Finna Cuck,2977644,Todd Gurley II,RB,BE,False,0.0,0.0,True
10,False,5,Russ Finna Cuck,16460,Adam Thielen,WR,WR,True,18.3,11.6,False
10,False,5,Russ Finna Cuck,2577327,Tyler Lockett,WR,WR,True,10.1,13.16,False
10,False,5,Russ Finna Cuck,3043275,Austin Hooper,TE,TE,True,1.6,7.91,False
10,False,5,Russ Finna Cuck,14881,Russell Wilson,QB,QB,True,9.92,23.48,False
10,False,5,Russ Finna Cuck,3052117,Phillip Lindsay,RB,BE,False,1.2,8.78,False
10,False,5,Russ Finna Cuck,13994,Cam Newton,QB,BE,False,16.82,15.3,False
10,False,5,Russ Finna Cuck,-16027,Buccaneers D/ST,D/ST,D/ST,True,8.0,6.49,False
10,False,5,Russ Finna Cuck,4052042,James Robinson,RB,RB,True,12.2,15.26,False
10,False,5,Russ Finna Cuck,2510863,Eric Kendricks,LB,DP,True,3.0,9.8,False
10,False,5,Russ Finna Cuck,12537,Jared Cook,TE,BE,False,0.0,6.98,False
10,False,5,Russ Finna Cuck,15826,Giovani Bernard,RB,BE,False,6.7,12.79,False
10,False,5,Russ Finna Cuck,4360438,Brandon Aiyuk,WR,RB/WR/TE,True,16.2,10.92,False
10,False,5,Russ Finna Cuck,3042778,Corey Davis,WR,BE,False,9.2,8.28,False
10,False,5,Russ Finna Cuck,3916433,Jakobi Meyers,WR,BE,False,13.36,8.56,False
10,False,5,Russ Finna Cuck,10636,Mason Crosby,K,K,True,6.0,7.62,False
10,False,2,Lamar  The Merrier!,3916387,Lamar Jackson,QB,QB,True,21.46,20.15,False
10,False,2,Lamar  The Merrier!,13981,Mark Ingram II,RB,RB,True,3.9,6.37,False
10,False,2,Lamar  The Merrier!,4241389,CeeDee Lamb,WR,BE,False,0.0,0.0,True
10,False,2,Lamar  The Merrier!,2573401,Tyler Higbee,TE,BE,False,7.5,5.17,False
10,False,2,Lamar  The Merrier!,4035538,David Montgomery,RB,BE,False,0.0,0.0,False
10,False,2,Lamar  The Merrier!,5536,Ben Roethlisberger,QB,BE,False,29.32,17.34,False
10,False,2,Lamar  The Merrier!,16725,Sammy Watkins,WR,BE,False,0.0,0.0,True
10,False,2,Lamar  The Merrier!,3051750,Zach Cunningham,LB,DP,True,14.0,9.19,False
10,False,2,Lamar  The Merrier!,4046692,Chase Claypool,WR,WR,True,19.3,11.31,False
10,False,2,Lamar  The Merrier!,2980453,Jamaal Williams,RB,RB,True,7.0,8.23,False
10,False,2,Lamar  The Merrier!,-16003,Bears D/ST,D/ST,D/ST,True,10.0,6.7,False
10,False,2,Lamar  The Merrier!,3042910,Rashard Higgins,WR,BE,False,6.3,5.5,False
10,False,2,Lamar  The Merrier!,15860,Jordan Reed,TE,TE,True,8.7,5.58,False
10,False,2,Lamar  The Merrier!,3051926,Gus Edwards,RB,RB/WR/TE,True,7.8,3.96,False
10,False,2,Lamar  The Merrier!,4040655,Darnell Mooney,WR,WR,True,1.3,9.03,False
10,False,2,Lamar  The Merrier!,13215,Dez Bryant,WR,BE,False,0.0,0.0,False
10,False,2,Lamar  The Merrier!,3917232,Tyler Bass,K,K,True,18.0,8.19,False
11,False,4,Thunder Thighs,15847,Travis Kelce,TE,TE,True,22.86,15.87,False
11,False,4,Thunder Thighs,2974858,Kenny Golladay,WR,BE,False,0.0,0.0,False
11,False,4,Thunder Thighs,3115394,DJ Chark Jr.,WR,RB/WR/TE,True,6.1,10.55,False
11,False,4,Thunder Thighs,11237,Matt Ryan,QB,BE,False,5.28,18.46,False
11,False,4,Thunder Thighs,16731,Brandin Cooks,WR,WR,True,10.5,11.73,False
11,False,4,Thunder Thighs,3916945,Darius Slayton,WR,BE,False,0.0,0.0,True
11,False,4,Thunder Thighs,4036133,T.J. Hockenson,TE,BE,False,8.8,9.23,False
11,False,4,Thunder Thighs,10452,Adrian Peterson,RB,RB,True,1.8,11.27,False
11,False,4,Thunder Thighs,4039359,Darrell Henderson Jr.,RB,BE,False,1.9,6.47,False
11,False,4,Thunder Thighs,3071572,Keelan Cole Sr.,WR,BE,False,4.6,8.69,False
11,False,4,Thunder Thighs,3925347,Damien Harris,RB,RB,True,11.9,11.39,False
11,False,4,Thunder Thighs,3116136,Justin Jackson,RB,BE,False,0.0,0.0,False
11,False,4,Thunder Thighs,4241479,Tua Tagovailoa,QB,QB,True,7.32,16.6,False
11,False,4,Thunder Thighs,3123052,Michael Badgley,K,K,True,11.0,8.48,False
11,False,4,Thunder Thighs,4241463,Jerry Jeudy,WR,WR,True,5.2,9.47,False
11,False,4,Thunder Thighs,-16021,Eagles D/ST,D/ST,D/ST,True,8.0,5.49,False
11,False,4,Thunder Thighs,3048692,Micah Kiser,LB,DP,True,6.0,9.37,False
11,False,1,"Jim, Tannehill, Laundry ",3116593,Dalvin Cook,RB,RB,True,22.5,23.55,False
11,False,1,"Jim, Tannehill, Laundry ",4045163,Miles Sanders,RB,RB,True,7.6,15.43,False
11,False,1,"Jim, Tannehill, Laundry ",16799,Allen Robinson II,WR,BE,False,0.0,0.0,True
11,False,1,"Jim, Tannehill, Laundry ",2576925,Darren Waller,TE,TE,True,18.3,12.2,False
11,False,1,"Jim, Tannehill, Laundry ",3122840,Deshaun Watson,QB,QB,True,31.36,20.87,False
11,False,1,"Jim, Tannehill, Laundry ",15818,Keenan Allen,WR,WR,True,26.5,14.33,False
11,False,1,"Jim, Tannehill, Laundry ",4048244,Alexander Mattison,RB,BE,False,0.6,5.14,False
11,False,1,"Jim, Tannehill, Laundry ",3119195,Chase Edmonds,RB,BE,False,12.9,10.72,False
11,False,1,"Jim, Tannehill, Laundry ",3056362,Darius Leonard,LB,DP,True,8.0,10.09,False
11,False,1,"Jim, Tannehill, Laundry ",2985659,Wil Lutz,K,K,True,5.0,8.0,False
11,False,1,"Jim, Tannehill, Laundry ",16790,Jarvis Landry,WR,BE,False,3.6,9.48,False
11,False,1,"Jim, Tannehill, Laundry ",2976316,Michael Thomas,WR,WR,True,14.9,10.6,False
11,False,1,"Jim, Tannehill, Laundry ",3916148,Tony Pollard,RB,BE,False,12.0,6.0,False
11,False,1,"Jim, Tannehill, Laundry ",-16015,Dolphins D/ST,D/ST,D/ST,True,-1.0,7.05,False
11,False,1,"Jim, Tannehill, Laundry ",3052587,Baker Mayfield,QB,BE,False,7.06,14.91,False
11,False,1,"Jim, Tannehill, Laundry ",-16018,Saints D/ST,D/ST,BE,False,17.0,4.83,False
11,False,1,"Jim, Tannehill, Laundry ",2969962,Duke Johnson,RB,RB/WR/TE,True,5.0,13.23,False
11,False,11,Dez (Bryant) Nuts,3117251,Christian McCaffrey,RB,BE,False,0.0,0.0,False
11,False,11,Dez (Bryant) Nuts,3919596,Chris Carson,RB,BE,False,0.0,0.0,False
11,False,11,Dez (Bryant) Nuts,15795,DeAndre Hopkins,WR,WR,True,7.6,16.47,False
11,False,11,Dez (Bryant) Nuts,3059915,Kareem Hunt,RB,RB,True,8.6,12.87,False
11,False,11,Dez (Bryant) Nuts,15835,Zach Ertz,TE,IR,False,0.0,0.0,False
11,False,11,Dez (Bryant) Nuts,3045144,Tyler Boyd,WR,WR,True,13.0,11.73,False
11,False,11,Dez (Bryant) Nuts,2576623,DeVante Parker,WR,RB/WR/TE,True,15.1,11.2,False
11,False,11,Dez (Bryant) Nuts,15683,Justin Tucker,K,BE,False,10.0,8.67,False
11,False,11,Dez (Bryant) Nuts,-16023,Steelers D/ST,D/ST,D/ST,True,16.0,7.22,False
11,False,11,Dez (Bryant) Nuts,8439,Aaron Rodgers,QB,QB,True,21.74,18.46,False
11,False,11,Dez (Bryant) Nuts,3915511,Joe Burrow,QB,BE,False,11.32,17.97,False
11,False,11,Dez (Bryant) Nuts,3128390,Allen Lazard,WR,BE,False,2.8,4.92,False
11,False,11,Dez (Bryant) Nuts,3045282,T.J. Watt,DE,BE,False,2.0,5.64,False
11,False,11,Dez (Bryant) Nuts,16782,Jerick McKinnon,RB,BE,False,0.0,0.0,True
11,False,11,Dez (Bryant) Nuts,3025433,Mike Davis,RB,RB,True,14.9,15.32,False
11,False,11,Dez (Bryant) Nuts,3047566,Myles Jack,LB,DP,True,5.0,8.88,False
11,False,11,Dez (Bryant) Nuts,3124084,Joey Slye,K,K,True,10.0,8.26,False
11,False,11,Dez (Bryant) Nuts,10475,Greg Olsen,TE,TE,True,3.0,5.92,False
11,False,9,Tonie's Tigers,3051392,Ezekiel Elliott,RB,RB,True,18.4,14.0,False
11,False,9,Tonie's Tigers,3068267,Austin Ekeler,RB,IR,False,0.0,0.0,False
11,False,9,Tonie's Tigers,13982,Julio Jones,WR,WR,True,4.9,14.94,False
11,False,9,Tonie's Tigers,2977187,Cooper Kupp,WR,WR,True,21.0,13.13,False
11,False,9,Tonie's Tigers,4040761,Devin Singletary,RB,BE,False,0.0,0.0,True
11,False,9,Tonie's Tigers,2330,Tom Brady,QB,QB,True,12.64,17.94,False
11,False,9,Tonie's Tigers,4360294,Antonio Gibson,RB,RB,True,16.9,14.36,False
11,False,9,Tonie's Tigers,14979,Bobby Wagner,LB,DP,True,9.0,9.72,False
11,False,9,Tonie's Tigers,-16011,Colts D/ST,D/ST,D/ST,True,7.0,5.52,False
11,False,9,Tonie's Tigers,3046779,Jared Goff,QB,BE,False,24.04,16.42,False
11,False,9,Tonie's Tigers,4239993,Tee Higgins,WR,BE,False,5.1,11.61,False
11,False,9,Tonie's Tigers,3139522,Travis Fulgham,WR,BE,False,1.3,10.32,False
11,False,9,Tonie's Tigers,-16002,Bills D/ST,D/ST,BE,False,0.0,0.0,True
11,False,9,Tonie's Tigers,16732,Eric Ebron,TE,TE,True,11.6,7.79,False
11,False,9,Tonie's Tigers,16339,Brandon McManus,K,K,True,9.0,8.52,False
11,False,9,Tonie's Tigers,15072,Marvin Jones Jr.,WR,RB/WR/TE,True,7.1,11.92,False
11,False,9,Tonie's Tigers,3045127,Wayne Gallman,RB,BE,False,0.0,0.0,True
11,False,9,Tonie's Tigers,4240631,DeeJay Dallas,RB,BE,False,4.2,5.91,False
11,False,13,Kamara Virus,3054850,Alvin Kamara,RB,RB,True,10.5,17.87,False
11,False,13,Kamara Virus,3116385,Joe Mixon,RB,BE,False,0.0,0.0,False
11,False,13,Kamara Virus,3116165,Chris Godwin,WR,BE,False,15.8,10.73,False
11,False,13,Kamara Virus,3925357,Calvin Ridley,WR,WR,True,11.5,12.14,False
11,False,13,Kamara Virus,3116365,Mark Andrews,TE,TE,True,18.1,10.46,False
11,False,13,Kamara Virus,3918298,Josh Allen,QB,BE,False,0.0,0.0,True
11,False,13,Kamara Virus,4047650,DK Metcalf,WR,WR,True,12.1,14.54,False
11,False,13,Kamara Virus,3932905,Diontae Johnson,WR,RB/WR/TE,True,17.1,11.75,False
11,False,13,Kamara Virus,-16033,Ravens D/ST,D/ST,D/ST,True,0.0,5.91,False
11,False,13,Kamara Virus,3054212,Jonnu Smith,TE,BE,False,10.0,6.41,False
11,False,13,Kamara Virus,3138826,Fred Warner,LB,BE,False,0.0,0.0,True
11,False,13,Kamara Virus,3886818,Myles Gaskin,RB,IR,False,0.0,0.0,False
11,False,13,Kamara Virus,4262921,Justin Jefferson,WR,BE,False,16.1,10.87,False
11,False,13,Kamara Virus,4038941,Justin Herbert,QB,QB,True,27.74,21.68,False
11,False,13,Kamara Virus,4259545,D'Andre Swift,RB,BE,False,0.0,0.0,False
11,False,13,Kamara Virus,4035434,Devin White,LB,DP,True,9.0,9.82,False
11,False,13,Kamara Virus,3043234,Zane Gonzalez,K,K,True,3.0,7.74,False
11,False,13,Kamara Virus,15971,Rex Burkhead,RB,RB,True,2.2,9.57,False
11,False,10,Maitland Tiburon,3043078,Derrick Henry,RB,RB,True,19.7,16.04,False
11,False,10,Maitland Tiburon,16737,Mike Evans,WR,BE,False,13.4,10.62,False
11,False,10,Maitland Tiburon,2508176,David Johnson,RB,IR,False,0.0,0.0,False
11,False,10,Maitland Tiburon,15880,Robert Woods,WR,RB/WR/TE,True,24.6,11.28,False
11,False,10,Maitland Tiburon,3051876,Evan Engram,TE,BE,False,0.0,0.0,True
11,False,10,Maitland Tiburon,15920,Latavius Murray,RB,RB,True,9.5,7.63,False
11,False,10,Maitland Tiburon,-16025,49ers D/ST,D/ST,BE,False,0.0,0.0,True
11,False,10,Maitland Tiburon,16728,Teddy Bridgewater,QB,BE,False,0.0,0.0,False
11,False,10,Maitland Tiburon,2574808,Robby Anderson,WR,BE,False,8.1,11.78,False
11,False,10,Maitland Tiburon,2577712,Alexander Johnson,LB,DP,True,6.0,8.07,False
11,False,10,Maitland Tiburon,3046439,Hunter Henry,TE,TE,True,12.8,9.18,False
11,False,10,Maitland Tiburon,3895856,Christian Kirk,WR,WR,True,7.0,10.33,False
11,False,10,Maitland Tiburon,12483,Matthew Stafford,QB,QB,True,7.62,18.03,False
11,False,10,Maitland Tiburon,11122,Matt Prater,K,K,True,-1.0,8.9,False
11,False,10,Maitland Tiburon,4035004,Mecole Hardman,WR,BE,False,2.1,7.56,False
11,False,10,Maitland Tiburon,-16028,Washington D/ST,D/ST,D/ST,True,13.0,5.95,False
11,False,10,Maitland Tiburon,3121427,Curtis Samuel,WR,WR,True,17.4,11.14,False
11,False,10,Maitland Tiburon,15807,Cordarrelle Patterson,RB,BE,False,0.0,0.0,True
11,False,12,Rule  #76,4047365,Josh Jacobs,RB,RB,True,12.9,14.51,False
11,False,12,Rule  #76,2979843,Kenyan Drake,RB,RB,True,14.0,11.41,False
11,False,12,Rule  #76,3915416,DJ Moore,WR,WR,True,18.3,10.78,False
11,False,12,Rule  #76,4047646,A.J. Brown,WR,BE,False,14.2,11.35,False
11,False,12,Rule  #76,3121422,Terry McLaurin,WR,WR,True,11.9,13.23,False
11,False,12,Rule  #76,3917315,Kyler Murray,QB,QB,True,20.26,26.19,False
11,False,12,Rule  #76,2576414,Raheem Mostert,RB,IR,False,0.0,0.0,True
11,False,12,Rule  #76,4241372,Marquise Brown,WR,BE,False,0.0,9.84,False
11,False,12,Rule  #76,4036131,Noah Fant,TE,BE,False,7.5,7.33,False
11,False,12,Rule  #76,3052896,Jaylon Smith,LB,DP,True,9.0,9.24,False
11,False,12,Rule  #76,2975674,Robert Tonyan,TE,BE,False,12.9,5.41,False
11,False,12,Rule  #76,-16017,Patriots D/ST,D/ST,D/ST,True,-1.0,4.86,False
11,False,12,Rule  #76,12731,Ryan Succop,K,K,True,6.0,9.09,False
11,False,12,Rule  #76,13934,Antonio Brown,WR,BE,False,9.8,9.17,False
11,False,12,Rule  #76,3915189,Roquan Smith,LB,BE,False,0.0,0.0,True
11,False,12,Rule  #76,4243315,Salvon Ahmed,RB,RB/WR/TE,True,9.9,9.03,False
11,False,12,Rule  #76,2468609,Taysom Hill,QB,TE,True,24.22,18.0,False
11,False,12,Rule  #76,3122866,Devontae Booker,RB,BE,False,2.4,5.75,False
11,False,6,This Year Will  Be A Brees ,4242214,Clyde Edwards-Helaire,RB,BE,False,20.2,12.76,False
11,False,6,This Year Will  Be A Brees ,3116406,Tyreek Hill,WR,RB/WR/TE,True,21.5,15.99,False
11,False,6,This Year Will  Be A Brees ,3045147,James Conner,RB,RB,True,11.4,13.85,False
11,False,6,This Year Will  Be A Brees ,3120348,JuJu Smith-Schuster,WR,WR,True,3.9,13.49,False
11,False,6,This Year Will  Be A Brees ,13229,Rob Gronkowski,TE,TE,True,3.5,8.18,False
11,False,6,This Year Will  Be A Brees ,2976212,Stefon Diggs,WR,BE,False,0.0,0.0,True
11,False,6,This Year Will  Be A Brees ,2580,Drew Brees,QB,IR,False,0.0,0.0,False
11,False,6,This Year Will  Be A Brees ,2576716,Jamison Crowder,WR,WR,True,2.1,11.58,False
11,False,6,This Year Will  Be A Brees ,13295,Emmanuel Sanders,WR,BE,False,8.6,5.55,False
11,False,6,This Year Will  Be A Brees ,9354,Robbie Gould,K,BE,False,0.0,0.0,True
11,False,6,This Year Will  Be A Brees ,13232,Jimmy Graham,TE,BE,False,0.0,0.0,True
11,False,6,This Year Will  Be A Brees ,2978313,Shaq Thompson,LB,DP,True,4.0,8.62,False
11,False,6,This Year Will  Be A Brees ,16757,Derek Carr,QB,QB,True,21.6,16.16,False
11,False,6,This Year Will  Be A Brees ,15349,Cole Beasley,WR,BE,False,0.0,0.0,True
11,False,6,This Year Will  Be A Brees ,2572861,J.D. McKissic,RB,RB,True,8.4,11.7,False
11,False,6,This Year Will  Be A Brees ,-16019,Giants D/ST,D/ST,BE,False,0.0,0.0,True
11,False,6,This Year Will  Be A Brees ,-16005,Browns D/ST,D/ST,D/ST,True,20.0,7.21,False
11,False,6,This Year Will  Be A Brees ,2473037,Jason Myers,K,K,True,9.0,8.01,False
11,False,3,Jim Ward's Ole Dick Necks,3042519,Aaron Jones,RB,RB,True,15.1,15.44,False
11,False,3,Jim Ward's Ole Dick Necks,3139477,Patrick Mahomes,QB,QB,True,21.52,24.12,False
11,False,3,Jim Ward's Ole Dick Necks,2576434,Melvin Gordon III,RB,RB,True,18.4,11.18,False
11,False,3,Jim Ward's Ole Dick Necks,3115364,Leonard Fournette,RB,RB/WR/TE,True,9.1,9.83,False
11,False,3,Jim Ward's Ole Dick Necks,3052876,Will Fuller V,WR,WR,True,11.0,12.21,False
11,False,3,Jim Ward's Ole Dick Necks,4241985,J.K. Dobbins,RB,BE,False,17.5,7.43,False
11,False,3,Jim Ward's Ole Dick Necks,3924365,Hayden Hurst,TE,TE,True,0.0,8.48,False
11,False,3,Jim Ward's Ole Dick Necks,3125403,Brian Hill,RB,BE,False,3.8,6.49,False
11,False,3,Jim Ward's Ole Dick Necks,13983,A.J. Green,WR,BE,False,12.1,6.64,False
11,False,3,Jim Ward's Ole Dick Necks,3051909,Daniel Carlson,K,K,True,7.0,8.87,False
11,False,3,Jim Ward's Ole Dick Necks,2976592,Sterling Shepard,WR,BE,False,0.0,0.0,True
11,False,3,Jim Ward's Ole Dick Necks,4212909,David Moore,WR,WR,True,1.5,6.95,False
11,False,3,Jim Ward's Ole Dick Necks,16804,John Brown,WR,BE,False,0.0,0.0,True
11,False,3,Jim Ward's Ole Dick Necks,16813,Logan Thomas,TE,BE,False,1.8,6.62,False
11,False,3,Jim Ward's Ole Dick Necks,-16016,Vikings D/ST,D/ST,D/ST,True,3.0,6.23,False
11,False,3,Jim Ward's Ole Dick Necks,2573079,Carson Wentz,QB,BE,False,14.4,18.05,False
11,False,3,Jim Ward's Ole Dick Necks,3050073,Foyesade Oluokun,LB,DP,True,8.0,10.75,False
11,False,5,Russ Finna Cuck,3128720,Nick Chubb,RB,RB,True,11.4,13.8,False
11,False,5,Russ Finna Cuck,2977644,Todd Gurley II,RB,BE,False,3.4,12.29,False
11,False,5,Russ Finna Cuck,16460,Adam Thielen,WR,WR,True,28.3,12.15,False
11,False,5,Russ Finna Cuck,2577327,Tyler Lockett,WR,BE,False,17.2,15.39,False
11,False,5,Russ Finna Cuck,3043275,Austin Hooper,TE,TE,True,5.8,7.81,False
11,False,5,Russ Finna Cuck,14881,Russell Wilson,QB,QB,True,20.08,24.38,False
11,False,5,Russ Finna Cuck,3052117,Phillip Lindsay,RB,BE,False,8.2,7.15,False
11,False,5,Russ Finna Cuck,13994,Cam Newton,QB,BE,False,19.2,19.25,False
11,False,5,Russ Finna Cuck,-16027,Buccaneers D/ST,D/ST,D/ST,True,1.0,5.24,False
11,False,5,Russ Finna Cuck,4052042,James Robinson,RB,RB,True,11.4,15.26,False
11,False,5,Russ Finna Cuck,2510863,Eric Kendricks,LB,DP,True,10.0,10.09,False
11,False,5,Russ Finna Cuck,15826,Giovani Bernard,RB,BE,False,7.5,12.82,False
11,False,5,Russ Finna Cuck,4360438,Brandon Aiyuk,WR,BE,False,0.0,0.0,True
11,False,5,Russ Finna Cuck,3042778,Corey Davis,WR,BE,False,14.8,8.52,False
11,False,5,Russ Finna Cuck,3916433,Jakobi Meyers,WR,WR,True,5.3,11.02,False
11,False,5,Russ Finna Cuck,3124679,Jason Sanders,K,K,True,10.0,8.65,False
11,False,5,Russ Finna Cuck,3128774,Kalen Ballage,RB,RB/WR/TE,True,10.6,12.64,False
11,False,2,Lamar  The Merrier!,3916387,Lamar Jackson,QB,QB,True,16.54,22.21,False
11,False,2,Lamar  The Merrier!,13981,Mark Ingram II,RB,RB,True,0.2,6.36,False
11,False,2,Lamar  The Merrier!,4241389,CeeDee Lamb,WR,WR,True,14.6,8.92,False
11,False,2,Lamar  The Merrier!,2573401,Tyler Higbee,TE,TE,True,4.0,6.02,False
11,False,2,Lamar  The Merrier!,4035538,David Montgomery,RB,BE,False,0.0,0.0,True
11,False,2,Lamar  The Merrier!,5536,Ben Roethlisberger,QB,BE,False,17.68,20.13,False
11,False,2,Lamar  The Merrier!,16725,Sammy Watkins,WR,BE,False,0.0,0.0,False
11,False,2,Lamar  The Merrier!,3051750,Zach Cunningham,LB,DP,True,9.0,9.92,False
11,False,2,Lamar  The Merrier!,4046692,Chase Claypool,WR,WR,True,13.9,13.95,False
11,False,2,Lamar  The Merrier!,2980453,Jamaal Williams,RB,RB,True,8.1,8.72,False
11,False,2,Lamar  The Merrier!,3042910,Rashard Higgins,WR,BE,False,8.0,5.07,False
11,False,2,Lamar  The Merrier!,15860,Jordan Reed,TE,BE,False,0.0,0.0,True
11,False,2,Lamar  The Merrier!,3051926,Gus Edwards,RB,RB/WR/TE,True,0.6,6.03,False
11,False,2,Lamar  The Merrier!,4040655,Darnell Mooney,WR,BE,False,0.0,0.0,True
11,False,2,Lamar  The Merrier!,3917232,Tyler Bass,K,BE,False,0.0,0.0,True
11,False,2,Lamar  The Merrier!,3055899,Harrison Butker,K,K,True,5.0,8.19,False
11,False,2,Lamar  The Merrier!,-16024,Chargers D/ST,D/ST,D/ST,True,10.0,6.22,False
11,False,8,SCLSU Mud Dogs,16800,Davante Adams,WR,WR,True,20.1,16.8,False
11,False,8,SCLSU Mud Dogs,3040151,George Kittle,TE,IR,False,0.0,0.0,True
11,False,8,SCLSU Mud Dogs,15825,Le'Veon Bell,RB,BE,False,10.1,7.15,False
11,False,8,SCLSU Mud Dogs,4242335,Jonathan Taylor,RB,BE,False,13.4,8.58,False
11,False,8,SCLSU Mud Dogs,3912550,Ronald Jones II,RB,RB,True,2.4,10.8,False
11,False,8,SCLSU Mud Dogs,3051439,Boston Scott,RB,BE,False,6.5,3.43,False
11,False,8,SCLSU Mud Dogs,-16014,Rams D/ST,D/ST,D/ST,True,7.0,4.61,False
11,False,8,SCLSU Mud Dogs,14985,Lavonte David,LB,DP,True,9.0,8.57,False
11,False,8,SCLSU Mud Dogs,3049899,Younghoe Koo,K,K,True,13.0,8.28,False
11,False,8,SCLSU Mud Dogs,14880,Kirk Cousins,QB,QB,True,24.96,15.63,False
11,False,8,SCLSU Mud Dogs,3045138,Mike Williams,WR,WR,True,15.2,10.75,False
11,False,8,SCLSU Mud Dogs,14876,Ryan Tannehill,QB,BE,False,21.86,15.67,False
11,False,8,SCLSU Mud Dogs,2976499,Amari Cooper,WR,RB/WR/TE,True,11.1,10.33,False
11,False,8,SCLSU Mud Dogs,3121023,Dallas Goedert,TE,TE,True,16.2,8.4,False
11,False,8,SCLSU Mud Dogs,-16009,Packers D/ST,D/ST,BE,False,1.0,4.63,False
11,False,8,SCLSU Mud Dogs,3916430,Nyheim Hines,RB,RB,True,7.8,10.48,False
11,False,8,SCLSU Mud Dogs,12537,Jared Cook,TE,BE,False,1.1,5.36,False
11,False,8,SCLSU Mud Dogs,4241802,Jalen Reagor,WR,BE,False,7.2,8.5,False
12,False,4,Thunder Thighs,15847,Travis Kelce,TE,TE,True,12.2,15.99,False
12,False,4,Thunder Thighs,2974858,Kenny Golladay,WR,BE,False,0.0,0.0,False
12,False,4,Thunder Thighs,3115394,DJ Chark Jr.,WR,BE,False,0.0,0.0,False
12,False,4,Thunder Thighs,11237,Matt Ryan,QB,QB,True,13.9,19.14,False
12,False,4,Thunder Thighs,16731,Brandin Cooks,WR,WR,True,11.0,12.92,False
12,False,4,Thunder Thighs,3916945,Darius Slayton,WR,RB/WR/TE,True,0.0,9.32,False
12,False,4,Thunder Thighs,4036133,T.J. Hockenson,TE,BE,False,11.4,9.85,False
12,False,4,Thunder Thighs,4039359,Darrell Henderson Jr.,RB,BE,False,1.9,8.19,False
12,False,4,Thunder Thighs,3071572,Keelan Cole Sr.,WR,WR,True,5.9,9.78,False
12,False,4,Thunder Thighs,3925347,Damien Harris,RB,RB,True,4.7,10.26,False
12,False,4,Thunder Thighs,3116136,Justin Jackson,RB,IR,False,0.0,0.0,False
12,False,4,Thunder Thighs,4241479,Tua Tagovailoa,QB,BE,False,0.0,0.0,False
12,False,4,Thunder Thighs,3123052,Michael Badgley,K,K,True,3.0,8.17,False
12,False,4,Thunder Thighs,4241463,Jerry Jeudy,WR,BE,False,0.0,1.66,False
12,False,4,Thunder Thighs,4035676,Zack Moss,RB,BE,False,7.8,9.2,False
12,False,4,Thunder Thighs,16913,James White,RB,RB,True,14.2,8.86,False
12,False,4,Thunder Thighs,-16007,Broncos D/ST,D/ST,D/ST,True,6.0,6.57,False
12,False,4,Thunder Thighs,3929950,Tremaine Edmunds,LB,DP,True,11.0,9.49,False
12,False,9,Tonie's Tigers,3051392,Ezekiel Elliott,RB,RB,True,2.4,14.01,False
12,False,9,Tonie's Tigers,3068267,Austin Ekeler,RB,IR,False,18.4,14.83,False
12,False,9,Tonie's Tigers,13982,Julio Jones,WR,WR,True,0.0,0.0,False
12,False,9,Tonie's Tigers,2977187,Cooper Kupp,WR,WR,True,5.1,12.35,False
12,False,9,Tonie's Tigers,4040761,Devin Singletary,RB,BE,False,9.7,8.26,False
12,False,9,Tonie's Tigers,2330,Tom Brady,QB,QB,True,21.7,19.67,False
12,False,9,Tonie's Tigers,4360294,Antonio Gibson,RB,RB,True,34.1,14.25,False
12,False,9,Tonie's Tigers,14979,Bobby Wagner,LB,DP,True,4.0,9.57,False
12,False,9,Tonie's Tigers,-16011,Colts D/ST,D/ST,D/ST,True,-5.0,6.22,False
12,False,9,Tonie's Tigers,3046779,Jared Goff,QB,BE,False,3.02,16.57,False
12,False,9,Tonie's Tigers,4239993,Tee Higgins,WR,BE,False,12.9,10.74,False
12,False,9,Tonie's Tigers,3139522,Travis Fulgham,WR,BE,False,2.6,11.07,False
12,False,9,Tonie's Tigers,16732,Eric Ebron,TE,TE,True,8.9,7.63,False
12,False,9,Tonie's Tigers,16339,Brandon McManus,K,K,True,5.0,4.36,False
12,False,9,Tonie's Tigers,15072,Marvin Jones Jr.,WR,BE,False,7.8,11.37,False
12,False,9,Tonie's Tigers,3045127,Wayne Gallman,RB,RB/WR/TE,True,16.6,11.69,False
12,False,9,Tonie's Tigers,16777,Carlos Hyde,RB,BE,False,3.9,3.92,False
12,False,9,Tonie's Tigers,4035687,Michael Pittman Jr.,WR,BE,False,3.8,9.05,False
12,False,11,Dez (Bryant) Nuts,3117251,Christian McCaffrey,RB,BE,False,0.0,0.0,False
12,False,11,Dez (Bryant) Nuts,3919596,Chris Carson,RB,RB,True,12.9,14.85,False
12,False,11,Dez (Bryant) Nuts,15795,DeAndre Hopkins,WR,WR,True,8.0,13.67,False
12,False,11,Dez (Bryant) Nuts,3059915,Kareem Hunt,RB,BE,False,6.2,12.65,False
12,False,11,Dez (Bryant) Nuts,15835,Zach Ertz,TE,IR,False,0.0,0.0,False
12,False,11,Dez (Bryant) Nuts,3045144,Tyler Boyd,WR,WR,True,3.0,10.66,False
12,False,11,Dez (Bryant) Nuts,2576623,DeVante Parker,WR,RB/WR/TE,True,15.9,13.37,False
12,False,11,Dez (Bryant) Nuts,15683,Justin Tucker,K,BE,False,2.0,7.07,False
12,False,11,Dez (Bryant) Nuts,-16023,Steelers D/ST,D/ST,D/ST,True,16.0,7.53,False
12,False,11,Dez (Bryant) Nuts,8439,Aaron Rodgers,QB,QB,True,25.64,18.76,False
12,False,11,Dez (Bryant) Nuts,3128390,Allen Lazard,WR,BE,False,10.3,5.35,False
12,False,11,Dez (Bryant) Nuts,3045282,T.J. Watt,DE,BE,False,10.0,5.44,False
12,False,11,Dez (Bryant) Nuts,16782,Jerick McKinnon,RB,BE,False,4.2,5.64,False
12,False,11,Dez (Bryant) Nuts,3025433,Mike Davis,RB,RB,True,10.4,13.31,False
12,False,11,Dez (Bryant) Nuts,3047566,Myles Jack,LB,DP,True,9.0,8.15,False
12,False,11,Dez (Bryant) Nuts,3124084,Joey Slye,K,K,True,9.0,8.24,False
12,False,11,Dez (Bryant) Nuts,3117256,Dalton Schultz,TE,TE,True,4.9,6.53,False
12,False,11,Dez (Bryant) Nuts,3134353,Tim Patrick,WR,BE,False,0.0,1.44,False
12,False,10,Maitland Tiburon,3043078,Derrick Henry,RB,RB,True,37.5,16.38,False
12,False,10,Maitland Tiburon,16737,Mike Evans,WR,BE,False,18.5,11.92,False
12,False,10,Maitland Tiburon,2508176,David Johnson,RB,IR,False,0.0,0.0,False
12,False,10,Maitland Tiburon,15880,Robert Woods,WR,RB/WR/TE,True,12.3,12.56,False
12,False,10,Maitland Tiburon,3051876,Evan Engram,TE,BE,False,14.9,7.43,False
12,False,10,Maitland Tiburon,15920,Latavius Murray,RB,RB,True,25.1,8.16,False
12,False,10,Maitland Tiburon,-16025,49ers D/ST,D/ST,BE,False,17.0,4.36,False
12,False,10,Maitland Tiburon,16728,Teddy Bridgewater,QB,BE,False,13.88,16.04,False
12,False,10,Maitland Tiburon,2574808,Robby Anderson,WR,WR,True,17.4,12.21,False
12,False,10,Maitland Tiburon,2577712,Alexander Johnson,LB,DP,True,10.0,8.81,False
12,False,10,Maitland Tiburon,3046439,Hunter Henry,TE,TE,True,10.2,10.08,False
12,False,10,Maitland Tiburon,3895856,Christian Kirk,WR,BE,False,3.4,8.6,False
12,False,10,Maitland Tiburon,12483,Matthew Stafford,QB,QB,True,16.1,18.65,False
12,False,10,Maitland Tiburon,4035004,Mecole Hardman,WR,BE,False,3.8,5.97,False
12,False,10,Maitland Tiburon,-16028,Washington D/ST,D/ST,D/ST,True,17.0,6.99,False
12,False,10,Maitland Tiburon,3121427,Curtis Samuel,WR,WR,True,10.2,11.98,False
12,False,10,Maitland Tiburon,15807,Cordarrelle Patterson,RB,BE,False,0.8,5.07,False
12,False,10,Maitland Tiburon,3915165,Rodrigo Blankenship,K,K,True,2.0,9.13,False
12,False,13,Kamara Virus,3054850,Alvin Kamara,RB,RB,True,6.7,16.51,False
12,False,13,Kamara Virus,3116385,Joe Mixon,RB,IR,False,0.0,0.0,False
12,False,13,Kamara Virus,3116165,Chris Godwin,WR,BE,False,13.7,11.84,False
12,False,13,Kamara Virus,3925357,Calvin Ridley,WR,WR,True,14.0,16.97,False
12,False,13,Kamara Virus,3116365,Mark Andrews,TE,BE,False,0.0,0.0,False
12,False,13,Kamara Virus,3918298,Josh Allen,QB,QB,True,15.48,24.98,False
12,False,13,Kamara Virus,4047650,DK Metcalf,WR,RB/WR/TE,True,22.7,14.31,False
12,False,13,Kamara Virus,3932905,Diontae Johnson,WR,BE,False,8.6,11.68,False
12,False,13,Kamara Virus,-16033,Ravens D/ST,D/ST,BE,False,7.0,5.14,False
12,False,13,Kamara Virus,3054212,Jonnu Smith,TE,TE,True,0.0,6.95,False
12,False,13,Kamara Virus,3886818,Myles Gaskin,RB,BE,False,0.0,0.0,False
12,False,13,Kamara Virus,4262921,Justin Jefferson,WR,WR,True,22.5,12.9,False
12,False,13,Kamara Virus,4038941,Justin Herbert,QB,BE,False,16.44,22.57,False
12,False,13,Kamara Virus,4259545,D'Andre Swift,RB,BE,False,0.0,0.0,False
12,False,13,Kamara Virus,4035434,Devin White,LB,DP,True,12.0,9.26,False
12,False,13,Kamara Virus,3043234,Zane Gonzalez,K,K,True,5.0,7.55,False
12,False,13,Kamara Virus,-16004,Bengals D/ST,D/ST,D/ST,True,7.0,6.54,False
12,False,13,Kamara Virus,4035072,Benny Snell Jr.,RB,RB,True,10.8,11.2,False
12,False,6,This Year Will  Be A Brees ,4242214,Clyde Edwards-Helaire,RB,RB,True,4.4,11.33,False
12,False,6,This Year Will  Be A Brees ,3116406,Tyreek Hill,WR,RB/WR/TE,True,51.4,15.93,False
12,False,6,This Year Will  Be A Brees ,3045147,James Conner,RB,BE,False,0.0,0.0,False
12,False,6,This Year Will  Be A Brees ,3120348,JuJu Smith-Schuster,WR,WR,True,13.7,11.24,False
12,False,6,This Year Will  Be A Brees ,13229,Rob Gronkowski,TE,TE,True,13.6,7.38,False
12,False,6,This Year Will  Be A Brees ,2976212,Stefon Diggs,WR,WR,True,8.4,16.73,False
12,False,6,This Year Will  Be A Brees ,2580,Drew Brees,QB,IR,False,0.0,0.0,False
12,False,6,This Year Will  Be A Brees ,2576716,Jamison Crowder,WR,BE,False,4.6,9.23,False
12,False,6,This Year Will  Be A Brees ,9354,Robbie Gould,K,BE,False,13.0,6.39,False
12,False,6,This Year Will  Be A Brees ,13232,Jimmy Graham,TE,BE,False,4.7,6.32,False
12,False,6,This Year Will  Be A Brees ,2978313,Shaq Thompson,LB,DP,True,3.0,7.99,False
12,False,6,This Year Will  Be A Brees ,16757,Derek Carr,QB,QB,True,0.6,17.51,False
12,False,6,This Year Will  Be A Brees ,15349,Cole Beasley,WR,BE,False,8.3,10.48,False
12,False,6,This Year Will  Be A Brees ,2572861,J.D. McKissic,RB,BE,False,3.7,10.63,False
12,False,6,This Year Will  Be A Brees ,-16019,Giants D/ST,D/ST,BE,False,12.0,6.94,False
12,False,6,This Year Will  Be A Brees ,-16005,Browns D/ST,D/ST,D/ST,True,-1.0,7.06,False
12,False,6,This Year Will  Be A Brees ,2473037,Jason Myers,K,K,True,12.0,7.74,False
12,False,6,This Year Will  Be A Brees ,3051891,Jordan Wilkins,RB,RB,True,7.2,12.65,False
12,False,12,Rule  #76,4047365,Josh Jacobs,RB,RB,True,3.9,16.1,False
12,False,12,Rule  #76,2979843,Kenyan Drake,RB,RB,True,22.8,13.25,False
12,False,12,Rule  #76,3915416,DJ Moore,WR,WR,True,8.1,11.75,False
12,False,12,Rule  #76,4047646,A.J. Brown,WR,BE,False,23.8,11.15,False
12,False,12,Rule  #76,3121422,Terry McLaurin,WR,WR,True,13.7,14.19,False
12,False,12,Rule  #76,3917315,Kyler Murray,QB,QB,True,7.9,23.62,False
12,False,12,Rule  #76,2576414,Raheem Mostert,RB,RB/WR/TE,True,9.3,11.92,False
12,False,12,Rule  #76,4036131,Noah Fant,TE,BE,False,1.8,1.24,False
12,False,12,Rule  #76,3052896,Jaylon Smith,LB,DP,True,6.0,9.29,False
12,False,12,Rule  #76,2975674,Robert Tonyan,TE,TE,True,15.2,6.44,False
12,False,12,Rule  #76,-16017,Patriots D/ST,D/ST,BE,False,7.0,3.53,False
12,False,12,Rule  #76,12731,Ryan Succop,K,K,True,6.0,8.53,False
12,False,12,Rule  #76,13934,Antonio Brown,WR,BE,False,2.1,10.69,False
12,False,12,Rule  #76,3915189,Roquan Smith,LB,BE,False,5.0,9.37,False
12,False,12,Rule  #76,4243315,Salvon Ahmed,RB,IR,False,0.0,0.0,False
12,False,12,Rule  #76,2468609,Taysom Hill,QB,BE,False,17.52,16.63,False
12,False,12,Rule  #76,3122866,Devontae Booker,RB,BE,False,1.0,7.12,False
12,False,12,Rule  #76,-16022,Cardinals D/ST,D/ST,D/ST,True,10.0,5.83,False
12,False,5,Russ Finna Cuck,3128720,Nick Chubb,RB,RB,True,25.1,13.18,False
12,False,5,Russ Finna Cuck,2977644,Todd Gurley II,RB,BE,False,0.0,0.0,False
12,False,5,Russ Finna Cuck,16460,Adam Thielen,WR,IR,False,0.0,0.0,False
12,False,5,Russ Finna Cuck,2577327,Tyler Lockett,WR,WR,True,3.8,13.74,False
12,False,5,Russ Finna Cuck,3043275,Austin Hooper,TE,TE,True,8.3,8.22,False
12,False,5,Russ Finna Cuck,14881,Russell Wilson,QB,QB,True,14.4,23.69,False
12,False,5,Russ Finna Cuck,3052117,Phillip Lindsay,RB,BE,False,2.0,7.67,False
12,False,5,Russ Finna Cuck,13994,Cam Newton,QB,BE,False,3.96,17.39,False
12,False,5,Russ Finna Cuck,-16027,Buccaneers D/ST,D/ST,BE,False,-2.0,3.33,False
12,False,5,Russ Finna Cuck,4052042,James Robinson,RB,RB,True,24.4,15.93,False
12,False,5,Russ Finna Cuck,2510863,Eric Kendricks,LB,DP,True,14.0,8.84,False
12,False,5,Russ Finna Cuck,15826,Giovani Bernard,RB,BE,False,5.9,12.25,False
12,False,5,Russ Finna Cuck,4360438,Brandon Aiyuk,WR,BE,False,0.0,0.0,False
12,False,5,Russ Finna Cuck,3042778,Corey Davis,WR,WR,True,8.5,9.25,False
12,False,5,Russ Finna Cuck,3916433,Jakobi Meyers,WR,RB/WR/TE,True,7.7,10.27,False
12,False,5,Russ Finna Cuck,3124679,Jason Sanders,K,K,True,12.0,8.52,False
12,False,5,Russ Finna Cuck,3128774,Kalen Ballage,RB,BE,False,0.0,0.0,False
12,False,5,Russ Finna Cuck,-16026,Seahawks D/ST,D/ST,D/ST,True,11.0,7.06,False
12,False,3,Jim Ward's Ole Dick Necks,3042519,Aaron Jones,RB,RB,True,9.5,16.54,False
12,False,3,Jim Ward's Ole Dick Necks,3139477,Patrick Mahomes,QB,QB,True,31.28,24.01,False
12,False,3,Jim Ward's Ole Dick Necks,2576434,Melvin Gordon III,RB,BE,False,4.1,9.08,False
12,False,3,Jim Ward's Ole Dick Necks,3115364,Leonard Fournette,RB,RB,True,3.5,10.22,False
12,False,3,Jim Ward's Ole Dick Necks,3052876,Will Fuller V,WR,WR,True,32.1,13.25,False
12,False,3,Jim Ward's Ole Dick Necks,3924365,Hayden Hurst,TE,BE,False,7.8,8.22,False
12,False,3,Jim Ward's Ole Dick Necks,3125403,Brian Hill,RB,RB/WR/TE,True,5.5,12.4,False
12,False,3,Jim Ward's Ole Dick Necks,13983,A.J. Green,WR,BE,False,0.0,6.69,False
12,False,3,Jim Ward's Ole Dick Necks,3051909,Daniel Carlson,K,K,True,6.0,8.54,False
12,False,3,Jim Ward's Ole Dick Necks,2976592,Sterling Shepard,WR,WR,True,10.3,10.07,False
12,False,3,Jim Ward's Ole Dick Necks,4212909,David Moore,WR,BE,False,7.0,6.01,False
12,False,3,Jim Ward's Ole Dick Necks,16804,John Brown,WR,BE,False,0.0,0.0,False
12,False,3,Jim Ward's Ole Dick Necks,16813,Logan Thomas,TE,TE,True,11.42,6.65,False
12,False,3,Jim Ward's Ole Dick Necks,-16016,Vikings D/ST,D/ST,D/ST,True,4.0,5.45,False
12,False,3,Jim Ward's Ole Dick Necks,2573079,Carson Wentz,QB,BE,False,18.8,19.0,False
12,False,3,Jim Ward's Ole Dick Necks,3050073,Foyesade Oluokun,LB,BE,False,8.0,10.46,False
12,False,3,Jim Ward's Ole Dick Necks,2978273,Blake Martinez,LB,DP,True,5.0,10.43,False
12,False,8,SCLSU Mud Dogs,16800,Davante Adams,WR,RB/WR/TE,True,15.1,17.31,False
12,False,8,SCLSU Mud Dogs,3040151,George Kittle,TE,IR,False,0.0,0.0,False
12,False,8,SCLSU Mud Dogs,15825,Le'Veon Bell,RB,BE,False,4.2,5.08,False
12,False,8,SCLSU Mud Dogs,4242335,Jonathan Taylor,RB,BE,False,0.0,0.0,False
12,False,8,SCLSU Mud Dogs,3912550,Ronald Jones II,RB,RB,True,16.8,10.81,False
12,False,8,SCLSU Mud Dogs,3051439,Boston Scott,RB,BE,False,7.2,4.04,False
12,False,8,SCLSU Mud Dogs,-16014,Rams D/ST,D/ST,D/ST,True,15.0,7.19,False
12,False,8,SCLSU Mud Dogs,14985,Lavonte David,LB,DP,True,8.0,8.06,False
12,False,8,SCLSU Mud Dogs,3049899,Younghoe Koo,K,K,True,21.0,9.54,False
12,False,8,SCLSU Mud Dogs,14880,Kirk Cousins,QB,BE,False,26.18,15.15,False
12,False,8,SCLSU Mud Dogs,3045138,Mike Williams,WR,WR,True,5.1,10.31,False
12,False,8,SCLSU Mud Dogs,14876,Ryan Tannehill,QB,QB,True,19.14,15.92,False
12,False,8,SCLSU Mud Dogs,2976499,Amari Cooper,WR,WR,True,20.2,9.56,False
12,False,8,SCLSU Mud Dogs,3121023,Dallas Goedert,TE,TE,True,17.0,9.45,False
12,False,8,SCLSU Mud Dogs,-16009,Packers D/ST,D/ST,BE,False,14.0,6.95,False
12,False,8,SCLSU Mud Dogs,3916430,Nyheim Hines,RB,RB,True,13.5,13.86,False
12,False,8,SCLSU Mud Dogs,4241802,Jalen Reagor,WR,BE,False,2.6,8.85,False
12,False,8,SCLSU Mud Dogs,3116164,Mike Gesicki,TE,BE,False,10.5,8.11,False
12,False,2,Lamar  The Merrier!,3916387,Lamar Jackson,QB,BE,False,0.0,0.0,False
12,False,2,Lamar  The Merrier!,13981,Mark Ingram II,RB,BE,False,0.0,0.0,False
12,False,2,Lamar  The Merrier!,4241389,CeeDee Lamb,WR,WR,True,4.6,8.9,False
12,False,2,Lamar  The Merrier!,2573401,Tyler Higbee,TE,BE,False,1.1,5.39,False
12,False,2,Lamar  The Merrier!,4035538,David Montgomery,RB,RB,True,22.8,11.2,False
12,False,2,Lamar  The Merrier!,5536,Ben Roethlisberger,QB,QB,True,12.54,17.4,False
12,False,2,Lamar  The Merrier!,16725,Sammy Watkins,WR,BE,False,5.8,9.09,False
12,False,2,Lamar  The Merrier!,3051750,Zach Cunningham,LB,DP,True,9.0,9.32,False
12,False,2,Lamar  The Merrier!,4046692,Chase Claypool,WR,WR,True,8.2,11.37,False
12,False,2,Lamar  The Merrier!,2980453,Jamaal Williams,RB,RB,True,13.3,7.43,False
12,False,2,Lamar  The Merrier!,3042910,Rashard Higgins,WR,BE,False,3.0,6.29,False
12,False,2,Lamar  The Merrier!,15860,Jordan Reed,TE,TE,True,2.8,5.74,False
12,False,2,Lamar  The Merrier!,3051926,Gus Edwards,RB,RB/WR/TE,True,7.0,11.98,False
12,False,2,Lamar  The Merrier!,4040655,Darnell Mooney,WR,BE,False,6.9,7.67,False
12,False,2,Lamar  The Merrier!,3917232,Tyler Bass,K,K,True,11.0,8.69,False
12,False,2,Lamar  The Merrier!,3055899,Harrison Butker,K,BE,False,9.0,8.33,False
12,False,2,Lamar  The Merrier!,-16024,Chargers D/ST,D/ST,D/ST,True,9.0,4.24,False
12,False,1,"Jim, Tannehill, Laundry ",3116593,Dalvin Cook,RB,RB,True,8.2,22.81,False
12,False,1,"Jim, Tannehill, Laundry ",4045163,Miles Sanders,RB,RB,True,5.2,15.14,False
12,False,1,"Jim, Tannehill, Laundry ",16799,Allen Robinson II,WR,RB/WR/TE,True,23.4,12.12,False
12,False,1,"Jim, Tannehill, Laundry ",2576925,Darren Waller,TE,TE,True,4.3,12.99,False
12,False,1,"Jim, Tannehill, Laundry ",3122840,Deshaun Watson,QB,QB,True,33.12,23.84,False
12,False,1,"Jim, Tannehill, Laundry ",15818,Keenan Allen,WR,WR,True,14.0,15.58,False
12,False,1,"Jim, Tannehill, Laundry ",4048244,Alexander Mattison,RB,BE,False,0.6,3.97,False
12,False,1,"Jim, Tannehill, Laundry ",3119195,Chase Edmonds,RB,BE,False,6.3,9.3,False
12,False,1,"Jim, Tannehill, Laundry ",3056362,Darius Leonard,LB,DP,True,16.0,9.92,False
12,False,1,"Jim, Tannehill, Laundry ",2985659,Wil Lutz,K,K,True,8.0,7.56,False
12,False,1,"Jim, Tannehill, Laundry ",16790,Jarvis Landry,WR,BE,False,24.3,9.7,False
12,False,1,"Jim, Tannehill, Laundry ",2976316,Michael Thomas,WR,WR,True,7.1,11.29,False
12,False,1,"Jim, Tannehill, Laundry ",3916148,Tony Pollard,RB,BE,False,4.2,5.74,False
12,False,1,"Jim, Tannehill, Laundry ",-16015,Dolphins D/ST,D/ST,D/ST,True,13.0,7.98,False
12,False,1,"Jim, Tannehill, Laundry ",3052587,Baker Mayfield,QB,BE,False,18.42,16.06,False
12,False,1,"Jim, Tannehill, Laundry ",-16018,Saints D/ST,D/ST,BE,False,14.0,5.8,False
12,False,1,"Jim, Tannehill, Laundry ",2969962,Duke Johnson,RB,BE,False,15.5,13.11,False
13,False,10,Maitland Tiburon,3043078,Derrick Henry,RB,RB,True,5.4,19.6,False
13,False,10,Maitland Tiburon,16737,Mike Evans,WR,BE,False,0.0,0.0,True
13,False,10,Maitland Tiburon,2508176,David Johnson,RB,RB,True,10.4,11.7,False
13,False,10,Maitland Tiburon,15880,Robert Woods,WR,WR,True,13.5,13.8,False
13,False,10,Maitland Tiburon,3051876,Evan Engram,TE,BE,False,5.2,8.66,False
13,False,10,Maitland Tiburon,15920,Latavius Murray,RB,RB/WR/TE,True,2.7,9.02,False
13,False,10,Maitland Tiburon,16728,Teddy Bridgewater,QB,BE,False,0.0,0.0,True
13,False,10,Maitland Tiburon,2574808,Robby Anderson,WR,BE,False,0.0,0.0,True
13,False,10,Maitland Tiburon,2577712,Alexander Johnson,LB,DP,True,6.0,8.87,False
13,False,10,Maitland Tiburon,3046439,Hunter Henry,TE,TE,True,1.0,9.44,False
13,False,10,Maitland Tiburon,3895856,Christian Kirk,WR,WR,True,0.7,7.72,False
13,False,10,Maitland Tiburon,12483,Matthew Stafford,QB,BE,False,26.08,14.68,False
13,False,10,Maitland Tiburon,4035004,Mecole Hardman,WR,BE,False,2.0,5.03,False
13,False,10,Maitland Tiburon,-16028,Washington D/ST,D/ST,D/ST,True,3.0,5.06,False
13,False,10,Maitland Tiburon,3121427,Curtis Samuel,WR,BE,False,0.0,0.0,True
13,False,10,Maitland Tiburon,3915165,Rodrigo Blankenship,K,K,True,7.0,7.98,False
13,False,10,Maitland Tiburon,3052587,Baker Mayfield,QB,QB,True,28.96,15.95,False
13,False,4,Thunder Thighs,15847,Travis Kelce,TE,TE,True,23.6,14.83,False
13,False,4,Thunder Thighs,2974858,Kenny Golladay,WR,BE,False,0.0,0.0,False
13,False,4,Thunder Thighs,3115394,DJ Chark Jr.,WR,WR,True,6.1,10.95,False
13,False,4,Thunder Thighs,11237,Matt Ryan,QB,QB,True,12.92,16.62,False
13,False,4,Thunder Thighs,16731,Brandin Cooks,WR,WR,True,10.0,12.16,False
13,False,4,Thunder Thighs,3916945,Darius Slayton,WR,RB/WR/TE,True,1.9,8.53,False
13,False,4,Thunder Thighs,4036133,T.J. Hockenson,TE,BE,False,11.9,8.52,False
13,False,4,Thunder Thighs,4039359,Darrell Henderson Jr.,RB,BE,False,14.4,7.63,False
13,False,4,Thunder Thighs,3071572,Keelan Cole Sr.,WR,BE,False,1.2,6.79,False
13,False,4,Thunder Thighs,3925347,Damien Harris,RB,RB,True,10.0,10.94,False
13,False,4,Thunder Thighs,3116136,Justin Jackson,RB,IR,False,0.0,0.0,False
13,False,4,Thunder Thighs,4241479,Tua Tagovailoa,QB,BE,False,16.14,17.11,False
13,False,4,Thunder Thighs,3123052,Michael Badgley,K,K,True,-2.0,8.33,False
13,False,4,Thunder Thighs,4241463,Jerry Jeudy,WR,BE,False,2.0,9.93,False
13,False,4,Thunder Thighs,4035676,Zack Moss,RB,BE,False,1.9,7.81,False
13,False,4,Thunder Thighs,16913,James White,RB,RB,True,1.6,9.61,False
13,False,4,Thunder Thighs,3929950,Tremaine Edmunds,LB,DP,True,7.0,8.85,False
13,False,4,Thunder Thighs,-16009,Packers D/ST,D/ST,D/ST,True,12.0,7.47,False
13,False,6,This Year Will  Be A Brees ,4242214,Clyde Edwards-Helaire,RB,RB,True,0.0,13.1,False
13,False,6,This Year Will  Be A Brees ,3116406,Tyreek Hill,WR,RB/WR/TE,True,11.8,17.61,False
13,False,6,This Year Will  Be A Brees ,3045147,James Conner,RB,IR,False,0.0,0.0,False
13,False,6,This Year Will  Be A Brees ,3120348,JuJu Smith-Schuster,WR,WR,True,6.3,11.14,False
13,False,6,This Year Will  Be A Brees ,13229,Rob Gronkowski,TE,BE,False,0.0,0.0,True
13,False,6,This Year Will  Be A Brees ,2976212,Stefon Diggs,WR,WR,True,14.2,14.73,False
13,False,6,This Year Will  Be A Brees ,2576716,Jamison Crowder,WR,BE,False,19.2,8.25,False
13,False,6,This Year Will  Be A Brees ,13232,Jimmy Graham,TE,TE,True,0.0,5.62,False
13,False,6,This Year Will  Be A Brees ,2978313,Shaq Thompson,LB,BE,False,0.0,0.0,True
13,False,6,This Year Will  Be A Brees ,16757,Derek Carr,QB,QB,True,31.74,16.82,False
13,False,6,This Year Will  Be A Brees ,15349,Cole Beasley,WR,BE,False,23.5,9.91,False
13,False,6,This Year Will  Be A Brees ,2572861,J.D. McKissic,RB,BE,False,12.8,7.83,False
13,False,6,This Year Will  Be A Brees ,2473037,Jason Myers,K,K,True,4.0,8.49,False
13,False,6,This Year Will  Be A Brees ,3051891,Jordan Wilkins,RB,BE,False,2.8,5.87,False
13,False,6,This Year Will  Be A Brees ,3116187,Ja'Whaun Bentley,LB,DP,True,6.0,9.63,False
13,False,6,This Year Will  Be A Brees ,4035072,Benny Snell Jr.,RB,RB,True,2.0,11.72,False
13,False,6,This Year Will  Be A Brees ,-16013,Raiders D/ST,D/ST,D/ST,True,7.0,7.22,False
13,False,11,Dez (Bryant) Nuts,3117251,Christian McCaffrey,RB,IR,False,0.0,0.0,True
13,False,11,Dez (Bryant) Nuts,3919596,Chris Carson,RB,RB,True,18.5,14.45,False
13,False,11,Dez (Bryant) Nuts,15795,DeAndre Hopkins,WR,WR,True,15.2,12.56,False
13,False,11,Dez (Bryant) Nuts,3059915,Kareem Hunt,RB,RB,True,8.2,11.0,False
13,False,11,Dez (Bryant) Nuts,15835,Zach Ertz,TE,BE,False,4.1,5.91,False
13,False,11,Dez (Bryant) Nuts,3045144,Tyler Boyd,WR,WR,True,14.7,10.35,False
13,False,11,Dez (Bryant) Nuts,2576623,DeVante Parker,WR,RB/WR/TE,True,5.5,11.48,False
13,False,11,Dez (Bryant) Nuts,15683,Justin Tucker,K,K,True,9.0,8.45,False
13,False,11,Dez (Bryant) Nuts,-16023,Steelers D/ST,D/ST,D/ST,True,3.0,7.54,False
13,False,11,Dez (Bryant) Nuts,8439,Aaron Rodgers,QB,QB,True,23.5,20.72,False
13,False,11,Dez (Bryant) Nuts,3128390,Allen Lazard,WR,BE,False,6.5,7.6,False
13,False,11,Dez (Bryant) Nuts,16782,Jerick McKinnon,RB,BE,False,0.0,5.05,False
13,False,11,Dez (Bryant) Nuts,3025433,Mike Davis,RB,BE,False,0.0,0.0,True
13,False,11,Dez (Bryant) Nuts,3047566,Myles Jack,LB,DP,True,13.0,8.29,False
13,False,11,Dez (Bryant) Nuts,3124084,Joey Slye,K,BE,False,0.0,0.0,True
13,False,11,Dez (Bryant) Nuts,3117256,Dalton Schultz,TE,TE,True,6.4,6.36,False
13,False,11,Dez (Bryant) Nuts,3134353,Tim Patrick,WR,BE,False,18.4,8.54,False
13,False,11,Dez (Bryant) Nuts,3126486,Deebo Samuel,WR,BE,False,10.6,11.4,False
13,False,5,Russ Finna Cuck,3128720,Nick Chubb,RB,RB,True,17.1,13.26,False
13,False,5,Russ Finna Cuck,2977644,Todd Gurley II,RB,BE,False,2.5,10.44,False
13,False,5,Russ Finna Cuck,16460,Adam Thielen,WR,WR,True,17.5,14.22,False
13,False,5,Russ Finna Cuck,2577327,Tyler Lockett,WR,WR,True,9.3,12.11,False
13,False,5,Russ Finna Cuck,3043275,Austin Hooper,TE,BE,False,3.4,7.13,False
13,False,5,Russ Finna Cuck,14881,Russell Wilson,QB,QB,True,15.02,21.38,False
13,False,5,Russ Finna Cuck,13994,Cam Newton,QB,BE,False,23.56,17.89,False
13,False,5,Russ Finna Cuck,-16027,Buccaneers D/ST,D/ST,BE,False,0.0,0.0,True
13,False,5,Russ Finna Cuck,4052042,James Robinson,RB,RB,True,19.8,16.76,False
13,False,5,Russ Finna Cuck,2510863,Eric Kendricks,LB,DP,True,0.0,9.37,False
13,False,5,Russ Finna Cuck,15826,Giovani Bernard,RB,BE,False,3.9,11.04,False
13,False,5,Russ Finna Cuck,4360438,Brandon Aiyuk,WR,RB/WR/TE,True,18.0,9.63,False
13,False,5,Russ Finna Cuck,3042778,Corey Davis,WR,BE,False,29.7,9.46,False
13,False,5,Russ Finna Cuck,3916433,Jakobi Meyers,WR,BE,False,2.5,9.33,False
13,False,5,Russ Finna Cuck,3124679,Jason Sanders,K,K,True,14.0,8.68,False
13,False,5,Russ Finna Cuck,-16026,Seahawks D/ST,D/ST,D/ST,True,11.0,7.61,False
13,False,5,Russ Finna Cuck,3116164,Mike Gesicki,TE,TE,True,19.3,7.26,False
13,False,13,Kamara Virus,3054850,Alvin Kamara,RB,RB,True,16.7,15.53,False
13,False,13,Kamara Virus,3116385,Joe Mixon,RB,IR,False,0.0,0.0,False
13,False,13,Kamara Virus,3116165,Chris Godwin,WR,BE,False,0.0,0.0,True
13,False,13,Kamara Virus,3925357,Calvin Ridley,WR,WR,True,13.3,11.44,False
13,False,13,Kamara Virus,3116365,Mark Andrews,TE,BE,False,0.0,0.0,False
13,False,13,Kamara Virus,3918298,Josh Allen,QB,QB,True,30.1,22.17,False
13,False,13,Kamara Virus,4047650,DK Metcalf,WR,BE,False,10.5,14.69,False
13,False,13,Kamara Virus,3932905,Diontae Johnson,WR,WR,True,17.1,11.6,False
13,False,13,Kamara Virus,-16033,Ravens D/ST,D/ST,D/ST,True,3.0,8.31,False
13,False,13,Kamara Virus,3054212,Jonnu Smith,TE,BE,False,0.0,0.0,False
13,False,13,Kamara Virus,3886818,Myles Gaskin,RB,RB,True,13.1,14.49,False
13,False,13,Kamara Virus,4262921,Justin Jefferson,WR,RB/WR/TE,True,22.8,12.13,False
13,False,13,Kamara Virus,4038941,Justin Herbert,QB,BE,False,4.36,21.07,False
13,False,13,Kamara Virus,4259545,D'Andre Swift,RB,BE,False,0.0,0.0,False
13,False,13,Kamara Virus,4035434,Devin White,LB,BE,False,0.0,0.0,True
13,False,13,Kamara Virus,3043234,Zane Gonzalez,K,K,True,3.0,7.47,False
13,False,13,Kamara Virus,3138826,Fred Warner,LB,DP,True,8.0,8.5,False
13,False,13,Kamara Virus,14054,Kyle Rudolph,TE,TE,True,0.0,7.68,False
13,False,8,SCLSU Mud Dogs,16800,Davante Adams,WR,WR,True,29.1,17.34,False
13,False,8,SCLSU Mud Dogs,3040151,George Kittle,TE,IR,False,0.0,0.0,False
13,False,8,SCLSU Mud Dogs,15825,Le'Veon Bell,RB,BE,False,6.5,5.76,False
13,False,8,SCLSU Mud Dogs,4242335,Jonathan Taylor,RB,RB,True,21.0,12.29,False
13,False,8,SCLSU Mud Dogs,3912550,Ronald Jones II,RB,BE,False,0.0,0.0,True
13,False,8,SCLSU Mud Dogs,3051439,Boston Scott,RB,BE,False,0.9,4.19,False
13,False,8,SCLSU Mud Dogs,-16014,Rams D/ST,D/ST,D/ST,True,13.0,4.94,False
13,False,8,SCLSU Mud Dogs,14985,Lavonte David,LB,BE,False,0.0,0.0,True
13,False,8,SCLSU Mud Dogs,3049899,Younghoe Koo,K,K,True,12.0,9.34,False
13,False,8,SCLSU Mud Dogs,14880,Kirk Cousins,QB,BE,False,21.4,16.85,False
13,False,8,SCLSU Mud Dogs,3045138,Mike Williams,WR,BE,False,6.3,9.35,False
13,False,8,SCLSU Mud Dogs,14876,Ryan Tannehill,QB,QB,True,27.56,17.0,False
13,False,8,SCLSU Mud Dogs,2976499,Amari Cooper,WR,WR,True,13.8,11.23,False
13,False,8,SCLSU Mud Dogs,3121023,Dallas Goedert,TE,TE,True,9.1,7.81,False
13,False,8,SCLSU Mud Dogs,3916430,Nyheim Hines,RB,RB,True,10.7,10.19,False
13,False,8,SCLSU Mud Dogs,4241802,Jalen Reagor,WR,BE,False,11.0,7.91,False
13,False,8,SCLSU Mud Dogs,3895228,Tyrell Adams,LB,DP,True,12.0,10.73,False
13,False,8,SCLSU Mud Dogs,4241985,J.K. Dobbins,RB,RB/WR/TE,True,13.1,11.66,False
13,False,12,Rule  #76,4047365,Josh Jacobs,RB,BE,False,0.0,0.0,False
13,False,12,Rule  #76,2979843,Kenyan Drake,RB,RB,True,12.8,13.05,False
13,False,12,Rule  #76,3915416,DJ Moore,WR,BE,False,0.0,0.0,True
13,False,12,Rule  #76,4047646,A.J. Brown,WR,WR,True,8.7,11.87,False
13,False,12,Rule  #76,3121422,Terry McLaurin,WR,WR,True,2.4,13.11,False
13,False,12,Rule  #76,3917315,Kyler Murray,QB,QB,True,16.42,20.24,False
13,False,12,Rule  #76,2576414,Raheem Mostert,RB,RB/WR/TE,True,4.8,15.06,False
13,False,12,Rule  #76,4036131,Noah Fant,TE,BE,False,7.7,7.87,False
13,False,12,Rule  #76,3052896,Jaylon Smith,LB,BE,False,12.0,9.0,False
13,False,12,Rule  #76,2975674,Robert Tonyan,TE,TE,True,11.9,7.27,False
13,False,12,Rule  #76,-16017,Patriots D/ST,D/ST,BE,False,28.0,3.61,False
13,False,12,Rule  #76,13934,Antonio Brown,WR,BE,False,0.0,0.0,True
13,False,12,Rule  #76,3915189,Roquan Smith,LB,DP,True,9.0,9.09,False
13,False,12,Rule  #76,4243315,Salvon Ahmed,RB,IR,False,0.0,0.0,False
13,False,12,Rule  #76,2468609,Taysom Hill,QB,BE,False,23.58,19.13,False
13,False,12,Rule  #76,3122866,Devontae Booker,RB,RB,True,5.6,13.83,False
13,False,12,Rule  #76,-16022,Cardinals D/ST,D/ST,D/ST,True,-3.0,4.29,False
13,False,12,Rule  #76,10636,Mason Crosby,K,K,True,7.0,7.58,False
13,False,1,"Jim, Tannehill, Laundry ",3116593,Dalvin Cook,RB,RB,True,20.9,23.98,False
13,False,1,"Jim, Tannehill, Laundry ",4045163,Miles Sanders,RB,RB,True,3.1,12.6,False
13,False,1,"Jim, Tannehill, Laundry ",16799,Allen Robinson II,WR,RB/WR/TE,True,10.5,13.76,False
13,False,1,"Jim, Tannehill, Laundry ",2576925,Darren Waller,TE,TE,True,38.5,12.35,False
13,False,1,"Jim, Tannehill, Laundry ",3122840,Deshaun Watson,QB,QB,True,19.44,20.56,False
13,False,1,"Jim, Tannehill, Laundry ",15818,Keenan Allen,WR,WR,True,7.3,13.17,False
13,False,1,"Jim, Tannehill, Laundry ",4048244,Alexander Mattison,RB,BE,False,0.0,0.0,False
13,False,1,"Jim, Tannehill, Laundry ",3119195,Chase Edmonds,RB,BE,False,5.3,7.91,False
13,False,1,"Jim, Tannehill, Laundry ",3056362,Darius Leonard,LB,DP,True,6.0,9.33,False
13,False,1,"Jim, Tannehill, Laundry ",2985659,Wil Lutz,K,K,True,2.0,7.99,False
13,False,1,"Jim, Tannehill, Laundry ",16790,Jarvis Landry,WR,BE,False,16.44,11.09,False
13,False,1,"Jim, Tannehill, Laundry ",2976316,Michael Thomas,WR,WR,True,15.0,13.02,False
13,False,1,"Jim, Tannehill, Laundry ",3916148,Tony Pollard,RB,BE,False,3.3,4.67,False
13,False,1,"Jim, Tannehill, Laundry ",-16015,Dolphins D/ST,D/ST,D/ST,True,16.0,7.67,False
13,False,1,"Jim, Tannehill, Laundry ",-16018,Saints D/ST,D/ST,BE,False,6.0,5.23,False
13,False,1,"Jim, Tannehill, Laundry ",8664,Ryan Fitzpatrick,QB,BE,False,0.0,0.09,False
13,False,1,"Jim, Tannehill, Laundry ",3139033,Mike Boone,RB,BE,False,0.0,2.51,False
13,False,3,Jim Ward's Ole Dick Necks,3042519,Aaron Jones,RB,RB,True,22.3,16.65,False
13,False,3,Jim Ward's Ole Dick Necks,3139477,Patrick Mahomes,QB,QB,True,19.32,24.34,False
13,False,3,Jim Ward's Ole Dick Necks,2576434,Melvin Gordon III,RB,RB,True,14.7,9.38,False
13,False,3,Jim Ward's Ole Dick Necks,3115364,Leonard Fournette,RB,BE,False,0.0,0.0,True
13,False,3,Jim Ward's Ole Dick Necks,3924365,Hayden Hurst,TE,TE,True,1.4,7.34,False
13,False,3,Jim Ward's Ole Dick Necks,3125403,Brian Hill,RB,BE,False,1.8,4.87,False
13,False,3,Jim Ward's Ole Dick Necks,13983,A.J. Green,WR,BE,False,0.0,6.45,False
13,False,3,Jim Ward's Ole Dick Necks,3051909,Daniel Carlson,K,K,True,8.0,7.87,False
13,False,3,Jim Ward's Ole Dick Necks,2976592,Sterling Shepard,WR,WR,True,4.7,10.52,False
13,False,3,Jim Ward's Ole Dick Necks,4212909,David Moore,WR,BE,False,1.1,6.18,False
13,False,3,Jim Ward's Ole Dick Necks,16813,Logan Thomas,TE,BE,False,20.3,6.06,False
13,False,3,Jim Ward's Ole Dick Necks,-16016,Vikings D/ST,D/ST,D/ST,True,11.0,5.97,False
13,False,3,Jim Ward's Ole Dick Necks,2573079,Carson Wentz,QB,BE,False,4.96,16.62,False
13,False,3,Jim Ward's Ole Dick Necks,3050073,Foyesade Oluokun,LB,BE,False,13.0,10.43,False
13,False,3,Jim Ward's Ole Dick Necks,2978273,Blake Martinez,LB,DP,True,12.0,9.75,False
13,False,3,Jim Ward's Ole Dick Necks,4035403,Denzel Mims,WR,RB/WR/TE,True,7.0,8.93,False
13,False,3,Jim Ward's Ole Dick Necks,4035687,Michael Pittman Jr.,WR,WR,True,7.1,9.71,False
13,False,9,Tonie's Tigers,3051392,Ezekiel Elliott,RB,BE,False,11.5,11.22,False
13,False,9,Tonie's Tigers,3068267,Austin Ekeler,RB,RB,True,8.8,18.63,False
13,False,9,Tonie's Tigers,13982,Julio Jones,WR,WR,True,12.4,13.71,False
13,False,9,Tonie's Tigers,2977187,Cooper Kupp,WR,WR,True,11.3,13.24,False
13,False,9,Tonie's Tigers,4040761,Devin Singletary,RB,BE,False,9.8,8.21,False
13,False,9,Tonie's Tigers,2330,Tom Brady,QB,BE,False,0.0,0.0,True
13,False,9,Tonie's Tigers,4360294,Antonio Gibson,RB,RB,True,1.4,13.08,False
13,False,9,Tonie's Tigers,14979,Bobby Wagner,LB,DP,True,7.0,8.86,False
13,False,9,Tonie's Tigers,-16011,Colts D/ST,D/ST,D/ST,True,10.0,6.48,False
13,False,9,Tonie's Tigers,3046779,Jared Goff,QB,QB,True,24.14,16.69,False
13,False,9,Tonie's Tigers,4239993,Tee Higgins,WR,BE,False,8.1,9.67,False
13,False,9,Tonie's Tigers,3139522,Travis Fulgham,WR,BE,False,0.0,6.56,False
13,False,9,Tonie's Tigers,16732,Eric Ebron,TE,TE,True,10.3,8.44,False
13,False,9,Tonie's Tigers,16339,Brandon McManus,K,K,True,5.0,7.88,False
13,False,9,Tonie's Tigers,15072,Marvin Jones Jr.,WR,BE,False,21.6,9.51,False
13,False,9,Tonie's Tigers,3045127,Wayne Gallman,RB,RB/WR/TE,True,13.5,11.94,False
13,False,9,Tonie's Tigers,15705,Josh Gordon,WR,BE,False,0.0,0.0,False
13,False,2,Lamar  The Merrier!,3916387,Lamar Jackson,QB,BE,False,25.68,21.43,False
13,False,2,Lamar  The Merrier!,13981,Mark Ingram II,RB,RB/WR/TE,True,3.4,6.2,False
13,False,2,Lamar  The Merrier!,4241389,CeeDee Lamb,WR,WR,True,7.6,9.06,False
13,False,2,Lamar  The Merrier!,2573401,Tyler Higbee,TE,BE,False,10.4,5.56,False
13,False,2,Lamar  The Merrier!,4035538,David Montgomery,RB,RB,True,25.1,14.93,False
13,False,2,Lamar  The Merrier!,5536,Ben Roethlisberger,QB,QB,True,18.2,17.76,False
13,False,2,Lamar  The Merrier!,16725,Sammy Watkins,WR,BE,False,5.5,8.56,False
13,False,2,Lamar  The Merrier!,3051750,Zach Cunningham,LB,DP,True,9.0,7.55,False
13,False,2,Lamar  The Merrier!,4046692,Chase Claypool,WR,WR,True,4.8,11.17,False
13,False,2,Lamar  The Merrier!,2980453,Jamaal Williams,RB,RB,True,4.6,7.89,False
13,False,2,Lamar  The Merrier!,3042910,Rashard Higgins,WR,BE,False,18.5,7.38,False
13,False,2,Lamar  The Merrier!,15860,Jordan Reed,TE,TE,True,10.7,6.31,False
13,False,2,Lamar  The Merrier!,3051926,Gus Edwards,RB,BE,False,10.1,4.14,False
13,False,2,Lamar  The Merrier!,4040655,Darnell Mooney,WR,BE,False,6.3,8.02,False
13,False,2,Lamar  The Merrier!,3917232,Tyler Bass,K,K,True,10.0,8.29,False
13,False,2,Lamar  The Merrier!,3055899,Harrison Butker,K,BE,False,18.0,8.52,False
13,False,2,Lamar  The Merrier!,-16024,Chargers D/ST,D/ST,D/ST,True,0.0,5.79,False
14,True,1,"Jim, Tannehill, Laundry ",3116593,Dalvin Cook,RB,RB,True,18.0,19.42,False
14,True,1,"Jim, Tannehill, Laundry ",4045163,Miles Sanders,RB,RB,True,27.6,11.44,False
14,True,1,"Jim, Tannehill, Laundry ",16799,Allen Robinson II,WR,RB/WR/TE,True,22.8,13.22,False
14,True,1,"Jim, Tannehill, Laundry ",2576925,Darren Waller,TE,TE,True,11.0,13.29,False
14,True,1,"Jim, Tannehill, Laundry ",3122840,Deshaun Watson,QB,QB,True,16.56,20.74,False
14,True,1,"Jim, Tannehill, Laundry ",15818,Keenan Allen,WR,WR,True,15.7,14.68,False
14,True,1,"Jim, Tannehill, Laundry ",4048244,Alexander Mattison,RB,BE,False,0.0,0.0,False
14,True,1,"Jim, Tannehill, Laundry ",3119195,Chase Edmonds,RB,BE,False,7.3,8.89,False
14,True,1,"Jim, Tannehill, Laundry ",3056362,Darius Leonard,LB,DP,True,11.0,9.87,False
14,True,1,"Jim, Tannehill, Laundry ",16790,Jarvis Landry,WR,BE,False,8.68,11.2,False
14,True,1,"Jim, Tannehill, Laundry ",2976316,Michael Thomas,WR,WR,True,12.4,12.81,False
14,True,1,"Jim, Tannehill, Laundry ",3916148,Tony Pollard,RB,BE,False,11.8,6.58,False
14,True,1,"Jim, Tannehill, Laundry ",-16015,Dolphins D/ST,D/ST,BE,False,7.0,3.57,False
14,True,1,"Jim, Tannehill, Laundry ",-16018,Saints D/ST,D/ST,D/ST,True,-1.0,8.55,False
14,True,1,"Jim, Tannehill, Laundry ",8664,Ryan Fitzpatrick,QB,BE,False,0.0,0.06,False
14,True,1,"Jim, Tannehill, Laundry ",3139033,Mike Boone,RB,BE,False,1.7,0.78,False
14,True,1,"Jim, Tannehill, Laundry ",12460,Graham Gano,K,K,True,1.0,9.22,False
14,True,8,SCLSU Mud Dogs,16800,Davante Adams,WR,WR,True,21.0,20.76,False
14,True,8,SCLSU Mud Dogs,3040151,George Kittle,TE,IR,False,0.0,0.0,False
14,True,8,SCLSU Mud Dogs,15825,Le'Veon Bell,RB,BE,False,4.5,5.11,False
14,True,8,SCLSU Mud Dogs,4242335,Jonathan Taylor,RB,RB,True,29.5,12.44,False
14,True,8,SCLSU Mud Dogs,3912550,Ronald Jones II,RB,RB,True,14.9,13.32,False
14,True,8,SCLSU Mud Dogs,3051439,Boston Scott,RB,BE,False,2.2,3.6,False
14,True,8,SCLSU Mud Dogs,-16014,Rams D/ST,D/ST,D/ST,True,20.0,7.28,False
14,True,8,SCLSU Mud Dogs,14985,Lavonte David,LB,DP,True,9.0,7.92,False
14,True,8,SCLSU Mud Dogs,3049899,Younghoe Koo,K,K,True,6.0,8.31,False
14,True,8,SCLSU Mud Dogs,14880,Kirk Cousins,QB,BE,False,17.1,16.22,False
14,True,8,SCLSU Mud Dogs,3045138,Mike Williams,WR,BE,False,0.0,9.87,False
14,True,8,SCLSU Mud Dogs,14876,Ryan Tannehill,QB,QB,True,16.48,18.58,False
14,True,8,SCLSU Mud Dogs,2976499,Amari Cooper,WR,WR,True,13.1,10.41,False
14,True,8,SCLSU Mud Dogs,3121023,Dallas Goedert,TE,TE,True,6.3,7.33,False
14,True,8,SCLSU Mud Dogs,3916430,Nyheim Hines,RB,BE,False,9.5,10.54,False
14,True,8,SCLSU Mud Dogs,4241802,Jalen Reagor,WR,BE,False,7.5,6.39,False
14,True,8,SCLSU Mud Dogs,4241985,J.K. Dobbins,RB,RB/WR/TE,True,13.3,9.67,False
14,True,8,SCLSU Mud Dogs,4240021,Cam Akers,RB,BE,False,20.4,9.6,False
14,True,13,Kamara Virus,3054850,Alvin Kamara,RB,RB,True,19.9,15.31,False
14,True,13,Kamara Virus,3116385,Joe Mixon,RB,IR,False,0.0,0.0,False
14,True,13,Kamara Virus,3116165,Chris Godwin,WR,BE,False,3.5,12.23,False
14,True,13,Kamara Virus,3925357,Calvin Ridley,WR,RB/WR/TE,True,22.4,14.53,False
14,True,13,Kamara Virus,3116365,Mark Andrews,TE,TE,True,10.3,9.5,False
14,True,13,Kamara Virus,3918298,Josh Allen,QB,BE,False,18.32,21.99,False
14,True,13,Kamara Virus,4047650,DK Metcalf,WR,WR,True,15.1,15.37,False
14,True,13,Kamara Virus,3932905,Diontae Johnson,WR,BE,False,6.0,12.61,False
14,True,13,Kamara Virus,-16033,Ravens D/ST,D/ST,BE,False,-4.0,6.15,False
14,True,13,Kamara Virus,3054212,Jonnu Smith,TE,BE,False,3.3,6.51,False
14,True,13,Kamara Virus,3886818,Myles Gaskin,RB,BE,False,0.0,0.0,False
14,True,13,Kamara Virus,4262921,Justin Jefferson,WR,WR,True,7.9,13.61,False
14,True,13,Kamara Virus,4038941,Justin Herbert,QB,QB,True,15.72,20.56,False
14,True,13,Kamara Virus,4259545,D'Andre Swift,RB,RB,True,13.0,12.33,False
14,True,13,Kamara Virus,4035434,Devin White,LB,DP,True,9.0,9.3,False
14,True,13,Kamara Virus,-16029,Panthers D/ST,D/ST,D/ST,True,1.0,6.43,False
14,True,13,Kamara Virus,2985659,Wil Lutz,K,K,True,1.0,7.38,False
14,True,13,Kamara Virus,10452,Adrian Peterson,RB,BE,False,3.5,7.72,False
14,True,9,Tonie's Tigers,3051392,Ezekiel Elliott,RB,RB,True,6.9,13.84,False
14,True,9,Tonie's Tigers,3068267,Austin Ekeler,RB,RB,True,19.1,16.16,False
14,True,9,Tonie's Tigers,13982,Julio Jones,WR,BE,False,0.0,0.0,False
14,True,9,Tonie's Tigers,2977187,Cooper Kupp,WR,WR,True,11.8,11.98,False
14,True,9,Tonie's Tigers,4040761,Devin Singletary,RB,BE,False,3.9,9.16,False
14,True,9,Tonie's Tigers,2330,Tom Brady,QB,QB,True,15.64,19.74,False
14,True,9,Tonie's Tigers,4360294,Antonio Gibson,RB,BE,False,0.0,0.0,False
14,True,9,Tonie's Tigers,14979,Bobby Wagner,LB,DP,True,8.0,7.99,False
14,True,9,Tonie's Tigers,-16011,Colts D/ST,D/ST,D/ST,True,9.0,5.15,False
14,True,9,Tonie's Tigers,3046779,Jared Goff,QB,BE,False,14.58,16.23,False
14,True,9,Tonie's Tigers,4239993,Tee Higgins,WR,BE,False,7.4,10.13,False
14,True,9,Tonie's Tigers,3139522,Travis Fulgham,WR,BE,False,0.0,3.33,False
14,True,9,Tonie's Tigers,16732,Eric Ebron,TE,TE,True,6.0,9.99,False
14,True,9,Tonie's Tigers,16339,Brandon McManus,K,K,True,2.0,7.22,False
14,True,9,Tonie's Tigers,15072,Marvin Jones Jr.,WR,WR,True,6.8,11.72,False
14,True,9,Tonie's Tigers,3045127,Wayne Gallman,RB,RB/WR/TE,True,9.8,12.42,False
14,True,9,Tonie's Tigers,15705,Josh Gordon,WR,BE,False,0.0,0.0,False
14,True,5,Russ Finna Cuck,3128720,Nick Chubb,RB,RB,True,23.3,13.77,False
14,True,5,Russ Finna Cuck,2977644,Todd Gurley II,RB,BE,False,4.1,9.43,False
14,True,5,Russ Finna Cuck,16460,Adam Thielen,WR,WR,True,5.4,15.0,False
14,True,5,Russ Finna Cuck,2577327,Tyler Lockett,WR,WR,True,7.7,12.46,False
14,True,5,Russ Finna Cuck,3043275,Austin Hooper,TE,BE,False,0.0,0.0,False
14,True,5,Russ Finna Cuck,14881,Russell Wilson,QB,QB,True,22.14,22.13,False
14,True,5,Russ Finna Cuck,13994,Cam Newton,QB,BE,False,4.36,15.12,False
14,True,5,Russ Finna Cuck,-16027,Buccaneers D/ST,D/ST,BE,False,9.0,6.08,False
14,True,5,Russ Finna Cuck,4052042,James Robinson,RB,RB,True,10.3,16.89,False
14,True,5,Russ Finna Cuck,2510863,Eric Kendricks,LB,BE,False,0.0,0.0,False
14,True,5,Russ Finna Cuck,15826,Giovani Bernard,RB,BE,False,1.8,11.85,False
14,True,5,Russ Finna Cuck,4360438,Brandon Aiyuk,WR,BE,False,16.9,10.7,False
14,True,5,Russ Finna Cuck,3042778,Corey Davis,WR,RB/WR/TE,True,2.9,11.51,False
14,True,5,Russ Finna Cuck,3124679,Jason Sanders,K,K,True,9.0,8.13,False
14,True,5,Russ Finna Cuck,-16026,Seahawks D/ST,D/ST,D/ST,True,12.0,8.22,False
14,True,5,Russ Finna Cuck,3116164,Mike Gesicki,TE,TE,True,21.0,7.96,False
14,True,5,Russ Finna Cuck,2977819,Joe Schobert,LB,DP,True,8.0,8.8,False
14,True,10,Maitland Tiburon,3043078,Derrick Henry,RB,RB,True,35.2,20.95,False
14,True,10,Maitland Tiburon,16737,Mike Evans,WR,WR,True,7.1,12.21,False
14,True,10,Maitland Tiburon,2508176,David Johnson,RB,BE,False,0.0,0.0,False
14,True,10,Maitland Tiburon,15880,Robert Woods,WR,WR,True,6.6,13.03,False
14,True,10,Maitland Tiburon,3051876,Evan Engram,TE,TE,True,2.8,7.77,False
14,True,10,Maitland Tiburon,15920,Latavius Murray,RB,RB,True,1.2,8.17,False
14,True,10,Maitland Tiburon,16728,Teddy Bridgewater,QB,BE,False,20.42,15.07,False
14,True,10,Maitland Tiburon,2574808,Robby Anderson,WR,RB/WR/TE,True,13.7,12.3,False
14,True,10,Maitland Tiburon,2577712,Alexander Johnson,LB,DP,True,5.0,8.06,False
14,True,10,Maitland Tiburon,3046439,Hunter Henry,TE,BE,False,7.1,8.6,False
14,True,10,Maitland Tiburon,3895856,Christian Kirk,WR,BE,False,2.9,6.83,False
14,True,10,Maitland Tiburon,12483,Matthew Stafford,QB,QB,True,14.36,16.76,False
14,True,10,Maitland Tiburon,4035004,Mecole Hardman,WR,BE,False,10.5,5.0,False
14,True,10,Maitland Tiburon,-16028,Washington D/ST,D/ST,D/ST,True,23.0,6.58,False
14,True,10,Maitland Tiburon,3121427,Curtis Samuel,WR,BE,False,12.5,10.26,False
14,True,10,Maitland Tiburon,3915165,Rodrigo Blankenship,K,K,True,14.0,8.29,False
14,True,10,Maitland Tiburon,4040715,Jalen Hurts,QB,BE,False,19.28,15.64,False
14,True,11,Dez (Bryant) Nuts,3117251,Christian McCaffrey,RB,IR,False,0.0,0.0,False
14,True,11,Dez (Bryant) Nuts,3919596,Chris Carson,RB,RB,True,17.3,15.29,False
14,True,11,Dez (Bryant) Nuts,15795,DeAndre Hopkins,WR,WR,True,18.1,13.2,False
14,True,11,Dez (Bryant) Nuts,3059915,Kareem Hunt,RB,BE,False,26.0,10.14,False
14,True,11,Dez (Bryant) Nuts,15835,Zach Ertz,TE,BE,False,1.8,5.63,False
14,True,11,Dez (Bryant) Nuts,3045144,Tyler Boyd,WR,BE,False,6.8,9.91,False
14,True,11,Dez (Bryant) Nuts,2576623,DeVante Parker,WR,RB/WR/TE,True,0.0,12.36,False
14,True,11,Dez (Bryant) Nuts,15683,Justin Tucker,K,BE,False,9.0,7.64,False
14,True,11,Dez (Bryant) Nuts,-16023,Steelers D/ST,D/ST,D/ST,True,5.0,5.64,False
14,True,11,Dez (Bryant) Nuts,8439,Aaron Rodgers,QB,QB,True,30.9,23.66,False
14,True,11,Dez (Bryant) Nuts,3128390,Allen Lazard,WR,BE,False,2.9,8.21,False
14,True,11,Dez (Bryant) Nuts,16782,Jerick McKinnon,RB,BE,False,0.0,1.95,False
14,True,11,Dez (Bryant) Nuts,3025433,Mike Davis,RB,RB,True,23.8,13.26,False
14,True,11,Dez (Bryant) Nuts,3047566,Myles Jack,LB,DP,True,10.0,8.74,False
14,True,11,Dez (Bryant) Nuts,3124084,Joey Slye,K,K,True,9.0,8.36,False
14,True,11,Dez (Bryant) Nuts,3117256,Dalton Schultz,TE,TE,True,4.9,6.49,False
14,True,11,Dez (Bryant) Nuts,3134353,Tim Patrick,WR,BE,False,11.1,8.36,False
14,True,11,Dez (Bryant) Nuts,3126486,Deebo Samuel,WR,WR,True,0.9,11.33,False
14,True,12,Rule  #76,4047365,Josh Jacobs,RB,RB/WR/TE,True,8.9,13.58,False
14,True,12,Rule  #76,2979843,Kenyan Drake,RB,RB,True,15.5,13.63,False
14,True,12,Rule  #76,3915416,DJ Moore,WR,BE,False,0.0,0.0,False
14,True,12,Rule  #76,4047646,A.J. Brown,WR,WR,True,21.7,12.78,False
14,True,12,Rule  #76,3121422,Terry McLaurin,WR,WR,True,3.4,12.89,False
14,True,12,Rule  #76,3917315,Kyler Murray,QB,QB,True,18.46,20.25,False
14,True,12,Rule  #76,2576414,Raheem Mostert,RB,RB,True,8.0,11.57,False
14,True,12,Rule  #76,4036131,Noah Fant,TE,BE,False,0.0,7.47,False
14,True,12,Rule  #76,3052896,Jaylon Smith,LB,DP,True,13.0,8.75,False
14,True,12,Rule  #76,2975674,Robert Tonyan,TE,TE,True,12.1,8.67,False
14,True,12,Rule  #76,-16017,Patriots D/ST,D/ST,BE,False,3.0,4.05,False
14,True,12,Rule  #76,13934,Antonio Brown,WR,BE,False,7.4,10.05,False
14,True,12,Rule  #76,3915189,Roquan Smith,LB,BE,False,16.0,8.48,False
14,True,12,Rule  #76,4243315,Salvon Ahmed,RB,IR,False,0.0,0.0,False
14,True,12,Rule  #76,2468609,Taysom Hill,QB,BE,False,18.94,20.01,False
14,True,12,Rule  #76,3122866,Devontae Booker,RB,BE,False,3.4,5.37,False
14,True,12,Rule  #76,-16022,Cardinals D/ST,D/ST,D/ST,True,20.0,6.51,False
14,True,12,Rule  #76,9704,Stephen Gostkowski,K,K,True,9.0,7.76,False
14,True,4,Thunder Thighs,15847,Travis Kelce,TE,TE,True,23.6,15.28,False
14,True,4,Thunder Thighs,2974858,Kenny Golladay,WR,BE,False,0.0,0.0,False
14,True,4,Thunder Thighs,3115394,DJ Chark Jr.,WR,WR,True,2.6,11.37,False
14,True,4,Thunder Thighs,11237,Matt Ryan,QB,BE,False,7.26,18.0,False
14,True,4,Thunder Thighs,16731,Brandin Cooks,WR,BE,False,0.0,0.0,False
14,True,4,Thunder Thighs,3916945,Darius Slayton,WR,BE,False,4.6,7.18,False
14,True,4,Thunder Thighs,4036133,T.J. Hockenson,TE,RB/WR/TE,True,13.3,9.58,False
14,True,4,Thunder Thighs,4039359,Darrell Henderson Jr.,RB,BE,False,0.5,7.24,False
14,True,4,Thunder Thighs,3071572,Keelan Cole Sr.,WR,BE,False,16.2,6.38,False
14,True,4,Thunder Thighs,3925347,Damien Harris,RB,RB,True,5.5,8.41,False
14,True,4,Thunder Thighs,3116136,Justin Jackson,RB,IR,False,3.4,5.58,False
14,True,4,Thunder Thighs,4241479,Tua Tagovailoa,QB,QB,True,27.04,16.6,False
14,True,4,Thunder Thighs,3123052,Michael Badgley,K,K,True,9.0,7.68,False
14,True,4,Thunder Thighs,4241463,Jerry Jeudy,WR,WR,True,6.2,9.24,False
14,True,4,Thunder Thighs,4035676,Zack Moss,RB,BE,False,4.3,6.35,False
14,True,4,Thunder Thighs,16913,James White,RB,RB,True,2.3,7.37,False
14,True,4,Thunder Thighs,3929950,Tremaine Edmunds,LB,DP,True,6.0,8.81,False
14,True,4,Thunder Thighs,-16009,Packers D/ST,D/ST,D/ST,True,6.0,5.29,False
14,True,6,This Year Will  Be A Brees ,4242214,Clyde Edwards-Helaire,RB,RB,True,12.6,11.31,False
14,True,6,This Year Will  Be A Brees ,3116406,Tyreek Hill,WR,RB/WR/TE,True,24.6,17.16,False
14,True,6,This Year Will  Be A Brees ,3045147,James Conner,RB,BE,False,1.8,11.14,False
14,True,6,This Year Will  Be A Brees ,3120348,JuJu Smith-Schuster,WR,WR,True,14.5,11.57,False
14,True,6,This Year Will  Be A Brees ,13229,Rob Gronkowski,TE,TE,True,6.7,8.59,False
14,True,6,This Year Will  Be A Brees ,2976212,Stefon Diggs,WR,WR,True,24.1,15.5,False
14,True,6,This Year Will  Be A Brees ,2576716,Jamison Crowder,WR,BE,False,1.7,0.0,False
14,True,6,This Year Will  Be A Brees ,2978313,Shaq Thompson,LB,BE,False,3.0,8.15,False
14,True,6,This Year Will  Be A Brees ,16757,Derek Carr,QB,QB,True,23.84,16.52,False
14,True,6,This Year Will  Be A Brees ,15349,Cole Beasley,WR,BE,False,6.6,10.58,False
14,True,6,This Year Will  Be A Brees ,2572861,J.D. McKissic,RB,RB,True,9.6,10.74,False
14,True,6,This Year Will  Be A Brees ,2473037,Jason Myers,K,K,True,11.0,8.59,False
14,True,6,This Year Will  Be A Brees ,3051891,Jordan Wilkins,RB,BE,False,1.2,5.41,False
14,True,6,This Year Will  Be A Brees ,3116187,Ja'Whaun Bentley,LB,DP,True,9.0,6.25,False
14,True,6,This Year Will  Be A Brees ,4035072,Benny Snell Jr.,RB,BE,False,3.4,3.47,False
14,True,6,This Year Will  Be A Brees ,-16013,Raiders D/ST,D/ST,BE,False,-8.0,4.19,False
14,True,6,This Year Will  Be A Brees ,-16012,Chiefs D/ST,D/ST,D/ST,True,13.0,6.76,False
14,True,2,Lamar  The Merrier!,3916387,Lamar Jackson,QB,BE,False,34.92,20.16,False
14,True,2,Lamar  The Merrier!,13981,Mark Ingram II,RB,BE,False,0.0,4.95,False
14,True,2,Lamar  The Merrier!,4241389,CeeDee Lamb,WR,WR,True,7.1,9.04,False
14,True,2,Lamar  The Merrier!,2573401,Tyler Higbee,TE,BE,False,4.4,5.74,False
14,True,2,Lamar  The Merrier!,4035538,David Montgomery,RB,RB,True,23.0,15.7,False
14,True,2,Lamar  The Merrier!,5536,Ben Roethlisberger,QB,QB,True,13.48,19.25,False
14,True,2,Lamar  The Merrier!,16725,Sammy Watkins,WR,BE,False,9.2,8.44,False
14,True,2,Lamar  The Merrier!,3051750,Zach Cunningham,LB,DP,True,8.0,7.46,False
14,True,2,Lamar  The Merrier!,4046692,Chase Claypool,WR,WR,True,3.0,10.6,False
14,True,2,Lamar  The Merrier!,2980453,Jamaal Williams,RB,RB,True,3.8,7.6,False
14,True,2,Lamar  The Merrier!,3042910,Rashard Higgins,WR,BE,False,16.8,8.6,False
14,True,2,Lamar  The Merrier!,15860,Jordan Reed,TE,TE,True,2.3,5.72,False
14,True,2,Lamar  The Merrier!,3051926,Gus Edwards,RB,BE,False,17.8,4.54,False
14,True,2,Lamar  The Merrier!,4040655,Darnell Mooney,WR,RB/WR/TE,True,9.7,8.84,False
14,True,2,Lamar  The Merrier!,3917232,Tyler Bass,K,K,True,8.0,8.94,False
14,True,2,Lamar  The Merrier!,3055899,Harrison Butker,K,BE,False,8.0,8.24,False
14,True,2,Lamar  The Merrier!,-16024,Chargers D/ST,D/ST,D/ST,True,9.0,4.82,False
14,True,3,Jim Ward's Ole Dick Necks,3042519,Aaron Jones,RB,RB,True,8.5,17.41,False
14,True,3,Jim Ward's Ole Dick Necks,3139477,Patrick Mahomes,QB,QB,True,19.62,22.57,False
14,True,3,Jim Ward's Ole Dick Necks,2576434,Melvin Gordon III,RB,RB,True,10.6,9.87,False
14,True,3,Jim Ward's Ole Dick Necks,3115364,Leonard Fournette,RB,BE,False,0.0,0.0,False
14,True,3,Jim Ward's Ole Dick Necks,3924365,Hayden Hurst,TE,RB/WR/TE,True,1.2,7.69,False
14,True,3,Jim Ward's Ole Dick Necks,3125403,Brian Hill,RB,BE,False,3.0,4.08,False
14,True,3,Jim Ward's Ole Dick Necks,3051909,Daniel Carlson,K,BE,False,9.0,8.67,False
14,True,3,Jim Ward's Ole Dick Necks,2976592,Sterling Shepard,WR,WR,True,5.0,9.11,False
14,True,3,Jim Ward's Ole Dick Necks,4212909,David Moore,WR,BE,False,10.4,6.41,False
14,True,3,Jim Ward's Ole Dick Necks,16813,Logan Thomas,TE,TE,True,7.3,7.44,False
14,True,3,Jim Ward's Ole Dick Necks,2573079,Carson Wentz,QB,BE,False,0.0,0.06,False
14,True,3,Jim Ward's Ole Dick Necks,3050073,Foyesade Oluokun,LB,DP,True,13.0,11.55,False
14,True,3,Jim Ward's Ole Dick Necks,2978273,Blake Martinez,LB,BE,False,7.0,10.36,False
14,True,3,Jim Ward's Ole Dick Necks,4035403,Denzel Mims,WR,BE,False,0.0,0.0,False
14,True,3,Jim Ward's Ole Dick Necks,4035687,Michael Pittman Jr.,WR,WR,True,5.5,9.08,False
14,True,3,Jim Ward's Ole Dick Necks,-16025,49ers D/ST,D/ST,D/ST,True,10.0,7.02,False
14,True,3,Jim Ward's Ole Dick Necks,12731,Ryan Succop,K,K,True,9.0,7.89,False
15,True,13,Kamara Virus,3054850,Alvin Kamara,RB,RB,True,16.9,20.94,False
15,True,13,Kamara Virus,3116385,Joe Mixon,RB,IR,False,0.0,0.0,False
15,True,13,Kamara Virus,3116165,Chris Godwin,WR,BE,False,11.6,11.52,False
15,True,13,Kamara Virus,3925357,Calvin Ridley,WR,WR,True,27.3,16.51,False
15,True,13,Kamara Virus,3116365,Mark Andrews,TE,TE,True,15.1,9.01,False
15,True,13,Kamara Virus,3918298,Josh Allen,QB,QB,True,37.66,23.67,False
15,True,13,Kamara Virus,4047650,DK Metcalf,WR,WR,True,6.8,14.19,False
15,True,13,Kamara Virus,3932905,Diontae Johnson,WR,BE,False,16.9,10.94,False
15,True,13,Kamara Virus,-16033,Ravens D/ST,D/ST,D/ST,True,12.0,7.49,False
15,True,13,Kamara Virus,3054212,Jonnu Smith,TE,BE,False,7.7,5.92,False
15,True,13,Kamara Virus,3886818,Myles Gaskin,RB,BE,False,0.0,0.0,False
15,True,13,Kamara Virus,4262921,Justin Jefferson,WR,RB/WR/TE,True,14.4,12.54,False
15,True,13,Kamara Virus,4038941,Justin Herbert,QB,BE,False,27.96,20.15,False
15,True,13,Kamara Virus,4259545,D'Andre Swift,RB,RB,True,20.2,14.21,False
15,True,13,Kamara Virus,4035434,Devin White,LB,DP,True,18.0,9.62,False
15,True,13,Kamara Virus,2985659,Wil Lutz,K,K,True,3.0,7.87,False
15,True,13,Kamara Virus,10452,Adrian Peterson,RB,BE,False,2.3,5.64,False
15,True,13,Kamara Virus,15965,Dustin Hopkins,K,BE,False,4.0,7.01,False
15,True,8,SCLSU Mud Dogs,16800,Davante Adams,WR,WR,True,7.7,19.63,False
15,True,8,SCLSU Mud Dogs,3040151,George Kittle,TE,IR,False,0.0,0.0,False
15,True,8,SCLSU Mud Dogs,4242335,Jonathan Taylor,RB,RB,True,17.5,15.48,False
15,True,8,SCLSU Mud Dogs,3912550,Ronald Jones II,RB,BE,False,0.0,0.0,False
15,True,8,SCLSU Mud Dogs,3051439,Boston Scott,RB,BE,False,1.2,4.27,False
15,True,8,SCLSU Mud Dogs,-16014,Rams D/ST,D/ST,D/ST,True,4.0,7.79,False
15,True,8,SCLSU Mud Dogs,14985,Lavonte David,LB,DP,True,5.0,8.31,False
15,True,8,SCLSU Mud Dogs,3049899,Younghoe Koo,K,K,True,11.0,8.9,False
15,True,8,SCLSU Mud Dogs,14880,Kirk Cousins,QB,BE,False,19.34,15.16,False
15,True,8,SCLSU Mud Dogs,3045138,Mike Williams,WR,BE,False,3.2,6.84,False
15,True,8,SCLSU Mud Dogs,14876,Ryan Tannehill,QB,QB,True,37.02,19.3,False
15,True,8,SCLSU Mud Dogs,2976499,Amari Cooper,WR,RB/WR/TE,True,1.3,10.83,False
15,True,8,SCLSU Mud Dogs,3121023,Dallas Goedert,TE,BE,False,5.9,9.01,False
15,True,8,SCLSU Mud Dogs,3916430,Nyheim Hines,RB,BE,False,6.4,10.93,False
15,True,8,SCLSU Mud Dogs,4241985,J.K. Dobbins,RB,BE,False,14.6,14.16,False
15,True,8,SCLSU Mud Dogs,4240021,Cam Akers,RB,RB,True,6.7,14.91,False
15,True,8,SCLSU Mud Dogs,14924,T.Y. Hilton,WR,WR,True,9.1,10.18,False
15,True,8,SCLSU Mud Dogs,3046439,Hunter Henry,TE,TE,True,15.0,9.12,False
15,True,10,Maitland Tiburon,3043078,Derrick Henry,RB,RB,True,24.2,22.61,False
15,True,10,Maitland Tiburon,16737,Mike Evans,WR,WR,True,14.0,12.23,False
15,True,10,Maitland Tiburon,2508176,David Johnson,RB,RB,True,18.8,11.8,False
15,True,10,Maitland Tiburon,15880,Robert Woods,WR,RB/WR/TE,True,18.6,13.72,False
15,True,10,Maitland Tiburon,3051876,Evan Engram,TE,BE,False,6.6,8.02,False
15,True,10,Maitland Tiburon,15920,Latavius Murray,RB,BE,False,9.9,7.24,False
15,True,10,Maitland Tiburon,2574808,Robby Anderson,WR,WR,True,3.0,12.41,False
15,True,10,Maitland Tiburon,2577712,Alexander Johnson,LB,BE,False,7.0,8.38,False
15,True,10,Maitland Tiburon,-16028,Washington D/ST,D/ST,D/ST,True,2.0,6.09,False
15,True,10,Maitland Tiburon,3121427,Curtis Samuel,WR,BE,False,6.8,10.56,False
15,True,10,Maitland Tiburon,3915165,Rodrigo Blankenship,K,K,True,11.0,8.88,False
15,True,10,Maitland Tiburon,4040715,Jalen Hurts,QB,BE,False,37.82,18.29,False
15,True,10,Maitland Tiburon,5529,Philip Rivers,QB,BE,False,17.02,16.09,False
15,True,10,Maitland Tiburon,3122976,Jeff Wilson Jr.,RB,BE,False,13.0,11.33,False
15,True,10,Maitland Tiburon,3039707,Mitchell Trubisky,QB,QB,True,13.48,17.48,False
15,True,10,Maitland Tiburon,3895228,Tyrell Adams,LB,DP,True,11.0,10.58,False
15,True,10,Maitland Tiburon,12537,Jared Cook,TE,TE,True,3.9,6.24,False
15,True,12,Rule  #76,4047365,Josh Jacobs,RB,RB,True,18.9,15.33,False
15,True,12,Rule  #76,2979843,Kenyan Drake,RB,RB,True,5.0,14.76,False
15,True,12,Rule  #76,3915416,DJ Moore,WR,BE,False,17.2,12.29,False
15,True,12,Rule  #76,4047646,A.J. Brown,WR,WR,True,12.9,13.57,False
15,True,12,Rule  #76,3121422,Terry McLaurin,WR,WR,True,11.2,12.96,False
15,True,12,Rule  #76,3917315,Kyler Murray,QB,QB,True,33.14,21.76,False
15,True,12,Rule  #76,2576414,Raheem Mostert,RB,RB/WR/TE,True,6.8,12.22,False
15,True,12,Rule  #76,4036131,Noah Fant,TE,BE,False,16.8,7.47,False
15,True,12,Rule  #76,3052896,Jaylon Smith,LB,BE,False,10.0,9.68,False
15,True,12,Rule  #76,2975674,Robert Tonyan,TE,TE,True,9.3,9.41,False
15,True,12,Rule  #76,-16017,Patriots D/ST,D/ST,BE,False,3.0,6.49,False
15,True,12,Rule  #76,13934,Antonio Brown,WR,BE,False,17.8,9.97,False
15,True,12,Rule  #76,3915189,Roquan Smith,LB,DP,True,6.0,9.4,False
15,True,12,Rule  #76,4243315,Salvon Ahmed,RB,IR,False,21.2,10.66,False
15,True,12,Rule  #76,2468609,Taysom Hill,QB,BE,False,6.3,4.22,False
15,True,12,Rule  #76,3122866,Devontae Booker,RB,BE,False,1.2,5.76,False
15,True,12,Rule  #76,-16022,Cardinals D/ST,D/ST,D/ST,True,7.0,6.63,False
15,True,12,Rule  #76,9704,Stephen Gostkowski,K,K,True,9.0,7.63,False
15,True,1,"Jim, Tannehill, Laundry ",3116593,Dalvin Cook,RB,RB,True,24.4,21.23,False
15,True,1,"Jim, Tannehill, Laundry ",4045163,Miles Sanders,RB,RB,True,9.5,14.49,False
15,True,1,"Jim, Tannehill, Laundry ",16799,Allen Robinson II,WR,WR,True,10.3,13.47,False
15,True,1,"Jim, Tannehill, Laundry ",2576925,Darren Waller,TE,TE,True,25.5,13.57,False
15,True,1,"Jim, Tannehill, Laundry ",3122840,Deshaun Watson,QB,QB,True,23.42,21.16,False
15,True,1,"Jim, Tannehill, Laundry ",15818,Keenan Allen,WR,BE,False,2.1,10.32,False
15,True,1,"Jim, Tannehill, Laundry ",4048244,Alexander Mattison,RB,BE,False,2.0,2.9,False
15,True,1,"Jim, Tannehill, Laundry ",3119195,Chase Edmonds,RB,BE,False,14.1,9.84,False
15,True,1,"Jim, Tannehill, Laundry ",3056362,Darius Leonard,LB,DP,True,17.0,9.29,False
15,True,1,"Jim, Tannehill, Laundry ",16790,Jarvis Landry,WR,WR,True,15.6,11.09,False
15,True,1,"Jim, Tannehill, Laundry ",2976316,Michael Thomas,WR,BE,False,0.0,0.0,False
15,True,1,"Jim, Tannehill, Laundry ",3916148,Tony Pollard,RB,BE,False,28.2,12.81,False
15,True,1,"Jim, Tannehill, Laundry ",-16015,Dolphins D/ST,D/ST,D/ST,True,8.0,7.39,False
15,True,1,"Jim, Tannehill, Laundry ",-16018,Saints D/ST,D/ST,BE,False,4.0,3.48,False
15,True,1,"Jim, Tannehill, Laundry ",8664,Ryan Fitzpatrick,QB,BE,False,0.0,0.06,False
15,True,1,"Jim, Tannehill, Laundry ",12460,Graham Gano,K,K,True,6.0,9.37,False
15,True,1,"Jim, Tannehill, Laundry ",3115378,Russell Gage,WR,RB/WR/TE,True,15.3,9.58,False
15,True,11,Dez (Bryant) Nuts,3117251,Christian McCaffrey,RB,IR,False,0.0,0.0,False
15,True,11,Dez (Bryant) Nuts,3919596,Chris Carson,RB,RB,True,7.9,13.96,False
15,True,11,Dez (Bryant) Nuts,15795,DeAndre Hopkins,WR,WR,True,25.5,13.94,False
15,True,11,Dez (Bryant) Nuts,3059915,Kareem Hunt,RB,RB/WR/TE,True,4.3,9.6,False
15,True,11,Dez (Bryant) Nuts,15835,Zach Ertz,TE,BE,False,7.9,5.87,False
15,True,11,Dez (Bryant) Nuts,3045144,Tyler Boyd,WR,WR,True,0.0,9.46,False
15,True,11,Dez (Bryant) Nuts,2576623,DeVante Parker,WR,BE,False,0.0,0.0,False
15,True,11,Dez (Bryant) Nuts,15683,Justin Tucker,K,BE,False,8.0,8.69,False
15,True,11,Dez (Bryant) Nuts,-16023,Steelers D/ST,D/ST,D/ST,True,4.0,8.58,False
15,True,11,Dez (Bryant) Nuts,8439,Aaron Rodgers,QB,QB,True,18.32,22.39,False
15,True,11,Dez (Bryant) Nuts,3128390,Allen Lazard,WR,BE,False,8.1,7.19,False
15,True,11,Dez (Bryant) Nuts,16782,Jerick McKinnon,RB,BE,False,3.2,2.23,False
15,True,11,Dez (Bryant) Nuts,3025433,Mike Davis,RB,RB,True,7.1,13.7,False
15,True,11,Dez (Bryant) Nuts,3047566,Myles Jack,LB,DP,True,10.0,8.68,False
15,True,11,Dez (Bryant) Nuts,3124084,Joey Slye,K,K,True,10.0,7.8,False
15,True,11,Dez (Bryant) Nuts,3117256,Dalton Schultz,TE,TE,True,8.4,5.97,False
15,True,11,Dez (Bryant) Nuts,3134353,Tim Patrick,WR,BE,False,2.9,8.43,False
15,True,11,Dez (Bryant) Nuts,3126486,Deebo Samuel,WR,BE,False,0.0,0.0,False
15,True,5,Russ Finna Cuck,3128720,Nick Chubb,RB,RB,True,13.6,15.94,False
15,True,5,Russ Finna Cuck,2977644,Todd Gurley II,RB,BE,False,2.4,8.26,False
15,True,5,Russ Finna Cuck,16460,Adam Thielen,WR,WR,True,8.1,13.54,False
15,True,5,Russ Finna Cuck,2577327,Tyler Lockett,WR,WR,True,5.4,10.53,False
15,True,5,Russ Finna Cuck,3043275,Austin Hooper,TE,TE,True,12.6,6.17,False
15,True,5,Russ Finna Cuck,14881,Russell Wilson,QB,QB,True,12.04,19.44,False
15,True,5,Russ Finna Cuck,13994,Cam Newton,QB,BE,False,12.16,16.47,False
15,True,5,Russ Finna Cuck,-16027,Buccaneers D/ST,D/ST,BE,False,2.0,6.18,False
15,True,5,Russ Finna Cuck,4052042,James Robinson,RB,RB,True,12.8,14.06,False
15,True,5,Russ Finna Cuck,2510863,Eric Kendricks,LB,BE,False,0.0,0.0,False
15,True,5,Russ Finna Cuck,15826,Giovani Bernard,RB,BE,False,22.2,5.87,False
15,True,5,Russ Finna Cuck,4360438,Brandon Aiyuk,WR,RB/WR/TE,True,17.8,12.77,False
15,True,5,Russ Finna Cuck,3042778,Corey Davis,WR,BE,False,19.0,10.76,False
15,True,5,Russ Finna Cuck,3124679,Jason Sanders,K,K,True,1.0,8.76,False
15,True,5,Russ Finna Cuck,-16026,Seahawks D/ST,D/ST,D/ST,True,8.0,8.41,False
15,True,5,Russ Finna Cuck,3116164,Mike Gesicki,TE,BE,False,0.0,0.0,False
15,True,5,Russ Finna Cuck,2977819,Joe Schobert,LB,DP,True,11.0,8.49,False
15,True,9,Tonie's Tigers,3051392,Ezekiel Elliott,RB,RB,True,0.0,0.0,False
15,True,9,Tonie's Tigers,3068267,Austin Ekeler,RB,RB,True,9.9,18.31,False
15,True,9,Tonie's Tigers,13982,Julio Jones,WR,BE,False,0.0,0.0,False
15,True,9,Tonie's Tigers,2977187,Cooper Kupp,WR,WR,True,6.4,11.47,False
15,True,9,Tonie's Tigers,4040761,Devin Singletary,RB,BE,False,15.9,8.35,False
15,True,9,Tonie's Tigers,2330,Tom Brady,QB,QB,True,23.4,19.91,False
15,True,9,Tonie's Tigers,4360294,Antonio Gibson,RB,BE,False,0.0,0.0,False
15,True,9,Tonie's Tigers,14979,Bobby Wagner,LB,DP,True,13.0,9.0,False
15,True,9,Tonie's Tigers,-16011,Colts D/ST,D/ST,D/ST,True,6.0,6.97,False
15,True,9,Tonie's Tigers,3046779,Jared Goff,QB,BE,False,15.26,17.5,False
15,True,9,Tonie's Tigers,4239993,Tee Higgins,WR,BE,False,4.6,9.49,False
15,True,9,Tonie's Tigers,3139522,Travis Fulgham,WR,BE,False,4.0,2.19,False
15,True,9,Tonie's Tigers,16732,Eric Ebron,TE,TE,True,0.0,8.5,False
15,True,9,Tonie's Tigers,16339,Brandon McManus,K,K,True,0.0,0.0,False
15,True,9,Tonie's Tigers,15072,Marvin Jones Jr.,WR,WR,True,22.2,11.33,False
15,True,9,Tonie's Tigers,3045127,Wayne Gallman,RB,RB/WR/TE,True,2.9,13.99,False
15,True,9,Tonie's Tigers,15705,Josh Gordon,WR,BE,False,0.0,0.0,False
15,True,6,This Year Will  Be A Brees ,4242214,Clyde Edwards-Helaire,RB,RB,True,8.8,11.59,False
15,True,6,This Year Will  Be A Brees ,3116406,Tyreek Hill,WR,RB/WR/TE,True,14.4,17.04,False
15,True,6,This Year Will  Be A Brees ,3045147,James Conner,RB,BE,False,0.0,0.0,False
15,True,6,This Year Will  Be A Brees ,3120348,JuJu Smith-Schuster,WR,WR,True,1.0,10.69,False
15,True,6,This Year Will  Be A Brees ,13229,Rob Gronkowski,TE,TE,True,4.4,8.63,False
15,True,6,This Year Will  Be A Brees ,2976212,Stefon Diggs,WR,WR,True,20.2,17.08,False
15,True,6,This Year Will  Be A Brees ,2576716,Jamison Crowder,WR,BE,False,9.6,8.12,False
15,True,6,This Year Will  Be A Brees ,2978313,Shaq Thompson,LB,BE,False,5.0,7.45,False
15,True,6,This Year Will  Be A Brees ,16757,Derek Carr,QB,QB,True,2.12,18.49,False
15,True,6,This Year Will  Be A Brees ,15349,Cole Beasley,WR,BE,False,15.2,11.23,False
15,True,6,This Year Will  Be A Brees ,2572861,J.D. McKissic,RB,RB,True,21.2,11.4,False
15,True,6,This Year Will  Be A Brees ,2473037,Jason Myers,K,K,True,10.0,7.84,False
15,True,6,This Year Will  Be A Brees ,3051891,Jordan Wilkins,RB,BE,False,0.0,5.54,False
15,True,6,This Year Will  Be A Brees ,3116187,Ja'Whaun Bentley,LB,DP,True,4.0,5.84,False
15,True,6,This Year Will  Be A Brees ,4035072,Benny Snell Jr.,RB,BE,False,18.2,8.97,False
15,True,6,This Year Will  Be A Brees ,-16013,Raiders D/ST,D/ST,BE,False,-3.0,4.75,False
15,True,6,This Year Will  Be A Brees ,-16012,Chiefs D/ST,D/ST,D/ST,True,4.0,3.39,False
15,True,3,Jim Ward's Ole Dick Necks,3042519,Aaron Jones,RB,RB,True,23.3,16.19,False
15,True,3,Jim Ward's Ole Dick Necks,3139477,Patrick Mahomes,QB,QB,True,25.86,22.81,False
15,True,3,Jim Ward's Ole Dick Necks,2576434,Melvin Gordon III,RB,RB,True,22.1,10.41,False
15,True,3,Jim Ward's Ole Dick Necks,3115364,Leonard Fournette,RB,RB/WR/TE,True,20.0,11.01,False
15,True,3,Jim Ward's Ole Dick Necks,3924365,Hayden Hurst,TE,BE,False,10.1,6.74,False
15,True,3,Jim Ward's Ole Dick Necks,3125403,Brian Hill,RB,BE,False,1.7,2.38,False
15,True,3,Jim Ward's Ole Dick Necks,3051909,Daniel Carlson,K,K,True,9.0,8.62,False
15,True,3,Jim Ward's Ole Dick Necks,2976592,Sterling Shepard,WR,WR,True,6.8,9.37,False
15,True,3,Jim Ward's Ole Dick Necks,4212909,David Moore,WR,BE,False,2.5,6.41,False
15,True,3,Jim Ward's Ole Dick Necks,16813,Logan Thomas,TE,TE,True,17.6,8.27,False
15,True,3,Jim Ward's Ole Dick Necks,2573079,Carson Wentz,QB,BE,False,0.0,0.07,False
15,True,3,Jim Ward's Ole Dick Necks,3050073,Foyesade Oluokun,LB,DP,True,6.0,9.9,False
15,True,3,Jim Ward's Ole Dick Necks,2978273,Blake Martinez,LB,BE,False,10.0,9.31,False
15,True,3,Jim Ward's Ole Dick Necks,4035403,Denzel Mims,WR,BE,False,3.3,6.69,False
15,True,3,Jim Ward's Ole Dick Necks,4035687,Michael Pittman Jr.,WR,BE,False,2.9,8.8,False
15,True,3,Jim Ward's Ole Dick Necks,-16025,49ers D/ST,D/ST,D/ST,True,1.0,7.15,False
15,True,3,Jim Ward's Ole Dick Necks,2971618,Nelson Agholor,WR,WR,True,6.9,9.64,False
15,True,4,Thunder Thighs,15847,Travis Kelce,TE,TE,True,18.8,16.41,False
15,True,4,Thunder Thighs,2974858,Kenny Golladay,WR,BE,False,0.0,0.0,False
15,True,4,Thunder Thighs,3115394,DJ Chark Jr.,WR,WR,True,7.3,9.96,False
15,True,4,Thunder Thighs,11237,Matt Ryan,QB,BE,False,27.84,17.48,False
15,True,4,Thunder Thighs,16731,Brandin Cooks,WR,WR,True,8.9,12.22,False
15,True,4,Thunder Thighs,3916945,Darius Slayton,WR,BE,False,9.4,8.02,False
15,True,4,Thunder Thighs,4036133,T.J. Hockenson,TE,RB/WR/TE,True,0.8,10.32,False
15,True,4,Thunder Thighs,4039359,Darrell Henderson Jr.,RB,BE,False,0.8,5.41,False
15,True,4,Thunder Thighs,3071572,Keelan Cole Sr.,WR,BE,False,3.2,7.49,False
15,True,4,Thunder Thighs,3925347,Damien Harris,RB,BE,False,0.0,0.0,False
15,True,4,Thunder Thighs,3116136,Justin Jackson,RB,IR,False,0.0,0.0,False
15,True,4,Thunder Thighs,4241479,Tua Tagovailoa,QB,QB,True,18.7,16.07,False
15,True,4,Thunder Thighs,3123052,Michael Badgley,K,K,True,4.0,7.09,False
15,True,4,Thunder Thighs,4241463,Jerry Jeudy,WR,BE,False,2.4,7.97,False
15,True,4,Thunder Thighs,4035676,Zack Moss,RB,RB,True,8.1,6.91,False
15,True,4,Thunder Thighs,16913,James White,RB,RB,True,7.5,8.04,False
15,True,4,Thunder Thighs,3929950,Tremaine Edmunds,LB,DP,True,8.0,8.44,False
15,True,4,Thunder Thighs,-16009,Packers D/ST,D/ST,D/ST,True,5.0,5.72,False
15,True,2,Lamar  The Merrier!,3916387,Lamar Jackson,QB,QB,True,30.22,21.86,False
15,True,2,Lamar  The Merrier!,13981,Mark Ingram II,RB,BE,False,0.0,0.0,False
15,True,2,Lamar  The Merrier!,4241389,CeeDee Lamb,WR,WR,True,17.0,8.77,False
15,True,2,Lamar  The Merrier!,2573401,Tyler Higbee,TE,BE,False,14.7,5.84,False
15,True,2,Lamar  The Merrier!,4035538,David Montgomery,RB,RB,True,28.7,13.18,False
15,True,2,Lamar  The Merrier!,5536,Ben Roethlisberger,QB,BE,False,6.7,17.58,False
15,True,2,Lamar  The Merrier!,16725,Sammy Watkins,WR,BE,False,8.0,8.11,False
15,True,2,Lamar  The Merrier!,3051750,Zach Cunningham,LB,DP,True,10.0,8.49,False
15,True,2,Lamar  The Merrier!,4046692,Chase Claypool,WR,WR,True,6.3,9.47,False
15,True,2,Lamar  The Merrier!,2980453,Jamaal Williams,RB,BE,False,3.0,6.89,False
15,True,2,Lamar  The Merrier!,3042910,Rashard Higgins,WR,BE,False,9.6,8.82,False
15,True,2,Lamar  The Merrier!,15860,Jordan Reed,TE,TE,True,9.8,5.28,False
15,True,2,Lamar  The Merrier!,3051926,Gus Edwards,RB,RB,True,8.8,7.72,False
15,True,2,Lamar  The Merrier!,4040655,Darnell Mooney,WR,RB/WR/TE,True,14.5,7.21,False
15,True,2,Lamar  The Merrier!,3917232,Tyler Bass,K,BE,False,12.0,7.98,False
15,True,2,Lamar  The Merrier!,3055899,Harrison Butker,K,K,True,6.0,8.41,False
15,True,2,Lamar  The Merrier!,-16024,Chargers D/ST,D/ST,D/ST,True,0.0,4.36,False
16,True,13,Kamara Virus,3054850,Alvin Kamara,RB,RB,True,54.7,21.72,False
16,True,13,Kamara Virus,3116385,Joe Mixon,RB,IR,False,0.0,0.0,False
16,True,13,Kamara Virus,3116165,Chris Godwin,WR,BE,False,16.9,11.22,False
16,True,13,Kamara Virus,3925357,Calvin Ridley,WR,WR,True,14.8,17.05,False
16,True,13,Kamara Virus,3116365,Mark Andrews,TE,TE,True,10.6,9.23,False
16,True,13,Kamara Virus,3918298,Josh Allen,QB,QB,True,32.3,22.6,False
16,True,13,Kamara Virus,4047650,DK Metcalf,WR,RB/WR/TE,True,8.9,12.72,False
16,True,13,Kamara Virus,3932905,Diontae Johnson,WR,BE,False,17.6,12.43,False
16,True,13,Kamara Virus,-16033,Ravens D/ST,D/ST,D/ST,True,11.0,8.68,False
16,True,13,Kamara Virus,3054212,Jonnu Smith,TE,BE,False,11.5,6.57,False
16,True,13,Kamara Virus,3886818,Myles Gaskin,RB,BE,False,31.4,11.75,False
16,True,13,Kamara Virus,4262921,Justin Jefferson,WR,WR,True,11.5,12.9,False
16,True,13,Kamara Virus,4038941,Justin Herbert,QB,BE,False,16.72,20.31,False
16,True,13,Kamara Virus,4259545,D'Andre Swift,RB,RB,True,7.0,15.08,False
16,True,13,Kamara Virus,4035434,Devin White,LB,DP,True,12.0,9.39,False
16,True,13,Kamara Virus,2985659,Wil Lutz,K,K,True,10.0,7.75,False
16,True,13,Kamara Virus,15825,Le'Veon Bell,RB,BE,False,4.4,11.04,False
16,True,13,Kamara Virus,-16005,Browns D/ST,D/ST,BE,False,6.0,7.9,False
16,True,10,Maitland Tiburon,3043078,Derrick Henry,RB,RB,True,9.8,19.07,False
16,True,10,Maitland Tiburon,16737,Mike Evans,WR,WR,True,35.1,12.88,False
16,True,10,Maitland Tiburon,2508176,David Johnson,RB,RB,True,27.4,14.98,False
16,True,10,Maitland Tiburon,15880,Robert Woods,WR,RB/WR/TE,True,6.9,14.15,False
16,True,10,Maitland Tiburon,3051876,Evan Engram,TE,TE,True,10.5,7.65,False
16,True,10,Maitland Tiburon,15920,Latavius Murray,RB,BE,False,11.1,7.54,False
16,True,10,Maitland Tiburon,2574808,Robby Anderson,WR,WR,True,13.4,11.13,False
16,True,10,Maitland Tiburon,2577712,Alexander Johnson,LB,BE,False,7.0,9.18,False
16,True,10,Maitland Tiburon,-16028,Washington D/ST,D/ST,BE,False,10.0,7.07,False
16,True,10,Maitland Tiburon,3121427,Curtis Samuel,WR,BE,False,18.3,9.28,False
16,True,10,Maitland Tiburon,3915165,Rodrigo Blankenship,K,K,True,6.0,8.15,False
16,True,10,Maitland Tiburon,4040715,Jalen Hurts,QB,QB,True,18.58,22.33,False
16,True,10,Maitland Tiburon,3122976,Jeff Wilson Jr.,RB,BE,False,26.9,10.96,False
16,True,10,Maitland Tiburon,3039707,Mitchell Trubisky,QB,BE,False,23.6,19.31,False
16,True,10,Maitland Tiburon,3895228,Tyrell Adams,LB,DP,True,9.0,9.95,False
16,True,10,Maitland Tiburon,12537,Jared Cook,TE,BE,False,10.7,6.54,False
16,True,10,Maitland Tiburon,-16029,Panthers D/ST,D/ST,D/ST,True,19.0,7.57,False
16,True,12,Rule  #76,4047365,Josh Jacobs,RB,RB,True,6.9,15.12,False
16,True,12,Rule  #76,2979843,Kenyan Drake,RB,RB,True,12.0,13.57,False
16,True,12,Rule  #76,3915416,DJ Moore,WR,WR,True,6.2,11.45,False
16,True,12,Rule  #76,4047646,A.J. Brown,WR,WR,True,6.3,12.82,False
16,True,12,Rule  #76,3121422,Terry McLaurin,WR,BE,False,0.0,0.0,False
16,True,12,Rule  #76,3917315,Kyler Murray,QB,QB,True,15.38,22.42,False
16,True,12,Rule  #76,2576414,Raheem Mostert,RB,IR,False,0.0,0.0,False
16,True,12,Rule  #76,4036131,Noah Fant,TE,BE,False,9.5,7.87,False
16,True,12,Rule  #76,3052896,Jaylon Smith,LB,DP,True,13.0,9.78,False
16,True,12,Rule  #76,2975674,Robert Tonyan,TE,TE,True,2.2,9.41,False
16,True,12,Rule  #76,-16017,Patriots D/ST,D/ST,BE,False,-8.0,4.24,False
16,True,12,Rule  #76,13934,Antonio Brown,WR,BE,False,11.5,10.24,False
16,True,12,Rule  #76,3915189,Roquan Smith,LB,BE,False,12.0,9.06,False
16,True,12,Rule  #76,4243315,Salvon Ahmed,RB,RB/WR/TE,True,0.8,7.93,False
16,True,12,Rule  #76,2468609,Taysom Hill,QB,BE,False,10.52,4.35,False
16,True,12,Rule  #76,3122866,Devontae Booker,RB,BE,False,2.9,3.94,False
16,True,12,Rule  #76,-16022,Cardinals D/ST,D/ST,D/ST,True,4.0,6.57,False
16,True,12,Rule  #76,9704,Stephen Gostkowski,K,K,True,2.0,7.37,False
16,True,8,SCLSU Mud Dogs,16800,Davante Adams,WR,RB/WR/TE,True,37.7,20.41,False
16,True,8,SCLSU Mud Dogs,3040151,George Kittle,TE,TE,True,11.2,11.72,False
16,True,8,SCLSU Mud Dogs,4242335,Jonathan Taylor,RB,RB,True,20.4,14.92,False
16,True,8,SCLSU Mud Dogs,3912550,Ronald Jones II,RB,BE,False,0.0,0.0,False
16,True,8,SCLSU Mud Dogs,3051439,Boston Scott,RB,BE,False,1.7,3.7,False
16,True,8,SCLSU Mud Dogs,-16014,Rams D/ST,D/ST,D/ST,True,7.0,6.42,False
16,True,8,SCLSU Mud Dogs,14985,Lavonte David,LB,DP,True,7.0,7.74,False
16,True,8,SCLSU Mud Dogs,3049899,Younghoe Koo,K,K,True,1.0,8.34,False
16,True,8,SCLSU Mud Dogs,14880,Kirk Cousins,QB,BE,False,23.64,14.95,False
16,True,8,SCLSU Mud Dogs,3045138,Mike Williams,WR,BE,False,9.4,11.01,False
16,True,8,SCLSU Mud Dogs,14876,Ryan Tannehill,QB,QB,True,16.34,17.8,False
16,True,8,SCLSU Mud Dogs,2976499,Amari Cooper,WR,WR,True,14.1,10.93,False
16,True,8,SCLSU Mud Dogs,3121023,Dallas Goedert,TE,BE,False,5.3,9.54,False
16,True,8,SCLSU Mud Dogs,3916430,Nyheim Hines,RB,BE,False,8.4,9.21,False
16,True,8,SCLSU Mud Dogs,4241985,J.K. Dobbins,RB,RB,True,13.7,12.36,False
16,True,8,SCLSU Mud Dogs,4240021,Cam Akers,RB,BE,False,0.0,0.0,False
16,True,8,SCLSU Mud Dogs,14924,T.Y. Hilton,WR,WR,True,7.5,9.98,False
16,True,8,SCLSU Mud Dogs,3046439,Hunter Henry,TE,IR,False,0.0,0.0,False
16,True,1,"Jim, Tannehill, Laundry ",3116593,Dalvin Cook,RB,RB,True,15.5,19.63,False
16,True,1,"Jim, Tannehill, Laundry ",4045163,Miles Sanders,RB,RB,True,17.4,17.62,False
16,True,1,"Jim, Tannehill, Laundry ",16799,Allen Robinson II,WR,WR,True,15.3,13.37,False
16,True,1,"Jim, Tannehill, Laundry ",2576925,Darren Waller,TE,TE,True,13.7,14.03,False
16,True,1,"Jim, Tannehill, Laundry ",3122840,Deshaun Watson,QB,QB,True,26.76,20.95,False
16,True,1,"Jim, Tannehill, Laundry ",15818,Keenan Allen,WR,BE,False,0.0,0.0,False
16,True,1,"Jim, Tannehill, Laundry ",4048244,Alexander Mattison,RB,BE,False,0.0,0.0,False
16,True,1,"Jim, Tannehill, Laundry ",3119195,Chase Edmonds,RB,BE,False,1.8,10.04,False
16,True,1,"Jim, Tannehill, Laundry ",3056362,Darius Leonard,LB,DP,True,10.0,10.34,False
16,True,1,"Jim, Tannehill, Laundry ",16790,Jarvis Landry,WR,BE,False,0.0,0.0,False
16,True,1,"Jim, Tannehill, Laundry ",2976316,Michael Thomas,WR,BE,False,0.0,0.0,False
16,True,1,"Jim, Tannehill, Laundry ",3916148,Tony Pollard,RB,BE,False,3.5,8.98,False
16,True,1,"Jim, Tannehill, Laundry ",-16015,Dolphins D/ST,D/ST,D/ST,True,2.0,5.41,False
16,True,1,"Jim, Tannehill, Laundry ",-16018,Saints D/ST,D/ST,BE,False,0.0,6.47,False
16,True,1,"Jim, Tannehill, Laundry ",3915823,Keke Coutee,WR,RB/WR/TE,True,7.9,8.05,False
16,True,1,"Jim, Tannehill, Laundry ",3932430,Jalen Guyton,WR,WR,True,5.8,9.33,False
16,True,1,"Jim, Tannehill, Laundry ",17427,Cairo Santos,K,K,True,12.0,8.52,False
16,True,5,Russ Finna Cuck,3128720,Nick Chubb,RB,RB,True,15.1,17.36,False
16,True,5,Russ Finna Cuck,2977644,Todd Gurley II,RB,BE,False,6.5,5.12,False
16,True,5,Russ Finna Cuck,16460,Adam Thielen,WR,WR,True,19.7,12.36,False
16,True,5,Russ Finna Cuck,2577327,Tyler Lockett,WR,BE,False,5.9,10.27,False
16,True,5,Russ Finna Cuck,3043275,Austin Hooper,TE,TE,True,10.6,8.87,False
16,True,5,Russ Finna Cuck,14881,Russell Wilson,QB,BE,False,19.9,17.98,False
16,True,5,Russ Finna Cuck,13994,Cam Newton,QB,QB,True,9.76,16.8,False
16,True,5,Russ Finna Cuck,-16027,Buccaneers D/ST,D/ST,D/ST,True,14.0,6.05,False
16,True,5,Russ Finna Cuck,4052042,James Robinson,RB,RB,True,0.0,0.0,False
16,True,5,Russ Finna Cuck,2510863,Eric Kendricks,LB,BE,False,0.0,0.0,False
16,True,5,Russ Finna Cuck,15826,Giovani Bernard,RB,RB/WR/TE,True,16.6,10.91,False
16,True,5,Russ Finna Cuck,4360438,Brandon Aiyuk,WR,WR,True,3.6,11.65,False
16,True,5,Russ Finna Cuck,3042778,Corey Davis,WR,BE,False,0.0,10.47,False
16,True,5,Russ Finna Cuck,3124679,Jason Sanders,K,K,True,15.0,8.56,False
16,True,5,Russ Finna Cuck,-16026,Seahawks D/ST,D/ST,BE,False,8.0,5.05,False
16,True,5,Russ Finna Cuck,3116164,Mike Gesicki,TE,BE,False,7.4,8.26,False
16,True,5,Russ Finna Cuck,2977819,Joe Schobert,LB,DP,True,14.0,9.01,False
16,True,11,Dez (Bryant) Nuts,3117251,Christian McCaffrey,RB,IR,False,0.0,0.0,False
16,True,11,Dez (Bryant) Nuts,3919596,Chris Carson,RB,RB,True,9.4,13.35,False
16,True,11,Dez (Bryant) Nuts,15795,DeAndre Hopkins,WR,WR,True,8.8,14.63,False
16,True,11,Dez (Bryant) Nuts,3059915,Kareem Hunt,RB,RB/WR/TE,True,12.7,11.82,False
16,True,11,Dez (Bryant) Nuts,15835,Zach Ertz,TE,TE,True,4.8,6.23,False
16,True,11,Dez (Bryant) Nuts,3045144,Tyler Boyd,WR,BE,False,0.0,0.0,False
16,True,11,Dez (Bryant) Nuts,2576623,DeVante Parker,WR,BE,False,0.0,0.0,False
16,True,11,Dez (Bryant) Nuts,15683,Justin Tucker,K,K,True,9.0,9.14,False
16,True,11,Dez (Bryant) Nuts,-16023,Steelers D/ST,D/ST,D/ST,True,8.0,5.98,False
16,True,11,Dez (Bryant) Nuts,8439,Aaron Rodgers,QB,QB,True,25.14,23.27,False
16,True,11,Dez (Bryant) Nuts,3128390,Allen Lazard,WR,WR,True,2.4,8.74,False
16,True,11,Dez (Bryant) Nuts,16782,Jerick McKinnon,RB,BE,False,4.7,7.4,False
16,True,11,Dez (Bryant) Nuts,3025433,Mike Davis,RB,RB,True,8.8,12.64,False
16,True,11,Dez (Bryant) Nuts,3047566,Myles Jack,LB,DP,True,8.0,9.13,False
16,True,11,Dez (Bryant) Nuts,3124084,Joey Slye,K,BE,False,2.0,8.04,False
16,True,11,Dez (Bryant) Nuts,3117256,Dalton Schultz,TE,BE,False,3.6,5.68,False
16,True,11,Dez (Bryant) Nuts,3134353,Tim Patrick,WR,BE,False,5.4,7.59,False
16,True,11,Dez (Bryant) Nuts,3126486,Deebo Samuel,WR,BE,False,0.0,0.0,False
16,True,9,Tonie's Tigers,3051392,Ezekiel Elliott,RB,BE,False,15.9,11.91,False
16,True,9,Tonie's Tigers,3068267,Austin Ekeler,RB,RB,True,14.3,16.36,False
16,True,9,Tonie's Tigers,13982,Julio Jones,WR,BE,False,0.0,0.0,False
16,True,9,Tonie's Tigers,2977187,Cooper Kupp,WR,WR,True,10.6,10.51,False
16,True,9,Tonie's Tigers,4040761,Devin Singletary,RB,BE,False,6.2,8.01,False
16,True,9,Tonie's Tigers,2330,Tom Brady,QB,QB,True,29.92,22.85,False
16,True,9,Tonie's Tigers,4360294,Antonio Gibson,RB,RB,True,8.4,14.2,False
16,True,9,Tonie's Tigers,14979,Bobby Wagner,LB,DP,True,6.0,9.26,False
16,True,9,Tonie's Tigers,-16011,Colts D/ST,D/ST,D/ST,True,-1.0,5.82,False
16,True,9,Tonie's Tigers,3046779,Jared Goff,QB,BE,False,9.66,15.91,False
16,True,9,Tonie's Tigers,4239993,Tee Higgins,WR,BE,False,18.9,10.04,False
16,True,9,Tonie's Tigers,3139522,Travis Fulgham,WR,BE,False,3.7,0.0,False
16,True,9,Tonie's Tigers,16732,Eric Ebron,TE,TE,True,13.2,8.18,False
16,True,9,Tonie's Tigers,16339,Brandon McManus,K,K,True,13.0,7.79,False
16,True,9,Tonie's Tigers,15072,Marvin Jones Jr.,WR,WR,True,3.4,12.49,False
16,True,9,Tonie's Tigers,3045127,Wayne Gallman,RB,RB/WR/TE,True,6.3,9.08,False
16,True,9,Tonie's Tigers,15705,Josh Gordon,WR,BE,False,0.0,0.0,False
16,True,2,Lamar  The Merrier!,3916387,Lamar Jackson,QB,QB,True,21.32,20.0,False
16,True,2,Lamar  The Merrier!,13981,Mark Ingram II,RB,BE,False,0.0,0.0,False
16,True,2,Lamar  The Merrier!,4241389,CeeDee Lamb,WR,WR,True,21.9,10.22,False
16,True,2,Lamar  The Merrier!,2573401,Tyler Higbee,TE,TE,True,4.9,6.42,False
16,True,2,Lamar  The Merrier!,4035538,David Montgomery,RB,RB,True,19.1,16.46,False
16,True,2,Lamar  The Merrier!,5536,Ben Roethlisberger,QB,BE,False,25.54,17.26,False
16,True,2,Lamar  The Merrier!,16725,Sammy Watkins,WR,BE,False,0.4,8.39,False
16,True,2,Lamar  The Merrier!,3051750,Zach Cunningham,LB,DP,True,14.0,8.39,False
16,True,2,Lamar  The Merrier!,4046692,Chase Claypool,WR,WR,True,7.4,10.34,False
16,True,2,Lamar  The Merrier!,2980453,Jamaal Williams,RB,BE,False,0.0,0.0,False
16,True,2,Lamar  The Merrier!,3042910,Rashard Higgins,WR,BE,False,0.0,0.0,False
16,True,2,Lamar  The Merrier!,15860,Jordan Reed,TE,BE,False,0.0,1.66,False
16,True,2,Lamar  The Merrier!,3051926,Gus Edwards,RB,RB,True,13.2,7.33,False
16,True,2,Lamar  The Merrier!,4040655,Darnell Mooney,WR,RB/WR/TE,True,6.1,8.21,False
16,True,2,Lamar  The Merrier!,3917232,Tyler Bass,K,BE,False,8.0,8.61,False
16,True,2,Lamar  The Merrier!,3055899,Harrison Butker,K,K,True,7.0,8.68,False
16,True,2,Lamar  The Merrier!,-16024,Chargers D/ST,D/ST,D/ST,True,6.0,5.79,False
16,True,3,Jim Ward's Ole Dick Necks,3042519,Aaron Jones,RB,RB,True,11.8,18.54,False
16,True,3,Jim Ward's Ole Dick Necks,3139477,Patrick Mahomes,QB,QB,True,20.22,24.7,False
16,True,3,Jim Ward's Ole Dick Necks,2576434,Melvin Gordon III,RB,RB,True,7.9,14.7,False
16,True,3,Jim Ward's Ole Dick Necks,3115364,Leonard Fournette,RB,RB/WR/TE,True,14.1,13.29,False
16,True,3,Jim Ward's Ole Dick Necks,3924365,Hayden Hurst,TE,BE,False,13.2,6.39,False
16,True,3,Jim Ward's Ole Dick Necks,3051909,Daniel Carlson,K,K,True,13.0,8.73,False
16,True,3,Jim Ward's Ole Dick Necks,2976592,Sterling Shepard,WR,BE,False,18.2,8.98,False
16,True,3,Jim Ward's Ole Dick Necks,4212909,David Moore,WR,BE,False,5.0,7.01,False
16,True,3,Jim Ward's Ole Dick Necks,16813,Logan Thomas,TE,TE,True,10.8,9.73,False
16,True,3,Jim Ward's Ole Dick Necks,2573079,Carson Wentz,QB,BE,False,0.0,0.07,False
16,True,3,Jim Ward's Ole Dick Necks,3050073,Foyesade Oluokun,LB,DP,True,8.0,10.09,False
16,True,3,Jim Ward's Ole Dick Necks,4035403,Denzel Mims,WR,BE,False,0.0,6.57,False
16,True,3,Jim Ward's Ole Dick Necks,4035687,Michael Pittman Jr.,WR,BE,False,6.3,7.67,False
16,True,3,Jim Ward's Ole Dick Necks,-16025,49ers D/ST,D/ST,BE,False,9.0,4.49,False
16,True,3,Jim Ward's Ole Dick Necks,2971618,Nelson Agholor,WR,WR,True,24.0,9.8,False
16,True,3,Jim Ward's Ole Dick Necks,-16002,Bills D/ST,D/ST,D/ST,True,8.0,7.58,False
16,True,3,Jim Ward's Ole Dick Necks,13295,Emmanuel Sanders,WR,WR,True,12.5,10.09,False
16,True,4,Thunder Thighs,15847,Travis Kelce,TE,TE,True,19.3,16.81,False
16,True,4,Thunder Thighs,2974858,Kenny Golladay,WR,BE,False,0.0,0.0,False
16,True,4,Thunder Thighs,3115394,DJ Chark Jr.,WR,WR,True,14.2,9.41,False
16,True,4,Thunder Thighs,11237,Matt Ryan,QB,BE,False,19.9,18.29,False
16,True,4,Thunder Thighs,16731,Brandin Cooks,WR,WR,True,23.6,10.29,False
16,True,4,Thunder Thighs,3916945,Darius Slayton,WR,BE,False,3.6,8.04,False
16,True,4,Thunder Thighs,4036133,T.J. Hockenson,TE,RB/WR/TE,True,4.3,9.75,False
16,True,4,Thunder Thighs,4039359,Darrell Henderson Jr.,RB,RB,True,6.2,12.35,False
16,True,4,Thunder Thighs,3071572,Keelan Cole Sr.,WR,BE,False,4.1,8.29,False
16,True,4,Thunder Thighs,3925347,Damien Harris,RB,RB,True,0.0,0.0,False
16,True,4,Thunder Thighs,3116136,Justin Jackson,RB,BE,False,0.4,0.0,False
16,True,4,Thunder Thighs,4241479,Tua Tagovailoa,QB,QB,True,8.86,18.17,False
16,True,4,Thunder Thighs,3123052,Michael Badgley,K,K,True,14.0,7.41,False
16,True,4,Thunder Thighs,4241463,Jerry Jeudy,WR,BE,False,9.1,7.09,False
16,True,4,Thunder Thighs,4035676,Zack Moss,RB,BE,False,12.2,7.74,False
16,True,4,Thunder Thighs,3929950,Tremaine Edmunds,LB,DP,True,5.0,8.28,False
16,True,4,Thunder Thighs,-16003,Bears D/ST,D/ST,D/ST,True,8.0,6.77,False
16,True,6,This Year Will  Be A Brees ,4242214,Clyde Edwards-Helaire,RB,BE,False,0.0,0.0,False
16,True,6,This Year Will  Be A Brees ,3116406,Tyreek Hill,WR,RB/WR/TE,True,11.5,17.07,False
16,True,6,This Year Will  Be A Brees ,3045147,James Conner,RB,RB,True,15.1,9.74,False
16,True,6,This Year Will  Be A Brees ,3120348,JuJu Smith-Schuster,WR,WR,True,20.1,10.3,False
16,True,6,This Year Will  Be A Brees ,13229,Rob Gronkowski,TE,TE,True,18.8,8.72,False
16,True,6,This Year Will  Be A Brees ,2976212,Stefon Diggs,WR,WR,True,37.0,15.78,False
16,True,6,This Year Will  Be A Brees ,2576716,Jamison Crowder,WR,BE,False,25.82,9.28,False
16,True,6,This Year Will  Be A Brees ,2978313,Shaq Thompson,LB,BE,False,9.0,7.81,False
16,True,6,This Year Will  Be A Brees ,16757,Derek Carr,QB,QB,True,23.24,16.8,False
16,True,6,This Year Will  Be A Brees ,15349,Cole Beasley,WR,BE,False,3.2,9.3,False
16,True,6,This Year Will  Be A Brees ,2572861,J.D. McKissic,RB,RB,True,19.2,8.87,False
16,True,6,This Year Will  Be A Brees ,2473037,Jason Myers,K,K,True,11.0,8.18,False
16,True,6,This Year Will  Be A Brees ,3051891,Jordan Wilkins,RB,BE,False,2.0,1.21,False
16,True,6,This Year Will  Be A Brees ,3116187,Ja'Whaun Bentley,LB,DP,True,0.0,4.98,False
16,True,6,This Year Will  Be A Brees ,4035072,Benny Snell Jr.,RB,BE,False,1.0,4.17,False
16,True,6,This Year Will  Be A Brees ,-16013,Raiders D/ST,D/ST,BE,False,2.0,5.44,False
16,True,6,This Year Will  Be A Brees ,-16012,Chiefs D/ST,D/ST,D/ST,True,6.0,6.24,False
