rank,playerId,name,pos,pos_rank,team,league_pts,vorp,draft_value,adp,sd_pts,fp_pts,ecr,ecr_tier,sos,fp_adp
1,23189,Bijan Robinson,RB,1,ATL,144.37,69.53,69.5,0.5,145.84,142.9,1.0,1.0,2.0,1.0
2,23200,Jahmyr Gibbs,RB,2,DET,142.74,67.9,67.9,0.2,139.98,145.5,2.0,1.0,5.0,2.0
3,24172,Puka Nacua,WR,1,LAR,128.55,57.12,57.1,1.0,132.3,124.8,4.0,1.0,1.0,4.0
4,18877,Christian McCaffrey,RB,3,SF,126.86,52.02,52.0,1.2,125.82,127.9,7.0,1.0,2.0,9.0
5,21682,Jonathan Taylor,RB,4,IND,124.94,50.1,50.1,1.7,125.48,124.4,8.0,2.0,4.0,9.0
6,22564,Ja'Marr Chase,WR,2,CIN,121.22,49.79,49.8,0.7,120.55,121.9,3.0,1.0,4.0,3.0
7,23157,Jaxon Smith-Njigba,WR,3,SEA,119.95,48.52,48.5,1.5,120.61,119.3,5.0,1.0,3.0,4.0
8,22587,Amon-Ra St. Brown,WR,4,DET,114.4,42.97,43.0,1.9,113.09,115.7,6.0,1.0,4.0,4.0
9,24179,De'Von Achane,RB,5,MIA,114.8,39.96,40.0,3.2,117.5,112.1,16.0,3.0,3.0,19.0
10,17959,Derrick Henry,RB,6,BAL,111.69,36.85,36.9,10.8,109.28,114.1,23.0,3.0,3.0,24.0
11,23151,Drake London,WR,5,ATL,105.63,34.2,34.2,4.1,105.66,105.6,13.0,2.0,3.0,9.0
12,23247,James Cook III,RB,7,BUF,108.85,34.01,34.0,2.4,108.11,109.6,11.0,2.0,2.0,13.0
13,25868,Ashton Jeanty,RB,8,LV,106.41,31.57,31.6,2.2,106.12,106.7,12.0,2.0,2.0,13.0
14,19766,Saquon Barkley,RB,9,PHI,106.34,31.5,31.5,3.9,106.87,105.8,19.0,3.0,4.0,24.0
15,24374,Chase Brown,RB,10,CIN,106.09,31.25,31.2,3.4,106.17,106.0,17.0,3.0,2.0,19.0
16,21679,CeeDee Lamb,WR,6,DAL,100.69,29.26,29.3,2.7,101.87,99.5,9.0,2.0,2.0,8.0
17,ESPN-3728281,Blake Cashman,IDP,1,MIN,411.71,83.45,29.2,95.0,,,,,,
18,23251,Trey McBride,TE,1,ARI,89.72,29.0,29.0,10.4,88.83,90.6,22.0,3.0,2.0,25.0
19,19801,Josh Allen,QB,1,BUF,173.48,28.9,28.9,13.8,168.96,178.0,26.0,3.0,3.0,32.0
20,ESPN-4043130,Jordyn Brooks,IDP,2,MIA,407.15,78.89,27.6,99.0,,,,,,
21,24120,Rashee Rice,WR,7,KC,98.37,26.94,26.9,12.8,97.33,99.4,25.0,3.0,2.0,20.0
22,20824,Josh Jacobs,RB,11,GB,101.66,26.82,26.8,16.8,100.13,103.2,35.0,4.0,4.0,43.0
23,21685,Justin Jefferson,WR,8,MIN,98.16,26.73,26.7,2.9,98.61,97.7,10.0,2.0,5.0,8.0
24,25956,Omarion Hampton,RB,12,LAC,101.06,26.22,26.2,3.6,99.22,102.9,20.0,3.0,3.0,24.0
25,22526,Breece Hall,RB,13,NYJ,100.72,25.88,25.9,15.8,102.23,99.2,38.0,4.0,3.0,43.0
26,24943,Brock Bowers,TE,2,LV,85.92,25.2,25.2,4.9,84.55,87.3,15.0,3.0,3.0,12.0
27,26768,Jeremiyah Love,RB,14,ARI,99.22,24.38,24.4,12.3,99.74,98.7,32.0,4.0,2.0,39.0
28,23214,Kenneth Walker,RB,15,KC,98.6,23.76,23.8,4.6,98.5,98.7,24.0,3.0,3.0,27.0
29,21042,A.J. Brown,WR,9,NE,94.93,23.5,23.5,4.4,95.46,94.4,14.0,2.0,2.0,5.0
30,23153,George Pickens,WR,10,DAL,94.28,22.85,22.9,11.3,94.95,93.6,21.0,3.0,2.0,16.0
31,22565,Chris Olave,WR,11,NO,93.49,22.06,22.1,13.3,93.78,93.2,27.0,3.0,3.0,26.0
32,21756,Nico Collins,WR,12,HOU,92.12,20.69,20.7,11.8,92.05,92.2,18.0,3.0,3.0,12.0
33,25887,Cam Skattebo,RB,16,NYG,94.87,20.03,20.0,20.2,94.14,95.6,50.0,5.0,4.0,65.0
34,23120,Zay Flowers,WR,13,BAL,90.87,19.44,19.4,17.3,91.83,89.9,29.0,4.0,4.0,17.0
35,23212,Kyren Williams,RB,17,LAR,94.25,19.41,19.4,14.8,91.99,96.5,33.0,4.0,5.0,37.0
36,22558,Javonte Williams,RB,18,DAL,93.06,18.22,18.2,15.3,91.53,94.6,42.0,4.0,4.0,53.0
37,21696,Travis Etienne Jr.,RB,19,NO,91.81,16.97,17.0,17.7,91.92,91.7,47.0,4.0,3.0,55.0
38,25869,Colston Loveland,TE,3,CHI,76.02,15.3,15.3,21.2,75.94,76.1,41.0,4.0,2.0,42.0
39,23122,Garrett Wilson,WR,14,NYJ,86.59,15.16,15.2,19.7,86.29,86.9,36.0,4.0,4.0,30.0
40,21687,DeVonta Smith,WR,15,PHI,86.27,14.84,14.8,16.3,87.04,85.5,28.0,3.0,4.0,24.0
41,24967,Bucky Irving,RB,20,TB,89.04,14.2,14.2,23.7,88.78,89.3,54.0,5.0,2.0,64.0
42,21684,D'Andre Swift,RB,21,CHI,88.33,13.49,13.5,27.1,88.15,88.5,57.0,5.0,2.0,58.0
43,26092,Emeka Egbuka,WR,16,TB,84.44,13.01,13.0,18.2,84.08,84.8,39.0,4.0,4.0,35.0
44,24958,Drake Maye,QB,2,NE,157.51,12.93,12.9,28.6,158.93,156.1,37.0,4.0,2.0,25.0
45,26054,Tetairoa McMillan,WR,17,CAR,84.03,12.6,12.6,18.7,84.75,83.3,31.0,4.0,2.0,26.0
46,19781,Lamar Jackson,QB,3,BAL,156.69,12.11,12.1,24.2,158.18,155.2,34.0,4.0,3.0,34.0
47,24953,Malik Nabers,WR,18,NYG,83.31,11.88,11.9,14.3,83.82,82.8,44.0,4.0,4.0,51.0
48,25874,Tyler Warren,TE,4,IND,72.56,11.84,11.8,27.6,73.52,71.6,56.0,5.0,3.0,59.0
49,ESPN-4429834,Cedric Gray,IDP,3,TEN,361.43,33.17,11.6,103.0,,,,,,
50,ESPN-4569465,Jack Campbell,IDP,4,DET,360.18,31.92,11.2,105.0,,,,,,
51,ESPN-4362759,Nick Bolton,IDP,5,KC,359.59,31.33,11.0,107.0,,,,,,
52,25946,Quinshon Judkins,RB,22,CLE,85.23,10.39,10.4,23.2,84.77,85.7,55.0,5.0,3.0,64.0
53,23235,Jayden Daniels,QB,4,WAS,154.72,10.14,10.1,31.6,154.85,154.6,53.0,5.0,2.0,46.0
54,23234,Jameson Williams,WR,19,DET,81.31,9.88,9.9,26.6,80.52,82.1,51.0,5.0,4.0,44.0
55,21690,Tee Higgins,WR,20,CIN,81.3,9.87,9.9,19.2,80.09,82.5,30.0,4.0,4.0,22.0
56,22508,Kyle Pitts Sr.,TE,5,ATL,70.31,9.59,9.6,38.5,70.92,69.7,82.0,6.0,3.0,95.0
57,ESPN-3138826,Fred Warner,IDP,6,SF,355.24,26.98,9.4,110.0,,,,,,
58,16470,Davante Adams,WR,21,LAR,80.43,9.0,9.0,25.1,77.65,83.2,48.0,5.0,1.0,39.0
59,ESPN-4876017,Carson Schwesinger,IDP,7,CLE,351.0,22.74,8.0,114.0,,,,,,
60,20873,Terry McLaurin,WR,22,WAS,78.59,7.16,7.2,25.6,77.79,79.4,45.0,4.0,2.0,35.0
61,25870,Harold Fannin Jr.,TE,6,CLE,67.81,7.09,7.1,34.0,67.92,67.7,80.0,6.0,3.0,96.0
62,21831,Jalen Hurts,QB,5,PHI,151.69,7.11,7.1,33.5,148.77,154.6,60.0,5.0,5.0,57.0
63,24977,Rome Odunze,WR,23,CHI,77.89,6.46,6.5,30.1,76.87,78.9,63.0,5.0,3.0,61.0
64,25898,Bhayshul Tuten,RB,23,JAX,81.22,6.38,6.4,29.6,78.83,83.6,64.0,5.0,4.0,69.0
65,23232,Alec Pierce,WR,24,IND,77.76,6.33,6.3,41.4,77.82,77.7,74.0,6.0,4.0,65.0
66,23141,Sam LaPorta,TE,7,DET,66.96,6.24,6.2,42.9,67.62,66.3,84.0,6.0,3.0,93.0
67,25097,Ladd McConkey,WR,25,LAC,77.0,5.57,5.6,22.2,76.91,77.1,40.0,4.0,2.0,35.0
68,21693,Joe Burrow,QB,6,CIN,150.19,5.61,5.6,28.1,152.79,147.6,46.0,4.0,3.0,41.0
69,26044,Luther Burden III,WR,26,CHI,76.47,5.04,5.0,20.7,76.83,76.1,49.0,5.0,3.0,50.0
70,22598,Jaylen Waddle,WR,27,DEN,76.34,4.91,4.9,21.7,76.28,76.4,43.0,4.0,2.0,34.0
71,15048,Travis Kelce,TE,8,KC,65.3,4.58,4.6,53.2,65.1,65.5,106.0,7.0,4.0,115.0
72,19844,DJ Moore,WR,28,BUF,75.86,4.43,4.4,26.1,74.81,76.9,62.0,5.0,4.0,74.0
73,23245,TreVeyon Henderson,RB,24,NE,78.73,3.89,3.9,22.7,78.46,79.0,59.0,5.0,2.0,71.0
74,19863,Dallas Goedert,TE,9,PHI,64.59,3.87,3.9,58.7,63.77,65.4,120.0,7.0,4.0,123.0
75,ESPN-3050073,Foyesade Oluokun,IDP,8,JAX,338.72,10.46,3.7,118.0,,,,,,
76,18055,Dak Prescott,QB,7,DAL,147.95,3.37,3.4,40.9,150.6,145.3,78.0,6.0,2.0,74.0
77,19800,Courtland Sutton,WR,29,DEN,74.74,3.31,3.3,36.0,74.28,75.2,81.0,6.0,2.0,74.0
78,19063,George Kittle,TE,10,SF,63.89,3.17,3.2,50.8,64.28,63.5,102.0,7.0,3.0,109.0
79,24118,Tucker Kraft,TE,11,GB,63.66,2.94,2.9,35.5,63.73,63.6,65.0,5.0,2.0,64.0
80,26082,Jaxson Dart,QB,8,NYG,147.34,2.76,2.8,47.3,146.69,148.0,89.0,6.0,4.0,97.0
81,ESPN-3953687,Brandon Aubrey,K,1,DAL,171.56,27.06,2.7,63.1,,,,,,
82,ESPN-4362851,Ernest Jones IV,IDP,9,SEA,334.94,6.68,2.3,122.0,,,,,,
83,DST-SEA,Seahawks D/ST,DST,1,SEA,125.81,10.42,2.1,105.1,,,,,,
84,23241,Brock Purdy,QB,9,SF,146.72,2.14,2.1,52.8,149.35,144.1,91.0,6.0,1.0,81.0
85,ESPN-4361331,Jamien Sherwood,IDP,10,NYJ,333.97,5.71,2.0,125.0,,,,,,
86,20912,Tony Pollard,RB,25,TEN,76.67,1.83,1.8,37.0,77.55,75.8,73.0,6.0,3.0,66.0
87,ESPN-4362081,Cameron Dicker,K,2,LAC,161.7,17.2,1.7,79.4,,,,,,
88,DST-DEN,Broncos D/ST,DST,2,DEN,123.31,7.92,1.6,136.0,,,,,,
89,ESPN-4574716,Harrison Mevis,K,3,LAR,159.53,15.03,1.5,93.2,,,,,,
90,ESPN-2473037,Jason Myers,K,4,SEA,158.5,14.0,1.4,80.9,,,,,,
91,DST-HOU,Texans D/ST,DST,3,HOU,122.32,6.93,1.4,205.2,,,,,,
92,16597,Mike Evans,WR,30,SF,72.76,1.33,1.3,29.1,72.72,72.8,52.0,5.0,2.0,43.0
93,ESPN-2971573,Ka'imi Fairbairn,K,5,HOU,157.68,13.18,1.3,79.9,,,,,,
94,ESPN-4034949,Eddy Pineiro,K,6,SF,155.32,10.82,1.1,,,,,,,
95,DST-NE,Patriots D/ST,DST,4,NE,120.36,4.97,1.0,141.8,,,,,,
96,24974,Marvin Harrison Jr.,WR,31,ARI,72.47,1.04,1.0,34.5,72.43,72.5,70.0,6.0,2.0,63.0
97,20882,David Montgomery,RB,26,HOU,75.77,0.93,0.9,24.6,75.33,76.2,61.0,5.0,4.0,68.0
98,18890,Patrick Mahomes,QB,10,KC,145.52,0.94,0.9,51.3,147.04,144.0,97.0,7.0,2.0,98.0
99,DST-MIN,Vikings D/ST,DST,5,MIN,119.61,4.22,0.8,123.8,,,,,,
100,DST-PHI,Eagles D/ST,DST,6,PHI,118.9,3.51,0.7,147.6,,,,,,
101,26765,Jadarian Price,RB,27,SEA,75.29,0.45,0.5,31.1,75.18,75.4,66.0,5.0,4.0,70.0
102,DST-LAC,Chargers D/ST,DST,7,LAC,117.96,2.57,0.5,131.8,,,,,,
103,ESPN-3055899,Harrison Butker,K,7,KC,148.39,3.89,0.4,108.5,,,,,,
104,DST-BUF,Bills D/ST,DST,8,BUF,117.2,1.81,0.4,177.8,,,,,,
105,DST-JAX,Jaguars D/ST,DST,9,JAX,116.86,1.47,0.3,127.4,,,,,,
106,ESPN-4686361,Cam Little,K,8,JAX,146.66,2.16,0.2,83.3,,,,,,
107,DST-NO,Saints D/ST,DST,10,NO,116.58,1.19,0.2,160.0,,,,,,
108,23479,Jaylen Warren,RB,28,PIT,74.9,0.06,0.1,33.0,75.6,74.2,69.0,6.0,2.0,70.0
109,ESPN-4689936,Jake Bates,K,9,DET,145.94,1.44,0.1,96.6,,,,,,
110,ESPN-4697745,Tyler Loop,K,10,BAL,145.93,1.43,0.1,94.7,,,,,,
111,ESPN-2612151,Alex Singleton,IDP,11,DEN,328.26,0.0,0.0,128.0,,,,,,
112,21952,Rico Dowdle,RB,29,PIT,74.84,0.0,0.0,40.4,76.38,73.3,83.0,6.0,2.0,88.0
113,23256,Isaiah Likely,TE,12,NYG,60.72,0.0,0.0,57.2,61.53,59.9,122.0,7.0,3.0,145.0
114,ESPN-17427,Cairo Santos,K,11,CHI,144.5,0.0,0.0,113.4,,,,,,
115,ESPN-4869461,Trey Smack,K,12,GB,144.19,-0.31,-0.0,213.0,,,,,,
116,22490,Trevor Lawrence,QB,11,JAX,144.58,0.0,0.0,43.9,145.76,143.4,72.0,6.0,4.0,59.0
117,21681,Justin Herbert,QB,11,LAC,144.58,0.0,0.0,42.4,146.76,142.4,68.0,6.0,2.0,57.0
118,DST-LAR,Rams D/ST,DST,11,LAR,115.39,0.0,0.0,105.8,,,,,,
119,20875,DK Metcalf,WR,32,PIT,71.43,0.0,0.0,36.5,70.96,71.9,76.0,6.0,3.0,65.0
120,DST-CLE,Browns D/ST,DST,12,CLE,114.99,-0.4,-0.1,185.8,,,,,,
121,ESPN-3150744,Chase McLaughlin,K,14,TB,142.37,-2.13,-0.2,116.3,,,,,,
122,ESPN-4567104,Will Reichard,K,15,MIN,142.23,-2.27,-0.2,110.9,,,,,,
123,ESPN-17372,Chris Boswell,K,13,PIT,142.66,-1.84,-0.2,118.3,,,,,,
124,ESPN-4360234,Evan McPherson,K,16,CIN,142.14,-2.36,-0.2,109.0,,,,,,
125,DST-KC,Chiefs D/ST,DST,13,KC,114.24,-1.15,-0.2,174.2,,,,,,
126,DST-GB,Packers D/ST,DST,14,GB,113.82,-1.57,-0.3,175.0,,,,,,
127,ESPN-10621,Nick Folk,K,17,ATL,141.36,-3.14,-0.3,200.2,,,,,,
128,24927,Caleb Williams,QB,13,CHI,144.17,-0.41,-0.4,37.5,145.03,143.3,67.0,5.0,3.0,58.0
129,DST-DET,Lions D/ST,DST,15,DET,113.26,-2.13,-0.4,142.6,,,,,,
130,DST-ATL,Falcons D/ST,DST,16,ATL,112.63,-2.76,-0.6,185.0,,,,,,
131,DST-PIT,Steelers D/ST,DST,17,PIT,112.08,-3.31,-0.7,135.4,,,,,,
132,ESPN-5208518,Charlie Smyth,K,18,NO,137.74,-6.76,-0.7,216.9,,,,,,
133,ESPN-5082424,Dominic Zvada,K,19,NYG,137.38,-7.12,-0.7,253.9,,,,,,
134,DST-TB,Buccaneers D/ST,DST,18,TB,111.2,-4.19,-0.8,178.6,,,,,,
135,ESPN-3917232,Tyler Bass,K,20,BUF,136.7,-7.8,-0.8,125.7,,,,,,
136,9038,Matthew Stafford,QB,14,LAR,143.82,-0.76,-0.8,50.3,146.94,140.7,103.0,7.0,3.0,103.0
137,ESPN-2985659,Wil Lutz,K,22,DEN,135.68,-8.82,-0.9,122.8,,,,,,
138,ESPN-3050478,Jake Elliott,K,21,PHI,135.86,-8.64,-0.9,125.2,,,,,,
139,DST-LV,Raiders D/ST,DST,19,LV,109.99,-5.4,-1.1,200.2,,,,,,
140,DST-NYG,Giants D/ST,DST,20,NYG,109.44,-5.95,-1.2,182.2,,,,,,
141,DST-BAL,Ravens D/ST,DST,29,BAL,109.2,-6.19,-1.2,151.2,,,,,,
142,DST-DAL,Cowboys D/ST,DST,20,DAL,109.44,-5.95,-1.2,164.2,,,,,,
143,DST-ARI,Cardinals D/ST,DST,20,ARI,109.44,-5.95,-1.2,205.9,,,,,,
144,ESPN-4259619,Blake Grupe,K,23,IND,132.79,-11.71,-1.2,428.4,,,,,,
145,DST-CHI,Bears D/ST,DST,20,CHI,109.44,-5.95,-1.2,175.7,,,,,,
146,DST-SF,49ers D/ST,DST,20,SF,109.44,-5.95,-1.2,160.6,,,,,,
147,DST-NYJ,Jets D/ST,DST,20,NYJ,109.44,-5.95,-1.2,210.2,,,,,,
148,ESPN-4379416,Quay Walker,IDP,12,LV,324.73,-3.53,-1.2,131.0,,,,,,
149,DST-WAS,WAS D/ST,DST,20,WAS,109.44,-5.95,-1.2,201.6,,,,,,
150,DST-CIN,Bengals D/ST,DST,20,CIN,109.44,-5.95,-1.2,220.0,,,,,,
151,DST-IND,Colts D/ST,DST,20,IND,109.44,-5.95,-1.2,169.2,,,,,,
152,ESPN-4569923,Andy Borregales,K,24,NE,129.02,-15.48,-1.5,107.0,,,,,,
153,DST-CAR,Panthers D/ST,DST,30,CAR,107.15,-8.24,-1.6,198.0,,,,,,
154,ESPN-4372066,Jake Moody,K,25,WSH,128.46,-16.04,-1.6,203.1,,,,,,
155,ESPN-3124679,Jason Sanders,K,26,NYJ,128.34,-16.16,-1.6,303.2,,,,,,
156,19803,Mark Andrews,TE,13,BAL,59.12,-1.6,-1.6,59.2,57.74,60.5,126.0,7.0,4.0,138.0
157,DST-MIA,Dolphins D/ST,DST,31,MIA,107.09,-8.3,-1.7,206.6,,,,,,
158,ESPN-3043234,Zane Gonzalez,K,27,MIA,127.36,-17.14,-1.7,328.3,,,,,,
159,23395,Christian Watson,WR,33,GB,69.62,-1.81,-1.8,30.6,67.04,72.2,58.0,5.0,5.0,49.0
160,DST-TEN,Titans D/ST,DST,32,TEN,106.51,-8.88,-1.8,196.6,,,,,,
161,ESPN-4249087,Matt Gay,K,28,LV,125.18,-19.32,-1.9,199.7,,,,,,
162,ESPN-4568263,Ryan Fitzgerald,K,29,CAR,124.16,-20.34,-2.0,205.1,,,,,,
163,21691,Chuba Hubbard,RB,30,CAR,72.77,-2.07,-2.1,39.9,72.74,72.8,79.0,6.0,1.0,85.0
164,ESPN-3124084,Joey Slye,K,30,TEN,123.07,-21.43,-2.1,215.9,,,,,,
165,24102,Dalton Kincaid,TE,14,BUF,58.39,-2.33,-2.3,58.2,58.18,58.6,114.0,7.0,3.0,130.0
166,ESPN-4258620,Andre Szmyt,K,32,CLE,121.47,-23.03,-2.3,214.0,,,,,,
167,ESPN-4363538,Chad Ryland,K,31,ARI,121.74,-22.76,-2.3,201.1,,,,,,
168,ESPN-3915189,Roquan Smith,IDP,13,BAL,321.37,-6.89,-2.4,135.0,,,,,,
169,22546,Rhamondre Stevenson,RB,31,NE,72.01,-2.83,-2.8,38.9,71.82,72.2,77.0,6.0,2.0,80.0
170,23138,Jake Ferguson,TE,15,DAL,57.74,-2.98,-3.0,55.2,57.18,58.3,117.0,7.0,2.0,129.0
171,25069,Bo Nix,QB,15,DEN,141.47,-3.11,-3.1,56.7,141.63,141.3,99.0,7.0,3.0,96.0
172,ESPN-4426340,Nakobe Dean,IDP,14,LV,319.04,-9.22,-3.2,139.0,,,,,,
173,20876,Jakobi Meyers,WR,34,JAX,66.84,-4.59,-4.6,49.3,66.98,66.7,101.0,7.0,4.0,98.0
174,23170,Wan'Dale Robinson,WR,35,TEN,66.8,-4.63,-4.6,45.8,68.19,65.4,107.0,7.0,3.0,99.0
175,26752,Carnell Tate,WR,36,TEN,66.64,-4.79,-4.8,32.0,67.69,65.6,71.0,6.0,3.0,71.0
176,17922,Jared Goff,QB,16,DET,139.56,-5.02,-5.0,56.2,142.53,136.6,112.0,7.0,5.0,111.0
177,21738,Juwan Johnson,TE,16,NO,55.71,-5.01,-5.0,68.5,57.12,54.3,143.0,8.0,2.0,150.0
178,24143,Parker Washington,WR,37,JAX,66.28,-5.15,-5.2,38.0,66.75,65.8,86.0,6.0,4.0,79.0
179,24933,Brian Thomas Jr.,WR,38,JAX,66.14,-5.29,-5.3,32.5,66.98,65.3,75.0,6.0,4.0,80.0
180,ESPN-3929950,Tremaine Edmunds,IDP,16,NYG,312.75,-15.51,-5.4,147.0,,,,,,
181,21744,Michael Pittman Jr.,WR,39,PIT,66.06,-5.37,-5.4,47.8,65.61,66.5,93.0,6.0,3.0,78.0
182,ESPN-4243181,Nate Landman,IDP,15,LAR,312.76,-15.5,-5.4,143.0,,,,,,
183,17975,Hunter Henry,TE,17,NE,55.22,-5.5,-5.5,75.4,54.33,56.1,148.0,8.0,4.0,169.0
184,24223,Brenton Strange,TE,18,JAX,55.11,-5.61,-5.6,71.5,56.02,54.2,144.0,8.0,3.0,160.0
185,21674,J.K. Dobbins,RB,32,DEN,68.73,-6.11,-6.1,44.9,67.37,70.1,94.0,6.0,2.0,97.0
186,ESPN-4431519,Barrett Carter,IDP,17,CIN,310.49,-17.77,-6.2,151.0,,,,,,
187,19790,Baker Mayfield,QB,17,TB,137.03,-7.55,-7.5,61.6,140.97,133.1,123.0,7.0,2.0,117.0
188,26751,Jordyn Tyson,WR,40,NO,63.89,-7.54,-7.5,39.4,65.38,62.4,87.0,6.0,3.0,88.0
189,23233,Jayden Reed,WR,41,GB,63.35,-8.08,-8.1,54.2,62.7,64.0,111.0,7.0,5.0,103.0
190,24173,Michael Wilson,WR,42,ARI,62.92,-8.51,-8.5,41.9,63.64,62.2,92.0,6.0,2.0,95.0
191,25944,RJ Harvey,RB,33,DEN,66.29,-8.55,-8.6,35.0,65.98,66.6,88.0,6.0,2.0,104.0
192,ESPN-4035232,Tyrel Dodson,IDP,18,MIA,303.56,-24.7,-8.6,155.0,,,,,,
193,19045,Aaron Jones Sr.,RB,34,MIN,66.19,-8.65,-8.7,55.7,68.57,63.8,110.0,7.0,4.0,104.0
194,19920,Dalton Schultz,TE,19,HOU,52.06,-8.66,-8.7,83.8,52.32,51.8,167.0,9.0,4.0,174.0
195,ESPN-3129446,Robert Spillane,IDP,19,NE,303.18,-25.08,-8.8,159.0,,,,,,
196,18880,Chris Godwin Jr.,WR,43,TB,62.64,-8.79,-8.8,43.4,62.38,62.9,85.0,6.0,4.0,80.0
197,20932,Deebo Samuel Sr.,WR,43,SF,62.64,-8.79,-8.8,70.0,62.64,,206.0,9.0,,237.0
198,24226,Quentin Johnston,WR,45,LAC,62.47,-8.96,-9.0,46.3,61.55,63.4,95.0,6.0,2.0,81.0
199,ESPN-14958,Demario Davis,IDP,20,NYJ,302.3,-25.96,-9.1,163.0,,,,,,
200,23187,Tyler Shough,QB,18,NO,135.29,-9.29,-9.3,67.0,135.28,135.3,124.0,7.0,3.0,118.0
201,23162,Jordan Addison,WR,46,MIN,61.95,-9.48,-9.5,51.8,61.11,62.8,104.0,7.0,5.0,97.0
202,24924,Xavier Worthy,WR,47,KC,61.64,-9.79,-9.8,59.7,61.29,62.0,119.0,7.0,2.0,115.0
203,ESPN-3121544,T.J. Edwards,IDP,21,CHI,300.06,-28.2,-9.9,167.0,,,,,,
204,24982,Ricky Pearsall,WR,48,SF,61.33,-10.1,-10.1,,61.15,61.5,100.0,7.0,2.0,100.0
205,25952,Kyle Monangai,RB,35,CHI,63.99,-10.85,-10.8,44.4,65.48,62.5,90.0,6.0,2.0,96.0
206,24145,Josh Downs,WR,49,IND,60.38,-11.05,-11.1,52.3,61.45,59.3,108.0,7.0,4.0,96.0
207,23227,Khalil Shakir,WR,50,BUF,60.12,-11.31,-11.3,65.6,60.25,60.0,128.0,7.0,4.0,108.0
208,22562,Kenny Gainwell,RB,36,TB,63.47,-11.37,-11.4,49.8,65.85,61.1,105.0,7.0,2.0,104.0
209,20805,T.J. Hockenson,TE,20,MIN,48.98,-11.74,-11.7,77.4,49.37,48.6,174.0,9.0,4.0,190.0
210,ESPN-3917657,Zack Baun,IDP,22,PHI,294.34,-33.92,-11.9,171.0,,,,,,
211,23217,Rachaad White,RB,37,WAS,62.97,-11.87,-11.9,48.8,61.93,64.0,109.0,7.0,4.0,106.0
212,26748,Makai Lemon,WR,51,PHI,59.51,-11.92,-11.9,45.4,59.62,59.4,98.0,7.0,4.0,104.0
213,20889,Kyler Murray,QB,19,MIN,132.48,-12.1,-12.1,62.1,133.65,131.3,116.0,7.0,5.0,110.0
214,16906,Stefon Diggs,WR,52,WAS,59.15,-12.28,-12.3,62.6,59.15,,170.0,9.0,,184.0
215,ESPN-4362088,DeMarvion Overshown,IDP,23,DAL,293.21,-35.05,-12.3,175.0,,,,,,
216,23729,Rashid Shaheed,WR,53,SEA,58.95,-12.48,-12.5,68.0,59.49,58.4,145.0,8.0,3.0,149.0
217,23167,Romeo Doubs,WR,54,NE,58.84,-12.59,-12.6,57.7,57.67,60.0,130.0,7.0,2.0,129.0
218,26755,Kenyon Sadiq,TE,21,NYJ,48.16,-12.56,-12.6,75.9,49.62,46.7,176.0,9.0,4.0,213.0
219,20841,Daniel Jones,QB,20,IND,131.57,-13.01,-13.0,86.3,133.34,129.8,159.0,8.0,4.0,152.0
220,23310,Greg Dulcich,TE,22,MIA,47.66,-13.06,-13.1,123.7,47.91,47.4,251.0,10.0,5.0,281.0
221,ESPN-4036261,Devin Bush,IDP,24,CHI,290.59,-37.67,-13.2,179.0,,,,,,
222,22507,Pat Freiermuth,TE,23,PIT,47.17,-13.55,-13.6,135.1,46.24,48.1,225.0,10.0,2.0,273.0
223,ESPN-3919117,Azeez Al-Shaair,IDP,26,HOU,289.43,-38.83,-13.6,187.0,,,,,,
224,ESPN-4241597,Daiyan Henley,IDP,25,LAC,289.52,-38.74,-13.6,183.0,,,,,,
225,19802,Calvin Ridley,WR,55,TEN,57.31,-14.12,-14.1,93.7,57.73,56.9,186.0,9.0,3.0,179.0
226,25922,Matthew Golden,WR,55,GB,57.31,-14.12,-14.1,60.1,57.73,56.9,135.0,8.0,5.0,128.0
227,23134,Cade Otton,TE,24,TB,45.99,-14.73,-14.7,96.1,46.58,45.4,232.0,10.0,2.0,280.0
228,21841,Jordan Love,QB,21,GB,129.83,-14.75,-14.8,65.1,132.86,126.8,121.0,7.0,4.0,117.0
229,23160,John Metchie III,WR,57,CAR,56.44,-14.99,-15.0,143.5,55.27,57.6,367.0,12.0,2.0,
230,ESPN-5081807,Sonny Styles,IDP,27,WSH,285.53,-42.73,-15.0,191.0,,,,,,
231,19812,Sam Darnold,QB,22,SEA,129.23,-15.35,-15.3,102.5,133.56,124.9,142.0,8.0,4.0,150.0
232,26259,Jacory Croskey-Merritt,RB,38,WAS,58.89,-15.95,-15.9,54.7,57.98,59.8,113.0,7.0,4.0,116.0
233,ESPN-4430438,Edgerrin Cooper,IDP,28,GB,282.41,-45.85,-16.0,195.0,,,,,,
234,23489,Chig Okonkwo,TE,25,WAS,44.76,-15.96,-16.0,73.5,44.92,44.6,149.0,8.0,1.0,163.0
235,25122,Jalen Coker,WR,58,CAR,54.94,-16.49,-16.5,66.1,54.77,55.1,134.0,8.0,2.0,113.0
236,25876,Oronde Gadsden,TE,26,LAC,43.94,-16.78,-16.8,71.0,43.48,44.4,150.0,8.0,4.0,179.0
237,25106,AJ Barner,TE,27,SEA,43.78,-16.94,-16.9,89.2,42.77,44.8,178.0,9.0,3.0,202.0
238,ESPN-4040983,Mack Wilson Sr.,IDP,29,ARI,278.96,-49.3,-17.3,199.0,,,,,,
239,ESPN-3127287,Budda Baker,IDP,30,ARI,278.75,-49.51,-17.3,203.0,,,,,,
240,23239,C.J. Stroud,QB,23,HOU,127.02,-17.56,-17.6,81.8,131.14,122.9,139.0,8.0,4.0,134.0
241,ESPN-4428522,Tykee Smith,IDP,31,TB,277.76,-50.5,-17.7,207.0,,,,,,
242,23169,Theo Wease Jr.,WR,59,MIA,53.22,-18.21,-18.2,332.3,52.64,53.8,469.0,14.0,3.0,
243,ESPN-4242207,Patrick Queen,IDP,32,PIT,276.35,-51.91,-18.2,211.0,,,,,,
244,ESPN-4043169,Jeremy Chinn,IDP,33,LV,275.67,-52.59,-18.4,215.0,,,,,,
245,25970,Terrance Ferguson,TE,28,LAR,42.08,-18.64,-18.6,102.1,41.76,42.4,222.0,10.0,4.0,271.0
246,21692,Jerry Jeudy,WR,60,CLE,52.75,-18.68,-18.7,82.8,53.2,52.3,157.0,8.0,3.0,131.0
247,24116,Blake Corum,RB,39,LAR,56.03,-18.81,-18.8,46.8,54.86,57.2,96.0,6.0,5.0,98.0
248,26762,KC Concepcion,WR,61,CLE,52.64,-18.79,-18.8,61.1,53.18,52.1,132.0,8.0,3.0,126.0
249,23364,Jordan Mason,RB,40,MIN,55.91,-18.93,-18.9,53.7,55.22,56.6,118.0,7.0,4.0,118.0
250,24944,Jonathon Brooks,RB,41,CAR,55.49,-19.35,-19.4,48.3,58.48,52.5,115.0,7.0,1.0,123.0
251,24177,Tre Tucker,WR,62,LV,51.86,-19.57,-19.6,84.3,51.61,52.1,165.0,8.0,2.0,132.0
252,ESPN-4242154,Kam Curl,IDP,34,LAR,270.81,-57.45,-20.1,219.0,,,,,,
253,ESPN-4575517,Kyle Hamilton,IDP,35,BAL,269.72,-58.54,-20.5,220.0,,,,,,
254,19853,Mike Gesicki,TE,29,CIN,40.04,-20.68,-20.7,173.0,39.28,40.8,301.0,11.0,3.0,313.0
255,18912,Evan Engram,TE,30,DEN,39.89,-20.83,-20.8,179.5,39.58,40.2,261.0,10.0,4.0,214.0
256,ESPN-4950400,Arvell Reese,IDP,36,NYG,268.83,-59.43,-20.8,220.0,,,,,,
257,ESPN-4869523,Nick Emmanwori,IDP,37,SEA,266.48,-61.78,-21.6,220.0,,,,,,
258,25962,Gunnar Helm,TE,31,TEN,38.88,-21.84,-21.8,107.5,38.85,38.9,207.0,9.0,3.0,229.0
259,26094,Jayden Higgins,WR,63,HOU,49.37,-22.06,-22.1,60.6,48.53,50.2,125.0,7.0,3.0,97.0
260,22623,Rashod Bateman,WR,64,BAL,49.19,-22.24,-22.2,120.8,47.77,50.6,217.0,10.0,4.0,144.0
261,ESPN-4037626,Divine Deablo,IDP,39,ATL,263.91,-64.35,-22.5,220.0,,,,,,
262,ESPN-3124005,Zaire Franklin,IDP,38,GB,263.97,-64.29,-22.5,220.0,,,,,,
263,25098,Jalen McMillan,WR,65,TB,48.72,-22.71,-22.7,78.9,48.53,48.9,163.0,8.0,4.0,169.0
264,ESPN-4259166,Terrel Bernard,IDP,40,BUF,263.48,-64.78,-22.7,220.0,,,,,,
265,ESPN-4685287,Jihaad Campbell,IDP,41,PHI,262.86,-65.4,-22.9,220.0,,,,,,
266,ESPN-3691739,Derwin James Jr.,IDP,42,LAC,261.94,-66.32,-23.2,220.0,,,,,,
267,ESPN-3110565,Quincy Williams,IDP,43,CLE,261.34,-66.92,-23.4,220.0,,,,,,
268,ESPN-3124890,Kaden Elliss,IDP,44,NO,261.33,-66.93,-23.4,220.0,,,,,,
269,21717,Jauan Jennings,WR,66,MIN,47.78,-23.65,-23.6,76.4,46.86,48.7,154.0,8.0,5.0,144.0
270,24123,Tyjae Spears,RB,42,TEN,50.77,-24.07,-24.1,69.0,52.55,49.0,140.0,8.0,3.0,133.0
271,ESPN-4427729,Demetrius Knight Jr.,IDP,45,CIN,259.47,-68.79,-24.1,220.0,,,,,,
272,24176,Tank Dell,WR,67,HOU,47.2,-24.23,-24.2,91.7,49.3,45.1,220.0,10.0,3.0,232.0
273,ESPN-4360853,Talanoa Hufanga,IDP,46,DEN,259.24,-69.02,-24.2,220.0,,,,,,
274,ESPN-4602699,Kamari Lassiter,IDP,47,HOU,257.78,-70.48,-24.7,220.0,,,,,,
275,ESPN-4426403,Nick Cross,IDP,48,WSH,256.76,-71.5,-25.0,220.0,,,,,,
276,ESPN-3129310,Drue Tranquill,IDP,49,KC,256.43,-71.83,-25.1,220.0,,,,,,
277,ESPN-4567098,Jordan Battle,IDP,50,CIN,256.2,-72.06,-25.2,220.0,,,,,,
278,23368,Jalen Nailor,WR,68,LV,46.1,-25.33,-25.3,78.4,45.91,46.3,195.0,9.0,2.0,198.0
279,23118,Malik Willis,QB,24,MIA,119.27,-25.31,-25.3,69.5,111.83,126.7,137.0,8.0,3.0,148.0
280,ESPN-4361964,Chamarri Conner,IDP,51,KC,255.66,-72.6,-25.4,220.0,,,,,,
281,ESPN-4249128,Quentin Lake,IDP,52,LAR,255.56,-72.7,-25.4,220.0,,,,,,
282,25942,Woody Marks,RB,43,HOU,49.27,-25.57,-25.6,64.1,49.84,48.7,133.0,8.0,4.0,126.0
283,ESPN-4696211,Malik Mustapha,IDP,53,SF,254.66,-73.6,-25.8,220.0,,,,,,
284,26747,Denzel Boston,WR,69,CLE,45.34,-26.09,-26.1,76.9,45.49,45.2,156.0,8.0,3.0,151.0
285,23132,Bryce Young,QB,25,CAR,118.31,-26.27,-26.3,90.7,120.32,116.3,162.0,8.0,2.0,178.0
286,18878,Alvin Kamara,RB,44,NO,48.48,-26.36,-26.4,70.5,50.97,46.0,146.0,8.0,3.0,147.0
287,18882,Cooper Kupp,WR,70,SEA,44.92,-26.51,-26.5,109.4,44.95,44.9,229.0,10.0,3.0,206.0
288,ESPN-3116179,Nick Scott,IDP,54,CAR,252.68,-75.58,-26.5,220.0,,,,,,
289,ESPN-4241470,Xavier McKinney,IDP,55,GB,250.63,-77.63,-27.2,220.0,,,,,,
290,23173,Zach Charbonnet,RB,45,SEA,47.35,-27.49,-27.5,63.6,45.9,48.8,136.0,8.0,4.0,148.0
291,ESPN-4242547,Paulson Adebo,IDP,56,NYG,249.13,-79.13,-27.7,220.0,,,,,,
292,ESPN-4046537,Joshua Metellus,IDP,57,MIN,248.91,-79.35,-27.8,220.0,,,,,,
293,18876,David Njoku,TE,33,LAC,32.79,-27.93,-27.9,99.1,31.88,33.7,237.0,10.0,4.0,322.0
294,21807,Colby Parkinson,TE,34,LAR,32.77,-27.95,-27.9,108.0,32.15,33.4,247.0,10.0,4.0,256.0
295,25963,Mason Taylor,TE,32,NYJ,32.8,-27.92,-27.9,129.7,31.89,33.7,287.0,11.0,4.0,290.0
296,ESPN-3043107,Alex Anzalone,IDP,58,TB,248.63,-79.63,-27.9,220.0,,,,,,
297,23371,Isiah Pacheco,RB,46,DET,46.93,-27.91,-27.9,73.0,48.36,45.5,138.0,8.0,5.0,126.0
298,ESPN-4248911,DaRon Bland,IDP,59,DAL,248.21,-80.05,-28.0,220.0,,,,,,
299,26859,Antonio Williams,WR,71,WAS,43.3,-28.13,-28.1,147.9,40.49,46.1,204.0,9.0,2.0,230.0
300,ESPN-3917142,Akeem Davis-Gaither,IDP,60,IND,247.63,-80.63,-28.2,220.0,,,,,,
301,24954,Adonai Mitchell,WR,72,NYJ,43.19,-28.24,-28.2,91.2,43.68,42.7,160.0,8.0,4.0,125.0
302,26760,Omar Cooper Jr.,WR,73,NYJ,43.12,-28.31,-28.3,80.4,43.05,43.2,158.0,8.0,4.0,153.0
303,ESPN-3929846,DeShon Elliott,IDP,61,PIT,247.38,-80.88,-28.3,220.0,,,,,,
304,ESPN-3916903,Dre Greenlaw,IDP,62,SF,246.35,-81.91,-28.7,220.0,,,,,,
305,ESPN-4575431,Devon Witherspoon,IDP,63,SEA,246.2,-82.06,-28.7,220.0,,,,,,
306,26750,Germie Bernard,WR,74,PIT,42.61,-28.82,-28.8,114.9,42.81,42.4,239.0,10.0,3.0,241.0
307,ESPN-4043089,Jalen Thompson,IDP,64,DAL,245.59,-82.67,-28.9,220.0,,,,,,
308,25092,Tyrone Tracy Jr.,RB,47,NYG,45.78,-29.06,-29.1,64.6,46.45,45.1,127.0,7.0,4.0,122.0
309,ESPN-4570044,Jaquan Brisker,IDP,65,PIT,243.02,-85.24,-29.8,220.0,,,,,,
310,ESPN-4362487,Tre'von Moehrig,IDP,66,CAR,242.16,-86.1,-30.1,220.0,,,,,,
311,23140,Michael Mayer,TE,35,LV,30.66,-30.06,-30.1,142.5,29.91,31.4,338.0,12.0,3.0,349.0
312,ESPN-4243256,Devin Lloyd,IDP,68,CAR,241.55,-86.71,-30.3,220.0,,,,,,
313,ESPN-4426350,Henry To'oTo'o,IDP,67,HOU,241.6,-86.66,-30.3,220.0,,,,,,
314,ESPN-4569620,Ronnie Hickman,IDP,69,CLE,240.33,-87.93,-30.8,220.0,,,,,,
315,26056,Travis Hunter,WR,75,JAX,39.98,-31.45,-31.4,95.6,39.57,40.4,166.0,8.0,4.0,170.0
316,ESPN-4676004,Cole Bishop,IDP,70,BUF,236.87,-91.39,-32.0,220.0,,,,,,
317,ESPN-4426405,Trent McDuffie,IDP,71,LAR,236.69,-91.57,-32.0,220.0,,,,,,
318,ESPN-4034790,Antoine Winfield Jr.,IDP,72,TB,236.02,-92.24,-32.3,220.0,,,,,,
319,21961,Darnell Mooney,WR,76,NYG,39.17,-32.26,-32.3,105.0,38.94,39.4,202.0,9.0,4.0,163.0
320,20802,Justice Hill,RB,48,BAL,42.4,-32.44,-32.4,148.4,42.2,42.6,243.0,10.0,3.0,252.0
321,20850,Dawson Knox,TE,36,BUF,28.26,-32.46,-32.5,170.6,27.72,28.8,359.0,12.0,3.0,415.0
322,25133,Bub Means,WR,77,NO,38.75,-32.68,-32.7,394.9,38.8,38.7,,,,
323,23142,Theo Johnson,TE,37,NYG,27.96,-32.76,-32.8,133.6,27.92,28.0,282.0,11.0,3.0,361.0
324,14895,Geno Smith,QB,26,NYJ,111.4,-33.18,-33.2,199.2,115.1,107.7,236.0,10.0,4.0,248.0
325,25103,Malik Washington,WR,78,MIA,38.07,-33.36,-33.4,193.3,38.34,37.8,209.0,9.0,3.0,193.0
326,28053,De'Zhaun Stribling,WR,79,SF,37.92,-33.51,-33.5,82.3,42.75,33.1,214.0,9.0,2.0,158.0
327,26746,Ja'Kobi Lane,WR,80,BAL,37.89,-33.54,-33.5,124.2,39.79,36.0,311.0,11.0,4.0,391.0
328,ESPN-4428863,Evan Williams,IDP,73,GB,231.79,-96.47,-33.8,220.0,,,,,,
329,ESPN-3925345,Minkah Fitzpatrick,IDP,74,NYJ,231.74,-96.52,-33.8,220.0,,,,,,
330,ESPN-4241223,Jalen Pitre,IDP,75,HOU,231.67,-96.59,-33.8,220.0,,,,,,
331,23121,Kayshon Boutte,WR,81,NE,37.56,-33.87,-33.9,87.8,37.33,37.8,182.0,9.0,2.0,175.0
332,ESPN-4686772,Christian Gonzalez,IDP,76,NE,231.47,-96.79,-33.9,220.0,,,,,,
333,ESPN-3919512,Jessie Bates III,IDP,77,ATL,231.13,-97.13,-34.0,220.0,,,,,,
334,23136,Darnell Washington,TE,38,PIT,26.75,-33.97,-34.0,138.5,27.19,26.3,322.0,12.0,2.0,322.0
335,ESPN-4039413,Alohi Gilman,IDP,78,KC,230.73,-97.53,-34.1,220.0,,,,,,
336,20943,Darius Slayton,WR,82,NYG,37.25,-34.18,-34.2,168.6,37.09,37.4,277.0,11.0,4.0,
337,ESPN-4379397,Tyson Campbell,IDP,79,CLE,229.5,-98.76,-34.6,220.0,,,,,,
338,18032,Tyler Higbee,TE,39,LAR,26.04,-34.68,-34.7,233.7,26.07,26.0,348.0,12.0,4.0,
339,19815,Christian Kirk,WR,83,SF,36.52,-34.91,-34.9,117.8,35.23,37.8,255.0,10.0,2.0,239.0
340,ESPN-4036134,Amani Hooker,IDP,80,TEN,226.54,-101.72,-35.6,220.0,,,,,,
341,ESPN-3056916,Eric Wilson,IDP,81,MIN,226.06,-102.2,-35.8,220.0,,,,,,
342,ESPN-4431005,Xavier Watts,IDP,82,ATL,225.73,-102.53,-35.9,220.0,,,,,,
343,25889,Dylan Sampson,RB,49,CLE,38.85,-35.99,-36.0,77.9,38.9,38.8,141.0,8.0,3.0,117.0
344,ESPN-4567099,Christian Harris,IDP,83,ATL,225.08,-103.18,-36.1,220.0,,,,,,
345,ESPN-4682618,Cooper DeJean,IDP,84,PHI,224.11,-104.15,-36.5,220.0,,,,,,
346,ESPN-4683815,Trevin Wallace,IDP,85,CAR,224.09,-104.17,-36.5,220.0,,,,,,
347,23237,Chris Rodriguez Jr.,RB,50,JAX,38.25,-36.59,-36.6,67.5,36.61,39.9,129.0,7.0,4.0,107.0
348,23469,Tyquan Thornton,WR,84,KC,34.77,-36.66,-36.7,148.9,34.03,35.5,269.0,10.0,2.0,
349,24947,Ja'Tavion Sanders,TE,40,CAR,23.86,-36.86,-36.9,298.3,24.11,23.6,356.0,12.0,2.0,
350,ESPN-4039059,Brandon Jones,IDP,86,DEN,222.47,-105.79,-37.0,220.0,,,,,,
351,24973,Troy Franklin,WR,85,DEN,34.35,-37.08,-37.1,104.0,34.1,34.6,184.0,9.0,2.0,121.0
352,23190,Brian Robinson Jr.,RB,51,ATL,37.75,-37.09,-37.1,74.4,37.01,38.5,153.0,8.0,2.0,169.0
353,ESPN-4247726,Bryan Cook,IDP,87,CIN,221.9,-106.36,-37.2,220.0,,,,,,
354,24989,Tory Horton,WR,86,SEA,34.19,-37.24,-37.2,131.1,33.08,35.3,264.0,10.0,3.0,247.0
355,20753,Noah Fant,TE,41,NO,23.37,-37.35,-37.4,200.7,24.03,22.7,383.0,12.0,2.0,
356,2593,Aaron Rodgers,QB,27,PIT,107.17,-37.41,-37.4,112.9,109.04,105.3,235.0,10.0,2.0,298.0
357,25914,Jaylin Noel,WR,87,HOU,33.89,-37.54,-37.5,128.2,31.39,36.4,189.0,9.0,3.0,125.0
358,25198,Devaughn Vele,WR,88,NO,33.8,-37.63,-37.6,140.0,33.71,33.9,286.0,11.0,3.0,272.0
359,ESPN-4250392,Zyon McCollum,IDP,88,TB,220.48,-107.78,-37.7,220.0,,,,,,
360,21802,AJ Dillon,RB,52,CAR,37.09,-37.75,-37.8,286.4,36.77,37.4,480.0,14.0,1.0,
361,ESPN-3931399,Justin Reid,IDP,89,NO,219.94,-108.32,-37.9,220.0,,,,,,
362,18993,Samaje Perine,RB,53,CIN,36.8,-38.04,-38.0,169.6,35.69,37.9,276.0,11.0,2.0,233.0
363,22662,Tommy Tremble,TE,42,CAR,22.47,-38.25,-38.2,164.2,22.44,22.5,394.0,13.0,2.0,
364,21772,Cole Kmet,TE,43,CHI,22.02,-38.7,-38.7,159.7,20.35,23.7,345.0,12.0,2.0,365.0
365,23250,Tyler Allgeier,RB,54,ARI,36.0,-38.84,-38.8,66.6,34.21,37.8,131.0,8.0,2.0,129.0
366,26978,Will Kacmarek,TE,44,MIA,21.7,-39.02,-39.0,320.9,21.71,21.7,536.0,14.0,5.0,
367,25903,Jordan James,RB,55,SF,35.88,-38.96,-39.0,190.8,34.86,36.9,256.0,10.0,2.0,282.0
368,22597,Jalen Tolbert,WR,89,MIA,32.36,-39.07,-39.1,143.0,32.72,32.0,335.0,12.0,3.0,408.0
369,26745,Chris Bell,WR,90,MIA,32.24,-39.19,-39.2,129.2,32.78,31.7,263.0,10.0,3.0,284.0
370,ESPN-4428930,Craig Woodson,IDP,90,NE,216.1,-112.16,-39.3,220.0,,,,,,
371,25925,Tre' Harris,WR,92,LAC,32.01,-39.42,-39.4,89.7,32.02,32.0,169.0,9.0,2.0,124.0
372,20837,Ty Johnson,RB,56,BUF,35.42,-39.42,-39.4,155.8,34.74,36.1,260.0,10.0,2.0,266.0
373,24119,Andrei Iosivas,WR,91,CIN,32.02,-39.41,-39.4,254.4,31.55,32.5,318.0,11.0,4.0,
374,26862,Caleb Douglas,WR,93,MIA,31.96,-39.47,-39.5,217.4,32.22,31.7,334.0,12.0,3.0,410.0
375,ESPN-4870598,CJ Allen,IDP,91,IND,215.54,-112.72,-39.5,220.0,,,,,,
376,ESPN-4870706,Caleb Downs,IDP,92,DAL,215.4,-112.86,-39.5,220.0,,,,,,
377,ESPN-3127273,Frankie Luvu,IDP,93,WSH,215.29,-112.97,-39.5,220.0,,,,,,
378,25124,Ryan Flournoy,WR,94,DAL,31.9,-39.53,-39.5,95.1,31.59,32.2,173.0,9.0,2.0,95.0
379,25894,Jack Bech,WR,95,LV,31.86,-39.57,-39.6,130.2,31.82,31.9,248.0,10.0,2.0,198.0
380,ESPN-4428633,Dadrion Taylor-Demerson,IDP,94,ARI,214.56,-113.7,-39.8,220.0,,,,,,
381,ESPN-4431664,Dante Trader Jr.,IDP,95,MIA,214.16,-114.1,-39.9,220.0,,,,,,
382,ESPN-2574056,Kevin Byard,IDP,96,NE,213.84,-114.42,-40.0,220.0,,,,,,
383,ESPN-4369835,Alontae Taylor,IDP,97,TEN,213.68,-114.58,-40.1,220.0,,,,,,
384,24934,Braelon Allen,RB,57,NYJ,34.63,-40.21,-40.2,85.8,32.46,36.8,161.0,8.0,3.0,136.0
385,21734,Nick Westbrook-Ikhine,WR,96,IND,31.05,-40.38,-40.4,276.1,27.61,34.5,373.0,12.0,4.0,
386,25208,Erick All Jr.,TE,45,CIN,20.19,-40.53,-40.5,316.0,20.17,20.2,376.0,12.0,3.0,
387,26101,Isaac TeSlaa,WR,97,DET,30.85,-40.58,-40.6,92.2,29.6,32.1,188.0,9.0,4.0,177.0
388,26909,Zachariah Branch,WR,98,ATL,30.57,-40.86,-40.9,98.1,32.44,28.7,242.0,10.0,3.0,278.0
389,ESPN-4426422,Dax Hill,IDP,98,CIN,211.53,-116.73,-40.9,220.0,,,,,,
390,17963,Austin Hooper,TE,46,ATL,19.66,-41.06,-41.1,245.5,19.53,19.8,430.0,13.0,3.0,
391,ESPN-4428914,Dee Winters,IDP,99,DAL,210.72,-117.54,-41.1,220.0,,,,,,
392,ESPN-3139387,D.J. Reed,IDP,100,DET,210.31,-117.95,-41.3,220.0,,,,,,
393,26807,Ted Hurst III,WR,99,TB,30.13,-41.3,-41.3,123.2,29.96,30.3,238.0,10.0,4.0,203.0
394,26757,Eli Stowers,TE,47,PHI,19.32,-41.4,-41.4,121.3,19.74,18.9,265.0,10.0,4.0,333.0
395,ESPN-3926229,Cody Barton,IDP,101,TEN,209.83,-118.43,-41.5,220.0,,,,,,
396,ESPN-3916655,Maxx Crosby,IDP,102,LV,209.53,-118.73,-41.6,220.0,,,,,,
397,ESPN-4242208,Grant Delpit,IDP,103,CLE,209.1,-119.16,-41.7,220.0,,,,,,
398,ESPN-4428659,Drake Thomas,IDP,104,SEA,208.86,-119.4,-41.8,220.0,,,,,,
399,23155,Jahan Dotson,WR,100,ATL,29.58,-41.85,-41.9,150.4,29.16,30.0,331.0,12.0,3.0,368.0
400,ESPN-4046675,Julian Love,IDP,106,SEA,208.31,-119.95,-42.0,220.0,,,,,,
401,ESPN-4693644,Ji'Ayir Brown,IDP,105,SF,208.38,-119.88,-42.0,220.0,,,,,,
402,18018,Jacoby Brissett,QB,28,ARI,102.52,-42.06,-42.1,100.6,95.64,109.4,193.0,9.0,2.0,196.0
403,ESPN-4259493,Keisean Nixon,IDP,107,GB,207.7,-120.56,-42.2,220.0,,,,,,
404,21045,Hollywood Brown,WR,101,PHI,28.99,-42.44,-42.4,167.1,25.09,32.9,300.0,11.0,4.0,295.0
405,21349,Ashton Dulin,WR,102,IND,28.92,-42.51,-42.5,178.5,29.84,28.0,416.0,13.0,4.0,
406,25003,Xavier Legette,WR,103,CAR,28.8,-42.63,-42.6,246.0,31.99,25.6,285.0,11.0,2.0,
407,25323,Cam Ward,QB,29,TEN,101.97,-42.61,-42.6,85.3,94.63,109.3,152.0,8.0,3.0,155.0
408,ESPN-4239995,A.J. Terrell Jr.,IDP,108,ATL,205.97,-122.29,-42.8,220.0,,,,,,
409,ESPN-3045373,Jalen Ramsey,IDP,109,PIT,205.83,-122.43,-42.9,220.0,,,,,,
410,23135,Charlie Kolar,TE,48,LAC,17.71,-43.01,-43.0,156.8,17.23,18.2,417.0,13.0,4.0,
411,24609,Emari Demercado,RB,58,KC,31.89,-42.95,-43.0,241.6,31.68,32.1,298.0,11.0,3.0,281.0
412,ESPN-2970716,Eric Murray,IDP,110,JAX,204.96,-123.3,-43.2,220.0,,,,,,
413,21785,Noah Gray,TE,49,KC,17.52,-43.2,-43.2,177.0,16.94,18.1,354.0,12.0,4.0,
414,20899,Josh Oliver,TE,50,MIN,17.38,-43.34,-43.3,219.4,15.55,19.2,447.0,13.0,4.0,
415,ESPN-4433975,Kool-Aid McKinstry,IDP,111,NO,204.27,-123.99,-43.4,220.0,,,,,,
416,26032,Elijah Arroyo,TE,52,SEA,17.18,-43.54,-43.5,234.2,13.46,20.9,341.0,12.0,3.0,362.0
417,23485,Daniel Bellinger,TE,51,TEN,17.26,-43.46,-43.5,163.2,15.71,18.8,419.0,13.0,3.0,
418,23253,Dontayvion Wicks,WR,104,PHI,27.62,-43.81,-43.8,115.4,26.25,29.0,208.0,9.0,4.0,107.0
419,ESPN-3916923,Carlton Davis III,IDP,112,NE,202.61,-125.65,-44.0,220.0,,,,,,
420,ESPN-4035861,Cam Bynum,IDP,113,IND,202.49,-125.77,-44.0,220.0,,,,,,
421,25964,Elic Ayomanor,WR,105,TEN,27.42,-44.01,-44.0,128.7,26.64,28.2,244.0,10.0,3.0,176.0
422,ESPN-4035369,Jeffery Simmons,IDP,114,TEN,202.35,-125.91,-44.1,220.0,,,,,,
423,22686,Dyami Brown,WR,106,WAS,27.27,-44.16,-44.2,160.2,23.53,31.0,405.0,13.0,2.0,
424,21739,Van Jefferson,WR,106,WAS,27.27,-44.16,-44.2,251.4,27.53,27.0,489.0,14.0,2.0,
425,ESPN-4245273,Christian Elliss,IDP,115,NE,201.97,-126.29,-44.2,220.0,,,,,,
426,ESPN-4247808,Ty Okada,IDP,116,SEA,201.86,-126.4,-44.2,220.0,,,,,,
427,23010,Brock Wright,TE,53,DET,16.44,-44.28,-44.3,158.7,14.57,18.3,549.0,14.0,3.0,
428,ESPN-4601278,Nate Wiggins,IDP,117,BAL,201.06,-127.2,-44.5,220.0,,,,,,
429,24150,Luke Musgrave,TE,54,GB,16.06,-44.66,-44.7,146.4,13.93,18.2,401.0,13.0,2.0,
430,25987,Chimere Dike,WR,108,TEN,26.64,-44.79,-44.8,134.1,25.78,27.5,230.0,10.0,3.0,183.0
431,ESPN-3133487,Andrew Van Ginkel,IDP,118,MIN,199.58,-128.68,-45.0,220.0,,,,,,
432,24449,Elijah Higgins,TE,55,ARI,15.69,-45.03,-45.0,294.8,16.07,15.3,437.0,13.0,2.0,
433,21786,Adam Trautman,TE,56,DEN,15.66,-45.06,-45.1,203.6,14.33,17.0,472.0,14.0,4.0,
434,ESPN-3126356,Marlon Humphrey,IDP,119,BAL,199.12,-129.14,-45.2,220.0,,,,,,
435,26932,Mike Washington Jr.,RB,59,LV,29.61,-45.23,-45.2,94.2,29.02,30.2,198.0,9.0,2.0,229.0
436,ESPN-4240610,Ventrell Miller,IDP,120,JAX,198.93,-129.33,-45.3,220.0,,,,,,
437,26863,Eli Raridon,TE,57,NE,15.27,-45.45,-45.5,265.2,14.15,16.4,386.0,13.0,4.0,
438,26981,Kaelon Black,RB,60,SF,29.3,-45.54,-45.5,183.9,27.69,30.9,288.0,11.0,2.0,277.0
439,ESPN-4428414,Mike Sainristil,IDP,122,WSH,197.85,-130.41,-45.6,220.0,,,,,,
440,ESPN-4260409,Derrick Barnes,IDP,121,DET,198.03,-130.23,-45.6,220.0,,,,,,
441,25975,Pat Bryant,WR,109,DEN,25.68,-45.75,-45.8,130.6,25.56,25.8,205.0,9.0,2.0,155.0
442,26925,Marlin Klein,TE,59,HOU,14.5,-46.22,-46.2,370.7,13.5,15.5,441.0,13.0,4.0,
443,ESPN-4243956,Reed Blankenship,IDP,123,HOU,196.17,-132.09,-46.2,220.0,,,,,,
444,24533,Ben Sims,TE,58,MIA,14.53,-46.19,-46.2,381.1,13.26,15.8,,,,
445,26105,Savion Williams,WR,110,GB,25.16,-46.27,-46.3,339.7,25.02,25.3,377.0,12.0,5.0,
446,24148,Davis Allen,TE,60,LAR,14.36,-46.36,-46.4,486.1,12.81,15.9,568.0,15.0,4.0,
447,22657,John Bates,TE,61,WAS,14.22,-46.5,-46.5,193.7,12.84,15.6,396.0,13.0,1.0,
448,ESPN-4954445,Dillon Thieneman,IDP,125,CHI,195.48,-132.78,-46.5,220.0,,,,,,
449,21142,Olamide Zaccheaus,WR,111,ATL,24.94,-46.49,-46.5,169.1,24.27,25.6,339.0,12.0,3.0,
450,ESPN-4373809,Jevon Holland,IDP,126,NYG,195.28,-132.98,-46.5,220.0,,,,,,
451,ESPN-4685617,Kevin Winston Jr.,IDP,124,TEN,195.5,-132.76,-46.5,220.0,,,,,,
452,24214,Keaton Mitchell,RB,61,LAC,28.07,-46.77,-46.8,74.0,28.14,28.0,147.0,8.0,3.0,126.0
453,ESPN-4698244,Teddye Buchanan,IDP,127,BAL,194.55,-133.71,-46.8,220.0,,,,,,
454,18983,James Conner,RB,62,ARI,27.91,-46.93,-46.9,88.7,33.13,22.7,183.0,9.0,2.0,197.0
455,ESPN-4035824,Brandon Stephens,IDP,128,NYJ,194.38,-133.88,-46.9,220.0,,,,,,
456,23193,Tank Bigsby,RB,63,PHI,27.81,-47.03,-47.0,81.3,27.12,28.5,151.0,8.0,4.0,128.0
457,23165,Marvin Mims Jr.,WR,112,DEN,24.3,-47.13,-47.1,132.6,24.4,24.2,278.0,11.0,2.0,296.0
458,ESPN-4428550,Omar Speights,IDP,129,LAR,193.54,-134.72,-47.2,220.0,,,,,,
459,24347,Xavier Hutchinson,WR,113,HOU,24.03,-47.4,-47.4,327.4,23.36,24.7,357.0,12.0,3.0,
460,ESPN-4596363,Kamren Kinchens,IDP,130,LAR,192.13,-136.13,-47.6,220.0,,,,,,
461,ESPN-3121003,Taron Johnson,IDP,131,LV,191.89,-136.37,-47.7,220.0,,,,,,
462,23662,Jake Tonges,TE,62,SF,12.89,-47.83,-47.8,111.4,10.79,15.0,319.0,11.0,3.0,412.0
463,22521,Jeremy Ruckert,TE,62,NYJ,12.89,-47.83,-47.8,155.3,11.39,14.4,525.0,14.0,4.0,
464,ESPN-4685530,Malaki Starks,IDP,132,BAL,190.96,-137.3,-48.1,220.0,,,,,,
465,ESPN-4427325,Renardo Green,IDP,133,SF,190.26,-138.0,-48.3,220.0,,,,,,
466,23880,Malik Davis,RB,64,DAL,26.48,-48.36,-48.4,142.0,25.97,27.0,262.0,10.0,4.0,
467,26943,Nate Boerkircher,TE,65,JAX,12.18,-48.54,-48.5,343.6,11.05,13.3,486.0,14.0,3.0,
468,25875,Mitchell Evans,TE,64,CAR,12.27,-48.45,-48.5,286.9,11.04,13.5,428.0,13.0,2.0,
469,24068,KaVontae Turpin,WR,114,DAL,22.7,-48.73,-48.7,177.5,21.39,24.0,380.0,12.0,2.0,
470,22613,Joshua Palmer,WR,115,BUF,22.66,-48.77,-48.8,149.9,20.43,24.9,333.0,12.0,4.0,
471,23486,Grant Calcaterra,TE,66,PHI,11.62,-49.1,-49.1,186.8,12.93,10.3,,,,
472,24180,DeMario Douglas,WR,116,NE,22.26,-49.17,-49.2,139.5,22.21,22.3,343.0,12.0,2.0,
473,26737,Adam Randall,RB,65,BAL,25.62,-49.22,-49.2,299.7,24.84,26.4,304.0,11.0,3.0,292.0
474,26731,Chris Brazzell II,WR,117,CAR,22.12,-49.31,-49.3,144.4,22.14,22.1,275.0,10.0,2.0,268.0
475,ESPN-4602197,Andrew Mukuba,IDP,134,PHI,187.36,-140.9,-49.3,220.0,,,,,,
476,ESPN-4035661,Julian Blackmon,IDP,134,NO,187.36,-140.9,-49.3,220.0,,,,,,
477,ESPN-4697639,Jaylen Watson,IDP,136,LAR,187.14,-141.12,-49.4,220.0,,,,,,
478,23192,Chris Brooks,RB,66,GB,25.45,-49.39,-49.4,247.5,25.29,25.6,258.0,10.0,4.0,199.0
479,21747,Brandon Aiyuk,WR,118,SF,21.71,-49.72,-49.7,106.5,21.71,,241.0,10.0,2.0,301.0
480,20931,Drew Sample,TE,67,CIN,11.0,-49.72,-49.7,226.3,10.2,11.8,440.0,13.0,3.0,
481,18019,Nick Vannett,TE,68,SEA,10.79,-49.93,-49.9,333.3,9.18,12.4,,,,
482,ESPN-4038999,Byron Murphy Jr.,IDP,137,MIN,185.75,-142.51,-49.9,220.0,,,,,,
483,ESPN-4688930,Javon Bullard,IDP,138,GB,185.05,-143.21,-50.1,220.0,,,,,,
484,24986,Cade Stover,TE,69,HOU,10.5,-50.22,-50.2,368.3,9.6,11.4,493.0,14.0,4.0,
485,ESPN-4683813,Jonas Sanker,IDP,139,NO,184.61,-143.65,-50.3,220.0,,,,,,
486,24985,Ben Sinnott,TE,70,WAS,10.22,-50.5,-50.5,296.3,8.85,11.6,404.0,13.0,1.0,
487,26754,Jack Endries,TE,72,CIN,9.98,-50.74,-50.7,393.9,8.86,11.1,,,,
488,25972,Jackson Hawes,TE,71,BUF,10.04,-50.68,-50.7,350.5,8.77,11.3,546.0,14.0,3.0,
489,ESPN-4361093,Kyler Gordon,IDP,140,CHI,183.53,-144.73,-50.7,220.0,,,,,,
490,ESPN-4568624,Dorian Williams,IDP,141,BUF,183.17,-145.09,-50.8,220.0,,,,,,
491,22566,Calvin Austin III,WR,120,NYG,20.51,-50.92,-50.9,160.7,18.52,22.5,332.0,12.0,4.0,
492,24288,Luke Schoonmaker,TE,74,DAL,9.8,-50.92,-50.9,367.8,8.8,10.8,452.0,13.0,2.0,
493,24964,Keon Coleman,WR,119,BUF,20.53,-50.9,-50.9,127.7,19.06,22.0,245.0,10.0,4.0,195.0
494,24686,Nate Adkins,TE,73,DEN,9.81,-50.91,-50.9,474.8,8.22,11.4,544.0,14.0,4.0,
495,23143,Will Mallory,TE,75,IND,9.72,-51.0,-51.0,460.5,8.74,10.7,,,,
496,28066,Michael Trigg,TE,76,DAL,9.7,-51.02,-51.0,151.4,9.7,,481.0,14.0,2.0,656.0
497,ESPN-4816107,Benjamin Morrison,IDP,142,TB,182.18,-146.08,-51.1,220.0,,,,,,
498,22119,Charlie Woerner,TE,77,ATL,9.57,-51.15,-51.1,221.4,8.63,10.5,,,,
499,25892,Elijah Sarratt,WR,121,BAL,20.02,-51.41,-51.4,137.5,18.04,22.0,254.0,10.0,4.0,220.0
500,20884,Foster Moreau,TE,78,HOU,9.23,-51.49,-51.5,255.9,8.16,10.3,567.0,15.0,4.0,
501,ESPN-4427250,Sauce Gardner,IDP,143,IND,181.03,-147.23,-51.5,220.0,,,,,,
502,20506,Tanner Hudson,TE,79,CIN,9.21,-51.51,-51.5,267.7,8.23,10.2,538.0,14.0,3.0,
503,24348,Cedric Tillman,WR,122,CLE,19.94,-51.49,-51.5,336.2,17.08,22.8,324.0,12.0,3.0,
504,22602,Tutu Atwell,WR,123,MIA,19.83,-51.6,-51.6,154.3,20.26,19.4,382.0,12.0,3.0,441.0
505,26955,Bauer Sharp,TE,80,TB,9.09,-51.63,-51.6,382.6,8.07,10.1,,,,
506,ESPN-4692025,Brian Branch,IDP,144,DET,180.61,-147.65,-51.7,220.0,,,,,,
507,25079,Kimani Vidal,RB,67,LAC,23.18,-51.66,-51.7,88.2,22.56,23.8,180.0,9.0,3.0,151.0
508,ESPN-4361939,Andre Cisco,IDP,145,NYJ,180.52,-147.74,-51.7,220.0,,,,,,
509,ESPN-4432571,Tarheeb Still,IDP,146,LAC,180.22,-148.04,-51.8,220.0,,,,,,
510,28056,Dallen Bentley,TE,81,DEN,8.96,-51.76,-51.8,386.0,7.83,10.1,,,,
511,25513,Cam Grandy,TE,83,CIN,8.91,-51.81,-51.8,442.2,7.73,10.1,,,,
512,24211,Zack Kuntz,TE,81,DAL,8.96,-51.76,-51.8,153.3,8.96,,,,,
513,ESPN-2579621,Denzel Perryman,IDP,147,LAC,180.12,-148.14,-51.8,220.0,,,,,,
514,18900,Mo Alie-Cox,TE,85,IND,8.83,-51.89,-51.9,304.2,7.96,9.7,533.0,14.0,3.0,
515,23720,Zaire Mitchell-Paden,TE,84,NO,8.87,-51.85,-51.9,158.3,7.83,9.9,,,,
516,ESPN-4431517,Calen Bullock,IDP,148,HOU,180.07,-148.19,-51.9,220.0,,,,,,
517,ESPN-3917853,Mike Jackson,IDP,149,CAR,179.83,-148.43,-52.0,220.0,,,,,,
518,ESPN-3943270,Rasul Douglas,IDP,150,WSH,179.58,-148.68,-52.0,220.0,,,,,,
519,26476,Jahdae Walker,WR,124,CHI,19.39,-52.04,-52.0,294.3,17.58,21.2,435.0,13.0,3.0,
520,ESPN-4880124,Mansoor Delane,IDP,151,KC,179.51,-148.75,-52.1,220.0,,,,,,
521,ESPN-4241720,Marcus Jones,IDP,152,NE,179.05,-149.21,-52.2,220.0,,,,,,
522,25529,Hayden Rucci,TE,87,SF,8.47,-52.25,-52.2,404.3,8.47,,,,,
523,26976,Matt Hibner,TE,86,BAL,8.54,-52.18,-52.2,371.2,8.54,,494.0,14.0,4.0,
524,26055,Thomas Fidone II,TE,88,NYG,8.4,-52.32,-52.3,415.6,7.4,9.4,,,,
525,25144,Devin Culp,TE,89,TB,8.29,-52.43,-52.4,455.5,8.28,8.3,,,,
526,26940,John Michael Gyllenborg,TE,92,KC,8.17,-52.55,-52.5,392.4,8.17,,,,,
527,25104,Jaheim Bell,TE,90,PIT,8.27,-52.45,-52.5,457.0,7.23,9.3,,,,
528,28051,Kevin Coleman Jr.,WR,125,MIA,18.97,-52.46,-52.5,214.9,19.54,18.4,379.0,12.0,3.0,
529,26842,Justin Joly,TE,91,DEN,8.26,-52.46,-52.5,285.0,6.42,10.1,375.0,12.0,4.0,
530,26273,Rivaldo Fairweather,TE,93,ARI,8.02,-52.7,-52.7,,8.02,,,,,
531,ESPN-4035631,Brian Burns,IDP,153,NYG,177.76,-150.5,-52.7,220.0,,,,,,
532,23355,Teagan Quitoriano,TE,93,ARI,8.02,-52.7,-52.7,167.6,8.02,,,,,
533,23737,Tanner Conner,TE,95,NYG,7.97,-52.75,-52.8,180.4,7.97,,,,,
534,ESPN-4565190,Dallas Turner,IDP,155,MIN,177.29,-150.97,-52.8,220.0,,,,,,
535,25002,Drake Dabney,TE,96,GB,7.92,-52.8,-52.8,404.8,6.93,8.9,,,,
536,ESPN-3873935,Jamel Dean,IDP,154,PIT,177.51,-150.75,-52.8,220.0,,,,,,
537,ESPN-4431321,Dru Phillips,IDP,156,NYG,177.23,-151.03,-52.9,220.0,,,,,,
538,18047,Demarcus Robinson,WR,127,SF,18.38,-53.05,-53.0,283.0,17.05,19.7,474.0,14.0,2.0,
539,25976,Jaylin Lane,WR,126,WAS,18.46,-52.97,-53.0,327.8,14.81,22.1,361.0,12.0,2.0,
540,ESPN-4429071,Cody Simon,IDP,157,ARI,176.53,-151.73,-53.1,220.0,,,,,,
541,26956,Seydou Traore,TE,97,MIA,7.62,-53.1,-53.1,372.7,6.64,8.6,,,,
542,19943,Durham Smythe,TE,97,BAL,7.62,-53.1,-53.1,291.9,7.04,8.2,485.0,14.0,4.0,
543,ESPN-4429511,SirVocea Dennis,IDP,158,TB,176.14,-152.12,-53.2,220.0,,,,,,
544,ESPN-4697757,Treydan Stukes,IDP,159,LV,176.01,-152.25,-53.3,220.0,,,,,,
545,25112,Jared Wiley,TE,99,KC,7.26,-53.46,-53.5,437.3,7.26,,,,,
546,19318,Kendrick Bourne,WR,128,ARI,17.86,-53.57,-53.6,210.5,18.41,17.3,351.0,12.0,2.0,
547,26396,Keleki Latu,TE,100,BUF,7.15,-53.57,-53.6,387.5,7.15,,,,,
548,26756,Jaren Kanak,TE,101,TEN,7.13,-53.59,-53.6,363.3,7.13,,,,,
549,ESPN-4360383,Kerby Joseph,IDP,160,DET,174.57,-153.69,-53.8,220.0,,,,,,
550,23211,MarShawn Lloyd,RB,68,GB,21.01,-53.83,-53.8,196.7,16.62,25.4,215.0,9.0,4.0,181.0
551,ESPN-3895841,Mike Hughes,IDP,161,ATL,174.42,-153.84,-53.8,220.0,,,,,,
552,26753,Max Klare,TE,102,LAR,6.69,-54.03,-54.0,144.9,6.17,7.2,336.0,12.0,4.0,368.0
553,ESPN-4040605,Nick Bosa,IDP,162,SF,173.82,-154.44,-54.1,220.0,,,,,,
554,ESPN-4429168,Antonio Johnson,IDP,163,JAX,173.52,-154.74,-54.2,220.0,,,,,,
555,ESPN-4912847,Jacob Parrish,IDP,164,TB,173.51,-154.75,-54.2,220.0,,,,,,
556,24375,Josh Whyle,TE,103,GB,6.54,-54.18,-54.2,381.6,6.54,,,,,
557,24991,Jawhar Jordan,RB,69,HOU,20.64,-54.2,-54.2,242.6,21.98,19.3,362.0,12.0,4.0,
558,ESPN-4875196,Byron Young,IDP,165,LAR,173.07,-155.19,-54.3,220.0,,,,,,
559,22524,James Mitchell,TE,104,CAR,6.3,-54.42,-54.4,175.0,6.3,,,,,
560,22509,Hunter Long,TE,105,JAX,6.2,-54.52,-54.5,194.2,6.59,5.8,,,,
561,24923,Jaylen Wright,RB,70,MIA,20.38,-54.46,-54.5,110.4,20.45,20.3,218.0,10.0,3.0,223.0
562,ESPN-4426374,Tyrique Stevenson,IDP,166,CHI,172.3,-155.96,-54.6,220.0,,,,,,
563,24309,Emanuel Wilson,RB,71,SEA,20.2,-54.64,-54.6,105.5,20.01,20.4,175.0,9.0,4.0,132.0
564,24151,Payne Durham,TE,106,TB,6.06,-54.66,-54.7,390.5,5.83,6.3,,,,
565,ESPN-4426506,Joey Porter Jr.,IDP,167,PIT,171.85,-156.41,-54.7,220.0,,,,,,
566,26843,Joe Royer,TE,108,CLE,5.89,-54.83,-54.8,367.3,5.79,6.0,,,,
567,26938,Sam Roush,TE,107,CHI,5.92,-54.8,-54.8,324.9,5.55,6.3,559.0,15.0,2.0,
568,ESPN-4372020,Josh Jobe,IDP,168,SEA,171.32,-156.94,-54.9,220.0,,,,,,
569,ESPN-4685408,Will Johnson,IDP,170,ARI,170.71,-157.55,-55.1,220.0,,,,,,
570,ESPN-4565200,Upton Stout,IDP,169,SF,170.72,-157.54,-55.1,220.0,,,,,,
571,25134,Brevyn Spann-Ford,TE,109,DAL,5.5,-55.22,-55.2,364.3,4.3,6.7,,,,
572,ESPN-4688931,Maxwell Hairston,IDP,171,BUF,170.44,-157.82,-55.2,220.0,,,,,,
573,23650,Lucas Krull,TE,110,DEN,5.41,-55.31,-55.3,162.2,4.62,6.2,,,,
574,ESPN-3919548,Justin Strnad,IDP,172,DEN,169.93,-158.33,-55.4,220.0,,,,,,
575,ESPN-2971282,DeForest Buckner,IDP,173,IND,169.84,-158.42,-55.4,220.0,,,,,,
576,ESPN-4372012,Pat Surtain II,IDP,173,DEN,169.84,-158.42,-55.4,220.0,,,,,,
577,ESPN-3045282,T.J. Watt,IDP,175,PIT,169.71,-158.55,-55.5,220.0,,,,,,
578,25141,Tip Reiman,TE,111,ARI,5.11,-55.61,-55.6,425.5,4.01,6.2,,,,
579,24987,Luke McCaffrey,WR,129,WAS,15.78,-55.65,-55.6,317.5,15.16,16.4,327.0,12.0,2.0,
580,28057,Josh Cuevas,TE,112,BAL,4.94,-55.78,-55.8,399.8,3.97,5.9,,,,
581,24354,Blake Whiteheart,TE,113,CLE,4.82,-55.9,-55.9,454.5,4.55,5.1,,,,
582,23119,Treylon Burks,WR,130,WAS,15.41,-56.02,-56.0,154.8,14.33,16.5,355.0,12.0,2.0,
583,14901,Kyle Juszczyk,RB,72,SF,18.79,-56.05,-56.0,292.3,18.79,,,,,
584,ESPN-4361652,Payton Wilson,IDP,176,PIT,168.09,-160.17,-56.1,220.0,,,,,,
585,ESPN-3122132,Myles Garrett,IDP,177,LAR,168.01,-160.25,-56.1,220.0,,,,,,
586,ESPN-4034953,C.J. Gardner-Johnson,IDP,178,BUF,167.85,-160.41,-56.1,220.0,,,,,,
587,18422,Kalif Raymond,WR,131,CHI,15.21,-56.22,-56.2,253.4,13.91,16.5,372.0,12.0,3.0,
588,ESPN-4044540,Isaiah Rodgers,IDP,179,MIN,167.54,-160.72,-56.3,220.0,,,,,,
589,ESPN-4242488,Deommodore Lenoir,IDP,180,SF,167.35,-160.91,-56.3,220.0,,,,,,
590,26948,Zavion Thomas,WR,132,CHI,14.76,-56.67,-56.7,295.3,16.82,12.7,381.0,12.0,3.0,
591,19910,Ian Thomas,TE,114,LV,4.06,-56.66,-56.7,262.3,2.22,5.9,,,,
592,26799,Skyler Bell,WR,133,BUF,14.64,-56.79,-56.8,214.5,13.78,15.5,309.0,11.0,4.0,292.0
593,22823,Kylen Granson,TE,116,TEN,3.68,-57.04,-57.0,212.0,3.68,,,,,
594,25971,Oscar Delp,TE,115,NO,3.72,-57.0,-57.0,223.8,4.44,3.0,281.0,11.0,2.0,
595,ESPN-4242149,Montaric Brown,IDP,181,JAX,164.87,-163.39,-57.2,220.0,,,,,,
596,26038,Jaydon Blue,RB,73,DAL,17.61,-57.23,-57.2,103.0,17.01,18.2,246.0,10.0,4.0,259.0
597,ESPN-4037333,Alex Highsmith,IDP,182,PIT,164.59,-163.67,-57.3,220.0,,,,,,
598,26852,Bryce Lance,WR,134,NO,14.09,-57.34,-57.3,290.9,13.27,14.9,352.0,12.0,3.0,
599,ESPN-3915297,Will Harris,IDP,183,WSH,164.27,-163.99,-57.4,220.0,,,,,,
600,22515,Cole Turner,TE,118,MIA,3.32,-57.4,-57.4,173.5,3.32,,,,,
601,21795,Luke Farrell,TE,117,SF,3.36,-57.36,-57.4,192.8,3.12,3.6,,,,
602,ESPN-4685724,Will Anderson Jr.,IDP,184,HOU,163.77,-164.49,-57.6,220.0,,,,,,
603,19988,Tyler Conklin,TE,119,DET,3.16,-57.56,-57.6,274.6,2.92,3.4,526.0,14.0,3.0,
604,22661,Jack Stoll,TE,122,CLE,3.07,-57.65,-57.6,185.9,3.07,,,,,
605,26793,Tanner Koziol,TE,121,JAX,3.08,-57.64,-57.6,362.8,2.85,3.3,,,,
606,25984,CJ Dippre,TE,120,NE,3.15,-57.57,-57.6,402.8,2.89,3.4,,,,
607,ESPN-4686273,Quinyon Mitchell,IDP,185,PHI,163.43,-164.83,-57.7,220.0,,,,,,
608,23608,Drew Ogletree,TE,123,IND,3.0,-57.72,-57.7,161.7,2.79,3.2,,,,
609,ESPN-4035495,Derrick Brown,IDP,186,CAR,163.33,-164.93,-57.7,220.0,,,,,,
610,25201,Jordan Whittington,WR,135,LAR,13.59,-57.84,-57.8,320.4,12.37,14.8,393.0,13.0,1.0,
611,19035,Eric Saubert,TE,124,SEA,2.9,-57.82,-57.8,303.7,2.7,3.1,,,,
612,23618,Ko Kieft,TE,125,TB,2.83,-57.89,-57.9,157.8,2.83,,,,,
613,25907,Deion Burks,WR,136,IND,13.47,-57.96,-58.0,277.6,13.47,,392.0,13.0,4.0,
614,25911,Jalen Royals,WR,137,KC,13.38,-58.05,-58.0,302.2,10.07,16.7,329.0,12.0,2.0,
615,ESPN-4905664,A.J. Haulcy,IDP,187,IND,161.87,-166.39,-58.2,220.0,,,,,,
616,19165,Johnny Mundt,TE,126,PHI,2.52,-58.2,-58.2,305.2,2.14,2.9,,,,
617,25988,Moliki Matavao,TE,127,NO,2.5,-58.22,-58.2,400.8,2.5,,552.0,15.0,2.0,
618,ESPN-4243328,Elijah Molden,IDP,188,LAC,161.28,-166.98,-58.4,220.0,,,,,,
619,ESPN-4427404,Cam Hart,IDP,189,LAC,161.08,-167.18,-58.5,220.0,,,,,,
620,26274,Ben Yurosek,TE,128,MIN,2.17,-58.55,-58.5,388.0,2.17,,,,,
621,25039,Roman Wilson,WR,138,PIT,12.84,-58.59,-58.6,318.5,12.84,,479.0,14.0,3.0,
622,ESPN-4243253,Jaylon Johnson,IDP,191,CHI,160.15,-168.11,-58.8,220.0,,,,,,
623,ESPN-4382401,Riley Moss,IDP,190,DEN,160.16,-168.1,-58.8,220.0,,,,,,
624,23644,Stone Smartt,TE,129,PHI,1.68,-59.04,-59.0,170.1,1.68,,,,,
625,16389,Odell Beckham Jr.,WR,139,NYG,12.33,-59.1,-59.1,230.7,10.96,13.7,442.0,13.0,4.0,
626,22506,Brevin Jordan,TE,130,HOU,1.54,-59.18,-59.2,188.8,1.54,,,,,
627,ESPN-4037361,Charvarius Ward,IDP,192,IND,158.98,-169.28,-59.2,220.0,,,,,,
628,ESPN-3045207,Jourdan Lewis,IDP,193,JAX,158.82,-169.44,-59.3,220.0,,,,,,
629,23196,George Holani,RB,74,SEA,15.55,-59.29,-59.3,194.7,15.11,16.0,266.0,10.0,4.0,266.0
630,ESPN-4869579,Chris Johnson,IDP,195,MIA,158.41,-169.85,-59.4,220.0,,,,,,
631,ESPN-4570469,Marcus Harris,IDP,194,TEN,158.47,-169.79,-59.4,220.0,,,,,,
632,ESPN-4372099,Aidan Hutchinson,IDP,196,DET,158.25,-170.01,-59.5,220.0,,,,,,
633,25986,LeQuint Allen Jr.,RB,75,JAX,15.26,-59.58,-59.6,225.8,15.52,15.0,283.0,11.0,4.0,259.0
634,17762,Chris Manhertz,TE,131,NYG,1.0,-59.72,-59.7,331.8,0.6,1.4,,,,
635,24978,Devontez Walker,WR,140,BAL,11.61,-59.82,-59.8,237.1,10.21,13.0,387.0,13.0,4.0,
636,24421,Cameron Latu,TE,132,PHI,0.74,-59.98,-60.0,453.6,0.74,,,,,
637,25935,Malachi Fields,WR,141,NYG,11.38,-60.05,-60.0,113.9,10.57,12.2,273.0,10.0,4.0,329.0
638,23084,Shane Zylstra,TE,133,BUF,0.42,-60.3,-60.3,187.3,0.42,,,,,
639,25064,Isaiah Davis,RB,76,NYJ,14.5,-60.34,-60.3,244.5,14.81,14.2,271.0,10.0,3.0,
640,ESPN-2976560,Danielle Hunter,IDP,197,HOU,155.65,-172.61,-60.4,220.0,,,,,,
641,22498,Feleipe Franks,TE,134,CAR,0.32,-60.4,-60.4,216.4,0.32,,,,,
642,19491,Robert Tonyan,TE,134,PIT,0.32,-60.4,-60.4,298.8,0.32,,,,,
643,26102,Dont'e Thornton Jr.,WR,142,LV,10.96,-60.47,-60.5,307.1,10.31,11.6,344.0,12.0,2.0,
644,19207,Tim Patrick,WR,143,NYJ,10.67,-60.76,-60.8,246.5,10.67,,448.0,13.0,4.0,
645,25899,Brashard Smith,RB,77,KC,13.98,-60.86,-60.9,136.6,16.16,11.8,297.0,11.0,3.0,331.0
646,ESPN-4379778,Christian Benford,IDP,198,BUF,154.2,-174.06,-60.9,220.0,,,,,,
647,25100,Frank Gore Jr.,RB,78,BUF,13.86,-60.98,-61.0,430.4,13.21,14.5,466.0,14.0,2.0,
648,25953,Ollie Gordon II,RB,79,MIA,13.84,-61.0,-61.0,230.2,13.67,14.0,231.0,10.0,3.0,144.0
649,ESPN-3139368,Marcus Epps,IDP,199,PHI,153.83,-174.43,-61.1,220.0,,,,,,
650,26740,Fernando Mendoza,QB,30,LV,83.51,-61.07,-61.1,106.0,77.92,89.1,252.0,10.0,1.0,345.0
651,24980,Ray Davis,RB,80,BUF,13.55,-61.29,-61.3,99.6,13.1,14.0,181.0,9.0,2.0,151.0
652,24238,Kendre Miller,RB,81,NO,13.42,-61.42,-61.4,149.4,10.23,16.6,289.0,11.0,3.0,321.0
653,25001,Konata Mumpfield,WR,144,LAR,10.07,-61.36,-61.4,224.8,9.24,10.9,325.0,12.0,1.0,
654,ESPN-3910229,Rock Ya-Sin,IDP,200,DET,152.64,-175.62,-61.5,220.0,,,,,,
655,26835,Emmett Johnson,RB,82,KC,13.22,-61.62,-61.6,86.8,12.64,13.8,197.0,9.0,3.0,224.0
656,25900,DJ Giddens,RB,84,IND,13.11,-61.73,-61.7,231.7,12.62,13.6,257.0,10.0,4.0,282.0
657,21852,Ty Chandler,RB,83,NO,13.16,-61.68,-61.7,269.7,12.43,13.9,444.0,13.0,3.0,
658,19023,Mack Hollins,WR,145,NE,9.43,-62.0,-62.0,190.3,8.75,10.1,294.0,11.0,2.0,
659,25090,Terrell Jennings,RB,85,NE,12.69,-62.15,-62.1,410.2,12.69,,414.0,13.0,2.0,
660,23840,Kevin Austin Jr.,WR,147,NO,9.28,-62.15,-62.1,172.6,9.28,,540.0,14.0,3.0,
661,26809,Brenen Thompson,WR,146,LAC,9.29,-62.14,-62.1,296.8,8.58,10.0,349.0,12.0,2.0,385.0
662,ESPN-4572036,DJ Turner II,IDP,201,CIN,150.7,-177.56,-62.1,220.0,,,,,,
663,ESPN-4570470,Nahshon Wright,IDP,202,NYJ,150.61,-177.65,-62.2,220.0,,,,,,
664,ESPN-3916409,Jonathan Greenard,IDP,203,PHI,150.29,-177.97,-62.3,220.0,,,,,,
665,ESPN-4697636,Chau Smith-Wade,IDP,204,CAR,150.21,-178.05,-62.3,220.0,,,,,,
666,26857,Aaron Anderson,WR,148,CLE,9.06,-62.37,-62.4,378.1,9.06,,,,,
667,ESPN-13977,Cameron Heyward,IDP,206,PIT,149.88,-178.38,-62.4,220.0,,,,,,
668,24194,Sean Tucker,RB,86,TB,12.46,-62.38,-62.4,101.6,12.01,12.9,179.0,9.0,2.0,158.0
669,26059,Keandre Lambert-Smith,WR,149,LAC,9.05,-62.38,-62.4,373.2,8.31,9.8,577.0,15.0,2.0,
670,ESPN-4429607,Cor'Dale Flott,IDP,205,TEN,150.02,-178.24,-62.4,220.0,,,,,,
671,ESPN-4259561,Eric Stokes,IDP,207,LV,149.73,-178.53,-62.5,220.0,,,,,,
672,24372,Roschon Johnson,RB,87,CHI,12.38,-62.46,-62.5,342.6,10.65,14.1,413.0,13.0,2.0,
673,ESPN-4240780,Lonnie Johnson Jr.,IDP,209,MIA,148.72,-179.54,-62.8,220.0,,,,,,
674,26846,Eric Rivers Jr.,WR,150,TB,8.66,-62.77,-62.8,421.0,8.66,,,,,
675,ESPN-4242436,Theo Jackson,IDP,208,MIN,148.89,-179.37,-62.8,220.0,,,,,,
676,25886,Jonah Coleman,RB,88,DEN,11.95,-62.89,-62.9,74.9,11.5,12.4,155.0,8.0,2.0,167.0
677,ESPN-4401823,Dee Alford,IDP,210,BUF,148.06,-180.2,-63.1,220.0,,,,,,
678,26736,J'Mari Taylor,RB,89,JAX,11.51,-63.33,-63.3,288.4,11.51,,366.0,12.0,4.0,
679,ESPN-4360277,Jalen Redmond,IDP,211,MIN,147.5,-180.76,-63.3,220.0,,,,,,
680,ESPN-4578085,Jared Verse,IDP,212,CLE,147.37,-180.89,-63.3,220.0,,,,,,
681,19976,Marquez Valdes-Scantling,WR,151,DAL,8.07,-63.36,-63.4,300.7,8.07,,443.0,13.0,2.0,
682,20939,David Sills V,WR,152,TB,8.02,-63.41,-63.4,317.0,8.02,,554.0,15.0,4.0,
683,ESPN-4567462,Ja'Quan McMillian,IDP,213,DEN,146.93,-181.33,-63.5,220.0,,,,,,
684,ESPN-4259252,James Pierre,IDP,214,MIN,146.75,-181.51,-63.5,220.0,,,,,,
685,25955,Phil Mafah,RB,90,DAL,11.34,-63.5,-63.5,326.9,11.58,11.1,384.0,13.0,4.0,
686,26979,Cyrus Allen,WR,153,KC,7.86,-63.57,-63.6,204.6,9.51,6.2,390.0,13.0,2.0,
687,ESPN-4431442,Tuli Tuipulotu,IDP,215,LAC,146.12,-182.14,-63.7,220.0,,,,,,
688,25912,Kyle Williams,WR,154,NE,7.75,-63.68,-63.7,133.1,7.01,8.5,290.0,11.0,2.0,312.0
689,ESPN-4361366,Tommy Togiai,IDP,216,HOU,145.92,-182.34,-63.8,220.0,,,,,,
690,ESPN-4426349,Travon Walker,IDP,217,JAX,145.62,-182.64,-63.9,220.0,,,,,,
691,25934,Tez Johnson,WR,155,TB,7.48,-63.95,-64.0,310.1,6.97,8.0,330.0,12.0,4.0,
692,ESPN-4362506,Greg Rousseau,IDP,218,BUF,145.09,-183.17,-64.1,220.0,,,,,,
693,26771,Jam Miller,RB,91,NE,10.59,-64.25,-64.2,279.0,10.37,10.8,411.0,13.0,2.0,
694,26034,Isaiah Bond,WR,156,CLE,7.27,-64.16,-64.2,236.6,7.73,6.8,306.0,11.0,3.0,
695,22535,Elijah Mitchell,RB,91,PHI,10.59,-64.25,-64.2,211.5,10.37,10.8,456.0,13.0,4.0,
696,ESPN-4240575,Geno Stone,IDP,219,BUF,144.51,-183.75,-64.3,220.0,,,,,,
697,ESPN-3918310,Carl Granderson,IDP,221,NO,144.19,-184.07,-64.4,220.0,,,,,,
698,ESPN-4040982,Quinnen Williams,IDP,220,DAL,144.27,-183.99,-64.4,220.0,,,,,,
699,ESPN-4683215,Danny Stutsman,IDP,222,NO,144.07,-184.19,-64.5,220.0,,,,,,
700,24342,Mitch Tinsley,WR,157,CIN,6.67,-64.76,-64.8,418.1,6.14,7.2,455.0,13.0,4.0,
701,ESPN-16802,DeMarcus Lawrence,IDP,223,SEA,143.13,-185.13,-64.8,220.0,,,,,,
702,20941,Devin Singletary,RB,93,NYG,9.86,-64.98,-65.0,157.3,8.71,11.0,293.0,11.0,4.0,299.0
703,19065,Jeremy McNichols,RB,94,WAS,9.61,-65.23,-65.2,321.9,9.03,10.2,400.0,13.0,4.0,
704,ESPN-4371973,Roger McCreary,IDP,224,DET,141.92,-186.34,-65.2,220.0,,,,,,
705,21843,Salvon Ahmed,RB,96,CHI,9.49,-65.35,-65.3,312.1,9.08,9.9,,,,
706,ESPN-4360488,JuJu Brents,IDP,226,MIA,141.62,-186.64,-65.3,220.0,,,,,,
707,ESPN-4426434,Derek Stingley Jr.,IDP,225,HOU,141.76,-186.5,-65.3,220.0,,,,,,
708,25948,Trevor Etienne,RB,95,CAR,9.57,-65.27,-65.3,351.0,8.04,11.1,312.0,11.0,1.0,
709,ESPN-4239094,Coby Bryant,IDP,227,CHI,141.5,-186.76,-65.4,220.0,,,,,,
710,ESPN-3134690,Montez Sweat,IDP,228,CHI,141.16,-187.1,-65.5,220.0,,,,,,
711,ESPN-3915535,Denzel Ward,IDP,230,CLE,141.01,-187.25,-65.5,220.0,,,,,,
712,20816,Lil'Jordan Humphrey,WR,159,DEN,5.91,-65.52,-65.5,273.6,5.91,,488.0,14.0,2.0,
713,24990,Jarquez Hunter,RB,97,LAR,9.37,-65.47,-65.5,184.9,8.94,9.8,317.0,11.0,5.0,342.0
714,ESPN-3915239,Josh Hines-Allen,IDP,229,JAX,141.1,-187.16,-65.5,220.0,,,,,,
715,25888,Devin Neal,RB,100,NO,9.29,-65.55,-65.5,152.3,10.78,7.8,267.0,10.0,3.0,220.0
716,24178,Israel Abanikanda,RB,99,DAL,9.33,-65.51,-65.5,217.9,8.86,9.8,,,,
717,24743,Xavier Smith,WR,158,LAR,5.92,-65.51,-65.5,419.5,4.55,7.3,491.0,14.0,1.0,
718,23223,Dameon Pierce,RB,97,PHI,9.37,-65.47,-65.5,189.3,9.14,9.6,389.0,13.0,4.0,
719,26375,JP Richardson,WR,160,CHI,5.8,-65.63,-65.6,466.9,5.8,,,,,
720,23205,Jerome Ford,RB,102,WAS,9.12,-65.72,-65.7,208.5,10.83,7.4,296.0,11.0,4.0,
721,26764,Demond Claiborne,RB,101,MIN,9.18,-65.66,-65.7,114.4,8.76,9.6,253.0,10.0,4.0,283.0
722,ESPN-4241986,Chase Young,IDP,231,NO,140.26,-188.0,-65.8,220.0,,,,,,
723,25102,Will Shipley,RB,103,PHI,9.05,-65.79,-65.8,243.0,8.61,9.5,323.0,12.0,4.0,
724,25755,Donovan Edwards,RB,104,MIA,8.91,-65.93,-65.9,409.2,8.32,9.5,517.0,14.0,3.0,
725,24304,Carlos Washington Jr.,RB,104,MIA,8.91,-65.93,-65.9,387.0,8.32,9.5,,,,
726,26952,Malik Benson,WR,161,LV,5.46,-65.97,-66.0,258.3,5.31,5.6,431.0,13.0,2.0,
727,26942,Seth McGowan,RB,106,IND,8.86,-65.98,-66.0,297.8,8.32,9.4,305.0,11.0,4.0,
728,24971,Audric Estimé,RB,107,NO,8.74,-66.1,-66.1,185.4,8.74,,,,,
729,25126,Anthony Gould,WR,162,IND,5.31,-66.12,-66.1,416.1,5.12,5.5,541.0,14.0,4.0,
730,ESPN-4381558,Jordan Davis,IDP,232,PHI,139.23,-189.03,-66.2,220.0,,,,,,
731,ESPN-4241993,Pete Werner,IDP,233,NO,139.09,-189.17,-66.2,220.0,,,,,,
732,ESPN-4429568,Martin Emerson Jr.,IDP,235,NO,139.0,-189.26,-66.2,220.0,,,,,,
733,ESPN-3858276,Jaylinn Hawkins,IDP,234,BAL,139.01,-189.25,-66.2,220.0,,,,,,
734,21556,Tom Kennedy,WR,164,DET,5.08,-66.35,-66.3,264.2,5.08,,,,,
735,21071,Greg Dortch,WR,163,DET,5.17,-66.26,-66.3,184.4,4.84,5.5,406.0,13.0,4.0,
736,25939,Kaytron Allen,RB,109,WAS,8.43,-66.41,-66.4,104.5,8.27,8.6,213.0,9.0,4.0,224.0
737,24278,Hunter Luepke,RB,108,DAL,8.48,-66.36,-66.4,421.5,8.05,8.9,453.0,13.0,4.0,
738,26080,Raheim Sanders,RB,110,CLE,8.41,-66.43,-66.4,285.4,8.41,,370.0,12.0,3.0,
739,23341,Tyler Goodson,RB,111,ATL,8.27,-66.57,-66.6,248.5,8.27,,461.0,13.0,2.0,
740,22547,Ronnie Rivers,RB,112,LAR,8.19,-66.65,-66.7,179.0,8.19,,482.0,14.0,5.0,
741,ESPN-4040432,L'Jarius Sneed,IDP,236,KC,137.71,-190.55,-66.7,220.0,,,,,,
742,22592,Elijah Moore,WR,165,PHI,4.65,-66.78,-66.8,222.8,4.65,,458.0,13.0,4.0,
743,ESPN-4567219,Owen Pappoe,IDP,237,ARI,136.76,-191.5,-67.0,220.0,,,,,,
744,25949,Tahj Brooks,RB,113,CIN,7.69,-67.15,-67.2,235.7,7.58,7.8,313.0,11.0,2.0,
745,ESPN-4686334,Yaya Diaby,IDP,238,TB,136.32,-191.94,-67.2,220.0,,,,,,
746,23632,Brittain Brown,RB,114,CHI,7.6,-67.24,-67.2,261.8,7.6,,,,,
747,ESPN-3122793,Harold Landry III,IDP,239,NE,136.28,-191.98,-67.2,220.0,,,,,,
748,23482,Bo Melton,WR,166,GB,4.24,-67.19,-67.2,198.2,4.08,4.4,,,,
749,ESPN-4362847,Jaycee Horn,IDP,240,CAR,135.85,-192.41,-67.3,220.0,,,,,,
750,25032,Xavier Weaver,WR,167,ARI,4.05,-67.38,-67.4,480.7,4.05,,547.0,14.0,2.0,
751,25063,Isaac Guerendo,RB,115,SF,7.42,-67.42,-67.4,364.8,8.84,6.0,308.0,11.0,2.0,
752,ESPN-4426659,George Karlaftis,IDP,241,KC,135.72,-192.54,-67.4,220.0,,,,,,
753,25409,Mason Tipton,WR,168,NO,3.91,-67.52,-67.5,483.1,3.41,4.4,,,,
754,23487,Connor Heyward,RB,116,LV,7.39,-67.45,-67.5,165.2,7.39,,,,,
755,22590,Ben Skowronek,WR,169,PIT,3.88,-67.55,-67.5,233.2,3.77,4.0,,,,
756,23218,Pierre Strong Jr.,RB,117,GB,7.25,-67.59,-67.6,162.7,7.25,,501.0,14.0,4.0,
757,24511,Tyrell Shavers,WR,170,BUF,3.83,-67.6,-67.6,415.1,3.67,4.0,,,,
758,27045,Nicholas Singleton,RB,118,TEN,7.24,-67.6,-67.6,100.1,6.68,7.8,200.0,9.0,3.0,224.0
759,ESPN-4570040,Byron Murphy II,IDP,242,SEA,134.98,-193.28,-67.6,220.0,,,,,,
760,21760,Isaiah Hodgins,WR,171,NYG,3.71,-67.72,-67.7,211.0,3.71,,,,,
761,ESPN-3054857,A'Shawn Robinson,IDP,243,TB,134.5,-193.76,-67.8,220.0,,,,,,
762,24121,Derius Davis,WR,172,LAC,3.54,-67.89,-67.9,435.8,3.19,3.9,512.0,14.0,2.0,
763,25906,Colbie Young,WR,173,CIN,3.34,-68.09,-68.1,290.4,3.18,3.5,434.0,13.0,4.0,
764,22556,Jaret Patterson,RB,119,LAC,6.66,-68.18,-68.2,210.0,6.66,,459.0,13.0,3.0,
765,ESPN-4426412,Zach Harrison,IDP,244,ATL,133.44,-194.82,-68.2,220.0,,,,,,
766,ESPN-16195,Tony Jefferson,IDP,245,LAC,133.39,-194.87,-68.2,220.0,,,,,,
767,ESPN-4245185,Riq Woolen,IDP,246,PHI,133.22,-195.04,-68.3,220.0,,,,,,
768,19922,Justin Watson,WR,175,HOU,3.08,-68.35,-68.3,333.8,3.05,3.1,,,,
769,26849,CJ Daniels,WR,174,LAR,3.11,-68.32,-68.3,254.9,3.11,,429.0,13.0,1.0,
770,23161,Jonathan Mingo,WR,175,DAL,3.08,-68.35,-68.3,321.4,2.95,3.2,539.0,14.0,2.0,
771,25307,Darius Cooper,WR,177,PHI,3.03,-68.4,-68.4,322.9,2.86,3.2,,,,
772,ESPN-2971622,Leonard Williams,IDP,249,SEA,132.76,-195.5,-68.4,220.0,,,,,,
773,ESPN-4683848,Donovan Ezeiruaku,IDP,247,DAL,132.96,-195.3,-68.4,220.0,,,,,,
774,25205,Isaiah Williams,WR,178,NYJ,3.01,-68.42,-68.4,403.3,2.53,3.5,519.0,14.0,,
775,19120,David Moore,WR,179,CAR,3.0,-68.43,-68.4,305.7,2.49,3.5,,,,
776,ESPN-4384549,Cobie Durant,IDP,248,DAL,132.83,-195.43,-68.4,220.0,,,,,,
777,25924,Tai Felton,WR,180,MIN,2.94,-68.49,-68.5,270.2,2.88,3.0,468.0,14.0,5.0,
778,25982,Jimmy Horn Jr.,WR,181,CAR,2.9,-68.53,-68.5,297.3,4.4,1.4,,,,
779,ESPN-4431194,Billy Bowman Jr.,IDP,250,ATL,132.15,-196.11,-68.6,220.0,,,,,,
780,21964,Cody White,WR,182,SEA,2.72,-68.71,-68.7,259.3,2.72,,,,,
781,26289,Nathan Carter,RB,120,ATL,5.92,-68.92,-68.9,398.8,5.92,,510.0,14.0,2.0,
782,ESPN-4360259,Nik Bonitto,IDP,251,DEN,131.36,-196.9,-68.9,220.0,,,,,,
783,ESPN-3052743,Trey Hendrickson,IDP,252,BAL,131.26,-197.0,-68.9,220.0,,,,,,
784,26945,Reggie Virgil,WR,183,ARI,2.52,-68.91,-68.9,366.8,2.34,2.7,487.0,14.0,2.0,
785,24979,Malachi Corley,WR,184,CLE,2.43,-69.0,-69.0,347.1,2.46,2.4,,,,
786,23231,Tyler Badie,RB,121,DEN,5.86,-68.98,-69.0,269.2,5.21,6.5,575.0,15.0,2.0,
787,ESPN-16710,Khalil Mack,IDP,253,LAC,130.96,-197.3,-69.1,220.0,,,,,,
788,ESPN-4685248,David Bailey,IDP,254,NYJ,130.5,-197.76,-69.2,220.0,,,,,,
789,17914,Laquon Treadwell,WR,185,IND,2.27,-69.16,-69.2,384.0,2.27,,,,,
790,ESPN-4374171,Austin Ajiake,IDP,258,IND,130.25,-198.01,-69.3,220.0,,,,,,
791,28138,Dane Key,WR,186,DEN,2.12,-69.31,-69.3,433.8,2.12,,,,,
792,26844,Noah Thomas,WR,186,CIN,2.12,-69.31,-69.3,443.7,2.12,,,,,
793,26967,Trebor Pena,WR,186,JAX,2.12,-69.31,-69.3,412.6,2.12,,,,,
794,26851,Chase Roberts,WR,186,LV,2.12,-69.31,-69.3,414.1,2.12,,,,,
795,21675,Tyler Johnson,WR,190,DAL,2.08,-69.35,-69.3,284.0,2.08,,565.0,15.0,2.0,
796,ESPN-3052101,Chidobe Awuzie,IDP,259,BAL,130.19,-198.07,-69.3,220.0,,,,,,
797,ESPN-4039064,Malcolm Roach,IDP,257,DEN,130.28,-197.98,-69.3,220.0,,,,,,
798,ESPN-2972342,Adam Butler,IDP,256,LV,130.3,-197.96,-69.3,220.0,,,,,,
799,ESPN-4361422,Odafe Oweh,IDP,255,WSH,130.34,-197.92,-69.3,220.0,,,,,,
800,ESPN-4683553,Austin Booker,IDP,260,CHI,129.97,-198.29,-69.4,220.0,,,,,,
801,24339,Jake Bobo,WR,191,SEA,1.89,-69.54,-69.5,289.4,1.89,,457.0,13.0,3.0,
802,ESPN-4432730,Jason Marshall Jr.,IDP,261,MIA,129.72,-198.54,-69.5,220.0,,,,,,
803,26103,Jordan Watkins,WR,192,SF,1.77,-69.66,-69.7,336.7,1.77,,558.0,15.0,2.0,
804,ESPN-4426473,Laiatu Latu,IDP,262,IND,128.56,-199.7,-69.9,220.0,,,,,,
805,26962,Kaden Wetjen,WR,193,PIT,1.57,-69.86,-69.9,430.9,0.94,2.2,,,,
806,26057,Arian Smith,WR,195,NYJ,1.39,-70.04,-70.0,309.1,1.17,1.6,572.0,15.0,4.0,
807,25926,Xavier Restrepo,WR,194,TEN,1.48,-69.95,-70.0,454.1,1.48,,439.0,13.0,3.0,
808,18030,Chris Moore,WR,198,BAL,1.29,-70.14,-70.1,368.8,1.29,,,,,
809,25010,Ricky White III,WR,196,SEA,1.33,-70.1,-70.1,468.8,1.33,,,,,
810,26961,Eli Heidenreich,RB,122,PIT,4.73,-70.11,-70.1,312.6,4.73,,342.0,12.0,2.0,
811,ESPN-3116733,Bradley Chubb,IDP,263,BUF,128.09,-200.17,-70.1,220.0,,,,,,
812,22604,Tylan Wallace,WR,196,CLE,1.33,-70.1,-70.1,264.7,1.33,,,,,
813,20819,Alec Ingold,RB,123,LAC,4.63,-70.21,-70.2,280.5,4.63,,,,,
814,24311,Jaleel McLaughlin,RB,124,DEN,4.44,-70.4,-70.4,301.7,4.44,,314.0,11.0,2.0,
815,ESPN-4686906,Lukas Van Ness,IDP,264,GB,126.8,-201.46,-70.5,220.0,,,,,,
816,ESPN-4428985,Myles Murphy,IDP,265,CIN,126.56,-201.7,-70.6,220.0,,,,,,
817,18883,JuJu Smith-Schuster,WR,199,NYG,0.78,-70.65,-70.7,320.0,0.45,1.1,561.0,15.0,4.0,
818,26953,Emmanuel Henderson Jr.,WR,201,SEA,0.69,-70.74,-70.7,365.8,0.69,,,,,
819,20081,Trent Sherfield,WR,200,BUF,0.71,-70.72,-70.7,342.1,0.71,,,,,
820,21227,Andrew Beck,RB,125,NYJ,4.06,-70.78,-70.8,228.8,4.06,,,,,
821,24296,Brycen Tremayne,WR,203,CAR,0.64,-70.79,-70.8,423.5,0.64,,,,,
822,25687,Bryce Oliver,WR,204,TEN,0.62,-70.81,-70.8,467.9,0.62,,,,,
823,ESPN-3916577,Cam Lewis,IDP,266,CHI,126.0,-202.26,-70.8,220.0,,,,,,
824,25890,Barion Brown,WR,202,NO,0.68,-70.75,-70.8,355.0,0.68,,532.0,14.0,3.0,
825,ESPN-4242521,K.J. Britt,IDP,268,NE,125.69,-202.57,-70.9,220.0,,,,,,
826,ESPN-4567962,Jermaine Johnson II,IDP,267,TEN,125.73,-202.53,-70.9,220.0,,,,,,
827,25642,Kameron Johnson,WR,205,TB,0.55,-70.88,-70.9,473.8,0.29,0.8,,,,
828,ESPN-3116748,B.J. Hill,IDP,269,CIN,125.66,-202.6,-70.9,220.0,,,,,,
829,25891,Jaydn Ott,RB,126,KC,3.92,-70.92,-70.9,383.6,3.92,,470.0,14.0,3.0,
830,25989,Lan Larison,RB,127,NE,3.89,-70.95,-71.0,343.1,3.89,,,,,
831,16928,Michael Burton,RB,128,CLE,3.73,-71.11,-71.1,407.7,3.73,,,,,
832,ESPN-4040608,Jonathon Cooper,IDP,270,DEN,124.79,-203.47,-71.2,220.0,,,,,,
833,28534,Jamal Haynes,RB,129,CIN,3.68,-71.16,-71.2,456.0,3.68,,,,,
834,ESPN-3918331,Andrew Wingard,IDP,271,ARI,124.32,-203.94,-71.4,220.0,,,,,,
835,ESPN-4039303,Ed Oliver,IDP,273,BUF,123.86,-204.4,-71.5,220.0,,,,,,
836,ESPN-4242975,Jaelan Phillips,IDP,272,CAR,124.08,-204.18,-71.5,220.0,,,,,,
837,ESPN-4035245,Nnamdi Madubuike,IDP,274,BAL,123.65,-204.61,-71.6,220.0,,,,,,
838,ESPN-4361266,Greg Newsome II,IDP,274,NYG,123.65,-204.61,-71.6,220.0,,,,,,
839,21677,Tua Tagovailoa,QB,31,ATL,72.64,-71.94,-71.9,116.8,68.28,77.0,268.0,10.0,4.0,297.0
840,ESPN-4291489,Kader Kohou,IDP,276,KC,122.91,-205.35,-71.9,220.0,,,,,,
841,26949,Dean Connors,RB,130,LAR,2.96,-71.88,-71.9,467.4,2.96,,,,,
842,ESPN-4570119,Alex Wright,IDP,278,CLE,122.23,-206.03,-72.1,220.0,,,,,,
843,ESPN-4685759,Jalen Carter,IDP,277,PHI,122.25,-206.01,-72.1,220.0,,,,,,
844,ESPN-4574689,Trey Amos,IDP,279,WSH,122.21,-206.05,-72.1,220.0,,,,,,
845,26029,Damien Martinez,RB,131,GB,2.61,-72.23,-72.2,308.1,2.61,,407.0,13.0,4.0,
846,ESPN-4725996,Abdul Carter,IDP,280,NYG,121.65,-206.61,-72.3,220.0,,,,,,
847,ESPN-4240754,Boye Mafe,IDP,282,CIN,121.1,-207.16,-72.5,220.0,,,,,,
848,23004,Adam Prentice,RB,132,DEN,2.39,-72.45,-72.5,176.5,2.39,,,,,
849,ESPN-4431586,Chop Robinson,IDP,281,MIA,121.22,-207.04,-72.5,220.0,,,,,,
850,ESPN-3121415,Malik Hooker,IDP,283,DAL,121.08,-207.18,-72.5,220.0,,,,,,
851,28050,Max Bredeson,RB,134,MIN,2.21,-72.63,-72.6,461.9,2.21,,,,,
852,26040,Kaleb Johnson,RB,133,PIT,2.24,-72.6,-72.6,132.1,2.37,2.1,272.0,10.0,2.0,300.0
853,22553,Michael Carter,RB,135,TEN,2.14,-72.7,-72.7,222.3,2.14,,374.0,12.0,3.0,
854,ESPN-4430261,Tyler Nubin,IDP,284,NYG,120.65,-207.61,-72.7,220.0,,,,,,
855,ESPN-4076951,Nathan Shepherd,IDP,285,NO,120.28,-207.98,-72.8,220.0,,,,,,
856,28064,Riley Nowakowski,RB,137,PIT,1.93,-72.91,-72.9,462.4,1.93,,,,,
857,22206,Reggie Gilliam,RB,136,NE,1.97,-72.87,-72.9,191.8,1.97,,,,,
858,19209,Patrick Ricard,RB,138,NYG,1.83,-73.01,-73.0,346.6,1.83,,,,,
859,ESPN-4873232,Mason Graham,IDP,286,CLE,119.4,-208.86,-73.1,220.0,,,,,,
860,ESPN-4695783,Myles Harden,IDP,287,CLE,119.0,-209.26,-73.2,220.0,,,,,,
861,ESPN-3124587,Jahlani Tavai,IDP,288,JAX,118.24,-210.02,-73.5,220.0,,,,,,
862,ESPN-2576492,Grady Jarrett,IDP,289,CHI,117.91,-210.35,-73.6,220.0,,,,,,
863,ESPN-4428617,T'Vondre Sweat,IDP,290,NYJ,117.64,-210.62,-73.7,220.0,,,,,,
864,25904,Kalel Mullings,RB,139,TEN,1.13,-73.71,-73.7,414.6,1.13,,509.0,14.0,3.0,
865,ESPN-4432668,Denzel Burke,IDP,291,ARI,117.34,-210.92,-73.8,220.0,,,,,,
866,24373,Kenny McIntosh,RB,140,SEA,1.03,-73.81,-73.8,469.8,1.03,,473.0,14.0,4.0,
867,ESPN-4259632,Isaiah Pola-Mao,IDP,292,LV,117.12,-211.14,-73.9,220.0,,,,,,
868,16815,Ameer Abdullah,RB,141,JAX,0.91,-73.93,-73.9,424.5,0.91,,,,,
869,26473,Jacardia Wright,RB,142,SEA,0.8,-74.04,-74.0,401.8,0.8,,560.0,15.0,4.0,
870,ESPN-4038849,DJ Wonnum,IDP,293,DET,116.82,-211.44,-74.0,220.0,,,,,,
871,23586,Julius Chestnut,RB,143,TEN,0.77,-74.07,-74.1,238.6,0.77,,,,,
872,25452,British Brooks,RB,144,HOU,0.72,-74.12,-74.1,412.1,0.44,1.0,516.0,14.0,4.0,
873,ESPN-3057956,Zach Sieler,IDP,294,MIA,116.58,-211.68,-74.1,220.0,,,,,,
874,ESPN-4360677,Mekhi Blackmon,IDP,295,IND,116.41,-211.85,-74.1,220.0,,,,,,
875,24930,Sione Vaki,RB,145,DET,0.57,-74.27,-74.3,293.3,0.57,,412.0,13.0,5.0,
876,ESPN-4373956,Jonah Laulu,IDP,296,LV,115.7,-212.56,-74.4,220.0,,,,,,
877,ESPN-3928979,Dorance Armstrong,IDP,297,WSH,115.31,-212.95,-74.5,220.0,,,,,,
878,ESPN-3925354,Daron Payne,IDP,298,WSH,115.04,-213.22,-74.6,220.0,,,,,,
879,ESPN-4361791,Devonte Wyatt,IDP,299,GB,114.82,-213.44,-74.7,220.0,,,,,,
880,ESPN-3117255,Harrison Phillips,IDP,300,NYJ,114.72,-213.54,-74.7,220.0,,,,,,
881,ESPN-4870617,Rueben Bain Jr.,IDP,301,TB,114.16,-214.1,-74.9,220.0,,,,,,
882,ESPN-4239699,Milton Williams,IDP,302,NE,114.01,-214.25,-75.0,220.0,,,,,,
883,ESPN-4035434,Devin White,IDP,303,DET,113.52,-214.74,-75.2,220.0,,,,,,
884,ESPN-4426331,Nolan Smith Jr.,IDP,304,PHI,113.07,-215.19,-75.3,220.0,,,,,,
885,ESPN-2983055,Javon Hargrave,IDP,306,GB,112.72,-215.54,-75.4,220.0,,,,,,
886,ESPN-3054840,Jonathan Allen,IDP,305,CIN,112.82,-215.44,-75.4,220.0,,,,,,
887,ESPN-4683347,Caleb Ransaw,IDP,307,JAX,112.25,-216.01,-75.6,220.0,,,,,,
888,ESPN-4002046,David Onyemata,IDP,308,NYJ,111.52,-216.74,-75.9,220.0,,,,,,
889,ESPN-4430330,Darien Porter,IDP,309,LV,110.98,-217.28,-76.0,220.0,,,,,,
890,ESPN-4361423,Micah Parsons,IDP,310,GB,110.94,-217.32,-76.1,220.0,,,,,,
891,ESPN-4426326,Kayvon Thibodeaux,IDP,311,NYG,110.38,-217.88,-76.3,220.0,,,,,,
892,ESPN-4250621,Kobie Turner,IDP,312,LAR,109.96,-218.3,-76.4,220.0,,,,,,
893,ESPN-4240532,Tony Adams,IDP,313,TEN,109.62,-218.64,-76.5,220.0,,,,,,
894,ESPN-4374269,Teair Tart,IDP,314,LAC,109.32,-218.94,-76.6,220.0,,,,,,
895,ESPN-5081394,James Pearce Jr.,IDP,315,ATL,109.14,-219.12,-76.7,220.0,,,,,,
896,ESPN-4362139,Travis Jones,IDP,316,BAL,108.92,-219.34,-76.8,220.0,,,,,,
897,ESPN-3915520,DaVon Hamilton,IDP,318,JAX,108.48,-219.78,-76.9,220.0,,,,,,
898,ESPN-4036063,Patrick Jones II,IDP,317,CAR,108.65,-219.61,-76.9,220.0,,,,,,
899,ESPN-3894915,D.J. Jones,IDP,319,DEN,108.32,-219.94,-77.0,220.0,,,,,,
900,ESPN-4685503,Walter Nolen III,IDP,320,ARI,108.11,-220.15,-77.1,220.0,,,,,,
901,ESPN-4571162,Jalyx Hunt,IDP,321,PHI,107.72,-220.54,-77.2,220.0,,,,,,
902,ESPN-3115383,Davon Godchaux,IDP,322,NO,107.41,-220.85,-77.3,220.0,,,,,,
903,ESPN-3843769,Donte Jackson,IDP,323,LAC,107.32,-220.94,-77.3,220.0,,,,,,
904,ESPN-4035840,Osa Odighizuwa,IDP,324,SF,106.99,-221.27,-77.4,220.0,,,,,,
905,ESPN-3915282,Zach Allen,IDP,325,DEN,106.66,-221.6,-77.6,220.0,,,,,,
906,ESPN-4360378,Quan Martin,IDP,326,WSH,106.1,-222.16,-77.8,220.0,,,,,,
907,ESPN-4568506,Garrett Williams,IDP,328,ARI,105.65,-222.61,-77.9,220.0,,,,,,
908,ESPN-4242659,Dayo Odeyingbo,IDP,327,CHI,105.76,-222.5,-77.9,220.0,,,,,,
909,ESPN-5093973,Levi Drake Rodriguez,IDP,329,MIN,105.09,-223.17,-78.1,220.0,,,,,,
910,ESPN-4360749,Thomas Booker IV,IDP,330,LV,104.62,-223.64,-78.3,220.0,,,,,,
911,ESPN-4426694,Keeanu Benton,IDP,332,PIT,104.46,-223.8,-78.3,220.0,,,,,,
912,ESPN-4682980,Derrick Harmon,IDP,331,PIT,104.52,-223.74,-78.3,220.0,,,,,,
913,ESPN-4429014,Gervon Dexter Sr.,IDP,333,CHI,104.33,-223.93,-78.4,220.0,,,,,,
914,ESPN-3915525,Dre'Mont Jones,IDP,334,NE,104.29,-223.97,-78.4,220.0,,,,,,
915,ESPN-4046523,Rashan Gary,IDP,335,DAL,103.81,-224.45,-78.6,220.0,,,,,,
916,ESPN-4372518,Bobby Brown III,IDP,337,CAR,102.51,-225.75,-79.0,220.0,,,,,,
917,ESPN-4058825,Grover Stewart,IDP,336,IND,102.67,-225.59,-79.0,220.0,,,,,,
918,ESPN-4361767,Will McDonald IV,IDP,338,NYJ,102.21,-226.05,-79.1,220.0,,,,,,
919,ESPN-4685623,Mykel Williams,IDP,339,SF,100.93,-227.33,-79.6,220.0,,,,,,
920,ESPN-4683188,Mike Green,IDP,340,BAL,100.82,-227.44,-79.6,220.0,,,,,,
921,ESPN-4331768,Jonathan Owens,IDP,341,IND,100.27,-227.99,-79.8,220.0,,,,,,
922,ESPN-4566094,Jacob Rodriguez,IDP,342,MIA,99.9,-228.36,-79.9,220.0,,,,,,
923,ESPN-3120358,Uchenna Nwosu,IDP,344,SEA,99.7,-228.56,-80.0,220.0,,,,,,
924,ESPN-4602019,Caleb Banks,IDP,343,MIN,99.79,-228.47,-80.0,220.0,,,,,,
925,ESPN-5118340,D'Angelo Ponds,IDP,345,NYJ,99.44,-228.82,-80.1,220.0,,,,,,
926,ESPN-16734,Jadeveon Clowney,IDP,346,HOU,99.34,-228.92,-80.1,220.0,,,,,,
927,ESPN-4880346,Michael Taaffe,IDP,347,MIA,99.24,-229.02,-80.2,220.0,,,,,,
928,ESPN-3044859,Chris Jones,IDP,348,KC,98.98,-229.28,-80.2,220.0,,,,,,
929,ESPN-4831989,Deone Walker,IDP,349,BUF,98.69,-229.57,-80.3,220.0,,,,,,
930,ESPN-3134362,Vita Vea,IDP,350,TB,98.39,-229.87,-80.5,220.0,,,,,,
931,ESPN-3125114,Poona Ford,IDP,352,LAR,98.18,-230.08,-80.5,220.0,,,,,,
932,ESPN-4040805,Roy Lopez,IDP,351,ARI,98.34,-229.92,-80.5,220.0,,,,,,
933,ESPN-4430925,Jahdae Barron,IDP,354,DEN,97.77,-230.49,-80.7,220.0,,,,,,
934,ESPN-4684432,Ashton Gillotte,IDP,353,KC,97.8,-230.46,-80.7,220.0,,,,,,
935,ESPN-4567226,Derick Hall,IDP,355,SEA,97.48,-230.78,-80.8,220.0,,,,,,
936,ESPN-4240706,Jason Pinnock,IDP,356,NYG,97.41,-230.85,-80.8,220.0,,,,,,
937,ESPN-3040471,Maliek Collins,IDP,358,CLE,96.48,-231.78,-81.1,220.0,,,,,,
938,ESPN-5089178,Jamaree Caldwell,IDP,359,LAC,96.46,-231.8,-81.1,220.0,,,,,,
939,ESPN-4058925,Tershawn Wharton,IDP,357,CAR,96.57,-231.69,-81.1,220.0,,,,,,
940,ESPN-3045463,Chuck Clark,IDP,360,DET,95.87,-232.39,-81.3,220.0,,,,,,
941,ESPN-5095865,Shavon Revel Jr.,IDP,361,DAL,95.32,-232.94,-81.5,220.0,,,,,,
942,ESPN-4427103,Storm Duck,IDP,362,MIA,95.02,-233.24,-81.6,220.0,,,,,,
943,ESPN-4710067,Malachi Lawrence,IDP,363,DAL,94.92,-233.34,-81.7,220.0,,,,,,
944,ESPN-3045527,Samson Ebukam,IDP,364,ATL,94.61,-233.65,-81.8,220.0,,,,,,
945,ESPN-4685232,Jaden Hicks,IDP,365,KC,93.8,-234.46,-82.1,220.0,,,,,,
946,ESPN-4685479,Christen Miller,IDP,366,NO,92.45,-235.81,-82.5,220.0,,,,,,
947,ESPN-3693166,Josh Sweat,IDP,367,ARI,91.97,-236.29,-82.7,220.0,,,,,,
948,ESPN-4426698,Tatum Bethune,IDP,368,SF,91.95,-236.31,-82.7,220.0,,,,,,
949,ESPN-3051746,Oren Burks,IDP,369,CIN,91.43,-236.83,-82.9,220.0,,,,,,
950,ESPN-4429190,Akheem Mesidor,IDP,370,LAC,91.41,-236.85,-82.9,220.0,,,,,,
951,ESPN-3120464,John Franklin-Myers,IDP,371,TEN,90.69,-237.57,-83.1,220.0,,,,,,
952,ESPN-2971275,Arik Armstead,IDP,372,JAX,90.67,-237.59,-83.2,220.0,,,,,,
953,ESPN-4686308,C.J. West,IDP,374,SF,90.59,-237.67,-83.2,220.0,,,,,,
954,ESPN-4692024,Malachi Moore,IDP,373,NYJ,90.65,-237.61,-83.2,220.0,,,,,,
955,ESPN-4334300,Dennis Gardeck,IDP,375,JAX,90.27,-237.99,-83.3,220.0,,,,,,
956,ESPN-3929865,Charles Omenihu,IDP,376,WSH,90.05,-238.21,-83.4,220.0,,,,,,
957,ESPN-3122752,Kenny Clark,IDP,377,DAL,90.04,-238.22,-83.4,220.0,,,,,,
958,ESPN-4362094,Joseph Ossai,IDP,378,NYJ,88.98,-239.28,-83.7,220.0,,,,,,
959,ESPN-4376288,LaCale London,IDP,379,ATL,88.74,-239.52,-83.8,220.0,,,,,,
960,ESPN-4568217,Tyler Davis,IDP,380,LAR,88.22,-240.04,-84.0,220.0,,,,,,
961,ESPN-4035483,Dexter Lawrence II,IDP,381,CIN,87.65,-240.61,-84.2,220.0,,,,,,
962,ESPN-4066109,Eyioma Uwazurike,IDP,382,DEN,87.31,-240.95,-84.3,220.0,,,,,,
963,ESPN-4430965,Carrington Valentine,IDP,383,GB,87.28,-240.98,-84.3,220.0,,,,,,
964,ESPN-4362116,Moro Ojomo,IDP,384,PHI,87.03,-241.23,-84.4,220.0,,,,,,
965,ESPN-4569480,Darius Robinson,IDP,385,ARI,86.94,-241.32,-84.5,220.0,,,,,,
966,ESPN-4361662,Alim McNeill,IDP,386,DET,86.8,-241.46,-84.5,220.0,,,,,,
967,ESPN-4567138,Justin Eboigbe,IDP,387,LAC,86.5,-241.76,-84.6,220.0,,,,,,
968,ESPN-4870805,Anthony Hill Jr.,IDP,389,TEN,86.28,-241.98,-84.7,220.0,,,,,,
969,ESPN-4426448,Jarrian Jones,IDP,388,JAX,86.36,-241.9,-84.7,220.0,,,,,,
970,ESPN-4427673,Calijah Kancey,IDP,391,TB,85.87,-242.39,-84.8,220.0,,,,,,
971,ESPN-5081927,R Mason Thomas,IDP,390,KC,86.05,-242.21,-84.8,220.0,,,,,,
972,ESPN-4429018,RJ Mickens,IDP,392,LAC,85.65,-242.61,-84.9,220.0,,,,,,
973,ESPN-4372030,Christian Barmore,IDP,393,NE,85.33,-242.93,-85.0,220.0,,,,,,
974,ESPN-4258194,Kwity Paye,IDP,394,LV,84.94,-243.32,-85.2,220.0,,,,,,
975,ESPN-4259491,Javon Kinlaw,IDP,395,WSH,84.19,-244.07,-85.4,220.0,,,,,,
976,ESPN-11284,Calais Campbell,IDP,396,BAL,83.91,-244.35,-85.5,220.0,,,,,,
977,ESPN-3843843,Arden Key,IDP,397,IND,83.56,-244.7,-85.6,220.0,,,,,,
978,ESPN-2970204,Sheldon Rankins,IDP,398,HOU,83.39,-244.87,-85.7,220.0,,,,,,
979,ESPN-4244606,Zaven Collins,IDP,399,ARI,83.22,-245.04,-85.8,220.0,,,,,,
980,ESPN-4361776,Brenton Cox Jr.,IDP,400,GB,82.94,-245.32,-85.9,220.0,,,,,,
981,ESPN-4870998,Josiah Trotter,IDP,402,TB,82.74,-245.52,-85.9,220.0,,,,,,
982,ESPN-4427090,Brandon Dorlus,IDP,401,ATL,82.83,-245.43,-85.9,220.0,,,,,,
983,ESPN-16837,Shelby Harris,IDP,403,NYG,82.49,-245.77,-86.0,220.0,,,,,,
984,ESPN-4241987,Baron Browning,IDP,404,ARI,82.48,-245.78,-86.0,220.0,,,,,,
985,ESPN-4362245,Braden Fiske,IDP,405,LAR,82.46,-245.8,-86.0,220.0,,,,,,
986,ESPN-3115373,Jamal Adams,IDP,408,MIN,82.23,-246.03,-86.1,220.0,,,,,,
987,ESPN-4612387,Felix Anudike-Uzomah,IDP,406,KC,82.39,-245.87,-86.1,220.0,,,,,,
988,ESPN-3115312,Jarran Reed,IDP,407,SEA,82.36,-245.9,-86.1,220.0,,,,,,
989,ESPN-4242205,K'Lavon Chaisson,IDP,409,WSH,82.04,-246.22,-86.2,220.0,,,,,,
990,ESPN-4038946,Troy Dye,IDP,410,LAC,81.41,-246.85,-86.4,220.0,,,,,,
991,ESPN-4430831,Trenton Simpson,IDP,411,BAL,80.7,-247.56,-86.6,220.0,,,,,,
992,ESPN-3116689,Cole Holcomb,IDP,412,PIT,79.92,-248.34,-86.9,220.0,,,,,,
993,ESPN-4870707,Keldric Faulk,IDP,413,TEN,79.79,-248.47,-87.0,220.0,,,,,,
994,ESPN-3728258,Clelin Ferrell,IDP,414,MIA,79.73,-248.53,-87.0,220.0,,,,,,
995,ESPN-4046528,Josh Uche,IDP,415,MIA,79.41,-248.85,-87.1,220.0,,,,,,
996,ESPN-4427963,Isaiah McGuire,IDP,416,CLE,78.64,-249.62,-87.4,220.0,,,,,,
997,ESPN-4256074,Khyiris Tonga,IDP,418,KC,78.21,-250.05,-87.5,220.0,,,,,,
998,ESPN-4373423,Karl Brooks,IDP,417,GB,78.27,-249.99,-87.5,220.0,,,,,,
999,ESPN-4036660,Darrell Baker Jr.,IDP,419,MIA,78.06,-250.2,-87.6,220.0,,,,,,
1000,ESPN-4894654,Kenneth Grant,IDP,420,MIA,77.05,-251.21,-87.9,220.0,,,,,,
1001,ESPN-4427120,Jaylen McCollough,IDP,421,LAR,77.0,-251.26,-87.9,220.0,,,,,,
1002,ESPN-2980097,Jonathan Bullard,IDP,422,DAL,76.77,-251.49,-88.0,220.0,,,,,,
1003,ESPN-4839501,Zion Young,IDP,423,BAL,76.36,-251.9,-88.2,220.0,,,,,,
1004,ESPN-4429164,Nick Herbig,IDP,424,PIT,76.15,-252.11,-88.2,220.0,,,,,,
1005,ESPN-4685596,Azareye'h Thomas,IDP,426,NYJ,75.96,-252.3,-88.3,220.0,,,,,,
1006,ESPN-4686540,Tyrice Knight,IDP,425,SEA,76.03,-252.23,-88.3,220.0,,,,,,
1007,ESPN-4426542,Darius Alexander,IDP,427,NYG,75.44,-252.82,-88.5,220.0,,,,,,
1008,ESPN-3917016,Trevis Gipson,IDP,428,CAR,75.1,-253.16,-88.6,220.0,,,,,,
1009,ESPN-4688432,Elijah Ponder,IDP,429,NE,74.55,-253.71,-88.8,220.0,,,,,,
1010,ESPN-4362492,Ar'Darius Washington,IDP,430,NYG,74.38,-253.88,-88.9,220.0,,,,,,
1011,ESPN-4569497,Sam Okuayinonu,IDP,431,SF,73.91,-254.35,-89.0,220.0,,,,,,
1012,ESPN-4365319,Josh Newton,IDP,432,CIN,73.57,-254.69,-89.1,220.0,,,,,,
1013,ESPN-4629149,Tyrion Ingram-Dawkins,IDP,433,MIN,73.41,-254.85,-89.2,220.0,,,,,,
1014,ESPN-4921249,Colton Hood,IDP,436,NYG,73.0,-255.26,-89.3,220.0,,,,,,
1015,ESPN-4685562,Shemar Stewart,IDP,434,CIN,73.22,-255.04,-89.3,220.0,,,,,,
1016,ESPN-4428350,Quincy Riley,IDP,435,NO,73.07,-255.19,-89.3,220.0,,,,,,
1017,ESPN-4871063,Peter Woods,IDP,437,KC,72.5,-255.76,-89.5,220.0,,,,,,
1018,ESPN-4241411,Malcolm Rodriguez,IDP,438,DET,72.24,-256.02,-89.6,220.0,,,,,,
1019,ESPN-13971,Cameron Jordan,IDP,441,NO,72.12,-256.14,-89.6,220.0,,,,,,
1020,ESPN-4426901,Leo Chenal,IDP,440,WSH,72.18,-256.08,-89.6,220.0,,,,,,
1021,ESPN-3909013,Christian Rozeboom,IDP,439,TB,72.22,-256.04,-89.6,220.0,,,,,,
1022,ESPN-4684527,T.J. Sanders,IDP,442,BUF,71.99,-256.27,-89.7,220.0,,,,,,
1023,ESPN-2979860,Dalvin Tomlinson,IDP,443,LAC,71.74,-256.52,-89.8,220.0,,,,,,
1024,ESPN-4361510,Cameron Thomas,IDP,444,ATL,71.38,-256.88,-89.9,220.0,,,,,,
1025,ESPN-4430835,Alfred Collins,IDP,445,SF,71.27,-256.99,-89.9,220.0,,,,,,
1026,18857,Deshaun Watson,QB,32,CLE,54.23,-90.35,-90.3,180.9,44.87,63.6,302.0,11.0,4.0,303.0
1027,ESPN-2977670,DJ Reader,IDP,446,NYG,70.09,-258.17,-90.4,220.0,,,,,,
1028,ESPN-4610705,Nohl Williams,IDP,447,KC,69.87,-258.39,-90.4,220.0,,,,,,
1029,ESPN-4429110,Lathan Ransom,IDP,448,CAR,69.8,-258.46,-90.5,220.0,,,,,,
1030,ESPN-3117258,Solomon Thomas,IDP,450,TEN,68.42,-259.84,-90.9,220.0,,,,,,
1031,ESPN-4431615,Tyleik Williams,IDP,449,DET,68.51,-259.75,-90.9,220.0,,,,,,
1032,ESPN-4240042,Cory Durden,IDP,451,NE,68.38,-259.88,-91.0,220.0,,,,,,
1033,ESPN-4687592,Jonah Elliss,IDP,452,DEN,68.11,-260.15,-91.1,220.0,,,,,,
1034,ESPN-4366349,Joe Andreessen,IDP,453,BUF,67.7,-260.56,-91.2,220.0,,,,,,
1035,ESPN-4248899,Marte Mapu,IDP,454,HOU,67.51,-260.75,-91.3,220.0,,,,,,
1036,ESPN-4568007,Jay Ward,IDP,455,MIN,67.09,-261.17,-91.4,220.0,,,,,,
1037,ESPN-4039052,Jordan Elliott,IDP,456,TEN,66.82,-261.44,-91.5,220.0,,,,,,
1038,ESPN-4837188,Jordan Phillips,IDP,457,MIA,66.12,-262.14,-91.7,220.0,,,,,,
1039,ESPN-4566154,Jaylahn Tuimoloau,IDP,459,IND,65.86,-262.4,-91.8,220.0,,,,,,
1040,ESPN-4682983,Josaiah Stewart,IDP,458,LAR,66.11,-262.15,-91.8,220.0,,,,,,
1041,ESPN-5216101,Dondrea Tillman,IDP,463,DEN,65.56,-262.7,-91.9,220.0,,,,,,
1042,ESPN-5150249,Justin Jefferson,IDP,462,CLE,65.62,-262.64,-91.9,220.0,,,,,,
1043,ESPN-4367210,Otito Ogbonnia,IDP,460,DAL,65.75,-262.51,-91.9,220.0,,,,,,
1044,ESPN-4870988,Avieon Terrell,IDP,461,ATL,65.67,-262.59,-91.9,220.0,,,,,,
1045,ESPN-4360189,Logan Hall,IDP,465,HOU,65.27,-262.99,-92.0,220.0,,,,,,
1046,ESPN-4362225,Dante Stills,IDP,464,ARI,65.29,-262.97,-92.0,220.0,,,,,,
1047,ESPN-4362840,Kingsley Enagbare,IDP,466,NYJ,65.13,-263.13,-92.1,220.0,,,,,,
1048,ESPN-4690179,Tavius Robinson,IDP,467,BAL,64.7,-263.56,-92.2,220.0,,,,,,
1049,ESPN-4249766,Jack Cochrane,IDP,469,KC,64.57,-263.69,-92.3,220.0,,,,,,
1050,ESPN-4240896,Micheal Clemons,IDP,470,IND,64.55,-263.71,-92.3,220.0,,,,,,
1051,ESPN-3047495,Sebastian Joseph-Day,IDP,468,PIT,64.63,-263.63,-92.3,220.0,,,,,,
1052,ESPN-4427635,Adetomiwa Adebawore,IDP,471,IND,63.56,-264.7,-92.6,220.0,,,,,,
1053,ESPN-4870893,Kayden McDonald,IDP,471,HOU,63.56,-264.7,-92.6,220.0,,,,,,
1054,ESPN-4430271,Ruke Orhorhoro,IDP,474,JAX,63.45,-264.81,-92.7,220.0,,,,,,
1055,ESPN-4429136,Warren Brinson,IDP,473,GB,63.46,-264.8,-92.7,220.0,,,,,,
1056,ESPN-3051942,Al-Quadin Muhammad,IDP,475,TB,63.29,-264.97,-92.7,220.0,,,,,,
1057,ESPN-4837244,Gabe Jacas,IDP,476,NE,62.94,-265.32,-92.9,220.0,,,,,,
1058,ESPN-4595343,Kendal Daniels,IDP,477,ATL,62.73,-265.53,-92.9,220.0,,,,,,
1059,ESPN-15846,John Jenkins,IDP,479,BAL,62.15,-266.11,-93.1,220.0,,,,,,
1060,ESPN-3040572,Xavier Woods,IDP,478,CHI,62.29,-265.97,-93.1,220.0,,,,,,
1061,ESPN-4039010,Myles Bryant,IDP,480,CLE,62.1,-266.16,-93.2,220.0,,,,,,
1062,ESPN-3126352,Da'Shawn Hand,IDP,481,ATL,62.04,-266.22,-93.2,220.0,,,,,,
1063,ESPN-4429111,BJ Ojulari,IDP,482,ARI,61.59,-266.67,-93.3,220.0,,,,,,
1064,ESPN-4374037,Kitan Oladapo,IDP,482,GB,61.59,-266.67,-93.3,220.0,,,,,,
1065,ESPN-4428996,Jordan Burch,IDP,484,ARI,60.95,-267.31,-93.6,220.0,,,,,,
1066,ESPN-5157289,Jermod McCoy,IDP,485,LV,60.88,-267.38,-93.6,220.0,,,,,,
1067,ESPN-4035857,Cameron Goode,IDP,486,MIA,60.52,-267.74,-93.7,220.0,,,,,,
1068,26079,Shedeur Sanders,QB,33,CLE,50.81,-93.77,-93.8,117.3,51.12,50.5,295.0,11.0,4.0,344.0
1069,ESPN-4431551,Lee Hunter,IDP,487,CAR,59.85,-268.41,-93.9,220.0,,,,,,
1070,ESPN-4361196,Cam Taylor-Britt,IDP,489,IND,59.44,-268.82,-94.1,220.0,,,,,,
1071,ESPN-4698113,Max Melton,IDP,488,ARI,59.47,-268.79,-94.1,220.0,,,,,,
1072,ESPN-4426883,DeWayne Carter,IDP,490,BUF,59.17,-269.09,-94.2,220.0,,,,,,
1073,ESPN-4837286,Wade Woodaz,IDP,491,HOU,58.91,-269.35,-94.3,220.0,,,,,,
1074,ESPN-4428713,Bralen Trice,IDP,492,ATL,58.87,-269.39,-94.3,220.0,,,,,,
1075,ESPN-4241007,D'Marco Jackson,IDP,493,CHI,58.72,-269.54,-94.3,220.0,,,,,,
1076,ESPN-4248047,John Ridgeway III,IDP,494,NO,58.58,-269.68,-94.4,220.0,,,,,,
1077,ESPN-3932335,Zayne Anderson,IDP,495,MIA,58.21,-270.05,-94.5,220.0,,,,,,
1078,ESPN-3138764,Jacob Martin,IDP,496,TEN,57.88,-270.38,-94.6,220.0,,,,,,
1079,ESPN-4371961,Micah McFadden,IDP,497,NYG,57.53,-270.73,-94.8,220.0,,,,,,
1080,ESPN-4430262,Bud Clark,IDP,498,SEA,57.13,-271.13,-94.9,220.0,,,,,,
1081,ESPN-4685369,Gracen Halton,IDP,500,SF,56.77,-271.49,-95.0,220.0,,,,,,
1082,ESPN-4683643,Barryn Sorrell,IDP,499,GB,56.8,-271.46,-95.0,220.0,,,,,,
1083,ESPN-3932886,Sean Murphy-Bunting,IDP,501,ARI,56.26,-272.0,-95.2,220.0,,,,,,
1084,ESPN-3894856,Anthony Nelson,IDP,502,TB,54.96,-273.3,-95.7,220.0,,,,,,
1085,ESPN-4726127,Tacario Davis,IDP,503,CIN,54.89,-273.37,-95.7,220.0,,,,,,
1086,ESPN-4431567,Maason Smith,IDP,504,ATL,54.85,-273.41,-95.7,220.0,,,,,,
1087,ESPN-4428232,Dell Pettus,IDP,508,NE,54.43,-273.83,-95.8,220.0,,,,,,
1088,ESPN-2980100,Dante Fowler Jr.,IDP,505,SEA,54.59,-273.67,-95.8,220.0,,,,,,
1089,ESPN-4239719,Malcolm Koonce,IDP,507,LV,54.51,-273.75,-95.8,220.0,,,,,,
1090,ESPN-4710752,Cashius Howell,IDP,506,CIN,54.58,-273.68,-95.8,220.0,,,,,,
1091,ESPN-3915487,Mike Danna,IDP,509,BUF,53.91,-274.35,-96.0,220.0,,,,,,
1092,ESPN-4244300,Dominique Robinson,IDP,510,HOU,53.43,-274.83,-96.2,220.0,,,,,,
1093,ESPN-4698728,Domonique Orange,IDP,511,MIN,53.24,-275.02,-96.3,220.0,,,,,,
1094,ESPN-4035666,Leki Fotu,IDP,512,NYG,52.96,-275.3,-96.4,220.0,,,,,,
1095,ESPN-4429166,Princely Umanmielen,IDP,513,CAR,52.8,-275.46,-96.4,220.0,,,,,,
1096,ESPN-4426676,Jowon Briggs,IDP,514,NYJ,52.5,-275.76,-96.5,220.0,,,,,,
1097,ESPN-4427716,Jack Kiser,IDP,517,JAX,51.55,-276.71,-96.8,220.0,,,,,,
1098,ESPN-4567242,Sam Williams,IDP,516,DAL,51.74,-276.52,-96.8,220.0,,,,,,
1099,ESPN-4685461,Derrick Moore,IDP,515,DET,51.75,-276.51,-96.8,220.0,,,,,,
1100,ESPN-4602389,Jeffrey Bassa,IDP,520,KC,50.13,-278.13,-97.3,220.0,,,,,,
1101,ESPN-4586333,Mekhi Wingo,IDP,518,DET,50.18,-278.08,-97.3,220.0,,,,,,
1102,ESPN-3892883,Neville Gallimore,IDP,519,CHI,50.17,-278.09,-97.3,220.0,,,,,,
1103,ESPN-5088571,Bryce Boettcher,IDP,521,IND,49.45,-278.81,-97.6,220.0,,,,,,
1104,ESPN-4567224,Colby Wooden,IDP,522,IND,48.74,-279.52,-97.8,220.0,,,,,,
1105,ESPN-4429040,Vernon Broughton,IDP,523,NO,48.36,-279.9,-98.0,220.0,,,,,,
1106,ESPN-4240401,Ifeatu Melifonwu,IDP,524,TB,47.89,-280.37,-98.1,220.0,,,,,,
1107,ESPN-4360949,Jordan Howden,IDP,525,NO,47.69,-280.57,-98.2,220.0,,,,,,
1108,ESPN-4567171,Eric Gregory,IDP,526,NE,46.67,-281.59,-98.6,220.0,,,,,,
1109,ESPN-4033234,Michael Hoecht,IDP,527,BUF,46.02,-282.24,-98.8,220.0,,,,,,
1110,ESPN-4690171,Deane Leonard,IDP,528,LAC,45.02,-283.24,-99.1,220.0,,,,,,
1111,ESPN-4682909,Justin Walley,IDP,529,IND,44.62,-283.64,-99.3,220.0,,,,,,
1112,ESPN-4832035,Davison Igbinosun,IDP,531,BUF,44.28,-283.98,-99.4,220.0,,,,,,
1113,ESPN-4683276,Zeek Biggers,IDP,530,MIA,44.34,-283.92,-99.4,220.0,,,,,,
1114,ESPN-4596480,Jordan Hancock,IDP,532,BUF,44.11,-284.15,-99.5,220.0,,,,,,
1115,ESPN-4256224,Claudin Cherelus,IDP,533,CAR,43.91,-284.35,-99.5,220.0,,,,,,
1116,ESPN-4243541,Kalia Davis,IDP,535,CLE,43.56,-284.7,-99.6,220.0,,,,,,
1117,ESPN-4372533,Tyree Wilson,IDP,534,NO,43.79,-284.47,-99.6,220.0,,,,,,
1118,ESPN-4035433,Kristian Fulton,IDP,536,KC,43.49,-284.77,-99.7,220.0,,,,,,
1119,ESPN-4687513,Cam Jackson,IDP,537,CAR,43.24,-285.02,-99.8,220.0,,,,,,
1120,ESPN-4569323,Thomas Harper,IDP,538,DET,42.93,-285.33,-99.9,220.0,,,,,,
1121,ESPN-4896353,Jimmy Rolder,IDP,539,DET,42.71,-285.55,-99.9,220.0,,,,,,
1122,ESPN-4401811,Kyle Dugger,IDP,540,CIN,42.69,-285.57,-99.9,220.0,,,,,,
1123,ESPN-4685400,Shemar James,IDP,541,DAL,42.5,-285.76,-100.0,220.0,,,,,,
1124,ESPN-4363034,Asante Samuel Jr.,IDP,542,PIT,42.29,-285.97,-100.1,220.0,,,,,,
1125,ESPN-4432715,Landon Jackson,IDP,543,BUF,42.26,-286.0,-100.1,220.0,,,,,,
1126,ESPN-3125356,Jalen Davis,IDP,544,CIN,42.18,-286.08,-100.1,220.0,,,,,,
1127,ESPN-5081392,Joshua Josephs,IDP,546,WSH,41.12,-287.14,-100.5,220.0,,,,,,
1128,ESPN-4362294,Desjuan Johnson,IDP,545,LAR,41.23,-287.03,-100.5,220.0,,,,,,
1129,ESPN-4239694,Amik Robertson,IDP,547,WSH,40.69,-287.57,-100.6,220.0,,,,,,
1130,ESPN-4876057,Oluwafemi Oladejo,IDP,550,TEN,40.43,-287.83,-100.7,220.0,,,,,,
1131,ESPN-4567123,Byron Young,IDP,548,PHI,40.65,-287.61,-100.7,220.0,,,,,,
1132,ESPN-4243493,Keion White,IDP,549,SF,40.57,-287.69,-100.7,220.0,,,,,,
1133,ESPN-4428872,JD Bertrand,IDP,551,ATL,40.31,-287.95,-100.8,220.0,,,,,,
1134,ESPN-4566092,Ennis Rakestraw Jr.,IDP,552,DET,39.91,-288.35,-100.9,220.0,,,,,,
1135,ESPN-4880273,Kyle Louis,IDP,553,MIA,39.72,-288.54,-101.0,220.0,,,,,,
1136,ESPN-4870953,Malik Muhammad,IDP,554,CHI,38.85,-289.41,-101.3,220.0,,,,,,
1137,ESPN-4911904,Keyron Crawford,IDP,555,LV,38.47,-289.79,-101.4,220.0,,,,,,
1138,ESPN-4035798,Isaiahh Loudermilk,IDP,556,MIN,38.13,-290.13,-101.5,220.0,,,,,,
1139,ESPN-4242457,Matthew Butler,IDP,557,MIA,38.07,-290.19,-101.6,220.0,,,,,,
1140,ESPN-4240269,Payton Turner,IDP,558,DET,37.58,-290.68,-101.7,220.0,,,,,,
1141,ESPN-4258206,Benjamin St-Juste,IDP,560,GB,37.41,-290.85,-101.8,220.0,,,,,,
1142,ESPN-4837186,Emmanuel McNeil-Warren,IDP,560,CLE,37.41,-290.85,-101.8,220.0,,,,,,
1143,ESPN-3929956,Tim Settle,IDP,559,WSH,37.44,-290.82,-101.8,220.0,,,,,,
1144,ESPN-5103940,Skyler Gill-Howard,IDP,562,DET,36.88,-291.38,-102.0,220.0,,,,,,
1145,ESPN-4432804,Shemar Turner,IDP,563,CHI,36.16,-292.1,-102.2,220.0,,,,,,
1146,ESPN-4360386,Sydney Brown,IDP,564,ATL,35.94,-292.32,-102.3,220.0,,,,,,
1147,ESPN-4612298,Albert Regis,IDP,565,JAX,35.64,-292.62,-102.4,220.0,,,,,,
1148,ESPN-4591008,Omarr Norman-Lott,IDP,566,KC,35.32,-292.94,-102.5,220.0,,,,,,
1149,ESPN-4426686,Dane Belton,IDP,568,NYJ,35.08,-293.18,-102.6,220.0,,,,,,
1150,ESPN-4683535,Tyler Onyedim,IDP,567,DEN,35.18,-293.08,-102.6,220.0,,,,,,
1151,ESPN-4372576,Jack Sanborn,IDP,569,CHI,34.73,-293.53,-102.7,220.0,,,,,,
1152,ESPN-4875564,Bo Richter,IDP,570,MIN,34.56,-293.7,-102.8,220.0,,,,,,
1153,ESPN-4690795,Elijah Roberts,IDP,573,TB,34.18,-294.08,-102.9,220.0,,,,,,
1154,ESPN-4600415,Mike Hall Jr.,IDP,571,CLE,34.34,-293.92,-102.9,220.0,,,,,,
1155,ESPN-3116449,L.J. Collier,IDP,574,ARI,34.16,-294.1,-102.9,220.0,,,,,,
1156,ESPN-4242516,Noah Igbinoghene,IDP,572,SEA,34.3,-293.96,-102.9,220.0,,,,,,
1157,ESPN-4693337,Marques Sigle,IDP,575,SF,34.15,-294.11,-102.9,220.0,,,,,,
1158,ESPN-2971027,Jonathan Jones,IDP,579,PHI,33.34,-294.92,-103.2,220.0,,,,,,
1159,ESPN-4431212,Junior Colson,IDP,580,LAC,33.29,-294.97,-103.2,220.0,,,,,,
1160,ESPN-2576702,Bud Dupree,IDP,576,LAC,33.49,-294.77,-103.2,220.0,,,,,,
1161,ESPN-4360413,Shaka Heyward,IDP,577,CIN,33.42,-294.84,-103.2,220.0,,,,,,
1162,ESPN-4594277,Jaylin Smith,IDP,577,HOU,33.42,-294.84,-103.2,220.0,,,,,,
1163,ESPN-4693848,Shaun Dolac,IDP,581,LAR,33.15,-295.11,-103.3,220.0,,,,,,
1164,ESPN-4685266,Jaishawn Barham,IDP,582,DAL,33.12,-295.14,-103.3,220.0,,,,,,
1165,ESPN-4251125,Winston Reid,IDP,584,CLE,32.79,-295.47,-103.4,220.0,,,,,,
1166,ESPN-4870886,TJ Parker,IDP,583,BUF,32.84,-295.42,-103.4,220.0,,,,,,
1167,ESPN-2980080,Deatrich Wise Jr.,IDP,585,WSH,32.43,-295.83,-103.5,220.0,,,,,,
1168,ESPN-4912185,Jalen Huskey,IDP,586,JAX,32.34,-295.92,-103.6,220.0,,,,,,
1169,ESPN-5093004,Keith Abney II,IDP,587,DET,32.3,-295.96,-103.6,220.0,,,,,,
1170,ESPN-5159928,Bobby Jamison-Travis,IDP,588,NYG,31.69,-296.57,-103.8,220.0,,,,,,
1171,ESPN-5076652,Brandon Cisse,IDP,589,GB,31.01,-297.25,-104.0,220.0,,,,,,
1172,ESPN-4040615,Malik Harrison,IDP,591,PIT,30.8,-297.46,-104.1,220.0,,,,,,
1173,ESPN-4685721,Drew Sanders,IDP,590,DEN,30.91,-297.35,-104.1,220.0,,,,,,
1174,ESPN-4047655,Jaylon Jones,IDP,592,CHI,30.73,-297.53,-104.1,220.0,,,,,,
1175,ESPN-3929850,P.J. Locke,IDP,593,DAL,30.64,-297.62,-104.2,220.0,,,,,,
1176,ESPN-4611993,Joshua Farmer,IDP,594,NE,30.63,-297.63,-104.2,220.0,,,,,,
1177,ESPN-4429767,Emmanuel Forbes Jr.,IDP,595,LAR,30.16,-298.1,-104.3,220.0,,,,,,
1178,ESPN-3115481,J.T. Gray,IDP,596,PHI,29.98,-298.28,-104.4,220.0,,,,,,
1179,ESPN-3134316,Matt Dickerson,IDP,597,JAX,29.81,-298.45,-104.5,220.0,,,,,,
1180,ESPN-3125248,Jeremy Reaves,IDP,598,WSH,29.57,-298.69,-104.5,220.0,,,,,,
1181,ESPN-4430560,Jer'Zhan Newton,IDP,601,WSH,29.26,-299.0,-104.6,220.0,,,,,,
1182,ESPN-4431118,Ty Hamilton,IDP,599,LAR,29.52,-298.74,-104.6,220.0,,,,,,
1183,ESPN-4912190,Red Murdock,IDP,600,DEN,29.36,-298.9,-104.6,220.0,,,,,,
1184,ESPN-4037559,Devon Key,IDP,602,DEN,29.03,-299.23,-104.7,220.0,,,,,,
1185,ESPN-4431426,Corey Thornton,IDP,604,CAR,28.43,-299.83,-104.9,220.0,,,,,,
1186,ESPN-4431613,James Williams Sr.,IDP,603,TEN,28.56,-299.7,-104.9,220.0,,,,,,
1187,ESPN-4379409,Azeez Ojulari,IDP,605,ATL,28.06,-300.2,-105.1,220.0,,,,,,
1188,ESPN-4035299,Benito Jones,IDP,606,LV,27.63,-300.63,-105.2,220.0,,,,,,
1189,ESPN-4039020,Levi Onwuzurike,IDP,607,DET,27.44,-300.82,-105.3,220.0,,,,,,
1190,ESPN-4363097,Percy Butler,IDP,608,WSH,27.12,-301.14,-105.4,220.0,,,,,,
1191,ESPN-4832922,Wesley Williams,IDP,611,JAX,26.77,-301.49,-105.5,220.0,,,,,,
1192,ESPN-4240585,AJ Epenesa,IDP,609,PHI,26.93,-301.33,-105.5,220.0,,,,,,
1193,ESPN-4685315,Dani Dennis-Sutton,IDP,610,GB,26.89,-301.37,-105.5,220.0,,,,,,
1194,ESPN-5081785,Jackie Marshall,IDP,615,TEN,26.42,-301.84,-105.6,220.0,,,,,,
1195,ESPN-4594321,Kaleb Elarms-Orr,IDP,614,BUF,26.43,-301.83,-105.6,220.0,,,,,,
1196,ESPN-4036132,Chauncey Golston,IDP,612,NYG,26.65,-301.61,-105.6,220.0,,,,,,
1197,ESPN-4360307,Derion Kendrick,IDP,613,DAL,26.44,-301.82,-105.6,220.0,,,,,,
1198,ESPN-4432301,Kris Jenkins Jr.,IDP,616,CIN,26.29,-301.97,-105.7,220.0,,,,,,
1199,ESPN-4239947,Isaiah McDuffie,IDP,617,GB,25.75,-302.51,-105.9,220.0,,,,,,
1200,ESPN-4709980,Johnathan Baldwin II,IDP,621,GB,24.98,-303.28,-106.1,220.0,,,,,,
1201,ESPN-4710865,Jakobe Thomas,IDP,620,MIN,25.0,-303.26,-106.1,220.0,,,,,,
1202,ESPN-4608386,D'Anthony Bell,IDP,618,SEA,25.18,-303.08,-106.1,220.0,,,,,,
1203,ESPN-4426507,David Ojabo,IDP,619,MIA,25.08,-303.18,-106.1,220.0,,,,,,
1204,ESPN-2969961,Rayshawn Jenkins,IDP,623,PIT,24.69,-303.57,-106.2,220.0,,,,,,
1205,ESPN-4820574,Chris McClellan,IDP,622,GB,24.87,-303.39,-106.2,220.0,,,,,,
1206,ESPN-4240542,Nate Hobbs,IDP,624,SF,24.17,-304.09,-106.4,220.0,,,,,,
1207,ESPN-4244310,Mike Brown,IDP,627,NE,24.03,-304.23,-106.5,220.0,,,,,,
1208,ESPN-4917635,Joshua Williams,IDP,628,TEN,23.92,-304.34,-106.5,220.0,,,,,,
1209,ESPN-4573319,Danny Striggow,IDP,629,JAX,23.91,-304.35,-106.5,220.0,,,,,,
1210,ESPN-4432777,Jeremiah Trotter Jr.,IDP,625,PHI,24.09,-304.17,-106.5,220.0,,,,,,
1211,ESPN-4361421,PJ Mustipher,IDP,626,ARI,24.06,-304.2,-106.5,220.0,,,,,,
1212,ESPN-4362502,DJ Ivey,IDP,630,CIN,23.46,-304.8,-106.7,220.0,,,,,,
1213,ESPN-4035505,Daniel Thomas,IDP,631,CLE,23.35,-304.91,-106.7,220.0,,,,,,
1214,ESPN-5085355,David Walker,IDP,632,TB,23.3,-304.96,-106.7,220.0,,,,,,
1215,ESPN-4240456,Michael Carter II,IDP,633,PHI,23.23,-305.03,-106.8,220.0,,,,,,
1216,ESPN-4045299,Marcelino McCrary-Ball,IDP,634,NYJ,23.05,-305.21,-106.8,220.0,,,,,,
1217,ESPN-3139389,D'Angelo Ross,IDP,635,CLE,22.81,-305.45,-106.9,220.0,,,,,,
1218,ESPN-3925350,Anfernee Jennings,IDP,636,NO,22.65,-305.61,-107.0,220.0,,,,,,
1219,ESPN-3931424,Demetrius Flannigan-Fowles,IDP,637,BUF,22.44,-305.82,-107.0,220.0,,,,,,
1220,ESPN-5208977,Qwan'tez Stiggers,IDP,639,NYJ,22.22,-306.04,-107.1,220.0,,,,,,
1221,ESPN-4695991,Johnathan Edwards,IDP,638,IND,22.27,-305.99,-107.1,220.0,,,,,,
1222,ESPN-4241807,Garret Wallow,IDP,640,SF,21.86,-306.4,-107.2,220.0,,,,,,
1223,ESPN-4430947,Yahya Black,IDP,641,PIT,20.74,-307.52,-107.6,220.0,,,,,,
1224,ESPN-4240612,T.J. Slaton Jr.,IDP,644,CIN,20.56,-307.7,-107.7,220.0,,,,,,
1225,ESPN-4429109,Tonka Hemingway,IDP,642,LV,20.67,-307.59,-107.7,220.0,,,,,,
1226,ESPN-4240459,Josh Blackwell,IDP,643,CHI,20.58,-307.68,-107.7,220.0,,,,,,
1227,ESPN-4431590,Jack Sawyer,IDP,645,PIT,20.44,-307.82,-107.7,220.0,,,,,,
1228,ESPN-4432789,Hunter Wohler,IDP,646,IND,19.98,-308.28,-107.9,220.0,,,,,,
1229,ESPN-4877652,Jake Golday,IDP,647,MIN,19.91,-308.35,-107.9,220.0,,,,,,
1230,ESPN-3123938,Avonte Maddox,IDP,648,DET,19.62,-308.64,-108.0,220.0,,,,,,
1231,ESPN-3863182,Jerry Tillery,IDP,650,IND,19.53,-308.73,-108.1,220.0,,,,,,
1232,ESPN-4427984,Kain Medrano,IDP,651,WSH,19.44,-308.82,-108.1,220.0,,,,,,
1233,ESPN-4612836,Darrell Jackson Jr.,IDP,649,NYJ,19.54,-308.72,-108.1,220.0,,,,,,
1234,ESPN-4879212,Trey Moore,IDP,653,MIA,19.14,-309.12,-108.2,220.0,,,,,,
1235,ESPN-4432244,Romello Height,IDP,652,SF,19.22,-309.04,-108.2,220.0,,,,,,
1236,ESPN-4374066,Dylan Horton,IDP,654,HOU,18.95,-309.31,-108.3,220.0,,,,,,
1237,ESPN-4692048,Que Robinson,IDP,655,DEN,18.81,-309.45,-108.3,220.0,,,,,,
1238,ESPN-4689333,Tyrus Wheat,IDP,656,DAL,18.42,-309.84,-108.4,220.0,,,,,,
1239,ESPN-4427816,Marist Liufau,IDP,657,DAL,18.2,-310.06,-108.5,220.0,,,,,,
1240,23242,Michael Penix Jr.,QB,34,ATL,36.11,-108.47,-108.5,118.8,32.81,39.4,284.0,11.0,4.0,332.0
1241,ESPN-4575483,T.J. Tampa,IDP,658,BAL,17.79,-310.47,-108.7,220.0,,,,,,
1242,ESPN-4565311,Aeneas Peebles,IDP,659,BAL,17.33,-310.93,-108.8,220.0,,,,,,
1243,ESPN-4685523,Ephesians Prysock,IDP,660,SF,17.32,-310.94,-108.8,220.0,,,,,,
1244,ESPN-4605792,Adin Huntington,IDP,661,CLE,17.2,-311.06,-108.9,220.0,,,,,,
1245,ESPN-4259651,Brandon Pili,IDP,662,SEA,17.19,-311.07,-108.9,220.0,,,,,,
1246,ESPN-4368113,Charles Woods,IDP,663,NE,17.03,-311.23,-108.9,220.0,,,,,,
1247,ESPN-4567979,Brandin Echols,IDP,665,PIT,16.93,-311.33,-109.0,220.0,,,,,,
1248,ESPN-4032481,Jonah Williams,IDP,666,ARI,16.72,-311.54,-109.0,220.0,,,,,,
1249,ESPN-4379414,Channing Tindall,IDP,664,ATL,16.94,-311.32,-109.0,220.0,,,,,,
1250,ESPN-4431006,Caelen Carson,IDP,668,DAL,16.54,-311.72,-109.1,220.0,,,,,,
1251,ESPN-4034530,Chris Williams,IDP,667,ATL,16.59,-311.67,-109.1,220.0,,,,,,
1252,ESPN-4257580,Christian Braswell,IDP,669,JAX,16.5,-311.76,-109.1,220.0,,,,,,
1253,ESPN-4384595,Khristian Boyd,IDP,670,NO,16.49,-311.77,-109.1,220.0,,,,,,
1254,ESPN-4037521,Chazz Surratt,IDP,671,SEA,16.3,-311.96,-109.2,220.0,,,,,,
1255,ESPN-4700136,Kiko Mauigoa,IDP,672,NYJ,15.89,-312.37,-109.3,220.0,,,,,,
1256,ESPN-4875381,Jordan van den Berg,IDP,673,CHI,15.85,-312.41,-109.3,220.0,,,,,,
1257,ESPN-2575453,Rakeem Nunez-Roches,IDP,675,TB,15.43,-312.83,-109.5,220.0,,,,,,
1258,ESPN-4242973,Darnay Holmes,IDP,674,ATL,15.54,-312.72,-109.5,220.0,,,,,,
1259,ESPN-4606666,Karon Prunty,IDP,678,NE,15.09,-313.17,-109.6,220.0,,,,,,
1260,ESPN-5093694,Keionte Scott,IDP,677,TB,15.12,-313.14,-109.6,220.0,,,,,,
1261,ESPN-4361707,Chad Muma,IDP,676,NE,15.23,-313.03,-109.6,220.0,,,,,,
1262,ESPN-4432758,Jaylen Reed,IDP,679,HOU,14.76,-313.5,-109.7,220.0,,,,,,
1263,ESPN-3858271,Ashtyn Davis,IDP,680,SF,14.6,-313.66,-109.8,220.0,,,,,,
1264,ESPN-4241473,LaBryan Ray,IDP,681,CAR,14.53,-313.73,-109.8,220.0,,,,,,
1265,ESPN-4428383,Chris Roland-Wallace,IDP,683,KC,14.25,-314.01,-109.9,220.0,,,,,,
1266,ESPN-4430838,Rylie Mills,IDP,682,SEA,14.31,-313.95,-109.9,220.0,,,,,,
1267,ESPN-4714157,Thomas Incoom,IDP,684,CAR,13.6,-314.66,-110.1,220.0,,,,,,
1268,ESPN-4702577,Devin Moore,IDP,686,DAL,12.98,-315.28,-110.3,220.0,,,,,,
1269,ESPN-4429560,Tommy Eichenberg,IDP,685,LV,13.11,-315.15,-110.3,220.0,,,,,,
1270,ESPN-4257591,Arnold Ebiketie,IDP,687,PHI,12.95,-315.31,-110.4,220.0,,,,,,
1271,ESPN-4431598,Leonard Taylor III,IDP,688,NE,12.73,-315.53,-110.4,220.0,,,,,,
1272,ESPN-4572055,Mike Morris,IDP,689,SEA,12.62,-315.64,-110.5,220.0,,,,,,
1273,ESPN-4585317,Kendell Brooks,IDP,690,TEN,12.6,-315.66,-110.5,220.0,,,,,,
1274,ESPN-4693345,Cole Wisniewski,IDP,693,PHI,12.3,-315.96,-110.6,220.0,,,,,,
1275,ESPN-4682488,Dalton Johnson,IDP,691,LV,12.4,-315.86,-110.6,220.0,,,,,,
1276,ESPN-4430821,Kitan Crawford,IDP,692,ARI,12.34,-315.92,-110.6,220.0,,,,,,
1277,ESPN-4432661,Rayshaun Benny,IDP,694,BAL,12.26,-316.0,-110.6,220.0,,,,,,
1278,ESPN-4880675,Rayuan Lane III,IDP,695,JAX,12.09,-316.17,-110.7,220.0,,,,,,
1279,ESPN-4429193,Kris Abrams-Draine,IDP,696,DEN,11.67,-316.59,-110.8,220.0,,,,,,
1280,ESPN-4365629,Daniel Hardy,IDP,697,CHI,11.59,-316.67,-110.8,220.0,,,,,,
1281,ESPN-3134448,Tremon Smith,IDP,699,HOU,11.39,-316.87,-110.9,220.0,,,,,,
1282,ESPN-4430065,Cedric Johnson,IDP,698,CIN,11.42,-316.84,-110.9,220.0,,,,,,
1283,ESPN-4708238,George Gumbs Jr.,IDP,700,IND,11.36,-316.9,-110.9,220.0,,,,,,
1284,ESPN-4428328,Deonte Banks,IDP,700,NYG,11.36,-316.9,-110.9,220.0,,,,,,
1285,ESPN-4430280,Ivan Pace Jr.,IDP,702,MIN,11.09,-317.17,-111.0,220.0,,,,,,
1286,ESPN-5091793,Charles Demmings,IDP,706,MIN,10.84,-317.42,-111.1,220.0,,,,,,
1287,ESPN-4710706,Jadon Canady,IDP,709,KC,10.78,-317.48,-111.1,220.0,,,,,,
1288,ESPN-4684543,Julian Neal,IDP,705,SEA,10.91,-317.35,-111.1,220.0,,,,,,
1289,ESPN-4698598,Toriano Pride Jr.,IDP,707,BUF,10.8,-317.46,-111.1,220.0,,,,,,
1290,ESPN-4691043,Nikko Reed,IDP,703,LAC,10.93,-317.33,-111.1,220.0,,,,,,
1291,ESPN-4685327,Daylen Everette,IDP,704,PIT,10.92,-317.34,-111.1,220.0,,,,,,
1292,ESPN-4702918,Chandler Rivers,IDP,708,BAL,10.79,-317.47,-111.1,220.0,,,,,,
1293,ESPN-4432768,Lorenzo Styles Jr.,IDP,711,NO,10.52,-317.74,-111.2,220.0,,,,,,
1294,ESPN-4244607,Akayleb Evans,IDP,710,CAR,10.55,-317.71,-111.2,220.0,,,,,,
1295,ESPN-4426347,Mazi Smith,IDP,712,NYJ,10.44,-317.82,-111.2,220.0,,,,,,
1296,ESPN-4077786,Sam Roberts,IDP,714,None,9.76,-318.5,-111.5,220.0,,,,,,
1297,ESPN-4046716,Naquan Jones,IDP,713,HOU,9.82,-318.44,-111.5,220.0,,,,,,
1298,ESPN-4608794,Tyler Batty,IDP,715,MIN,9.55,-318.71,-111.5,220.0,,,,,,
1299,ESPN-4372459,Christian Izien,IDP,717,DET,9.44,-318.82,-111.6,220.0,,,,,,
1300,ESPN-4605478,Jared Ivey,IDP,716,SEA,9.45,-318.81,-111.6,220.0,,,,,,
1301,ESPN-4259804,Willie Gay Jr.,IDP,718,MIA,9.0,-319.26,-111.7,220.0,,,,,,
1302,ESPN-4429005,Braiden McGregor,IDP,719,NYJ,8.73,-319.53,-111.8,220.0,,,,,,
1303,ESPN-4689989,Natrone Brooks,IDP,720,ATL,8.17,-320.09,-112.0,220.0,,,,,,
1304,ESPN-4874448,Daijahn Anthony,IDP,721,CIN,7.53,-320.73,-112.3,220.0,,,,,,
1305,ESPN-3122797,Isaac Yiadom,IDP,724,NO,7.1,-321.16,-112.4,220.0,,,,,,
1306,ESPN-4428503,JL Skinner,IDP,723,DEN,7.12,-321.14,-112.4,220.0,,,,,,
1307,ESPN-4248533,Josh Hayes,IDP,722,TB,7.21,-321.05,-112.4,220.0,,,,,,
1308,ESPN-3057524,Siran Neal,IDP,725,SF,6.8,-321.46,-112.5,220.0,,,,,,
1309,ESPN-4569586,Ty Robinson,IDP,726,PHI,6.69,-321.57,-112.5,220.0,,,,,,
1310,ESPN-5151083,Will Lee III,IDP,730,CAR,6.51,-321.75,-112.6,220.0,,,,,,
1311,ESPN-4917354,Hezekiah Masses,IDP,729,LV,6.52,-321.74,-112.6,220.0,,,,,,
1312,ESPN-4431573,Smael Mondon Jr.,IDP,728,PHI,6.54,-321.72,-112.6,220.0,,,,,,
1313,ESPN-4876380,Jack Kelly,IDP,727,NYG,6.59,-321.67,-112.6,220.0,,,,,,
1314,ESPN-4038843,Keir Thomas II,IDP,731,LAR,5.7,-322.56,-112.9,220.0,,,,,,
1315,ESPN-4431424,Bradyn Swinson,IDP,731,NE,5.7,-322.56,-112.9,220.0,,,,,,
1316,ESPN-4682818,Nick Barrett,IDP,733,LAC,5.26,-323.0,-113.0,220.0,,,,,,
1317,ESPN-4242402,Elijah Hicks,IDP,734,CHI,5.22,-323.04,-113.1,220.0,,,,,,
1318,ESPN-4603189,Sai'vion Jones,IDP,735,DEN,5.09,-323.17,-113.1,220.0,,,,,,
1319,ESPN-4950551,Genesis Smith,IDP,736,LAC,4.93,-323.33,-113.2,220.0,,,,,,
1320,ESPN-4695280,Micah Robinson,IDP,737,TEN,4.59,-323.67,-113.3,220.0,,,,,,
1321,ESPN-4870960,LT Overton,IDP,738,DAL,3.85,-324.41,-113.5,220.0,,,,,,
1322,ESPN-4685518,Kamari Ramsey,IDP,739,HOU,2.45,-325.81,-114.0,220.0,,,,,,
1323,14252,Kirk Cousins,QB,35,LV,19.7,-124.88,-124.9,228.3,17.9,21.5,303.0,11.0,1.0,304.0
1324,26839,Taylen Green,QB,36,CLE,11.81,-132.77,-132.8,459.0,11.81,,,,,
1325,24956,J.J. McCarthy,QB,37,MIN,10.28,-134.3,-134.3,131.6,10.15,10.4,328.0,12.0,5.0,360.0
1326,26739,Ty Simpson,QB,38,LAR,9.66,-134.92,-134.9,136.1,8.33,11.0,371.0,12.0,3.0,432.0
1327,24994,Carson Beck,QB,39,ARI,9.34,-135.24,-135.2,218.4,7.78,10.9,353.0,12.0,2.0,382.0
1328,24117,Anthony Richardson Sr.,QB,40,IND,8.16,-136.42,-136.4,183.4,6.41,9.9,369.0,12.0,4.0,
1329,16763,Marcus Mariota,QB,41,WAS,7.66,-136.92,-136.9,314.0,6.82,8.5,445.0,13.0,2.0,
1330,23177,Dillon Gabriel,QB,42,CLE,6.33,-138.25,-138.2,475.3,6.33,,,,,
1331,25025,Joe Milton III,QB,44,DAL,5.37,-139.21,-139.2,331.3,4.93,5.8,409.0,13.0,2.0,
1332,24992,Riley Leonard,QB,43,IND,5.42,-139.16,-139.2,271.6,4.54,6.3,477.0,14.0,4.0,633.0
1333,22505,Davis Mills,QB,45,HOU,5.23,-139.35,-139.3,207.1,4.47,6.0,,,,
1334,21818,Shane Buechele,QB,46,BUF,5.08,-139.5,-139.5,271.2,4.26,5.9,,,,
1335,20954,Jarrett Stidham,QB,48,DEN,4.86,-139.72,-139.7,250.9,4.32,5.4,,,,
1336,17920,Carson Wentz,QB,47,MIN,4.91,-139.67,-139.7,405.2,4.91,,,,,
1337,22492,Justin Fields,QB,49,KC,4.79,-139.79,-139.8,152.8,3.88,5.7,360.0,12.0,2.0,
1338,23270,Will Levis,QB,50,TEN,4.78,-139.8,-139.8,179.9,3.96,5.6,,,,
1339,24168,Tyson Bagent,QB,51,CHI,4.69,-139.89,-139.9,340.2,3.97,5.4,,,,
1340,22501,Kenny Pickett,QB,52,CAR,4.64,-139.94,-139.9,189.8,3.98,5.3,,,,
1341,16762,Jameis Winston,QB,54,NYG,4.54,-140.04,-140.0,204.1,3.99,5.1,451.0,13.0,4.0,
1342,12841,Andy Dalton,QB,53,PHI,4.6,-139.98,-140.0,191.3,4.29,4.9,,,,
1343,24625,Tommy DeVito,QB,55,NE,4.5,-140.08,-140.1,335.7,3.79,5.2,,,,
1344,26048,Quinn Ewers,QB,56,MIA,4.45,-140.13,-140.1,314.5,3.6,5.3,535.0,14.0,3.0,
1345,21046,Jake Browning,QB,58,TB,4.39,-140.19,-140.2,166.6,3.88,4.9,,,,
1346,611,Joe Flacco,QB,57,CIN,4.43,-140.15,-140.2,208.0,4.15,4.7,425.0,13.0,3.0,
1347,19850,Mason Rudolph,QB,59,PIT,4.36,-140.22,-140.2,308.6,3.92,4.8,,,,
1348,22496,Mac Jones,QB,60,SF,4.32,-140.26,-140.3,153.8,3.74,4.9,346.0,12.0,1.0,
1349,24124,Tanner McKee,QB,61,PHI,4.31,-140.27,-140.3,176.0,3.62,5.0,,,,
1350,19025,Joshua Dobbs,QB,64,DET,4.24,-140.34,-140.3,375.7,4.24,,,,,
1351,21810,Tyler Huntley,QB,62,BAL,4.28,-140.3,-140.3,156.3,3.65,4.9,,,,
1352,23629,Chris Oladokun,QB,62,KC,4.28,-140.3,-140.3,244.0,3.76,4.8,,,,
1353,19330,Nick Mullens,QB,65,JAX,4.22,-140.36,-140.4,283.5,3.85,4.6,,,,
1354,12831,Tyrod Taylor,QB,66,GB,4.21,-140.37,-140.4,145.9,3.73,4.7,,,,
1355,22493,Trey Lance,QB,68,LAC,4.17,-140.41,-140.4,150.9,3.65,4.7,,,,
1356,23186,Spencer Rattler,QB,67,NO,4.19,-140.39,-140.4,330.3,3.78,4.6,557.0,15.0,3.0,
1357,20880,Gardner Minshew II,QB,69,ARI,4.12,-140.46,-140.5,235.2,3.75,4.5,508.0,14.0,2.0,
1358,28049,Behren Morton,QB,69,NE,4.12,-140.46,-140.5,458.5,3.43,4.8,,,,
1359,20859,Drew Lock,QB,71,SEA,4.0,-140.58,-140.6,231.2,3.61,4.4,,,,
1360,25871,Garrett Nussmeier,QB,73,KC,3.84,-140.74,-140.7,449.6,3.18,4.5,,,,
1361,24507,Adrian Martinez,QB,72,SF,3.92,-140.66,-140.7,490.0,3.23,4.6,,,,
1362,26933,Cole Payton,QB,76,PHI,3.81,-140.77,-140.8,452.1,3.12,4.5,,,,
1363,23185,Sam Howell,QB,75,DAL,3.82,-140.76,-140.8,192.3,3.82,,,,,
1364,28045,Drew Allar,QB,74,PIT,3.83,-140.75,-140.8,411.7,3.36,4.3,511.0,14.0,2.0,
1365,20053,Kyle Allen,QB,79,BUF,3.67,-140.91,-140.9,252.9,3.13,4.2,,,,
1366,18811,Mitchell Trubisky,QB,77,TEN,3.72,-140.86,-140.9,274.1,3.44,4.0,,,,
1367,28048,Cade Klubnik,QB,78,NYJ,3.71,-140.87,-140.9,299.3,3.22,4.2,449.0,13.0,4.0,
1368,25882,Jalen Milroe,QB,80,SEA,3.66,-140.92,-140.9,307.6,2.92,4.4,,,,
1369,25884,Will Howard,QB,81,PIT,3.05,-141.53,-141.5,315.5,2.9,3.2,,,,
1370,16497,Teddy Bridgewater,QB,82,DET,2.55,-142.03,-142.0,201.6,0.0,5.1,,,,
1371,26084,Brady Cook,QB,83,NYJ,2.38,-142.2,-142.2,475.7,2.55,2.2,,,,
