week,is_playoff,team_id,team_name,player_id,player_name,position,slot,started,points,projected_points,on_bye
1,False,10,High Noon,3117251,Christian McCaffrey,RB,RB,True,37.9,17.96,False
1,False,10,High Noon,3115364,Leonard Fournette,RB,RB,True,9.4,15.71,False
1,False,10,High Noon,14912,Alshon Jeffery,WR,BE,False,19.6,10.24,False
1,False,10,High Noon,3116165,Chris Godwin,WR,WR,True,12.8,10.46,False
1,False,10,High Noon,15705,Josh Gordon,WR,WR,True,14.8,10.78,False
1,False,10,High Noon,13994,Cam Newton,QB,QB,True,6.36,18.49,False
1,False,10,High Noon,3121427,Curtis Samuel,WR,BE,False,4.7,8.53,False
1,False,10,High Noon,9761,Delanie Walker,TE,TE,True,20.0,7.54,False
1,False,10,High Noon,4036348,Michael Gallup,WR,BE,False,19.3,8.51,False
1,False,10,High Noon,4361606,Darwin Thompson,RB,BE,False,0.8,2.17,False
1,False,10,High Noon,16760,Jimmy Garoppolo,QB,BE,False,10.44,17.31,False
1,False,10,High Noon,10636,Mason Crosby,K,K,True,4.0,7.14,False
1,False,10,High Noon,-16006,Cowboys D/ST,D/ST,D/ST,True,1.0,4.84,False
1,False,10,High Noon,3929950,Tremaine Edmunds,LB,DP,True,9.0,9.05,False
1,False,10,High Noon,3916925,Kerryon Johnson,RB,RB/WR/TE,True,7.2,13.19,False
1,False,10,High Noon,13232,Jimmy Graham,TE,BE,False,10.5,6.47,False
1,False,10,High Noon,4048244,Alexander Mattison,RB,BE,False,4.9,3.05,False
1,False,9,Tonie's Tigers,3045147,James Conner,RB,RB,True,8.5,13.55,False
1,False,9,Tonie's Tigers,16737,Mike Evans,WR,WR,True,3.8,13.44,False
1,False,9,Tonie's Tigers,3919596,Chris Carson,RB,RB,True,21.0,14.71,False
1,False,9,Tonie's Tigers,14924,T.Y. Hilton,WR,WR,True,24.7,10.58,False
1,False,9,Tonie's Tigers,2574808,Robby Anderson,WR,RB/WR/TE,True,4.8,9.73,False
1,False,9,Tonie's Tigers,3043080,O.J. Howard,TE,TE,True,5.2,8.58,False
1,False,9,Tonie's Tigers,2580,Drew Brees,QB,QB,True,20.8,18.53,False
1,False,9,Tonie's Tigers,3843750,Derrius Guice,RB,BE,False,5.3,11.49,False
1,False,9,Tonie's Tigers,3051902,Peyton Barber,RB,BE,False,5.5,8.42,False
1,False,9,Tonie's Tigers,5528,Larry Fitzgerald,WR,BE,False,21.3,8.8,False
1,False,9,Tonie's Tigers,-16014,Rams D/ST,D/ST,D/ST,True,9.0,5.36,False
1,False,9,Tonie's Tigers,15860,Jordan Reed,TE,BE,False,0.0,0.0,False
1,False,9,Tonie's Tigers,16757,Derek Carr,QB,BE,False,14.56,15.48,False
1,False,9,Tonie's Tigers,16720,C.J. Mosley,LB,DP,True,16.0,8.48,False
1,False,9,Tonie's Tigers,3050478,Jake Elliott,K,K,True,6.0,8.15,False
1,False,9,Tonie's Tigers,2972091,Jalen Richard,RB,BE,False,0.3,6.94,False
1,False,9,Tonie's Tigers,15839,Marquise Goodwin,WR,BE,False,1.2,5.66,False
1,False,1,Below Average Joes,16800,Davante Adams,WR,WR,True,5.6,13.7,False
1,False,1,Below Average Joes,3116385,Joe Mixon,RB,RB,True,2.7,14.56,False
1,False,1,Below Average Joes,17359,Damien Williams,RB,RB/WR/TE,True,15.5,10.8,False
1,False,1,Below Average Joes,15880,Robert Woods,WR,WR,True,13.6,11.07,False
1,False,1,Below Average Joes,3045138,Mike Williams,WR,BE,False,3.9,10.76,False
1,False,1,Below Average Joes,3046439,Hunter Henry,TE,TE,True,8.0,8.35,False
1,False,1,Below Average Joes,3066158,Tarik Cohen,RB,BE,False,8.9,9.39,False
1,False,1,Below Average Joes,3068267,Austin Ekeler,RB,RB,True,36.4,14.24,False
1,False,1,Below Average Joes,3046779,Jared Goff,QB,QB,True,9.44,17.24,False
1,False,1,Below Average Joes,2576491,Adam Humphries,WR,BE,False,1.0,7.15,False
1,False,1,Below Average Joes,13217,Golden Tate,WR,BE,False,0.0,0.0,False
1,False,1,Below Average Joes,14979,Bobby Wagner,LB,DP,True,8.0,9.55,False
1,False,1,Below Average Joes,14880,Kirk Cousins,QB,BE,False,14.32,17.33,False
1,False,1,Below Average Joes,16040,C.J. Anderson,RB,BE,False,3.5,5.33,False
1,False,1,Below Average Joes,3123052,Michael Badgley,K,BE,False,0.0,0.0,False
1,False,1,Below Average Joes,-16021,Eagles D/ST,D/ST,D/ST,True,0.0,7.11,False
1,False,1,Below Average Joes,3068939,Aldrick Rosas,K,K,True,5.0,8.3,False
1,False,6,"Dude, Where's  My Lamar",16733,Odell Beckham Jr.,WR,WR,True,10.6,13.58,False
1,False,6,"Dude, Where's  My Lamar",3116406,Tyreek Hill,WR,WR,True,3.1,14.7,False
1,False,6,"Dude, Where's  My Lamar",3040151,George Kittle,TE,TE,True,10.4,12.32,False
1,False,6,"Dude, Where's  My Lamar",2576434,Melvin Gordon,RB,BE,False,0.0,0.0,False
1,False,6,"Dude, Where's  My Lamar",3915416,DJ Moore,WR,RB/WR/TE,True,10.1,10.68,False
1,False,6,"Dude, Where's  My Lamar",11237,Matt Ryan,QB,QB,True,18.56,17.56,False
1,False,6,"Dude, Where's  My Lamar",3892889,Dede Westbrook,WR,BE,False,12.7,10.21,False
1,False,6,"Dude, Where's  My Lamar",15072,Marvin Jones Jr.,WR,BE,False,8.0,10.19,False
1,False,6,"Dude, Where's  My Lamar",2969962,Duke Johnson,RB,RB,True,11.0,10.51,False
1,False,6,"Dude, Where's  My Lamar",12514,LeSean McCoy,RB,RB,True,9.8,4.5,False
1,False,6,"Dude, Where's  My Lamar",3050487,Anthony Miller,WR,BE,False,0.0,5.02,False
1,False,6,"Dude, Where's  My Lamar",3056362,Darius Leonard,LB,DP,True,8.0,10.58,False
1,False,6,"Dude, Where's  My Lamar",3912550,Ronald Jones II,RB,BE,False,9.8,5.52,False
1,False,6,"Dude, Where's  My Lamar",3916387,Lamar Jackson,QB,BE,False,33.56,18.85,False
1,False,6,"Dude, Where's  My Lamar",16486,Brett Maher,K,K,True,5.0,8.65,False
1,False,6,"Dude, Where's  My Lamar",8479,Frank Gore,RB,BE,False,2.0,5.88,False
1,False,6,"Dude, Where's  My Lamar",-16020,Jets D/ST,D/ST,D/ST,True,17.0,7.29,False
1,False,8,SCLSU Mud Dogs,15795,DeAndre Hopkins,WR,WR,True,28.1,16.25,False
1,False,8,SCLSU Mud Dogs,15847,Travis Kelce,TE,TE,True,10.3,13.66,False
1,False,8,SCLSU Mud Dogs,3042519,Aaron Jones,RB,RB,True,4.4,11.29,False
1,False,8,SCLSU Mud Dogs,16731,Brandin Cooks,WR,WR,True,4.9,12.06,False
1,False,8,SCLSU Mud Dogs,3122840,Deshaun Watson,QB,QB,True,30.72,21.47,False
1,False,8,SCLSU Mud Dogs,3128721,Sony Michel,RB,RB,True,1.4,11.47,False
1,False,8,SCLSU Mud Dogs,3895856,Christian Kirk,WR,RB/WR/TE,True,8.4,8.49,False
1,False,8,SCLSU Mud Dogs,15920,Latavius Murray,RB,BE,False,11.7,7.7,False
1,False,8,SCLSU Mud Dogs,3122672,Royce Freeman,RB,BE,False,6.6,8.94,False
1,False,8,SCLSU Mud Dogs,3049916,Matt Breida,RB,BE,False,3.7,9.9,False
1,False,8,SCLSU Mud Dogs,3051738,Marquez Valdes-Scantling,WR,BE,False,7.2,7.24,False
1,False,8,SCLSU Mud Dogs,14198,Dion Lewis,RB,BE,False,2.8,6.55,False
1,False,8,SCLSU Mud Dogs,14993,Greg Zuerlein,K,K,True,14.0,8.85,False
1,False,8,SCLSU Mud Dogs,-16024,Chargers D/ST,D/ST,D/ST,True,1.0,7.82,False
1,False,8,SCLSU Mud Dogs,3915189,Roquan Smith,LB,DP,True,5.0,9.16,False
1,False,8,SCLSU Mud Dogs,3918298,Josh Allen,QB,BE,False,15.96,16.31,False
1,False,8,SCLSU Mud Dogs,3057987,DaeSean Hamilton,WR,BE,False,1.5,7.39,False
1,False,5,Remember the Fucking Titans,3054850,Alvin Kamara,RB,RB,True,20.4,18.62,False
1,False,5,Remember the Fucking Titans,3139477,Patrick Mahomes,QB,QB,True,27.32,19.91,False
1,False,5,Remember the Fucking Titans,16460,Adam Thielen,WR,WR,True,11.8,12.49,False
1,False,5,Remember the Fucking Titans,3052117,Phillip Lindsay,RB,RB,True,8.6,10.8,False
1,False,5,Remember the Fucking Titans,3925357,Calvin Ridley,WR,WR,True,14.4,9.4,False
1,False,5,Remember the Fucking Titans,3043275,Austin Hooper,TE,BE,False,12.2,7.37,False
1,False,5,Remember the Fucking Titans,3115913,Geronimo Allison,WR,BE,False,0.0,5.95,False
1,False,5,Remember the Fucking Titans,-16003,Bears D/ST,D/ST,D/ST,True,10.0,7.45,False
1,False,5,Remember the Fucking Titans,16791,Donte Moncrief,WR,BE,False,2.2,8.05,False
1,False,5,Remember the Fucking Titans,11283,DeSean Jackson,WR,RB/WR/TE,True,31.4,7.62,False
1,False,5,Remember the Fucking Titans,14938,Luke Kuechly,LB,DP,True,8.0,9.91,False
1,False,5,Remember the Fucking Titans,3039707,Mitchell Trubisky,QB,BE,False,8.22,18.36,False
1,False,5,Remember the Fucking Titans,9704,Stephen Gostkowski,K,K,True,17.0,8.34,False
1,False,5,Remember the Fucking Titans,14922,Mohamed Sanu Sr.,WR,BE,False,8.2,7.4,False
1,False,5,Remember the Fucking Titans,15826,Giovani Bernard,RB,BE,False,7.3,7.1,False
1,False,5,Remember the Fucking Titans,10475,Greg Olsen,TE,TE,True,5.6,6.91,False
1,False,5,Remember the Fucking Titans,2577134,Ty Montgomery,RB,BE,False,0.4,5.53,False
1,False,11,Dez (Bryant) Nuts,3051392,Ezekiel Elliott,RB,RB,True,12.8,19.26,False
1,False,11,Dez (Bryant) Nuts,13934,Antonio Brown,WR,BE,False,0.0,0.0,False
1,False,11,Dez (Bryant) Nuts,4047365,Josh Jacobs,RB,RB,True,23.8,14.36,False
1,False,11,Dez (Bryant) Nuts,12649,Julian Edelman,WR,WR,True,13.38,13.38,False
1,False,11,Dez (Bryant) Nuts,16913,James White,RB,RB/WR/TE,True,10.7,11.4,False
1,False,11,Dez (Bryant) Nuts,12537,Jared Cook,TE,TE,True,4.7,8.9,False
1,False,11,Dez (Bryant) Nuts,16799,Allen Robinson II,WR,BE,False,13.7,10.73,False
1,False,11,Dez (Bryant) Nuts,2577417,Dak Prescott,QB,QB,True,33.4,21.22,False
1,False,11,Dez (Bryant) Nuts,13295,Emmanuel Sanders,WR,WR,True,17.1,9.72,False
1,False,11,Dez (Bryant) Nuts,3916430,Nyheim Hines,RB,BE,False,3.7,6.16,False
1,False,11,Dez (Bryant) Nuts,5536,Ben Roethlisberger,QB,BE,False,9.74,17.37,False
1,False,11,Dez (Bryant) Nuts,-16033,Ravens D/ST,D/ST,D/ST,True,14.0,5.33,False
1,False,11,Dez (Bryant) Nuts,3138677,Leighton Vander Esch,LB,DP,True,13.0,9.19,False
1,False,11,Dez (Bryant) Nuts,3116365,Mark Andrews,TE,BE,False,20.8,7.07,False
1,False,11,Dez (Bryant) Nuts,2971573,Ka'imi Fairbairn,K,K,True,4.0,8.7,False
1,False,11,Dez (Bryant) Nuts,10453,Ted Ginn Jr.,WR,BE,False,13.6,6.85,False
1,False,11,Dez (Bryant) Nuts,3925347,Damien Harris,RB,BE,False,0.0,3.74,False
1,False,4,The New Guy,3929630,Saquon Barkley,RB,RB,True,15.9,20.16,False
1,False,4,The New Guy,16944,Devonta Freeman,RB,RB,True,3.6,12.75,False
1,False,4,The New Guy,15818,Keenan Allen,WR,WR,True,22.3,13.01,False
1,False,4,The New Guy,2977187,Cooper Kupp,WR,WR,True,8.1,10.42,False
1,False,4,The New Guy,2974858,Kenny Golladay,WR,BE,False,12.2,11.55,False
1,False,4,The New Guy,2979843,Kenyan Drake,RB,RB/WR/TE,True,3.7,11.22,False
1,False,4,The New Guy,3052587,Baker Mayfield,QB,QB,True,9.4,16.58,False
1,False,4,The New Guy,3915823,Keke Coutee,WR,BE,False,0.0,5.97,False
1,False,4,The New Guy,3123076,David Njoku,TE,TE,True,11.7,7.22,False
1,False,4,The New Guy,16732,Eric Ebron,TE,BE,False,1.3,6.0,False
1,False,4,The New Guy,-16030,Jaguars D/ST,D/ST,D/ST,True,-8.0,4.56,False
1,False,4,The New Guy,16716,Aaron Donald,DT,DP,True,1.0,5.77,False
1,False,4,The New Guy,2977609,Devin Funchess,WR,BE,False,4.7,6.17,False
1,False,4,The New Guy,2985659,Wil Lutz,K,K,True,14.0,9.57,False
1,False,4,The New Guy,2576980,Marcus Mariota,QB,BE,False,24.32,14.53,False
1,False,4,The New Guy,4040761,Devin Singletary,RB,BE,False,12.3,9.11,False
1,False,4,The New Guy,15966,Chris Thompson,RB,BE,False,11.3,7.8,False
1,False,2,Rodger  That,2977644,Todd Gurley II,RB,RB,True,10.6,15.63,False
1,False,2,Rodger  That,3120348,JuJu Smith-Schuster,WR,WR,True,10.8,14.57,False
1,False,2,Rodger  That,8439,Aaron Rodgers,QB,QB,True,12.92,15.94,False
1,False,2,Rodger  That,13981,Mark Ingram II,RB,RB,True,22.7,13.26,False
1,False,2,Rodger  That,3045144,Tyler Boyd,WR,WR,True,10.3,11.46,False
1,False,2,Rodger  That,3051876,Evan Engram,TE,TE,True,23.1,9.68,False
1,False,2,Rodger  That,16725,Sammy Watkins,WR,RB/WR/TE,True,42.3,8.89,False
1,False,2,Rodger  That,3042778,Corey Davis,WR,BE,False,0.0,8.35,False
1,False,2,Rodger  That,3060022,Jordan Howard,RB,BE,False,6.5,8.49,False
1,False,2,Rodger  That,2576716,Jamison Crowder,WR,BE,False,17.3,8.03,False
1,False,2,Rodger  That,10452,Adrian Peterson,RB,BE,False,0.0,0.0,False
1,False,2,Rodger  That,3122449,James Washington,WR,BE,False,6.1,7.41,False
1,False,2,Rodger  That,5529,Philip Rivers,QB,BE,False,23.92,16.68,False
1,False,2,Rodger  That,2978273,Blake Martinez,LB,DP,True,9.0,9.56,False
1,False,2,Rodger  That,9354,Robbie Gould,K,K,True,11.0,7.99,False
1,False,2,Rodger  That,14054,Kyle Rudolph,TE,BE,False,0.0,6.73,False
1,False,2,Rodger  That,-16007,Broncos D/ST,D/ST,D/ST,True,-1.0,6.39,False
1,False,13,Fuck Luck,2508176,David Johnson,RB,RB,True,22.7,17.5,False
1,False,13,Fuck Luck,3116593,Dalvin Cook,RB,RB,True,25.0,14.88,False
1,False,13,Fuck Luck,2976499,Amari Cooper,WR,WR,True,19.6,12.6,False
1,False,13,Fuck Luck,15835,Zach Ertz,TE,TE,True,7.9,10.67,False
1,False,13,Fuck Luck,2577327,Tyler Lockett,WR,WR,True,10.9,10.74,False
1,False,13,Fuck Luck,3052876,Will Fuller V,WR,RB/WR/TE,True,7.9,7.79,False
1,False,13,Fuck Luck,3139925,Rashaad Penny,RB,BE,False,1.8,8.47,False
1,False,13,Fuck Luck,3127306,Dante Pettis,WR,BE,False,1.2,8.5,False
1,False,13,Fuck Luck,14881,Russell Wilson,QB,QB,True,16.6,18.19,False
1,False,13,Fuck Luck,3128774,Kalen Ballage,RB,BE,False,1.7,6.47,False
1,False,13,Fuck Luck,2976545,Deion Jones,LB,DP,True,4.0,8.98,False
1,False,13,Fuck Luck,-16016,Vikings D/ST,D/ST,BE,False,15.0,4.71,False
1,False,13,Fuck Luck,16974,Trey Burton,TE,BE,False,0.0,0.0,False
1,False,13,Fuck Luck,3916148,Tony Pollard,RB,BE,False,2.4,4.27,False
1,False,13,Fuck Luck,16016,Kenny Stills,WR,BE,False,11.2,5.87,False
1,False,13,Fuck Luck,-16005,Browns D/ST,D/ST,D/ST,True,1.0,7.1,False
1,False,13,Fuck Luck,4333,Matt Bryant,K,K,True,0.0,8.14,False
1,False,3,Jim Ward's Ole Dick Necks,15825,Le'Veon Bell,RB,RB,True,20.2,14.2,False
1,False,3,Jim Ward's Ole Dick Necks,2976316,Michael Thomas,WR,WR,True,17.3,14.98,False
1,False,3,Jim Ward's Ole Dick Necks,2976212,Stefon Diggs,WR,BE,False,4.7,11.61,False
1,False,3,Jim Ward's Ole Dick Necks,3043078,Derrick Henry,RB,RB,True,28.4,13.21,False
1,False,3,Jim Ward's Ole Dick Necks,4045163,Miles Sanders,RB,BE,False,3.2,9.39,False
1,False,3,Jim Ward's Ole Dick Necks,2979477,Tevin Coleman,RB,RB/WR/TE,True,6.6,10.51,False
1,False,3,Jim Ward's Ole Dick Necks,2976592,Sterling Shepard,WR,WR,True,7.2,11.36,False
1,False,3,Jim Ward's Ole Dick Necks,3128429,Courtland Sutton,WR,BE,False,15.5,8.66,False
1,False,3,Jim Ward's Ole Dick Necks,3059915,Kareem Hunt,RB,BE,False,0.0,0.0,False
1,False,3,Jim Ward's Ole Dick Necks,2330,Tom Brady,QB,BE,False,25.64,18.22,False
1,False,3,Jim Ward's Ole Dick Necks,3917315,Kyler Murray,QB,QB,True,21.62,17.88,False
1,False,3,Jim Ward's Ole Dick Necks,3123050,Chris Herndon,TE,BE,False,0.0,0.0,False
1,False,3,Jim Ward's Ole Dick Necks,4036131,Noah Fant,TE,TE,True,3.4,5.62,False
1,False,3,Jim Ward's Ole Dick Necks,3055899,Harrison Butker,K,K,True,17.0,8.55,False
1,False,3,Jim Ward's Ole Dick Necks,3115373,Jamal Adams,S,DP,True,6.0,7.65,False
1,False,3,Jim Ward's Ole Dick Necks,17051,Albert Wilson,WR,BE,False,2.4,6.94,False
1,False,3,Jim Ward's Ole Dick Necks,-16018,Saints D/ST,D/ST,D/ST,True,4.0,6.79,False
1,False,12,Rule  #76,3128720,Nick Chubb,RB,RB,True,10.0,16.37,False
1,False,12,Rule  #76,13982,Julio Jones,WR,WR,True,13.1,13.91,False
1,False,12,Rule  #76,4035538,David Montgomery,RB,RB,True,5.0,10.27,False
1,False,12,Rule  #76,3139605,Marlon Mack,RB,RB/WR/TE,True,25.4,10.14,False
1,False,12,Rule  #76,16790,Jarvis Landry,WR,BE,False,10.7,9.31,False
1,False,12,Rule  #76,13983,A.J. Green,WR,BE,False,0.0,0.0,False
1,False,12,Rule  #76,15853,Vance McDonald,TE,TE,True,5.0,7.72,False
1,False,12,Rule  #76,2573079,Carson Wentz,QB,QB,True,25.02,19.25,False
1,False,12,Rule  #76,4039359,Darrell Henderson Jr.,RB,BE,False,0.0,5.25,False
1,False,12,Rule  #76,2969939,Jameis Winston,QB,BE,False,7.06,18.8,False
1,False,12,Rule  #76,2587819,Tyrell Williams,WR,WR,True,19.5,10.38,False
1,False,12,Rule  #76,3116721,Jaylen Samuels,RB,BE,False,1.1,5.31,False
1,False,12,Rule  #76,15683,Justin Tucker,K,K,True,11.0,9.19,False
1,False,12,Rule  #76,-16002,Bills D/ST,D/ST,D/ST,True,11.0,6.66,False
1,False,12,Rule  #76,2978304,Cory Littleton,LB,DP,True,20.0,9.3,False
1,False,12,Rule  #76,2576925,Darren Waller,TE,BE,False,10.5,7.1,False
1,False,12,Rule  #76,3116136,Justin Jackson,RB,BE,False,6.6,8.17,False
2,False,9,Tonie's Tigers,3045147,James Conner,RB,RB,True,12.0,15.43,False
2,False,9,Tonie's Tigers,16737,Mike Evans,WR,WR,True,8.1,11.67,False
2,False,9,Tonie's Tigers,3919596,Chris Carson,RB,RB,True,8.2,13.97,False
2,False,9,Tonie's Tigers,14924,T.Y. Hilton,WR,WR,True,13.3,11.1,False
2,False,9,Tonie's Tigers,2574808,Robby Anderson,WR,RB/WR/TE,True,10.1,9.14,False
2,False,9,Tonie's Tigers,3043080,O.J. Howard,TE,TE,True,0.0,7.0,False
2,False,9,Tonie's Tigers,2580,Drew Brees,QB,BE,False,-0.48,17.02,False
2,False,9,Tonie's Tigers,3843750,Derrius Guice,RB,BE,False,0.0,0.0,False
2,False,9,Tonie's Tigers,3051902,Peyton Barber,RB,BE,False,15.4,6.75,False
2,False,9,Tonie's Tigers,5528,Larry Fitzgerald,WR,BE,False,12.9,9.36,False
2,False,9,Tonie's Tigers,-16014,Rams D/ST,D/ST,D/ST,True,9.0,4.88,False
2,False,9,Tonie's Tigers,15860,Jordan Reed,TE,BE,False,0.0,0.0,False
2,False,9,Tonie's Tigers,16757,Derek Carr,QB,QB,True,9.72,18.48,False
2,False,9,Tonie's Tigers,16720,C.J. Mosley,LB,DP,True,0.0,0.0,False
2,False,9,Tonie's Tigers,3050478,Jake Elliott,K,K,True,7.0,8.4,False
2,False,9,Tonie's Tigers,2972091,Jalen Richard,RB,BE,False,1.5,6.71,False
2,False,9,Tonie's Tigers,15839,Marquise Goodwin,WR,BE,False,15.2,5.94,False
2,False,6,"Dude, Where's  My Lamar",16733,Odell Beckham Jr.,WR,WR,True,25.1,14.27,False
2,False,6,"Dude, Where's  My Lamar",3116406,Tyreek Hill,WR,BE,False,0.0,0.0,False
2,False,6,"Dude, Where's  My Lamar",3040151,George Kittle,TE,TE,True,7.9,12.83,False
2,False,6,"Dude, Where's  My Lamar",2576434,Melvin Gordon,RB,BE,False,0.0,0.0,False
2,False,6,"Dude, Where's  My Lamar",3915416,DJ Moore,WR,RB/WR/TE,True,13.4,10.84,False
2,False,6,"Dude, Where's  My Lamar",11237,Matt Ryan,QB,BE,False,19.1,19.26,False
2,False,6,"Dude, Where's  My Lamar",3892889,Dede Westbrook,WR,BE,False,0.8,8.72,False
2,False,6,"Dude, Where's  My Lamar",15072,Marvin Jones Jr.,WR,WR,True,7.8,9.1,False
2,False,6,"Dude, Where's  My Lamar",2969962,Duke Johnson,RB,RB,True,3.1,10.17,False
2,False,6,"Dude, Where's  My Lamar",12514,LeSean McCoy,RB,RB,True,3.8,10.79,False
2,False,6,"Dude, Where's  My Lamar",3050487,Anthony Miller,WR,BE,False,0.7,4.45,False
2,False,6,"Dude, Where's  My Lamar",3056362,Darius Leonard,LB,DP,True,12.0,10.6,False
2,False,6,"Dude, Where's  My Lamar",3912550,Ronald Jones II,RB,BE,False,0.9,9.73,False
2,False,6,"Dude, Where's  My Lamar",3916387,Lamar Jackson,QB,QB,True,30.88,19.89,False
2,False,6,"Dude, Where's  My Lamar",16486,Brett Maher,K,K,True,7.0,7.86,False
2,False,6,"Dude, Where's  My Lamar",8479,Frank Gore,RB,BE,False,15.3,7.06,False
2,False,6,"Dude, Where's  My Lamar",-16020,Jets D/ST,D/ST,D/ST,True,4.0,4.75,False
2,False,5,Remember the Fucking Titans,3054850,Alvin Kamara,RB,RB,True,6.5,18.1,False
2,False,5,Remember the Fucking Titans,3139477,Patrick Mahomes,QB,QB,True,31.62,24.76,False
2,False,5,Remember the Fucking Titans,16460,Adam Thielen,WR,WR,True,10.0,12.54,False
2,False,5,Remember the Fucking Titans,3052117,Phillip Lindsay,RB,BE,False,8.6,11.55,False
2,False,5,Remember the Fucking Titans,3925357,Calvin Ridley,WR,WR,True,20.5,10.36,False
2,False,5,Remember the Fucking Titans,3043275,Austin Hooper,TE,TE,True,5.4,7.82,False
2,False,5,Remember the Fucking Titans,-16003,Bears D/ST,D/ST,D/ST,True,4.0,6.05,False
2,False,5,Remember the Fucking Titans,16791,Donte Moncrief,WR,BE,False,0.0,7.46,False
2,False,5,Remember the Fucking Titans,11283,DeSean Jackson,WR,RB/WR/TE,True,0.0,9.91,False
2,False,5,Remember the Fucking Titans,14938,Luke Kuechly,LB,DP,True,19.0,9.7,False
2,False,5,Remember the Fucking Titans,3039707,Mitchell Trubisky,QB,BE,False,5.6,16.79,False
2,False,5,Remember the Fucking Titans,9704,Stephen Gostkowski,K,K,True,7.0,8.18,False
2,False,5,Remember the Fucking Titans,14922,Mohamed Sanu Sr.,WR,BE,False,4.6,7.64,False
2,False,5,Remember the Fucking Titans,15826,Giovani Bernard,RB,RB,True,1.8,10.06,False
2,False,5,Remember the Fucking Titans,10475,Greg Olsen,TE,BE,False,14.0,7.67,False
2,False,5,Remember the Fucking Titans,4241372,Marquise Brown,WR,BE,False,12.6,7.45,False
2,False,5,Remember the Fucking Titans,3051926,Gus Edwards,RB,BE,False,1.1,5.4,False
2,False,10,High Noon,3117251,Christian McCaffrey,RB,RB,True,6.3,22.24,False
2,False,10,High Noon,3115364,Leonard Fournette,RB,RB,True,10.7,13.86,False
2,False,10,High Noon,14912,Alshon Jeffery,WR,WR,True,0.0,10.94,False
2,False,10,High Noon,3116165,Chris Godwin,WR,WR,True,22.1,11.9,False
2,False,10,High Noon,15705,Josh Gordon,WR,BE,False,2.9,9.97,False
2,False,10,High Noon,13994,Cam Newton,QB,QB,True,11.32,19.03,False
2,False,10,High Noon,3121427,Curtis Samuel,WR,BE,False,11.8,8.67,False
2,False,10,High Noon,9761,Delanie Walker,TE,BE,False,5.9,7.45,False
2,False,10,High Noon,4036348,Michael Gallup,WR,BE,False,9.8,8.72,False
2,False,10,High Noon,4361606,Darwin Thompson,RB,BE,False,0.1,2.01,False
2,False,10,High Noon,10636,Mason Crosby,K,K,True,3.0,8.38,False
2,False,10,High Noon,3929950,Tremaine Edmunds,LB,DP,True,7.0,9.0,False
2,False,10,High Noon,3916925,Kerryon Johnson,RB,RB/WR/TE,True,15.8,12.93,False
2,False,10,High Noon,4048244,Alexander Mattison,RB,BE,False,2.5,3.01,False
2,False,10,High Noon,4036133,T.J. Hockenson,TE,TE,True,1.2,7.42,False
2,False,10,High Noon,-16017,Patriots D/ST,D/ST,D/ST,True,35.0,6.35,False
2,False,10,High Noon,12483,Matthew Stafford,QB,BE,False,15.1,15.55,False
2,False,8,SCLSU Mud Dogs,15795,DeAndre Hopkins,WR,WR,True,6.5,13.13,False
2,False,8,SCLSU Mud Dogs,15847,Travis Kelce,TE,TE,True,20.2,17.01,False
2,False,8,SCLSU Mud Dogs,3042519,Aaron Jones,RB,RB/WR/TE,True,23.0,13.06,False
2,False,8,SCLSU Mud Dogs,16731,Brandin Cooks,WR,WR,True,15.1,12.03,False
2,False,8,SCLSU Mud Dogs,3122840,Deshaun Watson,QB,QB,True,12.86,18.68,False
2,False,8,SCLSU Mud Dogs,3128721,Sony Michel,RB,RB,True,12.3,11.83,False
2,False,8,SCLSU Mud Dogs,3895856,Christian Kirk,WR,BE,False,14.4,9.04,False
2,False,8,SCLSU Mud Dogs,15920,Latavius Murray,RB,BE,False,2.8,7.25,False
2,False,8,SCLSU Mud Dogs,3122672,Royce Freeman,RB,BE,False,12.7,8.65,False
2,False,8,SCLSU Mud Dogs,3049916,Matt Breida,RB,RB,True,13.7,11.72,False
2,False,8,SCLSU Mud Dogs,3051738,Marquez Valdes-Scantling,WR,BE,False,3.4,7.27,False
2,False,8,SCLSU Mud Dogs,14198,Dion Lewis,RB,BE,False,1.9,6.61,False
2,False,8,SCLSU Mud Dogs,14993,Greg Zuerlein,K,K,True,9.0,9.55,False
2,False,8,SCLSU Mud Dogs,-16024,Chargers D/ST,D/ST,D/ST,True,7.0,5.81,False
2,False,8,SCLSU Mud Dogs,3915189,Roquan Smith,LB,DP,True,13.0,8.9,False
2,False,8,SCLSU Mud Dogs,3918298,Josh Allen,QB,BE,False,22.22,18.76,False
2,False,8,SCLSU Mud Dogs,3057987,DaeSean Hamilton,WR,BE,False,2.5,5.92,False
2,False,1,Below Average Joes,16800,Davante Adams,WR,WR,True,15.1,13.22,False
2,False,1,Below Average Joes,3116385,Joe Mixon,RB,RB,True,4.2,13.38,False
2,False,1,Below Average Joes,17359,Damien Williams,RB,RB/WR/TE,True,7.1,12.21,False
2,False,1,Below Average Joes,15880,Robert Woods,WR,WR,True,5.2,11.86,False
2,False,1,Below Average Joes,3045138,Mike Williams,WR,BE,False,9.8,8.49,False
2,False,1,Below Average Joes,3046439,Hunter Henry,TE,BE,False,0.0,0.0,False
2,False,1,Below Average Joes,3066158,Tarik Cohen,RB,BE,False,3.5,9.13,False
2,False,1,Below Average Joes,3068267,Austin Ekeler,RB,RB,True,20.3,14.81,False
2,False,1,Below Average Joes,3046779,Jared Goff,QB,QB,True,19.12,17.05,False
2,False,1,Below Average Joes,2576491,Adam Humphries,WR,BE,False,1.0,5.22,False
2,False,1,Below Average Joes,13217,Golden Tate,WR,BE,False,0.0,0.0,False
2,False,1,Below Average Joes,14979,Bobby Wagner,LB,DP,True,7.0,9.53,False
2,False,1,Below Average Joes,14880,Kirk Cousins,QB,BE,False,8.9,16.11,False
2,False,1,Below Average Joes,16040,C.J. Anderson,RB,BE,False,0.8,6.1,False
2,False,1,Below Average Joes,3068939,Aldrick Rosas,K,K,True,1.0,8.45,False
2,False,1,Below Average Joes,-16029,Panthers D/ST,D/ST,D/ST,True,7.0,7.08,False
2,False,1,Below Average Joes,13232,Jimmy Graham,TE,TE,True,0.0,6.8,False
2,False,4,The New Guy,3929630,Saquon Barkley,RB,RB,True,21.0,20.32,False
2,False,4,The New Guy,16944,Devonta Freeman,RB,RB,True,7.9,14.15,False
2,False,4,The New Guy,15818,Keenan Allen,WR,WR,True,13.8,15.14,False
2,False,4,The New Guy,2977187,Cooper Kupp,WR,WR,True,15.1,10.83,False
2,False,4,The New Guy,2974858,Kenny Golladay,WR,BE,False,22.7,10.27,False
2,False,4,The New Guy,2979843,Kenyan Drake,RB,RB/WR/TE,True,7.3,9.92,False
2,False,4,The New Guy,3052587,Baker Mayfield,QB,QB,True,15.0,17.78,False
2,False,4,The New Guy,3915823,Keke Coutee,WR,BE,False,1.7,5.76,False
2,False,4,The New Guy,3123076,David Njoku,TE,TE,True,0.0,7.85,False
2,False,4,The New Guy,16732,Eric Ebron,TE,BE,False,10.0,5.73,False
2,False,4,The New Guy,-16030,Jaguars D/ST,D/ST,D/ST,True,9.0,6.86,False
2,False,4,The New Guy,16716,Aaron Donald,DT,DP,True,1.0,4.82,False
2,False,4,The New Guy,2977609,Devin Funchess,WR,BE,False,0.0,0.0,False
2,False,4,The New Guy,2985659,Wil Lutz,K,K,True,12.0,7.87,False
2,False,4,The New Guy,2576980,Marcus Mariota,QB,BE,False,13.36,14.92,False
2,False,4,The New Guy,4040761,Devin Singletary,RB,BE,False,11.7,9.52,False
2,False,4,The New Guy,15966,Chris Thompson,RB,BE,False,7.6,9.42,False
2,False,13,Fuck Luck,2508176,David Johnson,RB,RB,True,7.9,15.71,False
2,False,13,Fuck Luck,3116593,Dalvin Cook,RB,RB,True,26.6,14.14,False
2,False,13,Fuck Luck,2976499,Amari Cooper,WR,WR,True,12.4,11.7,False
2,False,13,Fuck Luck,15835,Zach Ertz,TE,TE,True,13.2,11.66,False
2,False,13,Fuck Luck,2577327,Tyler Lockett,WR,WR,True,12.9,10.09,False
2,False,13,Fuck Luck,3052876,Will Fuller V,WR,RB/WR/TE,True,6.0,7.45,False
2,False,13,Fuck Luck,3139925,Rashaad Penny,RB,BE,False,13.0,6.29,False
2,False,13,Fuck Luck,3127306,Dante Pettis,WR,BE,False,0.64,4.18,False
2,False,13,Fuck Luck,14881,Russell Wilson,QB,QB,True,24.2,17.88,False
2,False,13,Fuck Luck,3128774,Kalen Ballage,RB,BE,False,2.7,6.55,False
2,False,13,Fuck Luck,2976545,Deion Jones,LB,DP,True,7.0,8.89,False
2,False,13,Fuck Luck,-16016,Vikings D/ST,D/ST,BE,False,6.0,6.0,False
2,False,13,Fuck Luck,16974,Trey Burton,TE,BE,False,1.5,6.36,False
2,False,13,Fuck Luck,3916148,Tony Pollard,RB,BE,False,3.0,4.04,False
2,False,13,Fuck Luck,16016,Kenny Stills,WR,BE,False,4.8,5.1,False
2,False,13,Fuck Luck,-16005,Browns D/ST,D/ST,D/ST,True,12.0,6.44,False
2,False,13,Fuck Luck,4333,Matt Bryant,K,K,True,7.0,9.31,False
2,False,12,Rule  #76,3128720,Nick Chubb,RB,RB,True,18.8,17.11,False
2,False,12,Rule  #76,13982,Julio Jones,WR,WR,True,26.1,15.94,False
2,False,12,Rule  #76,4035538,David Montgomery,RB,RB,True,13.3,9.08,False
2,False,12,Rule  #76,3139605,Marlon Mack,RB,RB/WR/TE,True,7.3,12.27,False
2,False,12,Rule  #76,16790,Jarvis Landry,WR,BE,False,4.7,9.67,False
2,False,12,Rule  #76,13983,A.J. Green,WR,BE,False,0.0,0.0,False
2,False,12,Rule  #76,15853,Vance McDonald,TE,BE,False,19.3,7.49,False
2,False,12,Rule  #76,2573079,Carson Wentz,QB,QB,True,17.54,20.08,False
2,False,12,Rule  #76,2587819,Tyrell Williams,WR,WR,True,13.1,12.41,False
2,False,12,Rule  #76,3116721,Jaylen Samuels,RB,BE,False,3.6,5.82,False
2,False,12,Rule  #76,15683,Justin Tucker,K,K,True,13.0,9.55,False
2,False,12,Rule  #76,-16002,Bills D/ST,D/ST,D/ST,True,5.0,5.98,False
2,False,12,Rule  #76,2978304,Cory Littleton,LB,DP,True,8.0,9.7,False
2,False,12,Rule  #76,2576925,Darren Waller,TE,TE,True,9.3,9.37,False
2,False,12,Rule  #76,3116136,Justin Jackson,RB,BE,False,6.9,8.29,False
2,False,12,Rule  #76,3052177,John Ross III,WR,BE,False,19.2,9.79,False
2,False,12,Rule  #76,2570986,Malcolm Brown,RB,BE,False,5.2,6.99,False
2,False,11,Dez (Bryant) Nuts,3051392,Ezekiel Elliott,RB,RB,True,19.0,19.66,False
2,False,11,Dez (Bryant) Nuts,13934,Antonio Brown,WR,WR,True,14.1,11.13,False
2,False,11,Dez (Bryant) Nuts,4047365,Josh Jacobs,RB,RB,True,9.9,15.43,False
2,False,11,Dez (Bryant) Nuts,12649,Julian Edelman,WR,WR,True,7.2,11.36,False
2,False,11,Dez (Bryant) Nuts,16913,James White,RB,BE,False,10.4,10.21,False
2,False,11,Dez (Bryant) Nuts,12537,Jared Cook,TE,BE,False,4.5,8.63,False
2,False,11,Dez (Bryant) Nuts,16799,Allen Robinson II,WR,RB/WR/TE,True,6.1,10.58,False
2,False,11,Dez (Bryant) Nuts,2577417,Dak Prescott,QB,QB,True,27.66,19.46,False
2,False,11,Dez (Bryant) Nuts,13295,Emmanuel Sanders,WR,BE,False,24.3,8.61,False
2,False,11,Dez (Bryant) Nuts,3916430,Nyheim Hines,RB,BE,False,2.9,6.1,False
2,False,11,Dez (Bryant) Nuts,5536,Ben Roethlisberger,QB,BE,False,3.0,18.85,False
2,False,11,Dez (Bryant) Nuts,-16033,Ravens D/ST,D/ST,D/ST,True,4.0,8.54,False
2,False,11,Dez (Bryant) Nuts,3138677,Leighton Vander Esch,LB,DP,True,5.0,9.53,False
2,False,11,Dez (Bryant) Nuts,3116365,Mark Andrews,TE,TE,True,21.2,7.89,False
2,False,11,Dez (Bryant) Nuts,2971573,Ka'imi Fairbairn,K,K,True,7.0,9.26,False
2,False,11,Dez (Bryant) Nuts,10453,Ted Ginn Jr.,WR,BE,False,0.0,7.73,False
2,False,11,Dez (Bryant) Nuts,3925347,Damien Harris,RB,BE,False,0.0,0.0,False
2,False,3,Jim Ward's Ole Dick Necks,15825,Le'Veon Bell,RB,RB,True,15.9,16.72,False
2,False,3,Jim Ward's Ole Dick Necks,2976316,Michael Thomas,WR,WR,True,13.9,14.82,False
2,False,3,Jim Ward's Ole Dick Necks,2976212,Stefon Diggs,WR,WR,True,9.4,11.79,False
2,False,3,Jim Ward's Ole Dick Necks,3043078,Derrick Henry,RB,RB,True,16.4,14.78,False
2,False,3,Jim Ward's Ole Dick Necks,4045163,Miles Sanders,RB,BE,False,5.2,8.65,False
2,False,3,Jim Ward's Ole Dick Necks,2976592,Sterling Shepard,WR,BE,False,0.0,0.0,False
2,False,3,Jim Ward's Ole Dick Necks,3128429,Courtland Sutton,WR,RB/WR/TE,True,6.0,9.41,False
2,False,3,Jim Ward's Ole Dick Necks,3059915,Kareem Hunt,RB,BE,False,0.0,0.0,False
2,False,3,Jim Ward's Ole Dick Necks,2330,Tom Brady,QB,QB,True,24.66,20.0,False
2,False,3,Jim Ward's Ole Dick Necks,3917315,Kyler Murray,QB,BE,False,16.36,15.32,False
2,False,3,Jim Ward's Ole Dick Necks,3123050,Chris Herndon,TE,BE,False,0.0,0.0,False
2,False,3,Jim Ward's Ole Dick Necks,4036131,Noah Fant,TE,TE,True,5.3,6.26,False
2,False,3,Jim Ward's Ole Dick Necks,3055899,Harrison Butker,K,K,True,4.0,9.08,False
2,False,3,Jim Ward's Ole Dick Necks,-16018,Saints D/ST,D/ST,D/ST,True,4.0,5.22,False
2,False,3,Jim Ward's Ole Dick Necks,16804,John Brown,WR,BE,False,10.7,8.49,False
2,False,3,Jim Ward's Ole Dick Necks,2514270,Jordan Hicks,LB,DP,True,11.0,9.69,False
2,False,3,Jim Ward's Ole Dick Necks,16777,Carlos Hyde,RB,BE,False,9.0,7.38,False
2,False,2,Rodger  That,2977644,Todd Gurley II,RB,RB,True,14.2,12.47,False
2,False,2,Rodger  That,3120348,JuJu Smith-Schuster,WR,WR,True,10.9,13.38,False
2,False,2,Rodger  That,8439,Aaron Rodgers,QB,QB,True,14.36,17.15,False
2,False,2,Rodger  That,13981,Mark Ingram II,RB,RB,True,8.7,12.08,False
2,False,2,Rodger  That,3045144,Tyler Boyd,WR,WR,True,17.2,10.37,False
2,False,2,Rodger  That,3051876,Evan Engram,TE,TE,True,7.8,10.22,False
2,False,2,Rodger  That,16725,Sammy Watkins,WR,RB/WR/TE,True,7.9,13.31,False
2,False,2,Rodger  That,3042778,Corey Davis,WR,BE,False,5.3,6.54,False
2,False,2,Rodger  That,3060022,Jordan Howard,RB,BE,False,3.1,6.52,False
2,False,2,Rodger  That,2576716,Jamison Crowder,WR,BE,False,6.0,9.59,False
2,False,2,Rodger  That,10452,Adrian Peterson,RB,BE,False,10.2,10.07,False
2,False,2,Rodger  That,3122449,James Washington,WR,BE,False,3.3,7.34,False
2,False,2,Rodger  That,5529,Philip Rivers,QB,BE,False,10.92,16.84,False
2,False,2,Rodger  That,2978273,Blake Martinez,LB,DP,True,13.0,9.55,False
2,False,2,Rodger  That,9354,Robbie Gould,K,K,True,10.0,7.96,False
2,False,2,Rodger  That,14054,Kyle Rudolph,TE,BE,False,2.4,6.07,False
2,False,2,Rodger  That,-16034,Texans D/ST,D/ST,D/ST,True,11.0,7.6,False
3,False,5,Remember the Fucking Titans,3054850,Alvin Kamara,RB,RB,True,32.6,17.03,False
3,False,5,Remember the Fucking Titans,3139477,Patrick Mahomes,QB,QB,True,27.86,22.65,False
3,False,5,Remember the Fucking Titans,16460,Adam Thielen,WR,WR,True,19.1,11.89,False
3,False,5,Remember the Fucking Titans,3052117,Phillip Lindsay,RB,RB,True,27.0,11.28,False
3,False,5,Remember the Fucking Titans,3925357,Calvin Ridley,WR,WR,True,1.1,10.1,False
3,False,5,Remember the Fucking Titans,3043275,Austin Hooper,TE,TE,True,21.6,7.48,False
3,False,5,Remember the Fucking Titans,-16003,Bears D/ST,D/ST,D/ST,True,20.0,7.09,False
3,False,5,Remember the Fucking Titans,11283,DeSean Jackson,WR,BE,False,0.0,0.0,False
3,False,5,Remember the Fucking Titans,14938,Luke Kuechly,LB,DP,True,10.0,10.41,False
3,False,5,Remember the Fucking Titans,9704,Stephen Gostkowski,K,K,True,6.0,9.11,False
3,False,5,Remember the Fucking Titans,14922,Mohamed Sanu Sr.,WR,BE,False,10.7,7.66,False
3,False,5,Remember the Fucking Titans,15826,Giovani Bernard,RB,BE,False,3.2,6.83,False
3,False,5,Remember the Fucking Titans,10475,Greg Olsen,TE,BE,False,22.5,8.11,False
3,False,5,Remember the Fucking Titans,4241372,Marquise Brown,WR,RB/WR/TE,True,5.9,10.76,False
3,False,5,Remember the Fucking Titans,3043116,Demarcus Robinson,WR,BE,False,11.8,9.47,False
3,False,5,Remember the Fucking Titans,8544,Darren Sproles,RB,BE,False,0.4,5.4,False
3,False,5,Remember the Fucking Titans,15971,Rex Burkhead,RB,BE,False,15.9,10.69,False
3,False,9,Tonie's Tigers,3045147,James Conner,RB,RB,True,5.7,13.07,False
3,False,9,Tonie's Tigers,16737,Mike Evans,WR,WR,True,41.0,11.36,False
3,False,9,Tonie's Tigers,3919596,Chris Carson,RB,RB,True,3.5,14.67,False
3,False,9,Tonie's Tigers,14924,T.Y. Hilton,WR,WR,True,16.5,11.15,False
3,False,9,Tonie's Tigers,2574808,Robby Anderson,WR,BE,False,2.6,8.24,False
3,False,9,Tonie's Tigers,3043080,O.J. Howard,TE,TE,True,8.1,6.53,False
3,False,9,Tonie's Tigers,2580,Drew Brees,QB,BE,False,0.0,0.0,False
3,False,9,Tonie's Tigers,3843750,Derrius Guice,RB,BE,False,0.0,0.0,False
3,False,9,Tonie's Tigers,3051902,Peyton Barber,RB,BE,False,6.5,10.49,False
3,False,9,Tonie's Tigers,5528,Larry Fitzgerald,WR,RB/WR/TE,True,12.1,10.83,False
3,False,9,Tonie's Tigers,-16014,Rams D/ST,D/ST,D/ST,True,10.0,6.83,False
3,False,9,Tonie's Tigers,15860,Jordan Reed,TE,BE,False,0.0,0.0,False
3,False,9,Tonie's Tigers,16757,Derek Carr,QB,QB,True,15.68,13.03,False
3,False,9,Tonie's Tigers,16720,C.J. Mosley,LB,DP,True,0.0,0.0,False
3,False,9,Tonie's Tigers,3050478,Jake Elliott,K,K,True,6.0,8.0,False
3,False,9,Tonie's Tigers,2972091,Jalen Richard,RB,BE,False,4.4,3.96,False
3,False,9,Tonie's Tigers,15839,Marquise Goodwin,WR,BE,False,5.1,5.56,False
3,False,6,"Dude, Where's  My Lamar",16733,Odell Beckham Jr.,WR,WR,True,8.6,15.34,False
3,False,6,"Dude, Where's  My Lamar",3116406,Tyreek Hill,WR,BE,False,0.0,0.0,False
3,False,6,"Dude, Where's  My Lamar",3040151,George Kittle,TE,TE,True,10.7,11.61,False
3,False,6,"Dude, Where's  My Lamar",2576434,Melvin Gordon,RB,BE,False,0.0,0.0,False
3,False,6,"Dude, Where's  My Lamar",3915416,DJ Moore,WR,RB/WR/TE,True,12.9,10.43,False
3,False,6,"Dude, Where's  My Lamar",11237,Matt Ryan,QB,BE,False,22.46,17.88,False
3,False,6,"Dude, Where's  My Lamar",3892889,Dede Westbrook,WR,BE,False,7.5,7.72,False
3,False,6,"Dude, Where's  My Lamar",15072,Marvin Jones Jr.,WR,WR,True,19.1,9.69,False
3,False,6,"Dude, Where's  My Lamar",2969962,Duke Johnson,RB,RB,True,3.4,8.78,False
3,False,6,"Dude, Where's  My Lamar",12514,LeSean McCoy,RB,BE,False,21.5,10.56,False
3,False,6,"Dude, Where's  My Lamar",3056362,Darius Leonard,LB,DP,True,0.0,0.0,False
3,False,6,"Dude, Where's  My Lamar",3912550,Ronald Jones II,RB,BE,False,12.6,7.96,False
3,False,6,"Dude, Where's  My Lamar",3916387,Lamar Jackson,QB,QB,True,21.28,21.06,False
3,False,6,"Dude, Where's  My Lamar",16486,Brett Maher,K,K,True,6.0,8.39,False
3,False,6,"Dude, Where's  My Lamar",8479,Frank Gore,RB,RB,True,15.9,11.42,False
3,False,6,"Dude, Where's  My Lamar",-16020,Jets D/ST,D/ST,D/ST,True,15.0,2.46,False
3,False,8,SCLSU Mud Dogs,15795,DeAndre Hopkins,WR,WR,True,9.7,14.05,False
3,False,8,SCLSU Mud Dogs,15847,Travis Kelce,TE,TE,True,12.4,15.32,False
3,False,8,SCLSU Mud Dogs,3042519,Aaron Jones,RB,RB,True,14.8,15.76,False
3,False,8,SCLSU Mud Dogs,16731,Brandin Cooks,WR,RB/WR/TE,True,17.0,10.69,False
3,False,8,SCLSU Mud Dogs,3122840,Deshaun Watson,QB,QB,True,25.84,19.0,False
3,False,8,SCLSU Mud Dogs,3128721,Sony Michel,RB,RB,True,7.1,14.64,False
3,False,8,SCLSU Mud Dogs,3895856,Christian Kirk,WR,WR,True,10.9,10.46,False
3,False,8,SCLSU Mud Dogs,15920,Latavius Murray,RB,BE,False,0.2,6.47,False
3,False,8,SCLSU Mud Dogs,3122672,Royce Freeman,RB,BE,False,9.3,9.2,False
3,False,8,SCLSU Mud Dogs,3049916,Matt Breida,RB,BE,False,9.8,9.43,False
3,False,8,SCLSU Mud Dogs,3051738,Marquez Valdes-Scantling,WR,BE,False,18.9,8.02,False
3,False,8,SCLSU Mud Dogs,14198,Dion Lewis,RB,BE,False,2.5,5.47,False
3,False,8,SCLSU Mud Dogs,14993,Greg Zuerlein,K,K,True,9.0,9.38,False
3,False,8,SCLSU Mud Dogs,-16024,Chargers D/ST,D/ST,BE,False,3.0,6.82,False
3,False,8,SCLSU Mud Dogs,3915189,Roquan Smith,LB,DP,True,6.0,8.82,False
3,False,8,SCLSU Mud Dogs,3918298,Josh Allen,QB,BE,False,18.32,19.41,False
3,False,8,SCLSU Mud Dogs,-16006,Cowboys D/ST,D/ST,D/ST,True,11.0,8.33,False
3,False,10,High Noon,3117251,Christian McCaffrey,RB,RB,True,26.3,20.53,False
3,False,10,High Noon,3115364,Leonard Fournette,RB,RB,True,12.2,14.83,False
3,False,10,High Noon,14912,Alshon Jeffery,WR,BE,False,0.0,0.0,False
3,False,10,High Noon,3116165,Chris Godwin,WR,WR,True,6.5,11.29,False
3,False,10,High Noon,15705,Josh Gordon,WR,RB/WR/TE,True,11.4,10.2,False
3,False,10,High Noon,13994,Cam Newton,QB,BE,False,0.0,0.0,False
3,False,10,High Noon,3121427,Curtis Samuel,WR,BE,False,13.8,9.11,False
3,False,10,High Noon,9761,Delanie Walker,TE,TE,True,9.9,7.76,False
3,False,10,High Noon,4036348,Michael Gallup,WR,BE,False,0.0,0.0,False
3,False,10,High Noon,3929950,Tremaine Edmunds,LB,DP,True,3.0,9.11,False
3,False,10,High Noon,3916925,Kerryon Johnson,RB,BE,False,10.8,11.68,False
3,False,10,High Noon,4036133,T.J. Hockenson,TE,BE,False,0.6,7.33,False
3,False,10,High Noon,-16017,Patriots D/ST,D/ST,D/ST,True,14.0,10.52,False
3,False,10,High Noon,2979477,Tevin Coleman,RB,BE,False,0.0,0.0,False
3,False,10,High Noon,5529,Philip Rivers,QB,QB,True,19.62,16.81,False
3,False,10,High Noon,2971618,Nelson Agholor,WR,WR,True,19.0,9.64,False
3,False,10,High Noon,3124084,Joey Slye,K,K,True,8.0,6.38,False
3,False,1,Below Average Joes,16800,Davante Adams,WR,WR,True,7.6,13.39,False
3,False,1,Below Average Joes,3116385,Joe Mixon,RB,RB,True,16.4,11.45,False
3,False,1,Below Average Joes,17359,Damien Williams,RB,BE,False,0.0,0.0,False
3,False,1,Below Average Joes,15880,Robert Woods,WR,WR,True,7.3,10.47,False
3,False,1,Below Average Joes,3045138,Mike Williams,WR,BE,False,6.0,10.13,False
3,False,1,Below Average Joes,3046439,Hunter Henry,TE,BE,False,0.0,0.0,False
3,False,1,Below Average Joes,3066158,Tarik Cohen,RB,RB/WR/TE,True,3.4,9.11,False
3,False,1,Below Average Joes,3068267,Austin Ekeler,RB,RB,True,11.6,16.46,False
3,False,1,Below Average Joes,3046779,Jared Goff,QB,QB,True,14.12,16.77,False
3,False,1,Below Average Joes,2576491,Adam Humphries,WR,BE,False,12.3,4.35,False
3,False,1,Below Average Joes,13217,Golden Tate,WR,BE,False,0.0,0.0,False
3,False,1,Below Average Joes,14979,Bobby Wagner,LB,DP,True,19.0,9.16,False
3,False,1,Below Average Joes,14880,Kirk Cousins,QB,BE,False,12.56,15.21,False
3,False,1,Below Average Joes,-16029,Panthers D/ST,D/ST,D/ST,True,14.0,7.21,False
3,False,1,Below Average Joes,13232,Jimmy Graham,TE,TE,True,0.0,6.36,False
3,False,1,Below Average Joes,2980453,Jamaal Williams,RB,BE,False,9.6,7.89,False
3,False,1,Below Average Joes,3043234,Zane Gonzalez,K,K,True,9.0,8.65,False
3,False,12,Rule  #76,3128720,Nick Chubb,RB,RB,True,15.1,16.25,False
3,False,12,Rule  #76,13982,Julio Jones,WR,WR,True,22.8,14.43,False
3,False,12,Rule  #76,4035538,David Montgomery,RB,RB,True,9.6,11.54,False
3,False,12,Rule  #76,3139605,Marlon Mack,RB,RB/WR/TE,True,15.8,13.24,False
3,False,12,Rule  #76,16790,Jarvis Landry,WR,BE,False,7.7,9.49,False
3,False,12,Rule  #76,13983,A.J. Green,WR,BE,False,0.0,0.0,False
3,False,12,Rule  #76,15853,Vance McDonald,TE,BE,False,1.5,7.8,False
3,False,12,Rule  #76,2573079,Carson Wentz,QB,QB,True,23.66,17.07,False
3,False,12,Rule  #76,2587819,Tyrell Williams,WR,WR,True,10.4,10.61,False
3,False,12,Rule  #76,3116721,Jaylen Samuels,RB,BE,False,0.0,4.29,False
3,False,12,Rule  #76,15683,Justin Tucker,K,K,True,4.0,8.41,False
3,False,12,Rule  #76,-16002,Bills D/ST,D/ST,D/ST,True,11.0,7.98,False
3,False,12,Rule  #76,2978304,Cory Littleton,LB,DP,True,4.0,9.8,False
3,False,12,Rule  #76,2576925,Darren Waller,TE,TE,True,20.6,8.33,False
3,False,12,Rule  #76,3116136,Justin Jackson,RB,BE,False,5.0,7.67,False
3,False,12,Rule  #76,3052177,John Ross III,WR,BE,False,1.2,9.7,False
3,False,12,Rule  #76,2570986,Malcolm Brown,RB,BE,False,0.7,6.73,False
3,False,4,The New Guy,3929630,Saquon Barkley,RB,RB,True,5.7,18.31,False
3,False,4,The New Guy,16944,Devonta Freeman,RB,RB,True,11.0,12.18,False
3,False,4,The New Guy,15818,Keenan Allen,WR,WR,True,37.1,14.11,False
3,False,4,The New Guy,2977187,Cooper Kupp,WR,WR,True,28.6,11.39,False
3,False,4,The New Guy,2974858,Kenny Golladay,WR,RB/WR/TE,True,2.7,12.13,False
3,False,4,The New Guy,2979843,Kenyan Drake,RB,BE,False,6.7,8.95,False
3,False,4,The New Guy,3052587,Baker Mayfield,QB,QB,True,9.7,15.97,False
3,False,4,The New Guy,3915823,Keke Coutee,WR,BE,False,0.0,6.89,False
3,False,4,The New Guy,3123076,David Njoku,TE,BE,False,0.0,0.0,False
3,False,4,The New Guy,16732,Eric Ebron,TE,TE,True,6.2,5.46,False
3,False,4,The New Guy,-16030,Jaguars D/ST,D/ST,D/ST,True,14.0,6.68,False
3,False,4,The New Guy,16716,Aaron Donald,DT,DP,True,6.0,5.0,False
3,False,4,The New Guy,2977609,Devin Funchess,WR,BE,False,0.0,0.0,False
3,False,4,The New Guy,2985659,Wil Lutz,K,K,True,3.0,6.36,False
3,False,4,The New Guy,2576980,Marcus Mariota,QB,BE,False,15.56,13.35,False
3,False,4,The New Guy,4040761,Devin Singletary,RB,BE,False,0.0,0.0,False
3,False,4,The New Guy,15966,Chris Thompson,RB,BE,False,12.8,9.27,False
3,False,13,Fuck Luck,2508176,David Johnson,RB,RB,True,15.5,16.69,False
3,False,13,Fuck Luck,3116593,Dalvin Cook,RB,RB,True,22.3,17.32,False
3,False,13,Fuck Luck,2976499,Amari Cooper,WR,WR,True,23.8,11.74,False
3,False,13,Fuck Luck,15835,Zach Ertz,TE,TE,True,8.4,11.5,False
3,False,13,Fuck Luck,2577327,Tyler Lockett,WR,WR,True,26.9,10.96,False
3,False,13,Fuck Luck,3052876,Will Fuller V,WR,RB/WR/TE,True,7.6,8.43,False
3,False,13,Fuck Luck,3139925,Rashaad Penny,RB,BE,False,0.0,0.0,False
3,False,13,Fuck Luck,14881,Russell Wilson,QB,QB,True,41.34,17.98,False
3,False,13,Fuck Luck,3128774,Kalen Ballage,RB,BE,False,3.2,5.93,False
3,False,13,Fuck Luck,2976545,Deion Jones,LB,DP,True,9.0,8.45,False
3,False,13,Fuck Luck,-16016,Vikings D/ST,D/ST,D/ST,True,7.0,6.72,False
3,False,13,Fuck Luck,3916148,Tony Pollard,RB,BE,False,20.3,5.0,False
3,False,13,Fuck Luck,16016,Kenny Stills,WR,BE,False,10.9,5.01,False
3,False,13,Fuck Luck,4333,Matt Bryant,K,K,True,6.0,7.61,False
3,False,13,Fuck Luck,3119195,Chase Edmonds,RB,BE,False,3.0,4.37,False
3,False,13,Fuck Luck,3126486,Deebo Samuel,WR,BE,False,5.9,7.78,False
3,False,13,Fuck Luck,4047646,A.J. Brown,WR,BE,False,0.9,6.82,False
3,False,3,Jim Ward's Ole Dick Necks,15825,Le'Veon Bell,RB,RB,True,8.3,15.69,False
3,False,3,Jim Ward's Ole Dick Necks,2976316,Michael Thomas,WR,WR,True,13.9,13.87,False
3,False,3,Jim Ward's Ole Dick Necks,2976212,Stefon Diggs,WR,WR,True,3.0,10.37,False
3,False,3,Jim Ward's Ole Dick Necks,3043078,Derrick Henry,RB,RB,True,11.1,13.32,False
3,False,3,Jim Ward's Ole Dick Necks,4045163,Miles Sanders,RB,BE,False,11.6,9.78,False
3,False,3,Jim Ward's Ole Dick Necks,2976592,Sterling Shepard,WR,BE,False,23.6,9.15,False
3,False,3,Jim Ward's Ole Dick Necks,3128429,Courtland Sutton,WR,BE,False,11.2,9.03,False
3,False,3,Jim Ward's Ole Dick Necks,3059915,Kareem Hunt,RB,BE,False,0.0,0.0,False
3,False,3,Jim Ward's Ole Dick Necks,2330,Tom Brady,QB,QB,True,20.14,17.73,False
3,False,3,Jim Ward's Ole Dick Necks,3917315,Kyler Murray,QB,BE,False,18.82,16.75,False
3,False,3,Jim Ward's Ole Dick Necks,3123050,Chris Herndon,TE,BE,False,0.0,0.0,False
3,False,3,Jim Ward's Ole Dick Necks,4036131,Noah Fant,TE,TE,True,4.2,5.15,False
3,False,3,Jim Ward's Ole Dick Necks,3055899,Harrison Butker,K,K,True,10.0,8.76,False
3,False,3,Jim Ward's Ole Dick Necks,-16018,Saints D/ST,D/ST,D/ST,True,8.0,6.1,False
3,False,3,Jim Ward's Ole Dick Necks,16804,John Brown,WR,RB/WR/TE,True,7.5,9.18,False
3,False,3,Jim Ward's Ole Dick Necks,2514270,Jordan Hicks,LB,DP,True,11.0,9.45,False
3,False,3,Jim Ward's Ole Dick Necks,16777,Carlos Hyde,RB,BE,False,7.9,7.84,False
3,False,11,Dez (Bryant) Nuts,3051392,Ezekiel Elliott,RB,RB,True,14.9,21.69,False
3,False,11,Dez (Bryant) Nuts,13934,Antonio Brown,WR,BE,False,0.0,0.0,False
3,False,11,Dez (Bryant) Nuts,4047365,Josh Jacobs,RB,RB,True,4.4,11.92,False
3,False,11,Dez (Bryant) Nuts,12649,Julian Edelman,WR,WR,True,15.7,11.78,False
3,False,11,Dez (Bryant) Nuts,16913,James White,RB,BE,False,0.0,0.0,False
3,False,11,Dez (Bryant) Nuts,12537,Jared Cook,TE,BE,False,1.2,7.32,False
3,False,11,Dez (Bryant) Nuts,16799,Allen Robinson II,WR,RB/WR/TE,True,9.0,10.52,False
3,False,11,Dez (Bryant) Nuts,2577417,Dak Prescott,QB,QB,True,22.54,21.84,False
3,False,11,Dez (Bryant) Nuts,13295,Emmanuel Sanders,WR,WR,True,2.0,10.42,False
3,False,11,Dez (Bryant) Nuts,3916430,Nyheim Hines,RB,BE,False,4.4,5.66,False
3,False,11,Dez (Bryant) Nuts,-16033,Ravens D/ST,D/ST,D/ST,True,-6.0,2.98,False
3,False,11,Dez (Bryant) Nuts,3138677,Leighton Vander Esch,LB,DP,True,6.0,9.05,False
3,False,11,Dez (Bryant) Nuts,3116365,Mark Andrews,TE,TE,True,3.0,10.53,False
3,False,11,Dez (Bryant) Nuts,2971573,Ka'imi Fairbairn,K,K,True,2.0,7.66,False
3,False,11,Dez (Bryant) Nuts,10453,Ted Ginn Jr.,WR,BE,False,2.5,7.12,False
3,False,11,Dez (Bryant) Nuts,3925347,Damien Harris,RB,BE,False,0.0,6.24,False
3,False,11,Dez (Bryant) Nuts,15168,Case Keenum,QB,BE,False,11.58,14.41,False
3,False,2,Rodger  That,2977644,Todd Gurley II,RB,RB,True,5.3,13.61,False
3,False,2,Rodger  That,3120348,JuJu Smith-Schuster,WR,WR,True,16.6,12.18,False
3,False,2,Rodger  That,8439,Aaron Rodgers,QB,QB,True,13.3,17.87,False
3,False,2,Rodger  That,13981,Mark Ingram II,RB,RB,True,33.5,10.29,False
3,False,2,Rodger  That,3045144,Tyler Boyd,WR,WR,True,10.8,10.65,False
3,False,2,Rodger  That,3051876,Evan Engram,TE,TE,True,20.3,9.64,False
3,False,2,Rodger  That,16725,Sammy Watkins,WR,RB/WR/TE,True,8.9,12.66,False
3,False,2,Rodger  That,3060022,Jordan Howard,RB,BE,False,9.7,6.7,False
3,False,2,Rodger  That,2576716,Jamison Crowder,WR,BE,False,3.5,9.13,False
3,False,2,Rodger  That,10452,Adrian Peterson,RB,BE,False,3.9,8.16,False
3,False,2,Rodger  That,3122449,James Washington,WR,BE,False,2.4,6.09,False
3,False,2,Rodger  That,2978273,Blake Martinez,LB,DP,True,12.0,9.82,False
3,False,2,Rodger  That,9354,Robbie Gould,K,K,True,6.0,8.61,False
3,False,2,Rodger  That,14054,Kyle Rudolph,TE,BE,False,1.6,5.45,False
3,False,2,Rodger  That,4047650,DK Metcalf,WR,BE,False,7.7,8.32,False
3,False,2,Rodger  That,3121422,Terry McLaurin,WR,BE,False,16.0,9.62,False
3,False,2,Rodger  That,-16009,Packers D/ST,D/ST,D/ST,True,13.0,8.52,False
4,False,9,Tonie's Tigers,3045147,James Conner,RB,RB,True,22.5,15.47,False
4,False,9,Tonie's Tigers,16737,Mike Evans,WR,WR,True,16.9,12.85,False
4,False,9,Tonie's Tigers,3919596,Chris Carson,RB,RB,True,16.5,13.03,False
4,False,9,Tonie's Tigers,14924,T.Y. Hilton,WR,WR,True,0.0,0.0,False
4,False,9,Tonie's Tigers,2574808,Robby Anderson,WR,BE,False,0.0,0.0,True
4,False,9,Tonie's Tigers,3043080,O.J. Howard,TE,TE,True,4.8,6.29,False
4,False,9,Tonie's Tigers,2580,Drew Brees,QB,BE,False,0.0,0.0,False
4,False,9,Tonie's Tigers,3843750,Derrius Guice,RB,BE,False,0.0,0.0,False
4,False,9,Tonie's Tigers,3051902,Peyton Barber,RB,BE,False,7.9,8.73,False
4,False,9,Tonie's Tigers,5528,Larry Fitzgerald,WR,RB/WR/TE,True,7.2,11.39,False
4,False,9,Tonie's Tigers,-16014,Rams D/ST,D/ST,D/ST,True,0.0,7.61,False
4,False,9,Tonie's Tigers,16757,Derek Carr,QB,QB,True,13.46,13.73,False
4,False,9,Tonie's Tigers,16720,C.J. Mosley,LB,DP,True,0.0,0.0,True
4,False,9,Tonie's Tigers,3050478,Jake Elliott,K,K,True,4.0,7.51,False
4,False,9,Tonie's Tigers,2972091,Jalen Richard,RB,BE,False,2.3,4.68,False
4,False,9,Tonie's Tigers,15839,Marquise Goodwin,WR,BE,False,0.0,0.0,True
4,False,9,Tonie's Tigers,3917792,Daniel Jones,QB,BE,False,12.3,18.29,False
4,False,8,SCLSU Mud Dogs,15795,DeAndre Hopkins,WR,WR,True,4.6,14.67,False
4,False,8,SCLSU Mud Dogs,15847,Travis Kelce,TE,TE,True,12.0,15.78,False
4,False,8,SCLSU Mud Dogs,3042519,Aaron Jones,RB,RB,True,14.8,13.2,False
4,False,8,SCLSU Mud Dogs,16731,Brandin Cooks,WR,WR,True,10.1,11.07,False
4,False,8,SCLSU Mud Dogs,3122840,Deshaun Watson,QB,QB,True,11.6,21.3,False
4,False,8,SCLSU Mud Dogs,3128721,Sony Michel,RB,RB,True,6.3,8.91,False
4,False,8,SCLSU Mud Dogs,3895856,Christian Kirk,WR,RB/WR/TE,True,6.3,11.18,False
4,False,8,SCLSU Mud Dogs,15920,Latavius Murray,RB,BE,False,2.5,5.68,False
4,False,8,SCLSU Mud Dogs,3122672,Royce Freeman,RB,BE,False,7.0,10.08,False
4,False,8,SCLSU Mud Dogs,3049916,Matt Breida,RB,BE,False,0.0,0.0,True
4,False,8,SCLSU Mud Dogs,3051738,Marquez Valdes-Scantling,WR,BE,False,6.2,10.13,False
4,False,8,SCLSU Mud Dogs,14198,Dion Lewis,RB,BE,False,4.0,4.58,False
4,False,8,SCLSU Mud Dogs,14993,Greg Zuerlein,K,K,True,13.0,10.3,False
4,False,8,SCLSU Mud Dogs,-16024,Chargers D/ST,D/ST,D/ST,True,12.0,10.69,False
4,False,8,SCLSU Mud Dogs,3915189,Roquan Smith,LB,DP,True,0.0,0.0,False
4,False,8,SCLSU Mud Dogs,3918298,Josh Allen,QB,BE,False,8.72,16.95,False
4,False,8,SCLSU Mud Dogs,-16006,Cowboys D/ST,D/ST,BE,False,12.0,5.13,False
4,False,1,Below Average Joes,16800,Davante Adams,WR,WR,True,23.0,14.19,False
4,False,1,Below Average Joes,3116385,Joe Mixon,RB,RB,True,8.3,12.28,False
4,False,1,Below Average Joes,17359,Damien Williams,RB,BE,False,0.0,0.0,False
4,False,1,Below Average Joes,15880,Robert Woods,WR,WR,True,23.9,10.7,False
4,False,1,Below Average Joes,3045138,Mike Williams,WR,BE,False,0.0,0.0,False
4,False,1,Below Average Joes,3046439,Hunter Henry,TE,BE,False,0.0,0.0,False
4,False,1,Below Average Joes,3066158,Tarik Cohen,RB,BE,False,8.8,8.42,False
4,False,1,Below Average Joes,3068267,Austin Ekeler,RB,RB,True,26.7,18.26,False
4,False,1,Below Average Joes,3046779,Jared Goff,QB,QB,True,20.68,17.65,False
4,False,1,Below Average Joes,13217,Golden Tate,WR,BE,False,0.0,0.0,False
4,False,1,Below Average Joes,14979,Bobby Wagner,LB,DP,True,11.0,10.35,False
4,False,1,Below Average Joes,14880,Kirk Cousins,QB,BE,False,7.32,11.56,False
4,False,1,Below Average Joes,2980453,Jamaal Williams,RB,BE,False,0.5,8.92,False
4,False,1,Below Average Joes,3043234,Zane Gonzalez,K,K,True,2.0,8.53,False
4,False,1,Below Average Joes,4527,Jason Witten,TE,TE,True,6.0,6.27,False
4,False,1,Below Average Joes,3115375,Darrel Williams,RB,RB/WR/TE,True,17.1,9.98,False
4,False,1,Below Average Joes,-16011,Colts D/ST,D/ST,D/ST,True,2.0,6.37,False
4,False,5,Remember the Fucking Titans,3054850,Alvin Kamara,RB,RB,True,10.4,18.92,False
4,False,5,Remember the Fucking Titans,3139477,Patrick Mahomes,QB,QB,True,18.0,24.27,False
4,False,5,Remember the Fucking Titans,16460,Adam Thielen,WR,WR,True,1.6,11.29,False
4,False,5,Remember the Fucking Titans,3052117,Phillip Lindsay,RB,RB,True,6.5,13.11,False
4,False,5,Remember the Fucking Titans,3925357,Calvin Ridley,WR,BE,False,4.7,10.23,False
4,False,5,Remember the Fucking Titans,3043275,Austin Hooper,TE,BE,False,18.5,7.83,False
4,False,5,Remember the Fucking Titans,-16003,Bears D/ST,D/ST,D/ST,True,16.0,6.66,False
4,False,5,Remember the Fucking Titans,11283,DeSean Jackson,WR,BE,False,0.0,0.0,False
4,False,5,Remember the Fucking Titans,14938,Luke Kuechly,LB,DP,True,8.0,10.08,False
4,False,5,Remember the Fucking Titans,9704,Stephen Gostkowski,K,K,True,5.0,7.55,False
4,False,5,Remember the Fucking Titans,14922,Mohamed Sanu Sr.,WR,BE,False,13.6,7.8,False
4,False,5,Remember the Fucking Titans,10475,Greg Olsen,TE,TE,True,1.5,9.94,False
4,False,5,Remember the Fucking Titans,4241372,Marquise Brown,WR,RB/WR/TE,True,4.2,10.78,False
4,False,5,Remember the Fucking Titans,3043116,Demarcus Robinson,WR,WR,True,5.5,9.63,False
4,False,5,Remember the Fucking Titans,15971,Rex Burkhead,RB,BE,False,3.2,8.45,False
4,False,5,Remember the Fucking Titans,3122976,Jeff Wilson Jr.,RB,BE,False,0.0,0.0,True
4,False,5,Remember the Fucking Titans,4035004,Mecole Hardman,WR,BE,False,-0.1,9.59,False
4,False,10,High Noon,3117251,Christian McCaffrey,RB,RB,True,29.9,19.93,False
4,False,10,High Noon,3115364,Leonard Fournette,RB,RB,True,25.5,14.4,False
4,False,10,High Noon,14912,Alshon Jeffery,WR,WR,True,11.3,10.12,False
4,False,10,High Noon,3116165,Chris Godwin,WR,BE,False,35.2,11.17,False
4,False,10,High Noon,15705,Josh Gordon,WR,BE,False,6.1,10.77,False
4,False,10,High Noon,3121427,Curtis Samuel,WR,WR,True,5.8,10.06,False
4,False,10,High Noon,9761,Delanie Walker,TE,TE,True,0.9,9.91,False
4,False,10,High Noon,4036348,Michael Gallup,WR,BE,False,0.0,0.0,False
4,False,10,High Noon,3916925,Kerryon Johnson,RB,RB/WR/TE,True,14.7,13.42,False
4,False,10,High Noon,4036133,T.J. Hockenson,TE,BE,False,10.2,8.13,False
4,False,10,High Noon,-16017,Patriots D/ST,D/ST,D/ST,True,23.0,6.96,False
4,False,10,High Noon,2979477,Tevin Coleman,RB,BE,False,0.0,0.0,True
4,False,10,High Noon,5529,Philip Rivers,QB,QB,True,20.4,19.2,False
4,False,10,High Noon,3124084,Joey Slye,K,K,True,13.0,7.29,False
4,False,10,High Noon,2578570,Jacoby Brissett,QB,BE,False,22.5,16.69,False
4,False,10,High Noon,2977819,Joe Schobert,LB,DP,True,18.0,10.29,False
4,False,10,High Noon,4048244,Alexander Mattison,RB,BE,False,1.8,3.52,False
4,False,6,"Dude, Where's  My Lamar",16733,Odell Beckham Jr.,WR,WR,True,3.0,14.55,False
4,False,6,"Dude, Where's  My Lamar",3116406,Tyreek Hill,WR,BE,False,0.0,0.0,False
4,False,6,"Dude, Where's  My Lamar",3040151,George Kittle,TE,BE,False,0.0,0.0,True
4,False,6,"Dude, Where's  My Lamar",2576434,Melvin Gordon,RB,BE,False,0.0,5.61,False
4,False,6,"Dude, Where's  My Lamar",3915416,DJ Moore,WR,RB/WR/TE,True,5.9,10.97,False
4,False,6,"Dude, Where's  My Lamar",11237,Matt Ryan,QB,BE,False,15.68,18.51,False
4,False,6,"Dude, Where's  My Lamar",3892889,Dede Westbrook,WR,BE,False,9.1,8.58,False
4,False,6,"Dude, Where's  My Lamar",15072,Marvin Jones Jr.,WR,WR,True,9.2,11.41,False
4,False,6,"Dude, Where's  My Lamar",2969962,Duke Johnson,RB,BE,False,9.8,7.16,False
4,False,6,"Dude, Where's  My Lamar",12514,LeSean McCoy,RB,RB,True,15.9,10.85,False
4,False,6,"Dude, Where's  My Lamar",3916387,Lamar Jackson,QB,QB,True,24.48,20.35,False
4,False,6,"Dude, Where's  My Lamar",16486,Brett Maher,K,K,True,4.0,7.77,False
4,False,6,"Dude, Where's  My Lamar",8479,Frank Gore,RB,RB,True,10.9,9.55,False
4,False,6,"Dude, Where's  My Lamar",-16020,Jets D/ST,D/ST,BE,False,0.0,0.0,True
4,False,6,"Dude, Where's  My Lamar",3127292,Will Dissly,TE,TE,True,15.2,6.91,False
4,False,6,"Dude, Where's  My Lamar",-16026,Seahawks D/ST,D/ST,D/ST,True,15.0,6.87,False
4,False,6,"Dude, Where's  My Lamar",3052896,Jaylon Smith,LB,DP,True,11.0,9.39,False
4,False,4,The New Guy,3929630,Saquon Barkley,RB,BE,False,0.0,0.0,False
4,False,4,The New Guy,16944,Devonta Freeman,RB,RB,True,14.0,12.28,False
4,False,4,The New Guy,15818,Keenan Allen,WR,WR,True,7.3,18.62,False
4,False,4,The New Guy,2977187,Cooper Kupp,WR,WR,True,22.4,13.17,False
4,False,4,The New Guy,2974858,Kenny Golladay,WR,RB/WR/TE,True,22.2,11.92,False
4,False,4,The New Guy,2979843,Kenyan Drake,RB,BE,False,8.8,9.21,False
4,False,4,The New Guy,3052587,Baker Mayfield,QB,BE,False,15.78,15.19,False
4,False,4,The New Guy,3915823,Keke Coutee,WR,BE,False,2.6,3.91,False
4,False,4,The New Guy,16732,Eric Ebron,TE,TE,True,11.3,5.8,False
4,False,4,The New Guy,-16030,Jaguars D/ST,D/ST,D/ST,True,1.0,6.94,False
4,False,4,The New Guy,16716,Aaron Donald,DT,DP,True,4.0,5.53,False
4,False,4,The New Guy,2977609,Devin Funchess,WR,BE,False,0.0,0.0,False
4,False,4,The New Guy,2985659,Wil Lutz,K,K,True,14.0,7.4,False
4,False,4,The New Guy,2576980,Marcus Mariota,QB,QB,True,23.28,16.12,False
4,False,4,The New Guy,4040761,Devin Singletary,RB,BE,False,0.0,0.0,False
4,False,4,The New Guy,15966,Chris Thompson,RB,BE,False,8.0,11.18,False
4,False,4,The New Guy,3045127,Wayne Gallman,RB,RB,True,24.8,11.0,False
4,False,3,Jim Ward's Ole Dick Necks,15825,Le'Veon Bell,RB,BE,False,0.0,0.0,True
4,False,3,Jim Ward's Ole Dick Necks,2976316,Michael Thomas,WR,WR,True,14.0,13.74,False
4,False,3,Jim Ward's Ole Dick Necks,2976212,Stefon Diggs,WR,BE,False,12.3,8.81,False
4,False,3,Jim Ward's Ole Dick Necks,3043078,Derrick Henry,RB,RB,True,11.3,14.03,False
4,False,3,Jim Ward's Ole Dick Necks,4045163,Miles Sanders,RB,RB,True,7.2,9.24,False
4,False,3,Jim Ward's Ole Dick Necks,2976592,Sterling Shepard,WR,WR,True,14.4,10.84,False
4,False,3,Jim Ward's Ole Dick Necks,3128429,Courtland Sutton,WR,BE,False,21.2,9.35,False
4,False,3,Jim Ward's Ole Dick Necks,3059915,Kareem Hunt,RB,BE,False,0.0,0.0,False
4,False,3,Jim Ward's Ole Dick Necks,2330,Tom Brady,QB,BE,False,3.7,16.93,False
4,False,3,Jim Ward's Ole Dick Necks,3917315,Kyler Murray,QB,QB,True,16.34,18.98,False
4,False,3,Jim Ward's Ole Dick Necks,3123050,Chris Herndon,TE,BE,False,0.0,0.0,True
4,False,3,Jim Ward's Ole Dick Necks,3055899,Harrison Butker,K,K,True,10.0,8.59,False
4,False,3,Jim Ward's Ole Dick Necks,-16018,Saints D/ST,D/ST,D/ST,True,12.0,4.67,False
4,False,3,Jim Ward's Ole Dick Necks,16804,John Brown,WR,BE,False,9.4,9.06,False
4,False,3,Jim Ward's Ole Dick Necks,2514270,Jordan Hicks,LB,DP,True,16.0,9.54,False
4,False,3,Jim Ward's Ole Dick Necks,16777,Carlos Hyde,RB,RB/WR/TE,True,8.4,10.23,False
4,False,3,Jim Ward's Ole Dick Necks,9592,Vernon Davis,TE,TE,True,1.0,6.95,False
4,False,2,Rodger  That,2977644,Todd Gurley II,RB,RB,True,22.5,14.74,False
4,False,2,Rodger  That,3120348,JuJu Smith-Schuster,WR,WR,True,3.0,12.11,False
4,False,2,Rodger  That,8439,Aaron Rodgers,QB,QB,True,25.48,18.22,False
4,False,2,Rodger  That,13981,Mark Ingram II,RB,RB,True,8.6,13.81,False
4,False,2,Rodger  That,3045144,Tyler Boyd,WR,WR,True,4.8,12.47,False
4,False,2,Rodger  That,3051876,Evan Engram,TE,TE,True,7.4,11.17,False
4,False,2,Rodger  That,16725,Sammy Watkins,WR,RB/WR/TE,True,4.9,13.49,False
4,False,2,Rodger  That,3060022,Jordan Howard,RB,BE,False,31.0,7.95,False
4,False,2,Rodger  That,2576716,Jamison Crowder,WR,BE,False,0.0,0.0,True
4,False,2,Rodger  That,10452,Adrian Peterson,RB,BE,False,2.8,10.86,False
4,False,2,Rodger  That,3122449,James Washington,WR,BE,False,0.0,6.37,False
4,False,2,Rodger  That,2978273,Blake Martinez,LB,DP,True,15.0,10.26,False
4,False,2,Rodger  That,14054,Kyle Rudolph,TE,BE,False,1.7,4.28,False
4,False,2,Rodger  That,4047650,DK Metcalf,WR,BE,False,1.1,8.56,False
4,False,2,Rodger  That,3121422,Terry McLaurin,WR,BE,False,0.0,0.0,False
4,False,2,Rodger  That,-16009,Packers D/ST,D/ST,D/ST,True,-1.0,5.54,False
4,False,2,Rodger  That,17372,Chris Boswell,K,K,True,10.0,8.22,False
4,False,12,Rule  #76,3128720,Nick Chubb,RB,RB,True,37.8,14.66,False
4,False,12,Rule  #76,13982,Julio Jones,WR,WR,True,7.3,14.93,False
4,False,12,Rule  #76,4035538,David Montgomery,RB,RB,True,8.2,10.96,False
4,False,12,Rule  #76,3139605,Marlon Mack,RB,RB/WR/TE,True,3.9,14.29,False
4,False,12,Rule  #76,16790,Jarvis Landry,WR,BE,False,20.7,10.15,False
4,False,12,Rule  #76,13983,A.J. Green,WR,BE,False,0.0,0.0,False
4,False,12,Rule  #76,15853,Vance McDonald,TE,BE,False,0.0,0.0,False
4,False,12,Rule  #76,2573079,Carson Wentz,QB,QB,True,19.7,17.63,False
4,False,12,Rule  #76,2587819,Tyrell Williams,WR,WR,True,11.1,10.17,False
4,False,12,Rule  #76,3116721,Jaylen Samuels,RB,BE,False,19.54,4.27,False
4,False,12,Rule  #76,15683,Justin Tucker,K,K,True,6.0,8.57,False
4,False,12,Rule  #76,-16002,Bills D/ST,D/ST,D/ST,True,5.0,4.74,False
4,False,12,Rule  #76,2978304,Cory Littleton,LB,DP,True,8.0,9.9,False
4,False,12,Rule  #76,2576925,Darren Waller,TE,TE,True,9.8,10.28,False
4,False,12,Rule  #76,3052177,John Ross III,WR,BE,False,5.1,9.87,False
4,False,12,Rule  #76,2570986,Malcolm Brown,RB,BE,False,1.4,5.9,False
4,False,12,Rule  #76,2969939,Jameis Winston,QB,BE,False,29.3,16.57,False
4,False,11,Dez (Bryant) Nuts,3051392,Ezekiel Elliott,RB,RB,True,14.5,18.42,False
4,False,11,Dez (Bryant) Nuts,4047365,Josh Jacobs,RB,RB,True,11.8,12.21,False
4,False,11,Dez (Bryant) Nuts,12649,Julian Edelman,WR,WR,True,5.0,12.77,False
4,False,11,Dez (Bryant) Nuts,16913,James White,RB,RB/WR/TE,True,9.8,10.12,False
4,False,11,Dez (Bryant) Nuts,12537,Jared Cook,TE,BE,False,3.6,6.24,False
4,False,11,Dez (Bryant) Nuts,16799,Allen Robinson II,WR,WR,True,11.2,10.0,False
4,False,11,Dez (Bryant) Nuts,2577417,Dak Prescott,QB,QB,True,7.62,19.27,False
4,False,11,Dez (Bryant) Nuts,13295,Emmanuel Sanders,WR,BE,False,12.9,8.81,False
4,False,11,Dez (Bryant) Nuts,3916430,Nyheim Hines,RB,BE,False,7.5,5.93,False
4,False,11,Dez (Bryant) Nuts,-16033,Ravens D/ST,D/ST,D/ST,True,-6.0,6.77,False
4,False,11,Dez (Bryant) Nuts,3138677,Leighton Vander Esch,LB,DP,True,11.0,9.66,False
4,False,11,Dez (Bryant) Nuts,3116365,Mark Andrews,TE,TE,True,11.1,10.07,False
4,False,11,Dez (Bryant) Nuts,2971573,Ka'imi Fairbairn,K,K,True,3.0,8.45,False
4,False,11,Dez (Bryant) Nuts,10453,Ted Ginn Jr.,WR,BE,False,3.4,6.95,False
4,False,11,Dez (Bryant) Nuts,3925347,Damien Harris,RB,BE,False,0.0,0.0,False
4,False,11,Dez (Bryant) Nuts,15168,Case Keenum,QB,BE,False,0.48,18.22,False
4,False,11,Dez (Bryant) Nuts,3115394,DJ Chark Jr.,WR,BE,False,6.4,9.41,False
4,False,13,Fuck Luck,2508176,David Johnson,RB,RB,True,17.9,14.15,False
4,False,13,Fuck Luck,3116593,Dalvin Cook,RB,RB,True,16.0,16.42,False
4,False,13,Fuck Luck,2976499,Amari Cooper,WR,WR,True,7.3,12.82,False
4,False,13,Fuck Luck,15835,Zach Ertz,TE,TE,True,10.0,11.08,False
4,False,13,Fuck Luck,2577327,Tyler Lockett,WR,WR,True,7.1,12.97,False
4,False,13,Fuck Luck,3052876,Will Fuller V,WR,RB/WR/TE,True,3.8,7.89,False
4,False,13,Fuck Luck,3139925,Rashaad Penny,RB,BE,False,0.0,0.0,False
4,False,13,Fuck Luck,14881,Russell Wilson,QB,QB,True,14.3,20.67,False
4,False,13,Fuck Luck,2976545,Deion Jones,LB,DP,True,8.0,8.55,False
4,False,13,Fuck Luck,-16016,Vikings D/ST,D/ST,D/ST,True,4.0,6.43,False
4,False,13,Fuck Luck,3916148,Tony Pollard,RB,BE,False,0.0,4.32,False
4,False,13,Fuck Luck,16016,Kenny Stills,WR,BE,False,3.4,8.05,False
4,False,13,Fuck Luck,4333,Matt Bryant,K,K,True,4.0,8.28,False
4,False,13,Fuck Luck,3119195,Chase Edmonds,RB,BE,False,3.7,3.97,False
4,False,13,Fuck Luck,3126486,Deebo Samuel,WR,BE,False,0.0,0.0,True
4,False,13,Fuck Luck,5557,Ben Watson,TE,BE,False,0.0,0.0,False
4,False,13,Fuck Luck,13934,Antonio Brown,WR,BE,False,0.0,0.0,False
5,False,1,Below Average Joes,16800,Davante Adams,WR,BE,False,0.0,0.0,False
5,False,1,Below Average Joes,3116385,Joe Mixon,RB,RB,True,11.4,13.22,False
5,False,1,Below Average Joes,17359,Damien Williams,RB,RB/WR/TE,True,5.3,11.71,False
5,False,1,Below Average Joes,15880,Robert Woods,WR,WR,True,7.3,11.73,False
5,False,1,Below Average Joes,3045138,Mike Williams,WR,WR,True,10.4,9.32,False
5,False,1,Below Average Joes,3046439,Hunter Henry,TE,BE,False,0.0,0.0,False
5,False,1,Below Average Joes,3066158,Tarik Cohen,RB,BE,False,7.9,9.3,False
5,False,1,Below Average Joes,3068267,Austin Ekeler,RB,RB,True,14.8,12.59,False
5,False,1,Below Average Joes,3046779,Jared Goff,QB,QB,True,17.9,17.2,False
5,False,1,Below Average Joes,13217,Golden Tate,WR,BE,False,3.8,8.36,False
5,False,1,Below Average Joes,14979,Bobby Wagner,LB,DP,True,5.0,10.6,False
5,False,1,Below Average Joes,14880,Kirk Cousins,QB,BE,False,20.54,14.03,False
5,False,1,Below Average Joes,2980453,Jamaal Williams,RB,BE,False,0.0,0.0,False
5,False,1,Below Average Joes,4527,Jason Witten,TE,TE,True,4.4,6.28,False
5,False,1,Below Average Joes,3115375,Darrel Williams,RB,BE,False,0.0,2.93,False
5,False,1,Below Average Joes,-16021,Eagles D/ST,D/ST,D/ST,True,35.0,10.39,False
5,False,1,Below Average Joes,4249087,Matt Gay,K,K,True,7.0,8.78,False
5,False,9,Tonie's Tigers,3045147,James Conner,RB,RB,True,11.5,13.74,False
5,False,9,Tonie's Tigers,16737,Mike Evans,WR,WR,True,0.0,13.62,False
5,False,9,Tonie's Tigers,3919596,Chris Carson,RB,RB,True,18.8,13.37,False
5,False,9,Tonie's Tigers,14924,T.Y. Hilton,WR,WR,True,5.7,13.68,False
5,False,9,Tonie's Tigers,2574808,Robby Anderson,WR,BE,False,2.1,8.79,False
5,False,9,Tonie's Tigers,3043080,O.J. Howard,TE,TE,True,1.5,5.34,False
5,False,9,Tonie's Tigers,2580,Drew Brees,QB,BE,False,0.0,0.0,False
5,False,9,Tonie's Tigers,3843750,Derrius Guice,RB,BE,False,0.0,0.0,False
5,False,9,Tonie's Tigers,3051902,Peyton Barber,RB,BE,False,9.6,7.84,False
5,False,9,Tonie's Tigers,5528,Larry Fitzgerald,WR,RB/WR/TE,True,8.8,12.09,False
5,False,9,Tonie's Tigers,-16014,Rams D/ST,D/ST,D/ST,True,-1.0,5.57,False
5,False,9,Tonie's Tigers,16757,Derek Carr,QB,BE,False,7.96,12.16,False
5,False,9,Tonie's Tigers,16720,C.J. Mosley,LB,DP,True,0.0,0.0,False
5,False,9,Tonie's Tigers,3050478,Jake Elliott,K,K,True,7.0,7.96,False
5,False,9,Tonie's Tigers,2972091,Jalen Richard,RB,BE,False,4.2,3.27,False
5,False,9,Tonie's Tigers,15839,Marquise Goodwin,WR,BE,False,7.1,4.59,False
5,False,9,Tonie's Tigers,3917792,Daniel Jones,QB,QB,True,10.48,15.63,False
5,False,8,SCLSU Mud Dogs,15795,DeAndre Hopkins,WR,WR,True,12.3,13.74,False
5,False,8,SCLSU Mud Dogs,15847,Travis Kelce,TE,TE,True,10.0,14.68,False
5,False,8,SCLSU Mud Dogs,3042519,Aaron Jones,RB,RB,True,45.7,13.6,False
5,False,8,SCLSU Mud Dogs,16731,Brandin Cooks,WR,WR,True,6.1,11.4,False
5,False,8,SCLSU Mud Dogs,3122840,Deshaun Watson,QB,QB,True,41.74,20.24,False
5,False,8,SCLSU Mud Dogs,3128721,Sony Michel,RB,RB,True,19.8,13.28,False
5,False,8,SCLSU Mud Dogs,3895856,Christian Kirk,WR,BE,False,0.0,0.0,False
5,False,8,SCLSU Mud Dogs,15920,Latavius Murray,RB,BE,False,4.4,5.82,False
5,False,8,SCLSU Mud Dogs,3122672,Royce Freeman,RB,BE,False,7.7,10.54,False
5,False,8,SCLSU Mud Dogs,3049916,Matt Breida,RB,BE,False,26.4,8.51,False
5,False,8,SCLSU Mud Dogs,3051738,Marquez Valdes-Scantling,WR,RB/WR/TE,True,2.3,11.03,False
5,False,8,SCLSU Mud Dogs,14198,Dion Lewis,RB,BE,False,4.0,4.58,False
5,False,8,SCLSU Mud Dogs,14993,Greg Zuerlein,K,K,True,11.0,9.47,False
5,False,8,SCLSU Mud Dogs,-16024,Chargers D/ST,D/ST,D/ST,True,12.0,6.76,False
5,False,8,SCLSU Mud Dogs,3915189,Roquan Smith,LB,BE,False,9.0,0.0,False
5,False,8,SCLSU Mud Dogs,3918298,Josh Allen,QB,BE,False,17.46,16.87,False
5,False,8,SCLSU Mud Dogs,4036261,Devin Bush,LB,DP,True,10.0,7.37,False
5,False,10,High Noon,3117251,Christian McCaffrey,RB,RB,True,44.7,21.04,False
5,False,10,High Noon,3115364,Leonard Fournette,RB,RB,True,22.7,14.41,False
5,False,10,High Noon,14912,Alshon Jeffery,WR,WR,True,8.2,9.86,False
5,False,10,High Noon,3116165,Chris Godwin,WR,WR,True,28.0,13.0,False
5,False,10,High Noon,15705,Josh Gordon,WR,BE,False,8.4,10.81,False
5,False,10,High Noon,3121427,Curtis Samuel,WR,RB/WR/TE,True,5.9,9.27,False
5,False,10,High Noon,9761,Delanie Walker,TE,BE,False,1.5,8.4,False
5,False,10,High Noon,4036348,Michael Gallup,WR,BE,False,20.8,9.68,False
5,False,10,High Noon,3916925,Kerryon Johnson,RB,BE,False,0.0,0.0,True
5,False,10,High Noon,-16017,Patriots D/ST,D/ST,D/ST,True,15.0,10.2,False
5,False,10,High Noon,2979477,Tevin Coleman,RB,BE,False,15.7,9.41,False
5,False,10,High Noon,5529,Philip Rivers,QB,BE,False,4.14,16.82,False
5,False,10,High Noon,3124084,Joey Slye,K,K,True,2.0,7.65,False
5,False,10,High Noon,2578570,Jacoby Brissett,QB,QB,True,11.94,19.48,False
5,False,10,High Noon,2977819,Joe Schobert,LB,DP,True,11.0,10.22,False
5,False,10,High Noon,3930086,Dawson Knox,TE,TE,True,2.2,4.76,False
5,False,10,High Noon,4045163,Miles Sanders,RB,BE,False,8.4,10.04,False
5,False,5,Remember the Fucking Titans,3054850,Alvin Kamara,RB,RB,True,13.92,19.02,False
5,False,5,Remember the Fucking Titans,3139477,Patrick Mahomes,QB,QB,True,18.54,23.75,False
5,False,5,Remember the Fucking Titans,16460,Adam Thielen,WR,WR,True,29.5,11.35,False
5,False,5,Remember the Fucking Titans,3052117,Phillip Lindsay,RB,RB,True,22.7,12.14,False
5,False,5,Remember the Fucking Titans,3925357,Calvin Ridley,WR,BE,False,17.3,10.01,False
5,False,5,Remember the Fucking Titans,3043275,Austin Hooper,TE,TE,True,10.6,9.43,False
5,False,5,Remember the Fucking Titans,-16003,Bears D/ST,D/ST,D/ST,True,3.0,7.43,False
5,False,5,Remember the Fucking Titans,11283,DeSean Jackson,WR,BE,False,0.0,0.0,False
5,False,5,Remember the Fucking Titans,14938,Luke Kuechly,LB,DP,True,12.0,9.37,False
5,False,5,Remember the Fucking Titans,10475,Greg Olsen,TE,BE,False,0.0,8.54,False
5,False,5,Remember the Fucking Titans,4241372,Marquise Brown,WR,RB/WR/TE,True,9.7,9.86,False
5,False,5,Remember the Fucking Titans,3043116,Demarcus Robinson,WR,WR,True,4.6,8.87,False
5,False,5,Remember the Fucking Titans,15971,Rex Burkhead,RB,BE,False,0.0,0.0,False
5,False,5,Remember the Fucking Titans,3122976,Jeff Wilson Jr.,RB,BE,False,0.0,0.0,False
5,False,5,Remember the Fucking Titans,4035004,Mecole Hardman,WR,BE,False,9.3,8.86,False
5,False,5,Remember the Fucking Titans,2998120,Josh Lambo,K,K,True,9.0,7.18,False
5,False,5,Remember the Fucking Titans,15349,Cole Beasley,WR,BE,False,3.6,8.61,False
5,False,6,"Dude, Where's  My Lamar",16733,Odell Beckham Jr.,WR,WR,True,4.0,14.04,False
5,False,6,"Dude, Where's  My Lamar",3116406,Tyreek Hill,WR,BE,False,0.0,0.0,False
5,False,6,"Dude, Where's  My Lamar",3040151,George Kittle,TE,BE,False,17.8,11.15,False
5,False,6,"Dude, Where's  My Lamar",2576434,Melvin Gordon,RB,RB/WR/TE,True,5.8,11.23,False
5,False,6,"Dude, Where's  My Lamar",3915416,DJ Moore,WR,WR,True,12.1,9.9,False
5,False,6,"Dude, Where's  My Lamar",11237,Matt Ryan,QB,BE,False,31.9,19.11,False
5,False,6,"Dude, Where's  My Lamar",3892889,Dede Westbrook,WR,BE,False,11.7,7.93,False
5,False,6,"Dude, Where's  My Lamar",15072,Marvin Jones Jr.,WR,BE,False,0.0,0.0,True
5,False,6,"Dude, Where's  My Lamar",2969962,Duke Johnson,RB,BE,False,7.2,7.53,False
5,False,6,"Dude, Where's  My Lamar",12514,LeSean McCoy,RB,RB,True,1.3,10.2,False
5,False,6,"Dude, Where's  My Lamar",3916387,Lamar Jackson,QB,QB,True,11.44,21.02,False
5,False,6,"Dude, Where's  My Lamar",16486,Brett Maher,K,K,True,4.0,8.62,False
5,False,6,"Dude, Where's  My Lamar",8479,Frank Gore,RB,RB,True,7.9,9.93,False
5,False,6,"Dude, Where's  My Lamar",-16020,Jets D/ST,D/ST,BE,False,5.0,4.68,False
5,False,6,"Dude, Where's  My Lamar",3127292,Will Dissly,TE,TE,True,10.8,8.35,False
5,False,6,"Dude, Where's  My Lamar",-16026,Seahawks D/ST,D/ST,D/ST,True,-2.0,5.15,False
5,False,6,"Dude, Where's  My Lamar",3052896,Jaylon Smith,LB,DP,True,11.0,9.65,False
5,False,2,Rodger  That,2977644,Todd Gurley II,RB,RB,True,17.2,15.27,False
5,False,2,Rodger  That,3120348,JuJu Smith-Schuster,WR,BE,False,16.0,10.17,False
5,False,2,Rodger  That,8439,Aaron Rodgers,QB,QB,True,9.42,18.59,False
5,False,2,Rodger  That,13981,Mark Ingram II,RB,RB,True,11.9,13.11,False
5,False,2,Rodger  That,3045144,Tyler Boyd,WR,WR,True,23.3,11.82,False
5,False,2,Rodger  That,3051876,Evan Engram,TE,TE,True,7.7,11.51,False
5,False,2,Rodger  That,16725,Sammy Watkins,WR,WR,True,0.0,12.7,False
5,False,2,Rodger  That,3060022,Jordan Howard,RB,RB/WR/TE,True,12.2,11.08,False
5,False,2,Rodger  That,2576716,Jamison Crowder,WR,BE,False,3.0,8.77,False
5,False,2,Rodger  That,10452,Adrian Peterson,RB,BE,False,1.8,7.02,False
5,False,2,Rodger  That,3122449,James Washington,WR,BE,False,7.7,5.25,False
5,False,2,Rodger  That,2978273,Blake Martinez,LB,DP,True,8.0,10.19,False
5,False,2,Rodger  That,14054,Kyle Rudolph,TE,BE,False,0.9,3.53,False
5,False,2,Rodger  That,4047650,DK Metcalf,WR,BE,False,11.4,8.47,False
5,False,2,Rodger  That,3121422,Terry McLaurin,WR,BE,False,6.6,9.04,False
5,False,2,Rodger  That,17372,Chris Boswell,K,K,True,13.0,8.29,False
5,False,2,Rodger  That,-16012,Chiefs D/ST,D/ST,D/ST,True,2.0,6.33,False
5,False,4,The New Guy,3929630,Saquon Barkley,RB,BE,False,0.0,0.0,False
5,False,4,The New Guy,16944,Devonta Freeman,RB,RB,True,15.5,11.66,False
5,False,4,The New Guy,15818,Keenan Allen,WR,WR,True,3.8,14.63,False
5,False,4,The New Guy,2977187,Cooper Kupp,WR,WR,True,22.2,13.52,False
5,False,4,The New Guy,2974858,Kenny Golladay,WR,BE,False,0.0,0.0,True
5,False,4,The New Guy,2979843,Kenyan Drake,RB,BE,False,0.0,0.0,True
5,False,4,The New Guy,3052587,Baker Mayfield,QB,BE,False,-2.0,16.19,False
5,False,4,The New Guy,3915823,Keke Coutee,WR,BE,False,8.7,7.58,False
5,False,4,The New Guy,16732,Eric Ebron,TE,TE,True,1.3,5.98,False
5,False,4,The New Guy,16716,Aaron Donald,DT,DP,True,3.0,5.06,False
5,False,4,The New Guy,2977609,Devin Funchess,WR,BE,False,0.0,0.0,False
5,False,4,The New Guy,2985659,Wil Lutz,K,K,True,7.0,8.45,False
5,False,4,The New Guy,2576980,Marcus Mariota,QB,QB,True,8.62,14.72,False
5,False,4,The New Guy,4040761,Devin Singletary,RB,BE,False,0.0,0.0,False
5,False,4,The New Guy,15966,Chris Thompson,RB,RB/WR/TE,True,6.3,8.92,False
5,False,4,The New Guy,3045127,Wayne Gallman,RB,RB,True,1.4,13.05,False
5,False,4,The New Guy,-16010,Titans D/ST,D/ST,D/ST,True,7.0,7.85,False
5,False,3,Jim Ward's Ole Dick Necks,15825,Le'Veon Bell,RB,RB,True,12.3,14.59,False
5,False,3,Jim Ward's Ole Dick Necks,2976316,Michael Thomas,WR,WR,True,35.7,13.75,False
5,False,3,Jim Ward's Ole Dick Necks,2976212,Stefon Diggs,WR,BE,False,5.9,9.17,False
5,False,3,Jim Ward's Ole Dick Necks,3043078,Derrick Henry,RB,RB,True,13.8,15.11,False
5,False,3,Jim Ward's Ole Dick Necks,2976592,Sterling Shepard,WR,WR,True,7.2,10.59,False
5,False,3,Jim Ward's Ole Dick Necks,3128429,Courtland Sutton,WR,BE,False,17.2,9.57,False
5,False,3,Jim Ward's Ole Dick Necks,3059915,Kareem Hunt,RB,BE,False,0.0,0.0,False
5,False,3,Jim Ward's Ole Dick Necks,2330,Tom Brady,QB,BE,False,23.92,18.16,False
5,False,3,Jim Ward's Ole Dick Necks,3917315,Kyler Murray,QB,QB,True,25.42,19.15,False
5,False,3,Jim Ward's Ole Dick Necks,3123050,Chris Herndon,TE,BE,False,0.0,0.0,False
5,False,3,Jim Ward's Ole Dick Necks,3055899,Harrison Butker,K,K,True,7.0,9.56,False
5,False,3,Jim Ward's Ole Dick Necks,-16018,Saints D/ST,D/ST,D/ST,True,8.0,6.26,False
5,False,3,Jim Ward's Ole Dick Necks,16804,John Brown,WR,BE,False,10.0,9.46,False
5,False,3,Jim Ward's Ole Dick Necks,2514270,Jordan Hicks,LB,DP,True,6.0,10.39,False
5,False,3,Jim Ward's Ole Dick Necks,16777,Carlos Hyde,RB,RB/WR/TE,True,12.0,10.43,False
5,False,3,Jim Ward's Ole Dick Necks,13232,Jimmy Graham,TE,TE,True,5.6,8.08,False
5,False,3,Jim Ward's Ole Dick Necks,13229,Rob Gronkowski,TE,BE,False,0.0,0.0,True
5,False,11,Dez (Bryant) Nuts,3051392,Ezekiel Elliott,RB,RB,True,17.1,19.09,False
5,False,11,Dez (Bryant) Nuts,4047365,Josh Jacobs,RB,RB,True,27.8,11.17,False
5,False,11,Dez (Bryant) Nuts,12649,Julian Edelman,WR,WR,True,21.0,12.07,False
5,False,11,Dez (Bryant) Nuts,16913,James White,RB,RB/WR/TE,True,11.2,12.08,False
5,False,11,Dez (Bryant) Nuts,12537,Jared Cook,TE,BE,False,12.1,6.26,False
5,False,11,Dez (Bryant) Nuts,16799,Allen Robinson II,WR,WR,True,25.2,10.9,False
5,False,11,Dez (Bryant) Nuts,2577417,Dak Prescott,QB,QB,True,23.22,19.47,False
5,False,11,Dez (Bryant) Nuts,13295,Emmanuel Sanders,WR,BE,False,1.4,10.22,False
5,False,11,Dez (Bryant) Nuts,3916430,Nyheim Hines,RB,BE,False,6.5,6.13,False
5,False,11,Dez (Bryant) Nuts,-16033,Ravens D/ST,D/ST,BE,False,7.0,5.32,False
5,False,11,Dez (Bryant) Nuts,3138677,Leighton Vander Esch,LB,DP,True,9.0,9.57,False
5,False,11,Dez (Bryant) Nuts,3116365,Mark Andrews,TE,TE,True,8.0,12.07,False
5,False,11,Dez (Bryant) Nuts,2971573,Ka'imi Fairbairn,K,K,True,13.0,7.95,False
5,False,11,Dez (Bryant) Nuts,10453,Ted Ginn Jr.,WR,BE,False,10.6,6.45,False
5,False,11,Dez (Bryant) Nuts,3925347,Damien Harris,RB,BE,False,0.0,0.0,False
5,False,11,Dez (Bryant) Nuts,3115394,DJ Chark Jr.,WR,BE,False,32.4,9.4,False
5,False,11,Dez (Bryant) Nuts,-16029,Panthers D/ST,D/ST,D/ST,True,8.0,6.86,False
5,False,12,Rule  #76,3128720,Nick Chubb,RB,RB,True,10.4,18.05,False
5,False,12,Rule  #76,13982,Julio Jones,WR,WR,True,5.7,15.59,False
5,False,12,Rule  #76,4035538,David Montgomery,RB,RB,True,10.1,12.98,False
5,False,12,Rule  #76,3139605,Marlon Mack,RB,RB/WR/TE,True,16.3,12.77,False
5,False,12,Rule  #76,16790,Jarvis Landry,WR,WR,True,9.5,11.17,False
5,False,12,Rule  #76,13983,A.J. Green,WR,BE,False,0.0,0.0,False
5,False,12,Rule  #76,15853,Vance McDonald,TE,BE,False,4.9,6.29,False
5,False,12,Rule  #76,2573079,Carson Wentz,QB,BE,False,12.06,17.53,False
5,False,12,Rule  #76,2587819,Tyrell Williams,WR,BE,False,0.0,0.0,False
5,False,12,Rule  #76,3116721,Jaylen Samuels,RB,BE,False,0.96,7.06,False
5,False,12,Rule  #76,15683,Justin Tucker,K,K,True,16.0,7.78,False
5,False,12,Rule  #76,-16002,Bills D/ST,D/ST,D/ST,True,12.0,6.47,False
5,False,12,Rule  #76,2978304,Cory Littleton,LB,DP,True,7.0,9.07,False
5,False,12,Rule  #76,2576925,Darren Waller,TE,TE,True,5.9,11.39,False
5,False,12,Rule  #76,2570986,Malcolm Brown,RB,BE,False,1.3,4.89,False
5,False,12,Rule  #76,2969939,Jameis Winston,QB,QB,True,17.46,19.03,False
5,False,12,Rule  #76,3932905,Diontae Johnson,WR,BE,False,5.2,8.35,False
5,False,13,Fuck Luck,2508176,David Johnson,RB,RB,True,17.1,16.91,False
5,False,13,Fuck Luck,3116593,Dalvin Cook,RB,RB,True,22.8,19.93,False
5,False,13,Fuck Luck,2976499,Amari Cooper,WR,WR,True,34.1,12.02,False
5,False,13,Fuck Luck,15835,Zach Ertz,TE,TE,True,14.2,10.5,False
5,False,13,Fuck Luck,2577327,Tyler Lockett,WR,WR,True,12.3,12.73,False
5,False,13,Fuck Luck,3052876,Will Fuller V,WR,RB/WR/TE,True,46.7,8.62,False
5,False,13,Fuck Luck,3139925,Rashaad Penny,RB,BE,False,5.9,5.93,False
5,False,13,Fuck Luck,14881,Russell Wilson,QB,QB,True,29.92,19.49,False
5,False,13,Fuck Luck,2976545,Deion Jones,LB,DP,True,11.0,8.86,False
5,False,13,Fuck Luck,-16016,Vikings D/ST,D/ST,D/ST,True,13.0,5.71,False
5,False,13,Fuck Luck,3916148,Tony Pollard,RB,BE,False,1.9,3.58,False
5,False,13,Fuck Luck,16016,Kenny Stills,WR,BE,False,0.0,0.0,False
5,False,13,Fuck Luck,4333,Matt Bryant,K,K,True,6.0,7.09,False
5,False,13,Fuck Luck,3119195,Chase Edmonds,RB,BE,False,16.1,3.82,False
5,False,13,Fuck Luck,5557,Ben Watson,TE,BE,False,0.0,0.0,False
5,False,13,Fuck Luck,3912550,Ronald Jones II,RB,BE,False,6.6,8.44,False
5,False,13,Fuck Luck,3115913,Geronimo Allison,WR,BE,False,3.8,8.64,False
6,False,9,Tonie's Tigers,3045147,James Conner,RB,RB,True,27.4,13.24,False
6,False,9,Tonie's Tigers,16737,Mike Evans,WR,WR,True,17.1,11.96,False
6,False,9,Tonie's Tigers,3919596,Chris Carson,RB,RB,True,23.9,15.61,False
6,False,9,Tonie's Tigers,14924,T.Y. Hilton,WR,BE,False,0.0,0.0,True
6,False,9,Tonie's Tigers,2574808,Robby Anderson,WR,BE,False,21.0,7.66,False
6,False,9,Tonie's Tigers,2580,Drew Brees,QB,BE,False,0.0,0.0,False
6,False,9,Tonie's Tigers,3051902,Peyton Barber,RB,RB/WR/TE,True,2.8,7.97,False
6,False,9,Tonie's Tigers,5528,Larry Fitzgerald,WR,WR,True,9.9,10.97,False
6,False,9,Tonie's Tigers,-16014,Rams D/ST,D/ST,D/ST,True,6.0,5.51,False
6,False,9,Tonie's Tigers,16757,Derek Carr,QB,BE,False,0.0,0.0,True
6,False,9,Tonie's Tigers,3050478,Jake Elliott,K,K,True,9.0,7.09,False
6,False,9,Tonie's Tigers,2972091,Jalen Richard,RB,BE,False,0.0,0.0,True
6,False,9,Tonie's Tigers,15839,Marquise Goodwin,WR,BE,False,2.5,6.23,False
6,False,9,Tonie's Tigers,3917792,Daniel Jones,QB,QB,True,5.24,13.62,False
6,False,9,Tonie's Tigers,15773,Darren Fells,TE,TE,True,9.9,3.92,False
6,False,9,Tonie's Tigers,3123969,Ito Smith,RB,BE,False,0.6,7.05,False
6,False,9,Tonie's Tigers,2976541,Kwon Alexander,LB,DP,True,7.0,9.13,False
6,False,4,The New Guy,3929630,Saquon Barkley,RB,BE,False,0.0,0.0,False
6,False,4,The New Guy,16944,Devonta Freeman,RB,RB,True,25.3,13.5,False
6,False,4,The New Guy,15818,Keenan Allen,WR,WR,True,5.3,13.22,False
6,False,4,The New Guy,2977187,Cooper Kupp,WR,WR,True,3.7,14.51,False
6,False,4,The New Guy,2974858,Kenny Golladay,WR,RB/WR/TE,True,14.6,12.96,False
6,False,4,The New Guy,2979843,Kenyan Drake,RB,RB,True,10.0,11.47,False
6,False,4,The New Guy,3052587,Baker Mayfield,QB,BE,False,19.46,15.11,False
6,False,4,The New Guy,3915823,Keke Coutee,WR,BE,False,6.9,6.91,False
6,False,4,The New Guy,16732,Eric Ebron,TE,BE,False,0.0,0.0,True
6,False,4,The New Guy,16716,Aaron Donald,DT,DP,True,13.0,4.72,False
6,False,4,The New Guy,2985659,Wil Lutz,K,K,True,8.0,7.28,False
6,False,4,The New Guy,2576980,Marcus Mariota,QB,QB,True,-1.08,14.75,False
6,False,4,The New Guy,4040761,Devin Singletary,RB,BE,False,0.0,0.0,True
6,False,4,The New Guy,15966,Chris Thompson,RB,BE,False,3.0,11.5,False
6,False,4,The New Guy,3045127,Wayne Gallman,RB,BE,False,0.0,0.0,False
6,False,4,The New Guy,-16010,Titans D/ST,D/ST,D/ST,True,6.0,6.7,False
6,False,4,The New Guy,4036133,T.J. Hockenson,TE,TE,True,4.1,6.02,False
6,False,10,High Noon,3117251,Christian McCaffrey,RB,RB,True,19.7,23.46,False
6,False,10,High Noon,3115364,Leonard Fournette,RB,RB/WR/TE,True,14.8,16.54,False
6,False,10,High Noon,14912,Alshon Jeffery,WR,BE,False,18.6,10.63,False
6,False,10,High Noon,3116165,Chris Godwin,WR,WR,True,20.1,13.23,False
6,False,10,High Noon,15705,Josh Gordon,WR,BE,False,1.2,10.83,False
6,False,10,High Noon,3121427,Curtis Samuel,WR,BE,False,21.8,10.36,False
6,False,10,High Noon,9761,Delanie Walker,TE,TE,True,5.8,6.86,False
6,False,10,High Noon,4036348,Michael Gallup,WR,WR,True,6.8,10.59,False
6,False,10,High Noon,3916925,Kerryon Johnson,RB,RB,True,13.1,12.71,False
6,False,10,High Noon,-16017,Patriots D/ST,D/ST,D/ST,True,28.0,10.73,False
6,False,10,High Noon,2979477,Tevin Coleman,RB,BE,False,13.1,11.37,False
6,False,10,High Noon,5529,Philip Rivers,QB,BE,False,14.8,15.81,False
6,False,10,High Noon,2578570,Jacoby Brissett,QB,BE,False,0.0,0.0,True
6,False,10,High Noon,2977819,Joe Schobert,LB,DP,True,8.0,10.14,False
6,False,10,High Noon,4045163,Miles Sanders,RB,BE,False,16.7,10.56,False
6,False,10,High Noon,4038524,Gardner Minshew II,QB,QB,True,4.62,17.21,False
6,False,10,High Noon,10636,Mason Crosby,K,K,True,12.0,8.06,False
6,False,11,Dez (Bryant) Nuts,3051392,Ezekiel Elliott,RB,RB,True,23.8,16.99,False
6,False,11,Dez (Bryant) Nuts,4047365,Josh Jacobs,RB,RB,True,0.0,0.0,True
6,False,11,Dez (Bryant) Nuts,12649,Julian Edelman,WR,WR,True,15.8,12.42,False
6,False,11,Dez (Bryant) Nuts,16913,James White,RB,RB/WR/TE,True,9.0,13.66,False
6,False,11,Dez (Bryant) Nuts,12537,Jared Cook,TE,BE,False,11.2,6.64,False
6,False,11,Dez (Bryant) Nuts,16799,Allen Robinson II,WR,BE,False,0.0,0.0,True
6,False,11,Dez (Bryant) Nuts,2577417,Dak Prescott,QB,QB,True,18.22,18.41,False
6,False,11,Dez (Bryant) Nuts,13295,Emmanuel Sanders,WR,BE,False,0.5,8.83,False
6,False,11,Dez (Bryant) Nuts,3916430,Nyheim Hines,RB,BE,False,0.0,0.0,True
6,False,11,Dez (Bryant) Nuts,-16033,Ravens D/ST,D/ST,BE,False,7.0,8.08,False
6,False,11,Dez (Bryant) Nuts,3138677,Leighton Vander Esch,LB,DP,True,10.0,9.35,False
6,False,11,Dez (Bryant) Nuts,3116365,Mark Andrews,TE,TE,True,10.9,11.95,False
6,False,11,Dez (Bryant) Nuts,2971573,Ka'imi Fairbairn,K,K,True,5.0,6.81,False
6,False,11,Dez (Bryant) Nuts,10453,Ted Ginn Jr.,WR,BE,False,5.8,6.39,False
6,False,11,Dez (Bryant) Nuts,3925347,Damien Harris,RB,BE,False,0.0,0.0,False
6,False,11,Dez (Bryant) Nuts,3115394,DJ Chark Jr.,WR,WR,True,6.8,11.36,False
6,False,11,Dez (Bryant) Nuts,-16029,Panthers D/ST,D/ST,D/ST,True,18.0,6.56,False
6,False,6,"Dude, Where's  My Lamar",16733,Odell Beckham Jr.,WR,WR,True,14.1,12.63,False
6,False,6,"Dude, Where's  My Lamar",3116406,Tyreek Hill,WR,RB/WR/TE,True,22.5,11.7,False
6,False,6,"Dude, Where's  My Lamar",3040151,George Kittle,TE,TE,True,14.3,13.22,False
6,False,6,"Dude, Where's  My Lamar",2576434,Melvin Gordon,RB,RB,True,7.3,14.75,False
6,False,6,"Dude, Where's  My Lamar",3915416,DJ Moore,WR,WR,True,12.1,11.43,False
6,False,6,"Dude, Where's  My Lamar",11237,Matt Ryan,QB,BE,False,30.94,19.91,False
6,False,6,"Dude, Where's  My Lamar",3892889,Dede Westbrook,WR,BE,False,6.8,9.46,False
6,False,6,"Dude, Where's  My Lamar",15072,Marvin Jones Jr.,WR,BE,False,2.7,10.07,False
6,False,6,"Dude, Where's  My Lamar",2969962,Duke Johnson,RB,RB,True,12.4,7.14,False
6,False,6,"Dude, Where's  My Lamar",12514,LeSean McCoy,RB,BE,False,5.4,6.98,False
6,False,6,"Dude, Where's  My Lamar",3916387,Lamar Jackson,QB,QB,True,30.64,23.47,False
6,False,6,"Dude, Where's  My Lamar",16486,Brett Maher,K,K,True,13.0,6.35,False
6,False,6,"Dude, Where's  My Lamar",8479,Frank Gore,RB,BE,False,0.0,0.0,True
6,False,6,"Dude, Where's  My Lamar",-16020,Jets D/ST,D/ST,BE,False,0.0,4.04,False
6,False,6,"Dude, Where's  My Lamar",-16026,Seahawks D/ST,D/ST,D/ST,True,6.0,6.29,False
6,False,6,"Dude, Where's  My Lamar",3052896,Jaylon Smith,LB,DP,True,4.0,9.52,False
6,False,13,Fuck Luck,2508176,David Johnson,RB,RB,True,25.2,16.01,False
6,False,13,Fuck Luck,3116593,Dalvin Cook,RB,RB,True,12.4,19.7,False
6,False,13,Fuck Luck,2976499,Amari Cooper,WR,WR,True,0.8,13.05,False
6,False,13,Fuck Luck,15835,Zach Ertz,TE,TE,True,5.4,11.03,False
6,False,13,Fuck Luck,2577327,Tyler Lockett,WR,WR,True,10.3,12.4,False
6,False,13,Fuck Luck,3052876,Will Fuller V,WR,RB/WR/TE,True,6.9,12.5,False
6,False,13,Fuck Luck,3139925,Rashaad Penny,RB,BE,False,0.0,0.0,False
6,False,13,Fuck Luck,14881,Russell Wilson,QB,QB,True,28.9,20.36,False
6,False,13,Fuck Luck,2976545,Deion Jones,LB,DP,True,6.0,9.38,False
6,False,13,Fuck Luck,-16016,Vikings D/ST,D/ST,D/ST,True,5.0,5.69,False
6,False,13,Fuck Luck,16016,Kenny Stills,WR,BE,False,0.0,0.0,False
6,False,13,Fuck Luck,3119195,Chase Edmonds,RB,BE,False,13.7,5.4,False
6,False,13,Fuck Luck,3912550,Ronald Jones II,RB,BE,False,7.0,8.8,False
6,False,13,Fuck Luck,3115913,Geronimo Allison,WR,BE,False,5.5,7.8,False
6,False,13,Fuck Luck,4048244,Alexander Mattison,RB,BE,False,4.3,4.06,False
6,False,13,Fuck Luck,3056362,Darius Leonard,LB,BE,False,0.0,0.0,True
6,False,13,Fuck Luck,9354,Robbie Gould,K,K,True,7.0,8.15,False
6,False,5,Remember the Fucking Titans,3054850,Alvin Kamara,RB,RB,True,10.1,18.07,False
6,False,5,Remember the Fucking Titans,3139477,Patrick Mahomes,QB,QB,True,18.82,22.87,False
6,False,5,Remember the Fucking Titans,16460,Adam Thielen,WR,WR,True,14.7,11.34,False
6,False,5,Remember the Fucking Titans,3052117,Phillip Lindsay,RB,RB,True,14.5,13.93,False
6,False,5,Remember the Fucking Titans,3925357,Calvin Ridley,WR,WR,True,12.8,10.35,False
6,False,5,Remember the Fucking Titans,3043275,Austin Hooper,TE,TE,True,21.7,11.88,False
6,False,5,Remember the Fucking Titans,-16003,Bears D/ST,D/ST,BE,False,0.0,0.0,True
6,False,5,Remember the Fucking Titans,11283,DeSean Jackson,WR,BE,False,0.0,0.0,False
6,False,5,Remember the Fucking Titans,14938,Luke Kuechly,LB,DP,True,8.0,10.42,False
6,False,5,Remember the Fucking Titans,10475,Greg Olsen,TE,BE,False,7.2,8.26,False
6,False,5,Remember the Fucking Titans,4241372,Marquise Brown,WR,BE,False,0.0,0.0,False
6,False,5,Remember the Fucking Titans,3043116,Demarcus Robinson,WR,RB/WR/TE,True,0.0,8.09,False
6,False,5,Remember the Fucking Titans,15971,Rex Burkhead,RB,BE,False,0.0,0.0,False
6,False,5,Remember the Fucking Titans,4035004,Mecole Hardman,WR,BE,False,6.5,7.26,False
6,False,5,Remember the Fucking Titans,2998120,Josh Lambo,K,K,True,6.0,8.39,False
6,False,5,Remember the Fucking Titans,15349,Cole Beasley,WR,BE,False,0.0,0.0,True
6,False,5,Remember the Fucking Titans,-16028,Washington D/ST,D/ST,D/ST,True,12.0,9.14,False
6,False,12,Rule  #76,3128720,Nick Chubb,RB,RB,True,26.4,18.47,False
6,False,12,Rule  #76,13982,Julio Jones,WR,WR,True,14.8,14.73,False
6,False,12,Rule  #76,4035538,David Montgomery,RB,BE,False,0.0,0.0,True
6,False,12,Rule  #76,3139605,Marlon Mack,RB,BE,False,0.0,0.0,True
6,False,12,Rule  #76,16790,Jarvis Landry,WR,WR,True,5.1,11.39,False
6,False,12,Rule  #76,13983,A.J. Green,WR,BE,False,0.0,0.0,False
6,False,12,Rule  #76,2573079,Carson Wentz,QB,QB,True,20.54,16.03,False
6,False,12,Rule  #76,2587819,Tyrell Williams,WR,BE,False,0.0,0.0,True
6,False,12,Rule  #76,15683,Justin Tucker,K,K,True,13.0,7.83,False
6,False,12,Rule  #76,-16002,Bills D/ST,D/ST,BE,False,0.0,0.0,True
6,False,12,Rule  #76,2978304,Cory Littleton,LB,DP,True,16.0,9.18,False
6,False,12,Rule  #76,2576925,Darren Waller,TE,BE,False,0.0,0.0,True
6,False,12,Rule  #76,2969939,Jameis Winston,QB,BE,False,12.1,17.87,False
6,False,12,Rule  #76,3932905,Diontae Johnson,WR,RB/WR/TE,True,2.4,8.18,False
6,False,12,Rule  #76,3122799,Jonathan Hilliman,RB,RB,True,2.5,8.45,False
6,False,12,Rule  #76,-16023,Steelers D/ST,D/ST,D/ST,True,14.0,5.47,False
6,False,12,Rule  #76,3043080,O.J. Howard,TE,TE,True,5.5,4.89,False
6,False,8,SCLSU Mud Dogs,15795,DeAndre Hopkins,WR,WR,True,12.0,14.21,False
6,False,8,SCLSU Mud Dogs,15847,Travis Kelce,TE,TE,True,7.8,14.32,False
6,False,8,SCLSU Mud Dogs,3042519,Aaron Jones,RB,RB/WR/TE,True,6.0,15.76,False
6,False,8,SCLSU Mud Dogs,16731,Brandin Cooks,WR,WR,True,4.7,10.46,False
6,False,8,SCLSU Mud Dogs,3122840,Deshaun Watson,QB,QB,True,29.4,21.47,False
6,False,8,SCLSU Mud Dogs,3128721,Sony Michel,RB,RB,True,13.3,14.68,False
6,False,8,SCLSU Mud Dogs,3895856,Christian Kirk,WR,BE,False,0.0,0.0,False
6,False,8,SCLSU Mud Dogs,15920,Latavius Murray,RB,BE,False,9.4,4.81,False
6,False,8,SCLSU Mud Dogs,3122672,Royce Freeman,RB,BE,False,11.1,10.5,False
6,False,8,SCLSU Mud Dogs,3049916,Matt Breida,RB,RB,True,8.3,9.73,False
6,False,8,SCLSU Mud Dogs,3051738,Marquez Valdes-Scantling,WR,BE,False,7.7,9.08,False
6,False,8,SCLSU Mud Dogs,14198,Dion Lewis,RB,BE,False,3.4,5.32,False
6,False,8,SCLSU Mud Dogs,14993,Greg Zuerlein,K,K,True,1.0,10.93,False
6,False,8,SCLSU Mud Dogs,-16024,Chargers D/ST,D/ST,D/ST,True,4.0,7.45,False
6,False,8,SCLSU Mud Dogs,3915189,Roquan Smith,LB,BE,False,0.0,0.0,True
6,False,8,SCLSU Mud Dogs,3918298,Josh Allen,QB,BE,False,0.0,0.0,True
6,False,8,SCLSU Mud Dogs,4036261,Devin Bush,LB,DP,True,17.0,8.81,False
6,False,3,Jim Ward's Ole Dick Necks,15825,Le'Veon Bell,RB,RB,True,11.8,17.4,False
6,False,3,Jim Ward's Ole Dick Necks,2976316,Michael Thomas,WR,WR,True,12.9,15.69,False
6,False,3,Jim Ward's Ole Dick Necks,2976212,Stefon Diggs,WR,BE,False,41.0,8.3,False
6,False,3,Jim Ward's Ole Dick Necks,3043078,Derrick Henry,RB,RB,True,3.8,14.13,False
6,False,3,Jim Ward's Ole Dick Necks,2976592,Sterling Shepard,WR,BE,False,0.0,0.0,False
6,False,3,Jim Ward's Ole Dick Necks,3128429,Courtland Sutton,WR,WR,True,9.6,10.79,False
6,False,3,Jim Ward's Ole Dick Necks,3059915,Kareem Hunt,RB,BE,False,0.0,0.0,False
6,False,3,Jim Ward's Ole Dick Necks,2330,Tom Brady,QB,BE,False,21.96,19.18,False
6,False,3,Jim Ward's Ole Dick Necks,3917315,Kyler Murray,QB,QB,True,28.8,19.73,False
6,False,3,Jim Ward's Ole Dick Necks,3123050,Chris Herndon,TE,BE,False,0.0,0.0,False
6,False,3,Jim Ward's Ole Dick Necks,3055899,Harrison Butker,K,K,True,6.0,8.72,False
6,False,3,Jim Ward's Ole Dick Necks,-16018,Saints D/ST,D/ST,D/ST,True,10.0,5.6,False
6,False,3,Jim Ward's Ole Dick Necks,16804,John Brown,WR,BE,False,0.0,0.0,True
6,False,3,Jim Ward's Ole Dick Necks,2514270,Jordan Hicks,LB,DP,True,9.0,10.26,False
6,False,3,Jim Ward's Ole Dick Necks,16777,Carlos Hyde,RB,RB/WR/TE,True,18.5,9.54,False
6,False,3,Jim Ward's Ole Dick Necks,13232,Jimmy Graham,TE,TE,True,2.7,6.93,False
6,False,3,Jim Ward's Ole Dick Necks,13229,Rob Gronkowski,TE,BE,False,0.0,0.0,True
6,False,1,Below Average Joes,16800,Davante Adams,WR,BE,False,0.0,0.0,False
6,False,1,Below Average Joes,3116385,Joe Mixon,RB,RB,True,4.9,12.08,False
6,False,1,Below Average Joes,17359,Damien Williams,RB,RB/WR/TE,True,8.5,14.52,False
6,False,1,Below Average Joes,15880,Robert Woods,WR,WR,True,7.6,11.39,False
6,False,1,Below Average Joes,3045138,Mike Williams,WR,WR,True,9.7,8.8,False
6,False,1,Below Average Joes,3046439,Hunter Henry,TE,BE,False,26.0,5.65,False
6,False,1,Below Average Joes,3066158,Tarik Cohen,RB,BE,False,0.0,0.0,True
6,False,1,Below Average Joes,3068267,Austin Ekeler,RB,BE,False,4.3,12.18,False
6,False,1,Below Average Joes,3046779,Jared Goff,QB,QB,True,1.12,16.63,False
6,False,1,Below Average Joes,13217,Golden Tate,WR,BE,False,19.2,10.07,False
6,False,1,Below Average Joes,14979,Bobby Wagner,LB,DP,True,6.0,9.41,False
6,False,1,Below Average Joes,14880,Kirk Cousins,QB,BE,False,27.32,13.56,False
6,False,1,Below Average Joes,2980453,Jamaal Williams,RB,BE,False,21.6,8.66,False
6,False,1,Below Average Joes,4527,Jason Witten,TE,TE,True,8.2,5.79,False
6,False,1,Below Average Joes,4249087,Matt Gay,K,K,True,6.0,8.17,False
6,False,1,Below Average Joes,-16006,Cowboys D/ST,D/ST,D/ST,True,3.0,7.41,False
6,False,1,Below Average Joes,2570986,Malcolm Brown,RB,RB,True,4.0,12.71,False
6,False,2,Rodger  That,2977644,Todd Gurley II,RB,BE,False,0.0,0.0,False
6,False,2,Rodger  That,3120348,JuJu Smith-Schuster,WR,BE,False,1.2,10.11,False
6,False,2,Rodger  That,8439,Aaron Rodgers,QB,QB,True,18.32,17.99,False
6,False,2,Rodger  That,13981,Mark Ingram II,RB,RB,True,14.4,15.26,False
6,False,2,Rodger  That,3045144,Tyler Boyd,WR,WR,True,2.5,12.45,False
6,False,2,Rodger  That,3051876,Evan Engram,TE,BE,False,0.0,0.0,False
6,False,2,Rodger  That,16725,Sammy Watkins,WR,BE,False,0.0,0.0,False
6,False,2,Rodger  That,3060022,Jordan Howard,RB,RB/WR/TE,True,4.9,10.58,False
6,False,2,Rodger  That,2576716,Jamison Crowder,WR,BE,False,12.8,7.85,False
6,False,2,Rodger  That,10452,Adrian Peterson,RB,RB,True,14.6,10.33,False
6,False,2,Rodger  That,3122449,James Washington,WR,BE,False,0.0,0.0,False
6,False,2,Rodger  That,2978273,Blake Martinez,LB,DP,True,5.0,10.55,False
6,False,2,Rodger  That,4047650,DK Metcalf,WR,BE,False,9.3,7.72,False
6,False,2,Rodger  That,3121422,Terry McLaurin,WR,WR,True,24.0,11.27,False
6,False,2,Rodger  That,17372,Chris Boswell,K,K,True,6.0,5.78,False
6,False,2,Rodger  That,3918639,Gerald Everett,TE,TE,True,1.9,6.4,False
6,False,2,Rodger  That,-16025,49ers D/ST,D/ST,D/ST,True,12.0,6.03,False
7,False,4,The New Guy,3929630,Saquon Barkley,RB,RB,True,15.5,20.12,False
7,False,4,The New Guy,16944,Devonta Freeman,RB,RB,True,3.5,14.06,False
7,False,4,The New Guy,15818,Keenan Allen,WR,WR,True,8.1,11.6,False
7,False,4,The New Guy,2977187,Cooper Kupp,WR,WR,True,8.0,14.18,False
7,False,4,The New Guy,2974858,Kenny Golladay,WR,RB/WR/TE,True,2.6,12.99,False
7,False,4,The New Guy,2979843,Kenyan Drake,RB,BE,False,7.3,9.2,False
7,False,4,The New Guy,3052587,Baker Mayfield,QB,BE,False,0.0,0.0,True
7,False,4,The New Guy,3915823,Keke Coutee,WR,BE,False,11.4,3.75,False
7,False,4,The New Guy,16732,Eric Ebron,TE,BE,False,15.0,5.08,False
7,False,4,The New Guy,16716,Aaron Donald,DT,DP,True,8.0,5.14,False
7,False,4,The New Guy,2985659,Wil Lutz,K,K,True,8.0,5.93,False
7,False,4,The New Guy,4040761,Devin Singletary,RB,BE,False,2.6,8.8,False
7,False,4,The New Guy,15966,Chris Thompson,RB,BE,False,0.0,0.0,False
7,False,4,The New Guy,3045127,Wayne Gallman,RB,BE,False,0.0,2.43,False
7,False,4,The New Guy,-16010,Titans D/ST,D/ST,D/ST,True,2.0,4.86,False
7,False,4,The New Guy,4036133,T.J. Hockenson,TE,TE,True,4.7,6.06,False
7,False,4,The New Guy,12483,Matthew Stafford,QB,QB,True,28.56,15.64,False
7,False,10,High Noon,3117251,Christian McCaffrey,RB,BE,False,0.0,0.0,True
7,False,10,High Noon,3115364,Leonard Fournette,RB,RB,True,15.5,18.56,False
7,False,10,High Noon,14912,Alshon Jeffery,WR,WR,True,5.8,12.09,False
7,False,10,High Noon,3116165,Chris Godwin,WR,BE,False,0.0,0.0,True
7,False,10,High Noon,15705,Josh Gordon,WR,BE,False,0.0,0.0,False
7,False,10,High Noon,3121427,Curtis Samuel,WR,BE,False,0.0,0.0,True
7,False,10,High Noon,9761,Delanie Walker,TE,BE,False,0.0,8.06,False
7,False,10,High Noon,4036348,Michael Gallup,WR,WR,True,4.9,10.82,False
7,False,10,High Noon,3916925,Kerryon Johnson,RB,BE,False,2.3,13.16,False
7,False,10,High Noon,-16017,Patriots D/ST,D/ST,D/ST,True,23.0,9.46,False
7,False,10,High Noon,2979477,Tevin Coleman,RB,RB,True,7.1,15.31,False
7,False,10,High Noon,2578570,Jacoby Brissett,QB,QB,True,27.64,17.0,False
7,False,10,High Noon,4045163,Miles Sanders,RB,RB/WR/TE,True,4.7,9.2,False
7,False,10,High Noon,4038524,Gardner Minshew II,QB,BE,False,21.0,17.8,False
7,False,10,High Noon,10636,Mason Crosby,K,K,True,6.0,7.98,False
7,False,10,High Noon,15074,Danny Trevathan,LB,DP,True,10.0,8.67,False
7,False,10,High Noon,3921690,Josh Oliver,TE,TE,True,0.0,3.96,False
7,False,11,Dez (Bryant) Nuts,3051392,Ezekiel Elliott,RB,RB,True,23.7,18.21,False
7,False,11,Dez (Bryant) Nuts,4047365,Josh Jacobs,RB,RB,True,14.9,11.72,False
7,False,11,Dez (Bryant) Nuts,12649,Julian Edelman,WR,WR,True,11.2,13.05,False
7,False,11,Dez (Bryant) Nuts,16913,James White,RB,RB/WR/TE,True,9.4,11.83,False
7,False,11,Dez (Bryant) Nuts,12537,Jared Cook,TE,BE,False,0.0,0.0,False
7,False,11,Dez (Bryant) Nuts,16799,Allen Robinson II,WR,BE,False,19.7,10.39,False
7,False,11,Dez (Bryant) Nuts,2577417,Dak Prescott,QB,QB,True,20.56,19.42,False
7,False,11,Dez (Bryant) Nuts,13295,Emmanuel Sanders,WR,BE,False,8.5,9.34,False
7,False,11,Dez (Bryant) Nuts,3916430,Nyheim Hines,RB,BE,False,2.1,5.89,False
7,False,11,Dez (Bryant) Nuts,3138677,Leighton Vander Esch,LB,DP,True,3.0,9.38,False
7,False,11,Dez (Bryant) Nuts,3116365,Mark Andrews,TE,TE,True,4.9,13.29,False
7,False,11,Dez (Bryant) Nuts,2971573,Ka'imi Fairbairn,K,K,True,12.0,6.59,False
7,False,11,Dez (Bryant) Nuts,10453,Ted Ginn Jr.,WR,BE,False,5.8,6.53,False
7,False,11,Dez (Bryant) Nuts,3925347,Damien Harris,RB,BE,False,1.2,0.0,False
7,False,11,Dez (Bryant) Nuts,3115394,DJ Chark Jr.,WR,WR,True,8.8,11.89,False
7,False,11,Dez (Bryant) Nuts,-16029,Panthers D/ST,D/ST,BE,False,0.0,0.0,True
7,False,11,Dez (Bryant) Nuts,-16009,Packers D/ST,D/ST,D/ST,True,-3.0,6.48,False
7,False,6,"Dude, Where's  My Lamar",16733,Odell Beckham Jr.,WR,BE,False,0.0,0.0,True
7,False,6,"Dude, Where's  My Lamar",3116406,Tyreek Hill,WR,WR,True,14.9,14.7,False
7,False,6,"Dude, Where's  My Lamar",3040151,George Kittle,TE,TE,True,5.3,11.7,False
7,False,6,"Dude, Where's  My Lamar",2576434,Melvin Gordon,RB,RB,True,7.9,12.66,False
7,False,6,"Dude, Where's  My Lamar",3915416,DJ Moore,WR,BE,False,0.0,0.0,True
7,False,6,"Dude, Where's  My Lamar",11237,Matt Ryan,QB,BE,False,3.56,21.44,False
7,False,6,"Dude, Where's  My Lamar",3892889,Dede Westbrook,WR,WR,True,14.7,9.86,False
7,False,6,"Dude, Where's  My Lamar",15072,Marvin Jones Jr.,WR,BE,False,38.3,9.43,False
7,False,6,"Dude, Where's  My Lamar",2969962,Duke Johnson,RB,RB,True,7.6,6.81,False
7,False,6,"Dude, Where's  My Lamar",12514,LeSean McCoy,RB,BE,False,8.6,10.43,False
7,False,6,"Dude, Where's  My Lamar",3916387,Lamar Jackson,QB,QB,True,23.32,22.11,False
7,False,6,"Dude, Where's  My Lamar",16486,Brett Maher,K,K,True,15.0,7.32,False
7,False,6,"Dude, Where's  My Lamar",8479,Frank Gore,RB,RB/WR/TE,True,7.1,12.19,False
7,False,6,"Dude, Where's  My Lamar",-16020,Jets D/ST,D/ST,BE,False,1.0,2.11,False
7,False,6,"Dude, Where's  My Lamar",-16026,Seahawks D/ST,D/ST,D/ST,True,1.0,6.79,False
7,False,6,"Dude, Where's  My Lamar",3052896,Jaylon Smith,LB,DP,True,9.0,8.91,False
7,False,13,Fuck Luck,2508176,David Johnson,RB,RB,True,0.2,16.56,False
7,False,13,Fuck Luck,3116593,Dalvin Cook,RB,RB,True,27.4,18.35,False
7,False,13,Fuck Luck,2976499,Amari Cooper,WR,RB/WR/TE,True,13.1,13.42,False
7,False,13,Fuck Luck,15835,Zach Ertz,TE,TE,True,4.8,11.42,False
7,False,13,Fuck Luck,2577327,Tyler Lockett,WR,WR,True,14.3,11.73,False
7,False,13,Fuck Luck,3052876,Will Fuller V,WR,WR,True,1.1,11.38,False
7,False,13,Fuck Luck,3139925,Rashaad Penny,RB,BE,False,0.0,6.47,False
7,False,13,Fuck Luck,14881,Russell Wilson,QB,QB,True,14.34,21.88,False
7,False,13,Fuck Luck,2976545,Deion Jones,LB,BE,False,11.0,9.43,False
7,False,13,Fuck Luck,-16016,Vikings D/ST,D/ST,D/ST,True,0.0,5.24,False
7,False,13,Fuck Luck,16016,Kenny Stills,WR,BE,False,12.5,6.17,False
7,False,13,Fuck Luck,3119195,Chase Edmonds,RB,BE,False,34.0,5.53,False
7,False,13,Fuck Luck,3912550,Ronald Jones II,RB,BE,False,0.0,0.0,True
7,False,13,Fuck Luck,4048244,Alexander Mattison,RB,BE,False,1.8,4.67,False
7,False,13,Fuck Luck,3056362,Darius Leonard,LB,DP,True,12.0,10.94,False
7,False,13,Fuck Luck,9354,Robbie Gould,K,K,True,8.0,8.77,False
7,False,13,Fuck Luck,14053,Randall Cobb,WR,BE,False,3.9,8.16,False
7,False,5,Remember the Fucking Titans,3054850,Alvin Kamara,RB,BE,False,0.0,0.0,False
7,False,5,Remember the Fucking Titans,3139477,Patrick Mahomes,QB,QB,True,7.24,21.07,False
7,False,5,Remember the Fucking Titans,16460,Adam Thielen,WR,WR,True,9.0,12.12,False
7,False,5,Remember the Fucking Titans,3052117,Phillip Lindsay,RB,RB,True,3.7,14.84,False
7,False,5,Remember the Fucking Titans,3925357,Calvin Ridley,WR,WR,True,5.0,11.12,False
7,False,5,Remember the Fucking Titans,3043275,Austin Hooper,TE,TE,True,12.6,12.68,False
7,False,5,Remember the Fucking Titans,-16003,Bears D/ST,D/ST,D/ST,True,1.0,9.91,False
7,False,5,Remember the Fucking Titans,11283,DeSean Jackson,WR,BE,False,0.0,0.0,False
7,False,5,Remember the Fucking Titans,14938,Luke Kuechly,LB,BE,False,0.0,0.0,True
7,False,5,Remember the Fucking Titans,10475,Greg Olsen,TE,BE,False,0.0,0.0,True
7,False,5,Remember the Fucking Titans,4241372,Marquise Brown,WR,BE,False,0.0,0.0,False
7,False,5,Remember the Fucking Titans,15971,Rex Burkhead,RB,BE,False,0.0,0.0,False
7,False,5,Remember the Fucking Titans,2998120,Josh Lambo,K,K,True,13.0,8.68,False
7,False,5,Remember the Fucking Titans,15349,Cole Beasley,WR,BE,False,9.1,7.81,False
7,False,5,Remember the Fucking Titans,3921564,Auden Tate,WR,RB/WR/TE,True,8.0,8.99,False
7,False,5,Remember the Fucking Titans,3040180,De'Vondre Campbell,LB,DP,True,6.0,9.5,False
7,False,5,Remember the Fucking Titans,15826,Giovani Bernard,RB,RB,True,1.4,5.64,False
7,False,12,Rule  #76,3128720,Nick Chubb,RB,BE,False,0.0,0.0,True
7,False,12,Rule  #76,13982,Julio Jones,WR,WR,True,12.3,15.78,False
7,False,12,Rule  #76,4035538,David Montgomery,RB,RB,True,1.9,11.57,False
7,False,12,Rule  #76,3139605,Marlon Mack,RB,RB,True,7.1,13.65,False
7,False,12,Rule  #76,16790,Jarvis Landry,WR,BE,False,0.0,0.0,True
7,False,12,Rule  #76,13983,A.J. Green,WR,BE,False,0.0,0.0,False
7,False,12,Rule  #76,2573079,Carson Wentz,QB,QB,True,6.84,18.35,False
7,False,12,Rule  #76,2587819,Tyrell Williams,WR,BE,False,0.0,0.0,False
7,False,12,Rule  #76,15683,Justin Tucker,K,K,True,12.0,7.2,False
7,False,12,Rule  #76,-16002,Bills D/ST,D/ST,D/ST,True,10.0,10.35,False
7,False,12,Rule  #76,2978304,Cory Littleton,LB,DP,True,7.0,9.62,False
7,False,12,Rule  #76,2576925,Darren Waller,TE,TE,True,28.1,11.45,False
7,False,12,Rule  #76,3932905,Diontae Johnson,WR,BE,False,0.0,0.0,True
7,False,12,Rule  #76,-16023,Steelers D/ST,D/ST,BE,False,0.0,0.0,True
7,False,12,Rule  #76,11122,Matt Prater,K,BE,False,7.0,9.14,False
7,False,12,Rule  #76,3043116,Demarcus Robinson,WR,RB/WR/TE,True,4.6,7.28,False
7,False,12,Rule  #76,2579604,Phillip Dorsett II,WR,WR,True,12.1,9.66,False
7,False,8,SCLSU Mud Dogs,15795,DeAndre Hopkins,WR,WR,True,21.1,12.95,False
7,False,8,SCLSU Mud Dogs,15847,Travis Kelce,TE,TE,True,7.4,13.36,False
7,False,8,SCLSU Mud Dogs,3042519,Aaron Jones,RB,RB,True,16.3,16.23,False
7,False,8,SCLSU Mud Dogs,16731,Brandin Cooks,WR,WR,True,7.9,9.79,False
7,False,8,SCLSU Mud Dogs,3122840,Deshaun Watson,QB,QB,True,15.52,20.95,False
7,False,8,SCLSU Mud Dogs,3128721,Sony Michel,RB,RB/WR/TE,True,21.9,10.23,False
7,False,8,SCLSU Mud Dogs,3895856,Christian Kirk,WR,BE,False,0.0,0.0,False
7,False,8,SCLSU Mud Dogs,15920,Latavius Murray,RB,BE,False,29.5,9.99,False
7,False,8,SCLSU Mud Dogs,3122672,Royce Freeman,RB,BE,False,14.7,10.94,False
7,False,8,SCLSU Mud Dogs,3049916,Matt Breida,RB,RB,True,4.1,10.35,False
7,False,8,SCLSU Mud Dogs,3051738,Marquez Valdes-Scantling,WR,BE,False,20.3,8.74,False
7,False,8,SCLSU Mud Dogs,14198,Dion Lewis,RB,BE,False,0.2,5.34,False
7,False,8,SCLSU Mud Dogs,14993,Greg Zuerlein,K,K,True,14.0,9.07,False
7,False,8,SCLSU Mud Dogs,-16024,Chargers D/ST,D/ST,D/ST,True,1.0,6.82,False
7,False,8,SCLSU Mud Dogs,3915189,Roquan Smith,LB,DP,True,7.0,8.86,False
7,False,8,SCLSU Mud Dogs,3918298,Josh Allen,QB,BE,False,21.28,21.72,False
7,False,8,SCLSU Mud Dogs,4036261,Devin Bush,LB,BE,False,0.0,0.0,True
7,False,3,Jim Ward's Ole Dick Necks,15825,Le'Veon Bell,RB,RB,True,8.1,15.57,False
7,False,3,Jim Ward's Ole Dick Necks,2976316,Michael Thomas,WR,WR,True,17.6,16.48,False
7,False,3,Jim Ward's Ole Dick Necks,2976212,Stefon Diggs,WR,BE,False,17.8,10.58,False
7,False,3,Jim Ward's Ole Dick Necks,3043078,Derrick Henry,RB,RB,True,17.3,15.4,False
7,False,3,Jim Ward's Ole Dick Necks,2976592,Sterling Shepard,WR,BE,False,0.0,0.0,False
7,False,3,Jim Ward's Ole Dick Necks,3128429,Courtland Sutton,WR,WR,True,11.7,12.01,False
7,False,3,Jim Ward's Ole Dick Necks,3059915,Kareem Hunt,RB,BE,False,0.0,0.0,True
7,False,3,Jim Ward's Ole Dick Necks,2330,Tom Brady,QB,BE,False,11.96,17.52,False
7,False,3,Jim Ward's Ole Dick Necks,3917315,Kyler Murray,QB,QB,True,6.96,19.86,False
7,False,3,Jim Ward's Ole Dick Necks,3123050,Chris Herndon,TE,BE,False,0.0,0.0,False
7,False,3,Jim Ward's Ole Dick Necks,3055899,Harrison Butker,K,K,True,12.0,8.3,False
7,False,3,Jim Ward's Ole Dick Necks,-16018,Saints D/ST,D/ST,D/ST,True,12.0,7.14,False
7,False,3,Jim Ward's Ole Dick Necks,16804,John Brown,WR,BE,False,16.8,9.71,False
7,False,3,Jim Ward's Ole Dick Necks,2514270,Jordan Hicks,LB,DP,True,9.0,9.86,False
7,False,3,Jim Ward's Ole Dick Necks,16777,Carlos Hyde,RB,RB/WR/TE,True,3.5,11.06,False
7,False,3,Jim Ward's Ole Dick Necks,13232,Jimmy Graham,TE,TE,True,14.5,6.98,False
7,False,3,Jim Ward's Ole Dick Necks,13229,Rob Gronkowski,TE,BE,False,0.0,0.0,True
7,False,1,Below Average Joes,16800,Davante Adams,WR,BE,False,0.0,0.0,False
7,False,1,Below Average Joes,3116385,Joe Mixon,RB,RB,True,6.9,12.5,False
7,False,1,Below Average Joes,17359,Damien Williams,RB,RB/WR/TE,True,1.6,7.55,False
7,False,1,Below Average Joes,15880,Robert Woods,WR,WR,True,11.1,11.17,False
7,False,1,Below Average Joes,3045138,Mike Williams,WR,BE,False,6.7,9.59,False
7,False,1,Below Average Joes,3046439,Hunter Henry,TE,TE,True,12.7,9.17,False
7,False,1,Below Average Joes,3066158,Tarik Cohen,RB,BE,False,7.4,9.14,False
7,False,1,Below Average Joes,3068267,Austin Ekeler,RB,RB,True,22.0,10.8,False
7,False,1,Below Average Joes,3046779,Jared Goff,QB,QB,True,25.02,17.54,False
7,False,1,Below Average Joes,13217,Golden Tate,WR,WR,True,11.0,9.48,False
7,False,1,Below Average Joes,14979,Bobby Wagner,LB,DP,True,15.0,11.0,False
7,False,1,Below Average Joes,14880,Kirk Cousins,QB,BE,False,29.22,14.43,False
7,False,1,Below Average Joes,2980453,Jamaal Williams,RB,BE,False,12.1,9.27,False
7,False,1,Below Average Joes,2570986,Malcolm Brown,RB,BE,False,0.0,0.0,False
7,False,1,Below Average Joes,-16030,Jaguars D/ST,D/ST,D/ST,True,19.0,6.65,False
7,False,1,Below Average Joes,3043234,Zane Gonzalez,K,K,True,10.0,8.29,False
7,False,1,Below Average Joes,3128390,Allen Lazard,WR,BE,False,5.7,2.99,False
7,False,2,Rodger  That,2977644,Todd Gurley II,RB,RB,True,11.9,16.75,False
7,False,2,Rodger  That,3120348,JuJu Smith-Schuster,WR,BE,False,0.0,0.0,True
7,False,2,Rodger  That,8439,Aaron Rodgers,QB,QB,True,43.76,18.9,False
7,False,2,Rodger  That,13981,Mark Ingram II,RB,RB,True,5.8,12.31,False
7,False,2,Rodger  That,3045144,Tyler Boyd,WR,WR,True,7.0,11.45,False
7,False,2,Rodger  That,3051876,Evan Engram,TE,TE,True,1.1,12.63,False
7,False,2,Rodger  That,16725,Sammy Watkins,WR,BE,False,0.0,0.0,False
7,False,2,Rodger  That,3060022,Jordan Howard,RB,RB/WR/TE,True,6.6,11.26,False
7,False,2,Rodger  That,2576716,Jamison Crowder,WR,BE,False,5.6,8.68,False
7,False,2,Rodger  That,10452,Adrian Peterson,RB,BE,False,6.1,9.49,False
7,False,2,Rodger  That,3122449,James Washington,WR,BE,False,0.0,0.0,True
7,False,2,Rodger  That,2978273,Blake Martinez,LB,DP,True,18.0,9.59,False
7,False,2,Rodger  That,4047650,DK Metcalf,WR,BE,False,5.3,8.04,False
7,False,2,Rodger  That,3121422,Terry McLaurin,WR,WR,True,1.6,10.33,False
7,False,2,Rodger  That,3918639,Gerald Everett,TE,BE,False,13.0,7.56,False
7,False,2,Rodger  That,-16025,49ers D/ST,D/ST,D/ST,True,13.0,8.65,False
7,False,2,Rodger  That,16339,Brandon McManus,K,K,True,-1.0,8.36,False
7,False,9,Tonie's Tigers,3045147,James Conner,RB,BE,False,0.0,0.0,True
7,False,9,Tonie's Tigers,16737,Mike Evans,WR,BE,False,0.0,0.0,True
7,False,9,Tonie's Tigers,3919596,Chris Carson,RB,RB,True,8.9,16.64,False
7,False,9,Tonie's Tigers,14924,T.Y. Hilton,WR,WR,True,16.4,12.15,False
7,False,9,Tonie's Tigers,2574808,Robby Anderson,WR,RB/WR/TE,True,1.5,6.85,False
7,False,9,Tonie's Tigers,2580,Drew Brees,QB,BE,False,0.0,0.0,False
7,False,9,Tonie's Tigers,3051902,Peyton Barber,RB,BE,False,0.0,0.0,True
7,False,9,Tonie's Tigers,5528,Larry Fitzgerald,WR,WR,True,1.7,11.24,False
7,False,9,Tonie's Tigers,-16014,Rams D/ST,D/ST,D/ST,True,22.0,5.27,False
7,False,9,Tonie's Tigers,16757,Derek Carr,QB,BE,False,15.72,13.64,False
7,False,9,Tonie's Tigers,3050478,Jake Elliott,K,K,True,4.0,7.09,False
7,False,9,Tonie's Tigers,2972091,Jalen Richard,RB,BE,False,1.2,3.54,False
7,False,9,Tonie's Tigers,15839,Marquise Goodwin,WR,BE,False,0.0,6.32,False
7,False,9,Tonie's Tigers,3917792,Daniel Jones,QB,QB,True,11.42,17.6,False
7,False,9,Tonie's Tigers,15773,Darren Fells,TE,TE,True,3.7,4.65,False
7,False,9,Tonie's Tigers,2976541,Kwon Alexander,LB,DP,True,7.0,7.75,False
7,False,9,Tonie's Tigers,3917846,Mark Walton,RB,RB,True,6.3,4.97,False
8,False,6,"Dude, Where's  My Lamar",16733,Odell Beckham Jr.,WR,RB/WR/TE,True,7.7,10.76,False
8,False,6,"Dude, Where's  My Lamar",3116406,Tyreek Hill,WR,WR,True,11.1,12.53,False
8,False,6,"Dude, Where's  My Lamar",3040151,George Kittle,TE,TE,True,12.6,11.62,False
8,False,6,"Dude, Where's  My Lamar",2576434,Melvin Gordon,RB,RB,True,11.4,12.08,False
8,False,6,"Dude, Where's  My Lamar",3915416,DJ Moore,WR,BE,False,7.3,10.01,False
8,False,6,"Dude, Where's  My Lamar",11237,Matt Ryan,QB,BE,False,0.0,0.0,False
8,False,6,"Dude, Where's  My Lamar",3892889,Dede Westbrook,WR,BE,False,1.0,9.8,False
8,False,6,"Dude, Where's  My Lamar",15072,Marvin Jones Jr.,WR,WR,True,5.2,11.34,False
8,False,6,"Dude, Where's  My Lamar",2969962,Duke Johnson,RB,BE,False,11.4,9.1,False
8,False,6,"Dude, Where's  My Lamar",12514,LeSean McCoy,RB,RB,True,6.3,10.99,False
8,False,6,"Dude, Where's  My Lamar",3916387,Lamar Jackson,QB,BE,False,0.0,0.0,True
8,False,6,"Dude, Where's  My Lamar",8479,Frank Gore,RB,BE,False,3.4,9.45,False
8,False,6,"Dude, Where's  My Lamar",4249087,Matt Gay,K,K,True,10.0,8.53,False
8,False,6,"Dude, Where's  My Lamar",2977819,Joe Schobert,LB,DP,True,11.0,10.86,False
8,False,6,"Dude, Where's  My Lamar",2969939,Jameis Winston,QB,QB,True,20.34,17.44,False
8,False,6,"Dude, Where's  My Lamar",-16011,Colts D/ST,D/ST,D/ST,True,8.0,9.3,False
8,False,4,The New Guy,3929630,Saquon Barkley,RB,RB,True,24.3,17.61,False
8,False,4,The New Guy,16944,Devonta Freeman,RB,RB,True,13.2,13.45,False
8,False,4,The New Guy,15818,Keenan Allen,WR,BE,False,8.8,8.72,False
8,False,4,The New Guy,2977187,Cooper Kupp,WR,WR,True,31.5,11.93,False
8,False,4,The New Guy,2974858,Kenny Golladay,WR,WR,True,26.3,13.0,False
8,False,4,The New Guy,2979843,Kenyan Drake,RB,BE,False,0.0,0.0,False
8,False,4,The New Guy,3052587,Baker Mayfield,QB,BE,False,12.56,11.7,False
8,False,4,The New Guy,3915823,Keke Coutee,WR,RB/WR/TE,True,0.0,7.98,False
8,False,4,The New Guy,16732,Eric Ebron,TE,BE,False,4.1,5.26,False
8,False,4,The New Guy,16716,Aaron Donald,DT,BE,False,5.0,5.38,False
8,False,4,The New Guy,2985659,Wil Lutz,K,K,True,6.0,9.02,False
8,False,4,The New Guy,4040761,Devin Singletary,RB,BE,False,12.9,7.73,False
8,False,4,The New Guy,15966,Chris Thompson,RB,BE,False,0.0,0.0,False
8,False,4,The New Guy,-16010,Titans D/ST,D/ST,D/ST,True,10.0,7.44,False
8,False,4,The New Guy,4036133,T.J. Hockenson,TE,TE,True,2.6,6.81,False
8,False,4,The New Guy,12483,Matthew Stafford,QB,QB,True,23.38,19.44,False
8,False,4,The New Guy,17497,Todd Davis,LB,DP,True,6.0,9.18,False
8,False,5,Remember the Fucking Titans,3054850,Alvin Kamara,RB,BE,False,0.0,0.0,False
8,False,5,Remember the Fucking Titans,3139477,Patrick Mahomes,QB,BE,False,0.0,0.0,False
8,False,5,Remember the Fucking Titans,16460,Adam Thielen,WR,BE,False,0.0,0.0,False
8,False,5,Remember the Fucking Titans,3052117,Phillip Lindsay,RB,RB,True,10.1,11.65,False
8,False,5,Remember the Fucking Titans,3925357,Calvin Ridley,WR,WR,True,11.0,8.77,False
8,False,5,Remember the Fucking Titans,3043275,Austin Hooper,TE,TE,True,16.5,10.17,False
8,False,5,Remember the Fucking Titans,-16003,Bears D/ST,D/ST,D/ST,True,6.0,6.31,False
8,False,5,Remember the Fucking Titans,11283,DeSean Jackson,WR,BE,False,0.0,0.0,False
8,False,5,Remember the Fucking Titans,14938,Luke Kuechly,LB,DP,True,12.0,10.37,False
8,False,5,Remember the Fucking Titans,10475,Greg Olsen,TE,BE,False,2.3,7.42,False
8,False,5,Remember the Fucking Titans,4241372,Marquise Brown,WR,BE,False,0.0,0.0,True
8,False,5,Remember the Fucking Titans,15971,Rex Burkhead,RB,RB,True,2.8,9.17,False
8,False,5,Remember the Fucking Titans,2998120,Josh Lambo,K,K,True,12.0,9.43,False
8,False,5,Remember the Fucking Titans,3921564,Auden Tate,WR,RB/WR/TE,True,9.0,8.18,False
8,False,5,Remember the Fucking Titans,16728,Teddy Bridgewater,QB,BE,False,-0.2,0.14,False
8,False,5,Remember the Fucking Titans,4047646,A.J. Brown,WR,WR,True,8.1,8.57,False
8,False,5,Remember the Fucking Titans,3116407,Mason Rudolph,QB,QB,True,16.04,16.4,False
8,False,11,Dez (Bryant) Nuts,3051392,Ezekiel Elliott,RB,BE,False,0.0,0.0,True
8,False,11,Dez (Bryant) Nuts,4047365,Josh Jacobs,RB,RB,True,9.1,13.49,False
8,False,11,Dez (Bryant) Nuts,12649,Julian Edelman,WR,WR,True,23.5,12.28,False
8,False,11,Dez (Bryant) Nuts,16913,James White,RB,RB,True,9.9,11.16,False
8,False,11,Dez (Bryant) Nuts,12537,Jared Cook,TE,TE,True,0.0,0.0,False
8,False,11,Dez (Bryant) Nuts,16799,Allen Robinson II,WR,RB/WR/TE,True,8.7,10.79,False
8,False,11,Dez (Bryant) Nuts,2577417,Dak Prescott,QB,BE,False,0.0,0.0,True
8,False,11,Dez (Bryant) Nuts,13295,Emmanuel Sanders,WR,BE,False,10.5,9.25,False
8,False,11,Dez (Bryant) Nuts,3138677,Leighton Vander Esch,LB,BE,False,0.0,0.0,True
8,False,11,Dez (Bryant) Nuts,3116365,Mark Andrews,TE,BE,False,0.0,0.0,True
8,False,11,Dez (Bryant) Nuts,2971573,Ka'imi Fairbairn,K,K,True,10.0,7.33,False
8,False,11,Dez (Bryant) Nuts,10453,Ted Ginn Jr.,WR,BE,False,5.2,7.83,False
8,False,11,Dez (Bryant) Nuts,3115394,DJ Chark Jr.,WR,WR,True,16.9,10.69,False
8,False,11,Dez (Bryant) Nuts,-16029,Panthers D/ST,D/ST,BE,False,1.0,6.02,False
8,False,11,Dez (Bryant) Nuts,-16009,Packers D/ST,D/ST,D/ST,True,4.0,5.75,False
8,False,11,Dez (Bryant) Nuts,14012,Andy Dalton,QB,QB,True,17.66,14.48,False
8,False,11,Dez (Bryant) Nuts,3040180,De'Vondre Campbell,LB,DP,True,7.0,9.37,False
8,False,8,SCLSU Mud Dogs,15795,DeAndre Hopkins,WR,WR,True,16.4,14.48,False
8,False,8,SCLSU Mud Dogs,15847,Travis Kelce,TE,TE,True,14.3,10.58,False
8,False,8,SCLSU Mud Dogs,3042519,Aaron Jones,RB,RB/WR/TE,True,38.1,15.64,False
8,False,8,SCLSU Mud Dogs,16731,Brandin Cooks,WR,WR,True,0.0,10.12,False
8,False,8,SCLSU Mud Dogs,3122840,Deshaun Watson,QB,QB,True,27.76,22.33,False
8,False,8,SCLSU Mud Dogs,3128721,Sony Michel,RB,RB,True,7.4,13.35,False
8,False,8,SCLSU Mud Dogs,3895856,Christian Kirk,WR,BE,False,13.8,9.24,False
8,False,8,SCLSU Mud Dogs,15920,Latavius Murray,RB,RB,True,32.2,17.52,False
8,False,8,SCLSU Mud Dogs,3122672,Royce Freeman,RB,BE,False,11.0,10.32,False
8,False,8,SCLSU Mud Dogs,3049916,Matt Breida,RB,BE,False,5.5,9.74,False
8,False,8,SCLSU Mud Dogs,3051738,Marquez Valdes-Scantling,WR,BE,False,0.9,8.42,False
8,False,8,SCLSU Mud Dogs,14198,Dion Lewis,RB,BE,False,0.7,4.96,False
8,False,8,SCLSU Mud Dogs,14993,Greg Zuerlein,K,K,True,6.0,9.65,False
8,False,8,SCLSU Mud Dogs,-16024,Chargers D/ST,D/ST,D/ST,True,8.0,5.52,False
8,False,8,SCLSU Mud Dogs,3915189,Roquan Smith,LB,DP,True,7.0,8.8,False
8,False,8,SCLSU Mud Dogs,3918298,Josh Allen,QB,BE,False,18.26,20.21,False
8,False,8,SCLSU Mud Dogs,4036261,Devin Bush,LB,BE,False,7.0,8.49,False
8,False,13,Fuck Luck,2508176,David Johnson,RB,BE,False,0.0,0.0,False
8,False,13,Fuck Luck,3116593,Dalvin Cook,RB,RB,True,25.6,21.75,False
8,False,13,Fuck Luck,2976499,Amari Cooper,WR,BE,False,0.0,0.0,True
8,False,13,Fuck Luck,15835,Zach Ertz,TE,TE,True,3.0,9.98,False
8,False,13,Fuck Luck,2577327,Tyler Lockett,WR,WR,True,13.0,12.02,False
8,False,13,Fuck Luck,3052876,Will Fuller V,WR,BE,False,0.0,0.0,False
8,False,13,Fuck Luck,3139925,Rashaad Penny,RB,BE,False,5.5,6.05,False
8,False,13,Fuck Luck,14881,Russell Wilson,QB,QB,True,15.68,22.14,False
8,False,13,Fuck Luck,2976545,Deion Jones,LB,BE,False,4.0,9.4,False
8,False,13,Fuck Luck,-16016,Vikings D/ST,D/ST,D/ST,True,13.0,6.05,False
8,False,13,Fuck Luck,16016,Kenny Stills,WR,WR,True,3.7,10.25,False
8,False,13,Fuck Luck,3119195,Chase Edmonds,RB,RB,True,2.3,13.18,False
8,False,13,Fuck Luck,3912550,Ronald Jones II,RB,BE,False,5.7,7.23,False
8,False,13,Fuck Luck,4048244,Alexander Mattison,RB,BE,False,7.4,5.16,False
8,False,13,Fuck Luck,3056362,Darius Leonard,LB,DP,True,12.0,10.64,False
8,False,13,Fuck Luck,9354,Robbie Gould,K,K,True,9.0,9.83,False
8,False,13,Fuck Luck,3915411,Ty Johnson,RB,RB/WR/TE,True,5.3,11.71,False
8,False,1,Below Average Joes,16800,Davante Adams,WR,BE,False,0.0,0.0,False
8,False,1,Below Average Joes,3116385,Joe Mixon,RB,RB,True,15.7,11.66,False
8,False,1,Below Average Joes,17359,Damien Williams,RB,BE,False,9.0,7.46,False
8,False,1,Below Average Joes,15880,Robert Woods,WR,WR,True,5.2,9.76,False
8,False,1,Below Average Joes,3045138,Mike Williams,WR,BE,False,8.4,9.41,False
8,False,1,Below Average Joes,3046439,Hunter Henry,TE,TE,True,6.7,10.76,False
8,False,1,Below Average Joes,3066158,Tarik Cohen,RB,BE,False,6.1,9.64,False
8,False,1,Below Average Joes,3068267,Austin Ekeler,RB,RB,True,9.2,12.11,False
8,False,1,Below Average Joes,3046779,Jared Goff,QB,QB,True,22.88,16.6,False
8,False,1,Below Average Joes,13217,Golden Tate,WR,WR,True,12.5,10.52,False
8,False,1,Below Average Joes,14979,Bobby Wagner,LB,DP,True,10.0,10.07,False
8,False,1,Below Average Joes,14880,Kirk Cousins,QB,BE,False,11.6,16.03,False
8,False,1,Below Average Joes,2980453,Jamaal Williams,RB,RB/WR/TE,True,17.1,9.57,False
8,False,1,Below Average Joes,-16030,Jaguars D/ST,D/ST,D/ST,True,17.0,7.77,False
8,False,1,Below Average Joes,2572861,J.D. McKissic,RB,BE,False,1.6,7.24,False
8,False,1,Below Average Joes,14922,Mohamed Sanu Sr.,WR,BE,False,3.3,8.63,False
8,False,1,Below Average Joes,8461,Mike Nugent,K,K,True,7.0,8.13,False
8,False,12,Rule  #76,3128720,Nick Chubb,RB,RB/WR/TE,True,10.3,14.92,False
8,False,12,Rule  #76,13982,Julio Jones,WR,WR,True,20.2,13.16,False
8,False,12,Rule  #76,4035538,David Montgomery,RB,RB,True,22.7,10.58,False
8,False,12,Rule  #76,3139605,Marlon Mack,RB,RB,True,15.5,13.35,False
8,False,12,Rule  #76,16790,Jarvis Landry,WR,BE,False,9.0,9.2,False
8,False,12,Rule  #76,13983,A.J. Green,WR,BE,False,0.0,0.0,False
8,False,12,Rule  #76,2573079,Carson Wentz,QB,QB,True,14.38,14.83,False
8,False,12,Rule  #76,2587819,Tyrell Williams,WR,WR,True,16.6,11.45,False
8,False,12,Rule  #76,15683,Justin Tucker,K,BE,False,0.0,0.0,True
8,False,12,Rule  #76,-16002,Bills D/ST,D/ST,BE,False,3.0,7.25,False
8,False,12,Rule  #76,2978304,Cory Littleton,LB,DP,True,9.0,9.25,False
8,False,12,Rule  #76,2576925,Darren Waller,TE,TE,True,8.1,12.61,False
8,False,12,Rule  #76,3932905,Diontae Johnson,WR,BE,False,16.9,7.84,False
8,False,12,Rule  #76,-16023,Steelers D/ST,D/ST,D/ST,True,15.0,10.09,False
8,False,12,Rule  #76,11122,Matt Prater,K,K,True,8.0,9.33,False
8,False,12,Rule  #76,3116721,Jaylen Samuels,RB,BE,False,0.0,0.0,False
8,False,12,Rule  #76,5529,Philip Rivers,QB,BE,False,10.04,14.57,False
8,False,9,Tonie's Tigers,3045147,James Conner,RB,RB,True,22.5,17.52,False
8,False,9,Tonie's Tigers,16737,Mike Evans,WR,RB/WR/TE,True,37.3,13.07,False
8,False,9,Tonie's Tigers,3919596,Chris Carson,RB,RB,True,15.0,18.02,False
8,False,9,Tonie's Tigers,14924,T.Y. Hilton,WR,WR,True,6.4,11.33,False
8,False,9,Tonie's Tigers,2574808,Robby Anderson,WR,BE,False,8.3,8.91,False
8,False,9,Tonie's Tigers,2580,Drew Brees,QB,BE,False,24.92,18.97,False
8,False,9,Tonie's Tigers,3051902,Peyton Barber,RB,BE,False,3.3,7.05,False
8,False,9,Tonie's Tigers,5528,Larry Fitzgerald,WR,WR,True,1.8,10.29,False
8,False,9,Tonie's Tigers,-16014,Rams D/ST,D/ST,D/ST,True,5.0,8.17,False
8,False,9,Tonie's Tigers,16757,Derek Carr,QB,BE,False,23.4,15.55,False
8,False,9,Tonie's Tigers,3050478,Jake Elliott,K,K,True,5.0,5.51,False
8,False,9,Tonie's Tigers,2972091,Jalen Richard,RB,BE,False,3.7,3.71,False
8,False,9,Tonie's Tigers,15839,Marquise Goodwin,WR,BE,False,0.0,0.0,False
8,False,9,Tonie's Tigers,3917792,Daniel Jones,QB,QB,True,28.18,15.99,False
8,False,9,Tonie's Tigers,15773,Darren Fells,TE,TE,True,20.8,4.89,False
8,False,9,Tonie's Tigers,2976541,Kwon Alexander,LB,DP,True,4.0,8.68,False
8,False,9,Tonie's Tigers,3917846,Mark Walton,RB,BE,False,4.9,8.07,False
8,False,3,Jim Ward's Ole Dick Necks,15825,Le'Veon Bell,RB,RB,True,5.0,14.5,False
8,False,3,Jim Ward's Ole Dick Necks,2976316,Michael Thomas,WR,WR,True,21.8,18.26,False
8,False,3,Jim Ward's Ole Dick Necks,2976212,Stefon Diggs,WR,WR,True,15.8,12.16,False
8,False,3,Jim Ward's Ole Dick Necks,3043078,Derrick Henry,RB,RB,True,6.8,15.34,False
8,False,3,Jim Ward's Ole Dick Necks,2976592,Sterling Shepard,WR,BE,False,0.0,0.0,False
8,False,3,Jim Ward's Ole Dick Necks,3128429,Courtland Sutton,WR,BE,False,8.7,11.09,False
8,False,3,Jim Ward's Ole Dick Necks,3059915,Kareem Hunt,RB,BE,False,0.0,0.0,False
8,False,3,Jim Ward's Ole Dick Necks,2330,Tom Brady,QB,QB,True,18.36,17.5,False
8,False,3,Jim Ward's Ole Dick Necks,3917315,Kyler Murray,QB,BE,False,10.1,18.89,False
8,False,3,Jim Ward's Ole Dick Necks,3055899,Harrison Butker,K,K,True,5.0,6.19,False
8,False,3,Jim Ward's Ole Dick Necks,-16018,Saints D/ST,D/ST,D/ST,True,9.0,7.09,False
8,False,3,Jim Ward's Ole Dick Necks,16804,John Brown,WR,BE,False,7.9,11.01,False
8,False,3,Jim Ward's Ole Dick Necks,2514270,Jordan Hicks,LB,BE,False,10.0,9.73,False
8,False,3,Jim Ward's Ole Dick Necks,16777,Carlos Hyde,RB,RB/WR/TE,True,8.3,12.34,False
8,False,3,Jim Ward's Ole Dick Necks,13232,Jimmy Graham,TE,TE,True,3.5,7.77,False
8,False,3,Jim Ward's Ole Dick Necks,13229,Rob Gronkowski,TE,BE,False,0.0,0.0,True
8,False,3,Jim Ward's Ole Dick Necks,2978313,Shaq Thompson,LB,DP,True,4.0,9.04,False
8,False,10,High Noon,3117251,Christian McCaffrey,RB,RB,True,25.5,20.3,False
8,False,10,High Noon,3115364,Leonard Fournette,RB,RB,True,17.1,17.83,False
8,False,10,High Noon,14912,Alshon Jeffery,WR,BE,False,8.4,10.26,False
8,False,10,High Noon,3116165,Chris Godwin,WR,WR,True,9.3,14.58,False
8,False,10,High Noon,3121427,Curtis Samuel,WR,BE,False,7.6,9.19,False
8,False,10,High Noon,9761,Delanie Walker,TE,BE,False,0.0,0.0,False
8,False,10,High Noon,4036348,Michael Gallup,WR,BE,False,0.0,0.0,True
8,False,10,High Noon,-16017,Patriots D/ST,D/ST,D/ST,True,20.0,8.57,False
8,False,10,High Noon,2979477,Tevin Coleman,RB,RB/WR/TE,True,36.8,14.13,False
8,False,10,High Noon,2578570,Jacoby Brissett,QB,BE,False,10.48,15.51,False
8,False,10,High Noon,4045163,Miles Sanders,RB,BE,False,21.3,7.67,False
8,False,10,High Noon,4038524,Gardner Minshew II,QB,BE,False,23.96,16.38,False
8,False,10,High Noon,10636,Mason Crosby,K,K,True,7.0,6.88,False
8,False,10,High Noon,15074,Danny Trevathan,LB,DP,True,6.0,8.82,False
8,False,10,High Noon,15853,Vance McDonald,TE,TE,True,3.4,5.52,False
8,False,10,High Noon,3042778,Corey Davis,WR,WR,True,1.9,9.8,False
8,False,10,High Noon,14876,Ryan Tannehill,QB,QB,True,19.42,15.22,False
8,False,2,Rodger  That,2977644,Todd Gurley II,RB,RB,True,10.4,16.28,False
8,False,2,Rodger  That,3120348,JuJu Smith-Schuster,WR,RB/WR/TE,True,19.8,10.56,False
8,False,2,Rodger  That,8439,Aaron Rodgers,QB,QB,True,27.1,19.12,False
8,False,2,Rodger  That,13981,Mark Ingram II,RB,BE,False,0.0,0.0,True
8,False,2,Rodger  That,3045144,Tyler Boyd,WR,WR,True,9.8,11.46,False
8,False,2,Rodger  That,3051876,Evan Engram,TE,TE,True,12.0,10.9,False
8,False,2,Rodger  That,16725,Sammy Watkins,WR,BE,False,7.0,7.48,False
8,False,2,Rodger  That,3060022,Jordan Howard,RB,RB,True,17.6,9.87,False
8,False,2,Rodger  That,2576716,Jamison Crowder,WR,BE,False,4.9,8.89,False
8,False,2,Rodger  That,10452,Adrian Peterson,RB,BE,False,12.3,10.66,False
8,False,2,Rodger  That,3122449,James Washington,WR,BE,False,2.6,5.56,False
8,False,2,Rodger  That,2978273,Blake Martinez,LB,DP,True,7.0,10.25,False
8,False,2,Rodger  That,4047650,DK Metcalf,WR,BE,False,14.8,8.97,False
8,False,2,Rodger  That,3121422,Terry McLaurin,WR,WR,True,6.9,10.45,False
8,False,2,Rodger  That,3918639,Gerald Everett,TE,BE,False,2.5,8.33,False
8,False,2,Rodger  That,-16025,49ers D/ST,D/ST,D/ST,True,18.0,6.07,False
8,False,2,Rodger  That,16339,Brandon McManus,K,K,True,8.0,5.6,False
9,False,4,The New Guy,3929630,Saquon Barkley,RB,RB,True,12.5,17.09,False
9,False,4,The New Guy,16944,Devonta Freeman,RB,BE,False,0.0,0.0,True
9,False,4,The New Guy,15818,Keenan Allen,WR,WR,True,5.5,11.95,False
9,False,4,The New Guy,2977187,Cooper Kupp,WR,BE,False,0.0,0.0,True
9,False,4,The New Guy,2974858,Kenny Golladay,WR,WR,True,21.2,14.62,False
9,False,4,The New Guy,2979843,Kenyan Drake,RB,RB/WR/TE,True,26.2,11.74,False
9,False,4,The New Guy,3052587,Baker Mayfield,QB,BE,False,17.12,12.18,False
9,False,4,The New Guy,3915823,Keke Coutee,WR,BE,False,0.0,2.51,False
9,False,4,The New Guy,16732,Eric Ebron,TE,TE,True,2.6,6.86,False
9,False,4,The New Guy,16716,Aaron Donald,DT,BE,False,0.0,0.0,True
9,False,4,The New Guy,2985659,Wil Lutz,K,BE,False,0.0,0.0,True
9,False,4,The New Guy,4040761,Devin Singletary,RB,RB,True,21.5,8.09,False
9,False,4,The New Guy,-16010,Titans D/ST,D/ST,D/ST,True,5.0,6.67,False
9,False,4,The New Guy,4036133,T.J. Hockenson,TE,BE,False,7.1,7.5,False
9,False,4,The New Guy,12483,Matthew Stafford,QB,QB,True,24.84,20.62,False
9,False,4,The New Guy,17497,Todd Davis,LB,DP,True,10.0,8.32,False
9,False,4,The New Guy,3123052,Michael Badgley,K,K,True,15.0,8.26,False
9,False,5,Remember the Fucking Titans,3054850,Alvin Kamara,RB,BE,False,0.0,0.0,True
9,False,5,Remember the Fucking Titans,3139477,Patrick Mahomes,QB,BE,False,0.0,0.0,False
9,False,5,Remember the Fucking Titans,16460,Adam Thielen,WR,BE,False,0.0,12.13,False
9,False,5,Remember the Fucking Titans,3052117,Phillip Lindsay,RB,RB,True,15.2,13.49,False
9,False,5,Remember the Fucking Titans,3925357,Calvin Ridley,WR,BE,False,0.0,0.0,True
9,False,5,Remember the Fucking Titans,3043275,Austin Hooper,TE,BE,False,0.0,0.0,True
9,False,5,Remember the Fucking Titans,-16003,Bears D/ST,D/ST,D/ST,True,3.0,5.8,False
9,False,5,Remember the Fucking Titans,11283,DeSean Jackson,WR,BE,False,1.0,8.55,False
9,False,5,Remember the Fucking Titans,14938,Luke Kuechly,LB,DP,True,6.0,9.68,False
9,False,5,Remember the Fucking Titans,10475,Greg Olsen,TE,TE,True,5.5,6.72,False
9,False,5,Remember the Fucking Titans,4241372,Marquise Brown,WR,WR,True,6.3,7.94,False
9,False,5,Remember the Fucking Titans,2998120,Josh Lambo,K,K,True,3.0,9.05,False
9,False,5,Remember the Fucking Titans,3921564,Auden Tate,WR,BE,False,0.0,0.0,True
9,False,5,Remember the Fucking Titans,4047646,A.J. Brown,WR,WR,True,10.1,7.96,False
9,False,5,Remember the Fucking Titans,3116407,Mason Rudolph,QB,QB,True,11.14,14.85,False
9,False,5,Remember the Fucking Titans,11674,Danny Amendola,WR,RB/WR/TE,True,4.4,8.52,False
9,False,5,Remember the Fucking Titans,3128774,Kalen Ballage,RB,RB,True,1.9,5.33,False
9,False,11,Dez (Bryant) Nuts,3051392,Ezekiel Elliott,RB,RB,True,13.9,19.97,False
9,False,11,Dez (Bryant) Nuts,4047365,Josh Jacobs,RB,RB,True,24.0,16.55,False
9,False,11,Dez (Bryant) Nuts,12649,Julian Edelman,WR,WR,True,11.9,13.89,False
9,False,11,Dez (Bryant) Nuts,16913,James White,RB,BE,False,15.4,10.62,False
9,False,11,Dez (Bryant) Nuts,16799,Allen Robinson II,WR,RB/WR/TE,True,1.1,12.4,False
9,False,11,Dez (Bryant) Nuts,2577417,Dak Prescott,QB,QB,True,21.48,19.05,False
9,False,11,Dez (Bryant) Nuts,13295,Emmanuel Sanders,WR,BE,False,20.7,9.59,False
9,False,11,Dez (Bryant) Nuts,3138677,Leighton Vander Esch,LB,DP,True,0.0,0.0,False
9,False,11,Dez (Bryant) Nuts,3116365,Mark Andrews,TE,TE,True,3.1,10.98,False
9,False,11,Dez (Bryant) Nuts,2971573,Ka'imi Fairbairn,K,K,True,10.0,7.63,False
9,False,11,Dez (Bryant) Nuts,10453,Ted Ginn Jr.,WR,BE,False,0.0,0.0,True
9,False,11,Dez (Bryant) Nuts,3115394,DJ Chark Jr.,WR,WR,True,5.2,12.43,False
9,False,11,Dez (Bryant) Nuts,-16029,Panthers D/ST,D/ST,D/ST,True,7.0,7.63,False
9,False,11,Dez (Bryant) Nuts,-16009,Packers D/ST,D/ST,BE,False,-1.0,4.56,False
9,False,11,Dez (Bryant) Nuts,14012,Andy Dalton,QB,BE,False,0.0,0.0,True
9,False,11,Dez (Bryant) Nuts,3040180,De'Vondre Campbell,LB,BE,False,0.0,0.0,True
9,False,11,Dez (Bryant) Nuts,4527,Jason Witten,TE,BE,False,9.8,6.19,False
9,False,8,SCLSU Mud Dogs,15795,DeAndre Hopkins,WR,WR,True,15.4,15.46,False
9,False,8,SCLSU Mud Dogs,15847,Travis Kelce,TE,TE,True,9.7,10.88,False
9,False,8,SCLSU Mud Dogs,3042519,Aaron Jones,RB,RB,True,3.4,15.9,False
9,False,8,SCLSU Mud Dogs,16731,Brandin Cooks,WR,BE,False,0.0,0.0,True
9,False,8,SCLSU Mud Dogs,3122840,Deshaun Watson,QB,QB,True,19.74,21.05,False
9,False,8,SCLSU Mud Dogs,3128721,Sony Michel,RB,RB/WR/TE,True,3.5,9.86,False
9,False,8,SCLSU Mud Dogs,3895856,Christian Kirk,WR,WR,True,2.6,9.41,False
9,False,8,SCLSU Mud Dogs,15920,Latavius Murray,RB,BE,False,0.0,0.0,True
9,False,8,SCLSU Mud Dogs,3122672,Royce Freeman,RB,RB,True,1.9,11.06,False
9,False,8,SCLSU Mud Dogs,3049916,Matt Breida,RB,BE,False,10.2,9.78,False
9,False,8,SCLSU Mud Dogs,3051738,Marquez Valdes-Scantling,WR,BE,False,0.0,4.16,False
9,False,8,SCLSU Mud Dogs,14198,Dion Lewis,RB,BE,False,5.8,3.83,False
9,False,8,SCLSU Mud Dogs,14993,Greg Zuerlein,K,BE,False,0.0,0.0,True
9,False,8,SCLSU Mud Dogs,-16024,Chargers D/ST,D/ST,D/ST,True,9.0,4.19,False
9,False,8,SCLSU Mud Dogs,3915189,Roquan Smith,LB,DP,True,10.0,8.9,False
9,False,8,SCLSU Mud Dogs,3918298,Josh Allen,QB,BE,False,17.6,19.01,False
9,False,8,SCLSU Mud Dogs,2473037,Jason Myers,K,K,True,7.0,8.18,False
9,False,13,Fuck Luck,2508176,David Johnson,RB,BE,False,0.0,0.0,False
9,False,13,Fuck Luck,3116593,Dalvin Cook,RB,RB,True,13.6,20.65,False
9,False,13,Fuck Luck,2976499,Amari Cooper,WR,WR,True,16.0,12.6,False
9,False,13,Fuck Luck,15835,Zach Ertz,TE,TE,True,20.8,8.86,False
9,False,13,Fuck Luck,2577327,Tyler Lockett,WR,WR,True,33.7,13.14,False
9,False,13,Fuck Luck,3052876,Will Fuller V,WR,BE,False,0.0,0.0,False
9,False,13,Fuck Luck,3139925,Rashaad Penny,RB,BE,False,1.2,3.33,False
9,False,13,Fuck Luck,14881,Russell Wilson,QB,QB,True,39.22,22.99,False
9,False,13,Fuck Luck,-16016,Vikings D/ST,D/ST,D/ST,True,6.0,6.72,False
9,False,13,Fuck Luck,16016,Kenny Stills,WR,RB/WR/TE,True,7.2,9.07,False
9,False,13,Fuck Luck,3119195,Chase Edmonds,RB,BE,False,0.0,0.0,False
9,False,13,Fuck Luck,3912550,Ronald Jones II,RB,BE,False,15.2,7.43,False
9,False,13,Fuck Luck,4048244,Alexander Mattison,RB,BE,False,0.6,5.23,False
9,False,13,Fuck Luck,3056362,Darius Leonard,LB,DP,True,9.0,9.65,False
9,False,13,Fuck Luck,9354,Robbie Gould,K,K,True,4.0,8.15,False
9,False,13,Fuck Luck,3915411,Ty Johnson,RB,RB,True,5.1,10.28,False
9,False,13,Fuck Luck,15705,Josh Gordon,WR,BE,False,0.0,0.0,False
9,False,1,Below Average Joes,16800,Davante Adams,WR,WR,True,7.6,14.37,False
9,False,1,Below Average Joes,3116385,Joe Mixon,RB,BE,False,0.0,0.0,True
9,False,1,Below Average Joes,17359,Damien Williams,RB,BE,False,19.8,6.97,False
9,False,1,Below Average Joes,15880,Robert Woods,WR,BE,False,0.0,0.0,True
9,False,1,Below Average Joes,3045138,Mike Williams,WR,BE,False,12.8,9.5,False
9,False,1,Below Average Joes,3046439,Hunter Henry,TE,TE,True,11.9,11.36,False
9,False,1,Below Average Joes,3066158,Tarik Cohen,RB,RB,True,2.6,7.27,False
9,False,1,Below Average Joes,3068267,Austin Ekeler,RB,RB,True,11.3,11.4,False
9,False,1,Below Average Joes,3046779,Jared Goff,QB,BE,False,0.0,0.0,True
9,False,1,Below Average Joes,13217,Golden Tate,WR,WR,True,8.8,9.99,False
9,False,1,Below Average Joes,14979,Bobby Wagner,LB,DP,True,13.0,10.55,False
9,False,1,Below Average Joes,14880,Kirk Cousins,QB,QB,True,21.3,15.21,False
9,False,1,Below Average Joes,2980453,Jamaal Williams,RB,RB/WR/TE,True,13.9,8.57,False
9,False,1,Below Average Joes,2572861,J.D. McKissic,RB,BE,False,14.7,5.59,False
9,False,1,Below Average Joes,14922,Mohamed Sanu Sr.,WR,BE,False,19.1,8.46,False
9,False,1,Below Average Joes,-16026,Seahawks D/ST,D/ST,D/ST,True,0.0,7.82,False
9,False,1,Below Average Joes,17372,Chris Boswell,K,K,True,16.0,8.7,False
9,False,12,Rule  #76,3128720,Nick Chubb,RB,RB/WR/TE,True,11.1,17.13,False
9,False,12,Rule  #76,13982,Julio Jones,WR,BE,False,0.0,0.0,True
9,False,12,Rule  #76,4035538,David Montgomery,RB,BE,False,21.1,10.58,False
9,False,12,Rule  #76,3139605,Marlon Mack,RB,RB,True,8.9,12.45,False
9,False,12,Rule  #76,16790,Jarvis Landry,WR,WR,True,14.1,8.69,False
9,False,12,Rule  #76,13983,A.J. Green,WR,BE,False,0.0,0.0,True
9,False,12,Rule  #76,2573079,Carson Wentz,QB,QB,True,15.06,15.68,False
9,False,12,Rule  #76,2587819,Tyrell Williams,WR,WR,True,6.3,10.61,False
9,False,12,Rule  #76,15683,Justin Tucker,K,K,True,7.0,7.77,False
9,False,12,Rule  #76,-16002,Bills D/ST,D/ST,D/ST,True,9.0,11.78,False
9,False,12,Rule  #76,2978304,Cory Littleton,LB,BE,False,0.0,0.0,True
9,False,12,Rule  #76,2576925,Darren Waller,TE,TE,True,6.2,12.46,False
9,False,12,Rule  #76,3932905,Diontae Johnson,WR,BE,False,1.0,8.17,False
9,False,12,Rule  #76,3116721,Jaylen Samuels,RB,RB,True,12.8,15.39,False
9,False,12,Rule  #76,5529,Philip Rivers,QB,BE,False,11.76,15.68,False
9,False,12,Rule  #76,3929950,Tremaine Edmunds,LB,DP,True,8.0,7.4,False
9,False,12,Rule  #76,2578533,Chris Conley,WR,BE,False,5.2,9.21,False
9,False,9,Tonie's Tigers,3045147,James Conner,RB,BE,False,0.0,0.0,False
9,False,9,Tonie's Tigers,16737,Mike Evans,WR,WR,True,31.0,14.59,False
9,False,9,Tonie's Tigers,3919596,Chris Carson,RB,RB,True,12.3,16.21,False
9,False,9,Tonie's Tigers,14924,T.Y. Hilton,WR,BE,False,0.0,0.0,False
9,False,9,Tonie's Tigers,2574808,Robby Anderson,WR,WR,True,4.3,9.74,False
9,False,9,Tonie's Tigers,2580,Drew Brees,QB,BE,False,0.0,0.0,True
9,False,9,Tonie's Tigers,3051902,Peyton Barber,RB,RB/WR/TE,True,1.5,7.34,False
9,False,9,Tonie's Tigers,5528,Larry Fitzgerald,WR,BE,False,5.8,8.04,False
9,False,9,Tonie's Tigers,-16014,Rams D/ST,D/ST,BE,False,0.0,0.0,True
9,False,9,Tonie's Tigers,16757,Derek Carr,QB,BE,False,19.56,16.65,False
9,False,9,Tonie's Tigers,3050478,Jake Elliott,K,K,True,10.0,6.44,False
9,False,9,Tonie's Tigers,15839,Marquise Goodwin,WR,BE,False,0.0,0.0,False
9,False,9,Tonie's Tigers,3917792,Daniel Jones,QB,QB,True,11.8,15.52,False
9,False,9,Tonie's Tigers,15773,Darren Fells,TE,TE,True,6.6,6.04,False
9,False,9,Tonie's Tigers,2976541,Kwon Alexander,LB,DP,True,0.0,0.0,False
9,False,9,Tonie's Tigers,3917846,Mark Walton,RB,RB,True,5.6,10.75,False
9,False,9,Tonie's Tigers,-16028,Washington D/ST,D/ST,D/ST,True,4.0,6.9,False
9,False,3,Jim Ward's Ole Dick Necks,15825,Le'Veon Bell,RB,RB,True,16.1,16.1,False
9,False,3,Jim Ward's Ole Dick Necks,2976316,Michael Thomas,WR,BE,False,0.0,0.0,True
9,False,3,Jim Ward's Ole Dick Necks,2976212,Stefon Diggs,WR,WR,True,2.1,10.95,False
9,False,3,Jim Ward's Ole Dick Necks,3043078,Derrick Henry,RB,RB,True,23.4,14.46,False
9,False,3,Jim Ward's Ole Dick Necks,2976592,Sterling Shepard,WR,BE,False,0.0,0.0,False
9,False,3,Jim Ward's Ole Dick Necks,3128429,Courtland Sutton,WR,BE,False,14.8,9.87,False
9,False,3,Jim Ward's Ole Dick Necks,3059915,Kareem Hunt,RB,BE,False,0.0,0.0,False
9,False,3,Jim Ward's Ole Dick Necks,2330,Tom Brady,QB,QB,True,13.4,16.9,False
9,False,3,Jim Ward's Ole Dick Necks,3917315,Kyler Murray,QB,BE,False,23.04,15.64,False
9,False,3,Jim Ward's Ole Dick Necks,3055899,Harrison Butker,K,K,True,18.0,5.35,False
9,False,3,Jim Ward's Ole Dick Necks,-16018,Saints D/ST,D/ST,BE,False,0.0,0.0,True
9,False,3,Jim Ward's Ole Dick Necks,16804,John Brown,WR,WR,True,9.6,9.98,False
9,False,3,Jim Ward's Ole Dick Necks,2514270,Jordan Hicks,LB,DP,True,10.0,10.24,False
9,False,3,Jim Ward's Ole Dick Necks,16777,Carlos Hyde,RB,RB/WR/TE,True,14.0,11.04,False
9,False,3,Jim Ward's Ole Dick Necks,13232,Jimmy Graham,TE,TE,True,3.7,6.48,False
9,False,3,Jim Ward's Ole Dick Necks,13229,Rob Gronkowski,TE,BE,False,0.0,0.0,True
9,False,3,Jim Ward's Ole Dick Necks,-16006,Cowboys D/ST,D/ST,D/ST,True,19.0,8.51,False
9,False,10,High Noon,3117251,Christian McCaffrey,RB,RB,True,36.1,22.57,False
9,False,10,High Noon,3115364,Leonard Fournette,RB,RB,True,9.7,16.87,False
9,False,10,High Noon,14912,Alshon Jeffery,WR,BE,False,5.6,9.25,False
9,False,10,High Noon,3116165,Chris Godwin,WR,WR,True,10.4,15.17,False
9,False,10,High Noon,3121427,Curtis Samuel,WR,BE,False,14.9,9.73,False
9,False,10,High Noon,9761,Delanie Walker,TE,BE,False,0.0,0.0,False
9,False,10,High Noon,4036348,Michael Gallup,WR,WR,True,10.3,10.39,False
9,False,10,High Noon,-16017,Patriots D/ST,D/ST,D/ST,True,3.0,6.48,False
9,False,10,High Noon,2979477,Tevin Coleman,RB,RB/WR/TE,True,4.6,15.47,False
9,False,10,High Noon,2578570,Jacoby Brissett,QB,BE,False,2.76,16.76,False
9,False,10,High Noon,4045163,Miles Sanders,RB,BE,False,8.8,7.88,False
9,False,10,High Noon,4038524,Gardner Minshew II,QB,QB,True,7.76,18.09,False
9,False,10,High Noon,3123050,Chris Herndon,TE,BE,False,0.0,0.0,False
9,False,10,High Noon,16486,Brett Maher,K,K,True,15.0,6.81,False
9,False,10,High Noon,-16033,Ravens D/ST,D/ST,BE,False,12.0,5.14,False
9,False,10,High Noon,4036261,Devin Bush,LB,DP,True,7.0,9.02,False
9,False,10,High Noon,3054212,Jonnu Smith,TE,TE,True,3.3,6.14,False
9,False,2,Rodger  That,2977644,Todd Gurley II,RB,BE,False,0.0,0.0,True
9,False,2,Rodger  That,3120348,JuJu Smith-Schuster,WR,RB/WR/TE,True,3.1,9.98,False
9,False,2,Rodger  That,8439,Aaron Rodgers,QB,QB,True,12.94,19.3,False
9,False,2,Rodger  That,13981,Mark Ingram II,RB,RB,True,13.4,10.81,False
9,False,2,Rodger  That,3045144,Tyler Boyd,WR,BE,False,0.0,0.0,True
9,False,2,Rodger  That,3051876,Evan Engram,TE,TE,True,8.0,9.9,False
9,False,2,Rodger  That,16725,Sammy Watkins,WR,BE,False,9.8,8.15,False
9,False,2,Rodger  That,3060022,Jordan Howard,RB,RB,True,14.8,10.51,False
9,False,2,Rodger  That,2576716,Jamison Crowder,WR,BE,False,19.3,8.54,False
9,False,2,Rodger  That,10452,Adrian Peterson,RB,BE,False,13.5,10.57,False
9,False,2,Rodger  That,3122449,James Washington,WR,BE,False,8.9,4.19,False
9,False,2,Rodger  That,2978273,Blake Martinez,LB,DP,True,12.0,9.79,False
9,False,2,Rodger  That,4047650,DK Metcalf,WR,WR,True,24.0,10.21,False
9,False,2,Rodger  That,3121422,Terry McLaurin,WR,WR,True,5.9,8.99,False
9,False,2,Rodger  That,3918639,Gerald Everett,TE,BE,False,0.0,0.0,True
9,False,2,Rodger  That,-16025,49ers D/ST,D/ST,D/ST,True,2.0,8.08,False
9,False,2,Rodger  That,16339,Brandon McManus,K,K,True,7.0,7.25,False
9,False,6,"Dude, Where's  My Lamar",16733,Odell Beckham Jr.,WR,RB/WR/TE,True,10.7,10.66,False
9,False,6,"Dude, Where's  My Lamar",3116406,Tyreek Hill,WR,WR,True,23.5,12.19,False
9,False,6,"Dude, Where's  My Lamar",3040151,George Kittle,TE,TE,True,16.9,11.89,False
9,False,6,"Dude, Where's  My Lamar",2576434,Melvin Gordon,RB,RB,True,24.4,11.27,False
9,False,6,"Dude, Where's  My Lamar",3915416,DJ Moore,WR,BE,False,13.6,10.2,False
9,False,6,"Dude, Where's  My Lamar",11237,Matt Ryan,QB,BE,False,0.0,0.0,True
9,False,6,"Dude, Where's  My Lamar",3892889,Dede Westbrook,WR,BE,False,0.0,0.0,False
9,False,6,"Dude, Where's  My Lamar",15072,Marvin Jones Jr.,WR,WR,True,22.6,11.61,False
9,False,6,"Dude, Where's  My Lamar",2969962,Duke Johnson,RB,BE,False,16.6,8.75,False
9,False,6,"Dude, Where's  My Lamar",12514,LeSean McCoy,RB,RB,True,1.4,9.22,False
9,False,6,"Dude, Where's  My Lamar",3916387,Lamar Jackson,QB,BE,False,28.62,18.03,False
9,False,6,"Dude, Where's  My Lamar",8479,Frank Gore,RB,BE,False,1.5,9.42,False
9,False,6,"Dude, Where's  My Lamar",4249087,Matt Gay,K,K,True,11.0,8.55,False
9,False,6,"Dude, Where's  My Lamar",2977819,Joe Schobert,LB,DP,True,6.0,9.86,False
9,False,6,"Dude, Where's  My Lamar",2969939,Jameis Winston,QB,QB,True,20.2,19.12,False
9,False,6,"Dude, Where's  My Lamar",-16011,Colts D/ST,D/ST,D/ST,True,9.0,4.96,False
9,False,6,"Dude, Where's  My Lamar",-16023,Steelers D/ST,D/ST,BE,False,19.0,6.57,False
10,False,8,SCLSU Mud Dogs,15795,DeAndre Hopkins,WR,BE,False,0.0,0.0,True
10,False,8,SCLSU Mud Dogs,15847,Travis Kelce,TE,TE,True,17.0,14.22,False
10,False,8,SCLSU Mud Dogs,3042519,Aaron Jones,RB,RB,True,27.3,17.21,False
10,False,8,SCLSU Mud Dogs,16731,Brandin Cooks,WR,BE,False,0.0,0.0,False
10,False,8,SCLSU Mud Dogs,3122840,Deshaun Watson,QB,BE,False,0.0,0.0,True
10,False,8,SCLSU Mud Dogs,3128721,Sony Michel,RB,BE,False,0.0,0.0,True
10,False,8,SCLSU Mud Dogs,3895856,Christian Kirk,WR,WR,True,34.8,10.87,False
10,False,8,SCLSU Mud Dogs,15920,Latavius Murray,RB,RB,True,2.9,10.1,False
10,False,8,SCLSU Mud Dogs,3122672,Royce Freeman,RB,BE,False,0.0,0.0,True
10,False,8,SCLSU Mud Dogs,3049916,Matt Breida,RB,RB/WR/TE,True,3.5,10.14,False
10,False,8,SCLSU Mud Dogs,14993,Greg Zuerlein,K,K,True,3.0,9.03,False
10,False,8,SCLSU Mud Dogs,-16024,Chargers D/ST,D/ST,BE,False,5.0,4.32,False
10,False,8,SCLSU Mud Dogs,3915189,Roquan Smith,LB,DP,True,11.0,9.22,False
10,False,8,SCLSU Mud Dogs,3918298,Josh Allen,QB,QB,True,25.44,18.22,False
10,False,8,SCLSU Mud Dogs,3042778,Corey Davis,WR,BE,False,0.0,0.0,False
10,False,8,SCLSU Mud Dogs,-16005,Browns D/ST,D/ST,D/ST,True,2.0,7.04,False
10,False,8,SCLSU Mud Dogs,3115306,Josh Reynolds,WR,WR,True,6.4,7.55,False
10,False,4,The New Guy,3929630,Saquon Barkley,RB,RB,True,6.6,19.57,False
10,False,4,The New Guy,16944,Devonta Freeman,RB,BE,False,6.3,11.8,False
10,False,4,The New Guy,15818,Keenan Allen,WR,WR,True,13.6,13.02,False
10,False,4,The New Guy,2977187,Cooper Kupp,WR,RB/WR/TE,True,0.0,14.44,False
10,False,4,The New Guy,2974858,Kenny Golladay,WR,WR,True,13.2,10.89,False
10,False,4,The New Guy,2979843,Kenyan Drake,RB,BE,False,7.1,7.29,False
10,False,4,The New Guy,3052587,Baker Mayfield,QB,QB,True,17.62,12.54,False
10,False,4,The New Guy,3915823,Keke Coutee,WR,BE,False,0.0,0.0,True
10,False,4,The New Guy,16732,Eric Ebron,TE,BE,False,9.1,6.92,False
10,False,4,The New Guy,2985659,Wil Lutz,K,K,True,10.0,8.98,False
10,False,4,The New Guy,4040761,Devin Singletary,RB,RB,True,6.5,11.28,False
10,False,4,The New Guy,4036133,T.J. Hockenson,TE,TE,True,6.2,6.29,False
10,False,4,The New Guy,12483,Matthew Stafford,QB,BE,False,0.0,0.0,False
10,False,4,The New Guy,17497,Todd Davis,LB,BE,False,0.0,0.0,True
10,False,4,The New Guy,3123052,Michael Badgley,K,BE,False,6.0,8.68,False
10,False,4,The New Guy,14140,K.J. Wright,LB,DP,True,5.0,9.34,False
10,False,4,The New Guy,-16012,Chiefs D/ST,D/ST,D/ST,True,4.0,7.73,False
10,False,1,Below Average Joes,16800,Davante Adams,WR,WR,True,15.3,14.9,False
10,False,1,Below Average Joes,3116385,Joe Mixon,RB,RB,True,16.1,10.71,False
10,False,1,Below Average Joes,17359,Damien Williams,RB,BE,False,11.4,12.36,False
10,False,1,Below Average Joes,15880,Robert Woods,WR,WR,True,14.0,10.44,False
10,False,1,Below Average Joes,3045138,Mike Williams,WR,BE,False,7.5,10.16,False
10,False,1,Below Average Joes,3046439,Hunter Henry,TE,TE,True,12.0,13.57,False
10,False,1,Below Average Joes,3066158,Tarik Cohen,RB,BE,False,11.7,8.35,False
10,False,1,Below Average Joes,3068267,Austin Ekeler,RB,RB,True,11.8,11.66,False
10,False,1,Below Average Joes,3046779,Jared Goff,QB,BE,False,3.72,15.53,False
10,False,1,Below Average Joes,13217,Golden Tate,WR,RB/WR/TE,True,21.5,10.62,False
10,False,1,Below Average Joes,14979,Bobby Wagner,LB,DP,True,11.0,10.63,False
10,False,1,Below Average Joes,14880,Kirk Cousins,QB,BE,False,19.3,15.89,False
10,False,1,Below Average Joes,2980453,Jamaal Williams,RB,BE,False,6.3,9.74,False
10,False,1,Below Average Joes,14922,Mohamed Sanu Sr.,WR,BE,False,0.0,0.0,True
10,False,1,Below Average Joes,17372,Chris Boswell,K,K,True,5.0,8.52,False
10,False,1,Below Average Joes,-16019,Giants D/ST,D/ST,D/ST,True,3.0,6.27,False
10,False,1,Below Average Joes,11237,Matt Ryan,QB,QB,True,14.58,19.41,False
10,False,11,Dez (Bryant) Nuts,3051392,Ezekiel Elliott,RB,RB,True,7.3,18.15,False
10,False,11,Dez (Bryant) Nuts,4047365,Josh Jacobs,RB,RB,True,17.6,16.56,False
10,False,11,Dez (Bryant) Nuts,12649,Julian Edelman,WR,BE,False,0.0,0.0,True
10,False,11,Dez (Bryant) Nuts,16913,James White,RB,BE,False,0.0,0.0,True
10,False,11,Dez (Bryant) Nuts,16799,Allen Robinson II,WR,RB/WR/TE,True,11.6,10.5,False
10,False,11,Dez (Bryant) Nuts,2577417,Dak Prescott,QB,QB,True,25.88,17.69,False
10,False,11,Dez (Bryant) Nuts,13295,Emmanuel Sanders,WR,WR,True,3.4,10.51,False
10,False,11,Dez (Bryant) Nuts,3138677,Leighton Vander Esch,LB,BE,False,13.0,8.33,False
10,False,11,Dez (Bryant) Nuts,3116365,Mark Andrews,TE,TE,True,20.3,10.53,False
10,False,11,Dez (Bryant) Nuts,2971573,Ka'imi Fairbairn,K,BE,False,0.0,0.0,True
10,False,11,Dez (Bryant) Nuts,10453,Ted Ginn Jr.,WR,WR,True,0.5,7.4,False
10,False,11,Dez (Bryant) Nuts,3115394,DJ Chark Jr.,WR,BE,False,0.0,0.0,True
10,False,11,Dez (Bryant) Nuts,-16029,Panthers D/ST,D/ST,BE,False,1.0,4.36,False
10,False,11,Dez (Bryant) Nuts,-16009,Packers D/ST,D/ST,D/ST,True,5.0,6.01,False
10,False,11,Dez (Bryant) Nuts,3040180,De'Vondre Campbell,LB,DP,True,8.0,8.73,False
10,False,11,Dez (Bryant) Nuts,4527,Jason Witten,TE,BE,False,2.7,7.47,False
10,False,11,Dez (Bryant) Nuts,10636,Mason Crosby,K,K,True,7.0,7.8,False
10,False,9,Tonie's Tigers,3045147,James Conner,RB,BE,False,0.0,0.0,False
10,False,9,Tonie's Tigers,16737,Mike Evans,WR,WR,True,10.2,16.35,False
10,False,9,Tonie's Tigers,3919596,Chris Carson,RB,RB,True,17.6,13.14,False
10,False,9,Tonie's Tigers,14924,T.Y. Hilton,WR,BE,False,0.0,0.0,False
10,False,9,Tonie's Tigers,2574808,Robby Anderson,WR,RB/WR/TE,True,1.6,8.14,False
10,False,9,Tonie's Tigers,2580,Drew Brees,QB,QB,True,11.48,20.04,False
10,False,9,Tonie's Tigers,3051902,Peyton Barber,RB,RB,True,11.2,5.87,False
10,False,9,Tonie's Tigers,5528,Larry Fitzgerald,WR,WR,True,11.1,8.83,False
10,False,9,Tonie's Tigers,-16014,Rams D/ST,D/ST,D/ST,True,20.0,5.23,False
10,False,9,Tonie's Tigers,16757,Derek Carr,QB,BE,False,13.12,15.62,False
10,False,9,Tonie's Tigers,15839,Marquise Goodwin,WR,BE,False,0.0,3.77,False
10,False,9,Tonie's Tigers,15773,Darren Fells,TE,BE,False,0.0,0.0,True
10,False,9,Tonie's Tigers,3843750,Derrius Guice,RB,BE,False,0.0,0.0,True
10,False,9,Tonie's Tigers,16504,Jack Doyle,TE,TE,True,11.9,7.2,False
10,False,9,Tonie's Tigers,3124084,Joey Slye,K,K,True,6.0,8.9,False
10,False,9,Tonie's Tigers,15349,Cole Beasley,WR,BE,False,9.4,7.27,False
10,False,9,Tonie's Tigers,3052896,Jaylon Smith,LB,DP,True,13.0,9.04,False
10,False,13,Fuck Luck,2508176,David Johnson,RB,RB,True,0.5,14.17,False
10,False,13,Fuck Luck,3116593,Dalvin Cook,RB,RB/WR/TE,True,27.8,18.62,False
10,False,13,Fuck Luck,2976499,Amari Cooper,WR,WR,True,26.2,12.78,False
10,False,13,Fuck Luck,15835,Zach Ertz,TE,BE,False,0.0,0.0,True
10,False,13,Fuck Luck,2577327,Tyler Lockett,WR,WR,True,4.4,13.27,False
10,False,13,Fuck Luck,3052876,Will Fuller V,WR,BE,False,0.0,0.0,True
10,False,13,Fuck Luck,14881,Russell Wilson,QB,QB,True,16.58,18.41,False
10,False,13,Fuck Luck,-16016,Vikings D/ST,D/ST,D/ST,True,0.0,4.93,False
10,False,13,Fuck Luck,16016,Kenny Stills,WR,BE,False,0.0,0.0,True
10,False,13,Fuck Luck,3119195,Chase Edmonds,RB,BE,False,0.0,0.0,False
10,False,13,Fuck Luck,3912550,Ronald Jones II,RB,RB,True,18.6,11.92,False
10,False,13,Fuck Luck,4048244,Alexander Mattison,RB,BE,False,5.9,5.21,False
10,False,13,Fuck Luck,3056362,Darius Leonard,LB,DP,True,19.0,10.43,False
10,False,13,Fuck Luck,3915411,Ty Johnson,RB,BE,False,2.4,7.77,False
10,False,13,Fuck Luck,15705,Josh Gordon,WR,BE,False,3.7,5.73,False
10,False,13,Fuck Luck,12537,Jared Cook,TE,TE,True,10.4,7.48,False
10,False,13,Fuck Luck,2473037,Jason Myers,K,K,True,11.0,6.4,False
10,False,10,High Noon,3117251,Christian McCaffrey,RB,RB,True,23.1,22.73,False
10,False,10,High Noon,3115364,Leonard Fournette,RB,BE,False,0.0,0.0,True
10,False,10,High Noon,14912,Alshon Jeffery,WR,BE,False,0.0,0.0,True
10,False,10,High Noon,3116165,Chris Godwin,WR,WR,True,12.4,13.53,False
10,False,10,High Noon,3121427,Curtis Samuel,WR,RB/WR/TE,True,11.5,10.34,False
10,False,10,High Noon,9761,Delanie Walker,TE,BE,False,0.0,0.0,False
10,False,10,High Noon,4036348,Michael Gallup,WR,WR,True,15.6,9.9,False
10,False,10,High Noon,-16017,Patriots D/ST,D/ST,BE,False,0.0,0.0,True
10,False,10,High Noon,2979477,Tevin Coleman,RB,RB,True,9.2,15.73,False
10,False,10,High Noon,2578570,Jacoby Brissett,QB,BE,False,0.0,0.0,False
10,False,10,High Noon,4045163,Miles Sanders,RB,BE,False,0.0,0.0,True
10,False,10,High Noon,3123050,Chris Herndon,TE,BE,False,1.2,6.09,False
10,False,10,High Noon,16486,Brett Maher,K,K,True,5.0,8.16,False
10,False,10,High Noon,-16033,Ravens D/ST,D/ST,D/ST,True,23.0,8.44,False
10,False,10,High Noon,4036261,Devin Bush,LB,DP,True,3.0,8.98,False
10,False,10,High Noon,14876,Ryan Tannehill,QB,QB,True,19.94,15.79,False
10,False,10,High Noon,3116164,Mike Gesicki,TE,TE,True,3.3,5.97,False
10,False,12,Rule  #76,3128720,Nick Chubb,RB,RB/WR/TE,True,13.1,16.22,False
10,False,12,Rule  #76,13982,Julio Jones,WR,WR,True,9.4,15.88,False
10,False,12,Rule  #76,4035538,David Montgomery,RB,RB,True,6.0,15.77,False
10,False,12,Rule  #76,3139605,Marlon Mack,RB,RB,True,8.7,16.17,False
10,False,12,Rule  #76,16790,Jarvis Landry,WR,BE,False,20.2,9.61,False
10,False,12,Rule  #76,13983,A.J. Green,WR,BE,False,0.0,0.0,False
10,False,12,Rule  #76,2573079,Carson Wentz,QB,BE,False,0.0,0.0,True
10,False,12,Rule  #76,2587819,Tyrell Williams,WR,WR,True,4.0,10.0,False
10,False,12,Rule  #76,15683,Justin Tucker,K,K,True,7.0,8.73,False
10,False,12,Rule  #76,-16002,Bills D/ST,D/ST,D/ST,True,3.0,6.92,False
10,False,12,Rule  #76,2978304,Cory Littleton,LB,DP,True,17.0,8.15,False
10,False,12,Rule  #76,2576925,Darren Waller,TE,TE,True,5.5,11.38,False
10,False,12,Rule  #76,3932905,Diontae Johnson,WR,BE,False,8.4,7.31,False
10,False,12,Rule  #76,3116721,Jaylen Samuels,RB,BE,False,5.5,13.56,False
10,False,12,Rule  #76,5529,Philip Rivers,QB,QB,True,10.28,17.83,False
10,False,12,Rule  #76,2578533,Chris Conley,WR,BE,False,0.0,0.0,True
10,False,12,Rule  #76,14054,Kyle Rudolph,TE,BE,False,17.4,6.52,False
10,False,6,"Dude, Where's  My Lamar",16733,Odell Beckham Jr.,WR,RB/WR/TE,True,8.2,10.67,False
10,False,6,"Dude, Where's  My Lamar",3116406,Tyreek Hill,WR,WR,True,27.5,15.86,False
10,False,6,"Dude, Where's  My Lamar",3040151,George Kittle,TE,BE,False,0.0,0.0,False
10,False,6,"Dude, Where's  My Lamar",2576434,Melvin Gordon,RB,RB,True,19.8,13.97,False
10,False,6,"Dude, Where's  My Lamar",3915416,DJ Moore,WR,BE,False,16.5,11.4,False
10,False,6,"Dude, Where's  My Lamar",15072,Marvin Jones Jr.,WR,WR,True,10.2,9.21,False
10,False,6,"Dude, Where's  My Lamar",2969962,Duke Johnson,RB,BE,False,0.0,0.0,True
10,False,6,"Dude, Where's  My Lamar",12514,LeSean McCoy,RB,RB,True,0.0,0.0,False
10,False,6,"Dude, Where's  My Lamar",3916387,Lamar Jackson,QB,QB,True,33.42,23.62,False
10,False,6,"Dude, Where's  My Lamar",8479,Frank Gore,RB,BE,False,2.1,5.62,False
10,False,6,"Dude, Where's  My Lamar",4249087,Matt Gay,K,K,True,14.0,8.71,False
10,False,6,"Dude, Where's  My Lamar",2977819,Joe Schobert,LB,DP,True,5.0,9.89,False
10,False,6,"Dude, Where's  My Lamar",2969939,Jameis Winston,QB,BE,False,18.32,20.12,False
10,False,6,"Dude, Where's  My Lamar",-16011,Colts D/ST,D/ST,D/ST,True,10.0,9.98,False
10,False,6,"Dude, Where's  My Lamar",-16023,Steelers D/ST,D/ST,BE,False,22.0,6.01,False
10,False,6,"Dude, Where's  My Lamar",2977800,Alex Erickson,WR,BE,False,1.3,8.24,False
10,False,6,"Dude, Where's  My Lamar",4040980,Irv Smith Jr.,TE,TE,True,5.9,6.25,False
10,False,3,Jim Ward's Ole Dick Necks,15825,Le'Veon Bell,RB,RB,True,14.8,15.51,False
10,False,3,Jim Ward's Ole Dick Necks,2976316,Michael Thomas,WR,WR,True,21.7,19.04,False
10,False,3,Jim Ward's Ole Dick Necks,2976212,Stefon Diggs,WR,WR,True,6.4,12.17,False
10,False,3,Jim Ward's Ole Dick Necks,3043078,Derrick Henry,RB,RB,True,32.1,14.66,False
10,False,3,Jim Ward's Ole Dick Necks,2976592,Sterling Shepard,WR,BE,False,0.0,0.0,False
10,False,3,Jim Ward's Ole Dick Necks,3128429,Courtland Sutton,WR,BE,False,0.0,0.0,True
10,False,3,Jim Ward's Ole Dick Necks,3059915,Kareem Hunt,RB,BE,False,10.9,6.57,False
10,False,3,Jim Ward's Ole Dick Necks,2330,Tom Brady,QB,BE,False,0.0,0.0,True
10,False,3,Jim Ward's Ole Dick Necks,3917315,Kyler Murray,QB,QB,True,26.76,19.0,False
10,False,3,Jim Ward's Ole Dick Necks,3055899,Harrison Butker,K,K,True,15.0,8.85,False
10,False,3,Jim Ward's Ole Dick Necks,-16018,Saints D/ST,D/ST,D/ST,True,3.0,6.51,False
10,False,3,Jim Ward's Ole Dick Necks,16804,John Brown,WR,RB/WR/TE,True,10.2,10.71,False
10,False,3,Jim Ward's Ole Dick Necks,2514270,Jordan Hicks,LB,DP,True,11.0,10.79,False
10,False,3,Jim Ward's Ole Dick Necks,16777,Carlos Hyde,RB,BE,False,0.0,0.0,True
10,False,3,Jim Ward's Ole Dick Necks,13232,Jimmy Graham,TE,TE,True,6.9,7.1,False
10,False,3,Jim Ward's Ole Dick Necks,13229,Rob Gronkowski,TE,BE,False,0.0,0.0,True
10,False,3,Jim Ward's Ole Dick Necks,-16006,Cowboys D/ST,D/ST,BE,False,-1.0,5.35,False
10,False,5,Remember the Fucking Titans,3054850,Alvin Kamara,RB,RB,True,11.4,20.05,False
10,False,5,Remember the Fucking Titans,3139477,Patrick Mahomes,QB,QB,True,29.84,22.35,False
10,False,5,Remember the Fucking Titans,16460,Adam Thielen,WR,BE,False,0.0,0.0,False
10,False,5,Remember the Fucking Titans,3052117,Phillip Lindsay,RB,BE,False,0.0,0.0,True
10,False,5,Remember the Fucking Titans,3925357,Calvin Ridley,WR,RB/WR/TE,True,6.2,10.54,False
10,False,5,Remember the Fucking Titans,3043275,Austin Hooper,TE,TE,True,9.7,11.9,False
10,False,5,Remember the Fucking Titans,-16003,Bears D/ST,D/ST,D/ST,True,6.0,8.97,False
10,False,5,Remember the Fucking Titans,14938,Luke Kuechly,LB,DP,True,4.0,9.5,False
10,False,5,Remember the Fucking Titans,10475,Greg Olsen,TE,BE,False,13.8,7.21,False
10,False,5,Remember the Fucking Titans,4241372,Marquise Brown,WR,BE,False,16.0,8.0,False
10,False,5,Remember the Fucking Titans,2998120,Josh Lambo,K,BE,False,0.0,0.0,True
10,False,5,Remember the Fucking Titans,3921564,Auden Tate,WR,BE,False,5.1,9.45,False
10,False,5,Remember the Fucking Titans,4047646,A.J. Brown,WR,WR,True,2.2,9.61,False
10,False,5,Remember the Fucking Titans,3128774,Kalen Ballage,RB,RB,True,6.5,8.1,False
10,False,5,Remember the Fucking Titans,2576623,DeVante Parker,WR,WR,True,9.4,9.0,False
10,False,5,Remember the Fucking Titans,2978109,Zach Pascal,WR,BE,False,4.6,8.93,False
10,False,5,Remember the Fucking Titans,3043234,Zane Gonzalez,K,K,True,11.0,8.22,False
10,False,2,Rodger  That,2977644,Todd Gurley II,RB,RB,True,7.3,13.72,False
10,False,2,Rodger  That,3120348,JuJu Smith-Schuster,WR,BE,False,6.9,9.38,False
10,False,2,Rodger  That,8439,Aaron Rodgers,QB,QB,True,10.02,21.38,False
10,False,2,Rodger  That,13981,Mark Ingram II,RB,RB,True,9.4,14.95,False
10,False,2,Rodger  That,3045144,Tyler Boyd,WR,RB/WR/TE,True,9.2,10.67,False
10,False,2,Rodger  That,3051876,Evan Engram,TE,BE,False,0.0,0.0,False
10,False,2,Rodger  That,16725,Sammy Watkins,WR,WR,True,7.6,11.18,False
10,False,2,Rodger  That,3060022,Jordan Howard,RB,BE,False,0.0,0.0,True
10,False,2,Rodger  That,2576716,Jamison Crowder,WR,BE,False,16.6,9.58,False
10,False,2,Rodger  That,10452,Adrian Peterson,RB,BE,False,0.0,0.0,True
10,False,2,Rodger  That,3122449,James Washington,WR,BE,False,16.0,5.48,False
10,False,2,Rodger  That,2978273,Blake Martinez,LB,DP,True,7.0,10.57,False
10,False,2,Rodger  That,4047650,DK Metcalf,WR,WR,True,8.0,9.56,False
10,False,2,Rodger  That,3121422,Terry McLaurin,WR,BE,False,0.0,0.0,True
10,False,2,Rodger  That,3918639,Gerald Everett,TE,TE,True,10.8,7.54,False
10,False,2,Rodger  That,-16025,49ers D/ST,D/ST,D/ST,True,19.0,5.15,False
10,False,2,Rodger  That,3821683,Austin Seibert,K,K,True,8.0,8.29,False
11,False,4,The New Guy,3929630,Saquon Barkley,RB,BE,False,0.0,0.0,True
11,False,4,The New Guy,16944,Devonta Freeman,RB,BE,False,0.0,0.0,False
11,False,4,The New Guy,15818,Keenan Allen,WR,WR,True,17.1,11.46,False
11,False,4,The New Guy,2977187,Cooper Kupp,WR,RB/WR/TE,True,7.8,12.38,False
11,False,4,The New Guy,2974858,Kenny Golladay,WR,WR,True,3.9,10.4,False
11,False,4,The New Guy,2979843,Kenyan Drake,RB,RB,True,11.0,9.38,False
11,False,4,The New Guy,3052587,Baker Mayfield,QB,QB,True,21.82,12.2,False
11,False,4,The New Guy,3915823,Keke Coutee,WR,BE,False,4.0,3.28,False
11,False,4,The New Guy,16732,Eric Ebron,TE,BE,False,4.7,6.66,False
11,False,4,The New Guy,2985659,Wil Lutz,K,K,True,11.0,8.13,False
11,False,4,The New Guy,4040761,Devin Singletary,RB,RB,True,8.4,11.96,False
11,False,4,The New Guy,4036133,T.J. Hockenson,TE,TE,True,1.1,5.59,False
11,False,4,The New Guy,12483,Matthew Stafford,QB,BE,False,0.0,0.0,False
11,False,4,The New Guy,17497,Todd Davis,LB,DP,True,12.0,8.6,False
11,False,4,The New Guy,3123052,Michael Badgley,K,BE,False,9.0,8.65,False
11,False,4,The New Guy,14140,K.J. Wright,LB,BE,False,0.0,0.0,True
11,False,4,The New Guy,-16012,Chiefs D/ST,D/ST,D/ST,True,8.0,5.06,False
11,False,1,Below Average Joes,16800,Davante Adams,WR,BE,False,0.0,0.0,True
11,False,1,Below Average Joes,3116385,Joe Mixon,RB,RB,True,16.8,12.35,False
11,False,1,Below Average Joes,17359,Damien Williams,RB,RB/WR/TE,True,1.8,12.53,False
11,False,1,Below Average Joes,15880,Robert Woods,WR,BE,False,0.0,0.0,False
11,False,1,Below Average Joes,3045138,Mike Williams,WR,WR,True,8.6,8.68,False
11,False,1,Below Average Joes,3046439,Hunter Henry,TE,TE,True,11.9,12.03,False
11,False,1,Below Average Joes,3066158,Tarik Cohen,RB,BE,False,15.9,7.84,False
11,False,1,Below Average Joes,3068267,Austin Ekeler,RB,RB,True,17.2,11.33,False
11,False,1,Below Average Joes,13217,Golden Tate,WR,BE,False,0.0,0.0,True
11,False,1,Below Average Joes,14979,Bobby Wagner,LB,BE,False,0.0,0.0,True
11,False,1,Below Average Joes,14880,Kirk Cousins,QB,BE,False,22.86,14.17,False
11,False,1,Below Average Joes,2980453,Jamaal Williams,RB,BE,False,0.0,0.0,True
11,False,1,Below Average Joes,14922,Mohamed Sanu Sr.,WR,WR,True,2.2,10.23,False
11,False,1,Below Average Joes,11237,Matt Ryan,QB,QB,True,16.44,18.54,False
11,False,1,Below Average Joes,-16020,Jets D/ST,D/ST,D/ST,True,11.0,8.28,False
11,False,1,Below Average Joes,14958,Demario Davis,LB,DP,True,8.0,9.08,False
11,False,1,Below Average Joes,14322,Dan Bailey,K,K,True,3.0,7.51,False
11,False,11,Dez (Bryant) Nuts,3051392,Ezekiel Elliott,RB,RB,True,18.3,19.62,False
11,False,11,Dez (Bryant) Nuts,4047365,Josh Jacobs,RB,RB,True,12.9,17.77,False
11,False,11,Dez (Bryant) Nuts,12649,Julian Edelman,WR,RB/WR/TE,True,12.4,13.74,False
11,False,11,Dez (Bryant) Nuts,16913,James White,RB,BE,False,7.6,10.67,False
11,False,11,Dez (Bryant) Nuts,16799,Allen Robinson II,WR,BE,False,3.5,9.97,False
11,False,11,Dez (Bryant) Nuts,2577417,Dak Prescott,QB,QB,True,31.56,19.51,False
11,False,11,Dez (Bryant) Nuts,13295,Emmanuel Sanders,WR,WR,True,4.8,9.04,False
11,False,11,Dez (Bryant) Nuts,3138677,Leighton Vander Esch,LB,BE,False,5.0,8.67,False
11,False,11,Dez (Bryant) Nuts,3116365,Mark Andrews,TE,TE,True,15.5,11.36,False
11,False,11,Dez (Bryant) Nuts,2971573,Ka'imi Fairbairn,K,K,True,0.0,6.97,False
11,False,11,Dez (Bryant) Nuts,10453,Ted Ginn Jr.,WR,BE,False,8.4,7.02,False
11,False,11,Dez (Bryant) Nuts,3115394,DJ Chark Jr.,WR,WR,True,26.4,11.6,False
11,False,11,Dez (Bryant) Nuts,-16029,Panthers D/ST,D/ST,D/ST,True,2.0,6.43,False
11,False,11,Dez (Bryant) Nuts,-16009,Packers D/ST,D/ST,BE,False,0.0,0.0,True
11,False,11,Dez (Bryant) Nuts,3040180,De'Vondre Campbell,LB,DP,True,14.0,9.21,False
11,False,11,Dez (Bryant) Nuts,4527,Jason Witten,TE,BE,False,5.8,6.54,False
11,False,11,Dez (Bryant) Nuts,10636,Mason Crosby,K,BE,False,0.0,0.0,True
11,False,9,Tonie's Tigers,3045147,James Conner,RB,RB,True,2.1,14.67,False
11,False,9,Tonie's Tigers,16737,Mike Evans,WR,WR,True,9.9,13.99,False
11,False,9,Tonie's Tigers,3919596,Chris Carson,RB,BE,False,0.0,0.0,True
11,False,9,Tonie's Tigers,14924,T.Y. Hilton,WR,BE,False,0.0,0.0,False
11,False,9,Tonie's Tigers,2574808,Robby Anderson,WR,BE,False,7.1,6.68,False
11,False,9,Tonie's Tigers,2580,Drew Brees,QB,QB,True,21.12,18.8,False
11,False,9,Tonie's Tigers,3051902,Peyton Barber,RB,RB,True,8.1,5.16,False
11,False,9,Tonie's Tigers,5528,Larry Fitzgerald,WR,WR,True,10.2,7.69,False
11,False,9,Tonie's Tigers,-16014,Rams D/ST,D/ST,D/ST,True,10.0,8.95,False
11,False,9,Tonie's Tigers,16757,Derek Carr,QB,BE,False,19.78,16.5,False
11,False,9,Tonie's Tigers,15839,Marquise Goodwin,WR,BE,False,1.0,2.12,False
11,False,9,Tonie's Tigers,15773,Darren Fells,TE,BE,False,3.3,6.6,False
11,False,9,Tonie's Tigers,3843750,Derrius Guice,RB,BE,False,13.4,6.33,False
11,False,9,Tonie's Tigers,16504,Jack Doyle,TE,TE,True,0.0,7.16,False
11,False,9,Tonie's Tigers,3124084,Joey Slye,K,K,True,3.0,8.74,False
11,False,9,Tonie's Tigers,15349,Cole Beasley,WR,RB/WR/TE,True,5.8,6.95,False
11,False,9,Tonie's Tigers,3052896,Jaylon Smith,LB,DP,True,9.0,9.69,False
11,False,13,Fuck Luck,2508176,David Johnson,RB,BE,False,0.0,8.53,False
11,False,13,Fuck Luck,3116593,Dalvin Cook,RB,RB,True,14.2,21.13,False
11,False,13,Fuck Luck,2976499,Amari Cooper,WR,WR,True,5.3,12.9,False
11,False,13,Fuck Luck,15835,Zach Ertz,TE,RB/WR/TE,True,13.9,9.9,False
11,False,13,Fuck Luck,2577327,Tyler Lockett,WR,BE,False,0.0,0.0,True
11,False,13,Fuck Luck,3052876,Will Fuller V,WR,BE,False,0.0,0.0,False
11,False,13,Fuck Luck,14881,Russell Wilson,QB,BE,False,0.0,0.0,True
11,False,13,Fuck Luck,-16016,Vikings D/ST,D/ST,D/ST,True,3.0,10.08,False
11,False,13,Fuck Luck,3912550,Ronald Jones II,RB,RB,True,2.4,10.66,False
11,False,13,Fuck Luck,4048244,Alexander Mattison,RB,BE,False,0.5,5.44,False
11,False,13,Fuck Luck,3056362,Darius Leonard,LB,DP,True,5.0,10.85,False
11,False,13,Fuck Luck,15705,Josh Gordon,WR,BE,False,0.0,0.0,True
11,False,13,Fuck Luck,12537,Jared Cook,TE,TE,True,10.3,8.58,False
11,False,13,Fuck Luck,16760,Jimmy Garoppolo,QB,QB,True,29.66,15.65,False
11,False,13,Fuck Luck,3892889,Dede Westbrook,WR,BE,False,6.2,8.89,False
11,False,13,Fuck Luck,3051909,Daniel Carlson,K,K,True,6.0,6.79,False
11,False,13,Fuck Luck,16016,Kenny Stills,WR,WR,True,4.7,8.24,False
11,False,10,High Noon,3117251,Christian McCaffrey,RB,RB,True,24.6,24.67,False
11,False,10,High Noon,3115364,Leonard Fournette,RB,RB,True,9.2,16.21,False
11,False,10,High Noon,14912,Alshon Jeffery,WR,BE,False,0.0,0.0,False
11,False,10,High Noon,3116165,Chris Godwin,WR,WR,True,12.2,14.39,False
11,False,10,High Noon,3121427,Curtis Samuel,WR,BE,False,6.5,10.76,False
11,False,10,High Noon,9761,Delanie Walker,TE,BE,False,0.0,0.0,True
11,False,10,High Noon,4036348,Michael Gallup,WR,WR,True,19.3,10.72,False
11,False,10,High Noon,-16017,Patriots D/ST,D/ST,D/ST,True,12.0,6.35,False
11,False,10,High Noon,2979477,Tevin Coleman,RB,RB/WR/TE,True,7.7,14.0,False
11,False,10,High Noon,2578570,Jacoby Brissett,QB,BE,False,15.12,17.21,False
11,False,10,High Noon,4045163,Miles Sanders,RB,BE,False,5.7,12.79,False
11,False,10,High Noon,16486,Brett Maher,K,K,True,9.0,7.51,False
11,False,10,High Noon,-16033,Ravens D/ST,D/ST,BE,False,16.0,5.74,False
11,False,10,High Noon,14876,Ryan Tannehill,QB,BE,False,0.0,0.0,True
11,False,10,High Noon,14877,Nick Foles,QB,QB,True,17.84,14.11,False
11,False,10,High Noon,15788,Tyler Eifert,TE,TE,True,3.6,6.25,False
11,False,10,High Noon,2979841,Landon Collins,S,DP,True,5.0,7.53,False
11,False,12,Rule  #76,3128720,Nick Chubb,RB,RB/WR/TE,True,9.2,15.47,False
11,False,12,Rule  #76,13982,Julio Jones,WR,WR,True,11.7,14.79,False
11,False,12,Rule  #76,4035538,David Montgomery,RB,RB,True,5.5,11.22,False
11,False,12,Rule  #76,3139605,Marlon Mack,RB,RB,True,16.9,13.15,False
11,False,12,Rule  #76,16790,Jarvis Landry,WR,BE,False,12.3,10.1,False
11,False,12,Rule  #76,13983,A.J. Green,WR,BE,False,0.0,0.0,False
11,False,12,Rule  #76,2573079,Carson Wentz,QB,BE,False,13.26,14.04,False
11,False,12,Rule  #76,2587819,Tyrell Williams,WR,WR,True,10.2,9.46,False
11,False,12,Rule  #76,15683,Justin Tucker,K,K,True,11.0,8.98,False
11,False,12,Rule  #76,-16002,Bills D/ST,D/ST,D/ST,True,9.0,7.67,False
11,False,12,Rule  #76,2978304,Cory Littleton,LB,DP,True,3.0,8.99,False
11,False,12,Rule  #76,2576925,Darren Waller,TE,TE,True,10.1,10.39,False
11,False,12,Rule  #76,3932905,Diontae Johnson,WR,BE,False,2.7,7.19,False
11,False,12,Rule  #76,3116721,Jaylen Samuels,RB,BE,False,13.0,7.41,False
11,False,12,Rule  #76,5529,Philip Rivers,QB,QB,True,12.12,15.37,False
11,False,12,Rule  #76,2578533,Chris Conley,WR,BE,False,8.8,7.59,False
11,False,12,Rule  #76,14054,Kyle Rudolph,TE,BE,False,15.2,5.85,False
11,False,6,"Dude, Where's  My Lamar",16733,Odell Beckham Jr.,WR,RB/WR/TE,True,8.0,10.61,False
11,False,6,"Dude, Where's  My Lamar",3116406,Tyreek Hill,WR,WR,True,0.0,16.48,False
11,False,6,"Dude, Where's  My Lamar",3040151,George Kittle,TE,BE,False,0.0,0.0,False
11,False,6,"Dude, Where's  My Lamar",2576434,Melvin Gordon,RB,RB,True,10.5,14.22,False
11,False,6,"Dude, Where's  My Lamar",3915416,DJ Moore,WR,BE,False,14.5,11.71,False
11,False,6,"Dude, Where's  My Lamar",15072,Marvin Jones Jr.,WR,WR,True,17.9,8.54,False
11,False,6,"Dude, Where's  My Lamar",2969962,Duke Johnson,RB,RB,True,5.4,9.46,False
11,False,6,"Dude, Where's  My Lamar",12514,LeSean McCoy,RB,BE,False,13.7,4.91,False
11,False,6,"Dude, Where's  My Lamar",3916387,Lamar Jackson,QB,QB,True,32.78,23.99,False
11,False,6,"Dude, Where's  My Lamar",8479,Frank Gore,RB,BE,False,5.0,6.26,False
11,False,6,"Dude, Where's  My Lamar",4249087,Matt Gay,K,K,True,7.0,8.09,False
11,False,6,"Dude, Where's  My Lamar",2977819,Joe Schobert,LB,DP,True,16.0,8.91,False
11,False,6,"Dude, Where's  My Lamar",2969939,Jameis Winston,QB,BE,False,14.82,17.94,False
11,False,6,"Dude, Where's  My Lamar",-16023,Steelers D/ST,D/ST,D/ST,True,3.0,7.44,False
11,False,6,"Dude, Where's  My Lamar",2977800,Alex Erickson,WR,BE,False,1.5,6.02,False
11,False,6,"Dude, Where's  My Lamar",4040980,Irv Smith Jr.,TE,TE,True,9.5,5.74,False
11,False,3,Jim Ward's Ole Dick Necks,15825,Le'Veon Bell,RB,RB,True,16.2,14.23,False
11,False,3,Jim Ward's Ole Dick Necks,2976316,Michael Thomas,WR,WR,True,21.4,20.47,False
11,False,3,Jim Ward's Ole Dick Necks,2976212,Stefon Diggs,WR,BE,False,20.6,10.03,False
11,False,3,Jim Ward's Ole Dick Necks,3043078,Derrick Henry,RB,BE,False,0.0,0.0,True
11,False,3,Jim Ward's Ole Dick Necks,2976592,Sterling Shepard,WR,BE,False,0.0,0.0,True
11,False,3,Jim Ward's Ole Dick Necks,3128429,Courtland Sutton,WR,WR,True,16.32,11.19,False
11,False,3,Jim Ward's Ole Dick Necks,3059915,Kareem Hunt,RB,BE,False,8.8,8.91,False
11,False,3,Jim Ward's Ole Dick Necks,2330,Tom Brady,QB,QB,True,8.54,17.06,False
11,False,3,Jim Ward's Ole Dick Necks,3917315,Kyler Murray,QB,BE,False,26.7,15.02,False
11,False,3,Jim Ward's Ole Dick Necks,3055899,Harrison Butker,K,K,True,7.0,9.37,False
11,False,3,Jim Ward's Ole Dick Necks,-16018,Saints D/ST,D/ST,D/ST,True,17.0,8.39,False
11,False,3,Jim Ward's Ole Dick Necks,16804,John Brown,WR,RB/WR/TE,True,30.2,10.99,False
11,False,3,Jim Ward's Ole Dick Necks,2514270,Jordan Hicks,LB,DP,True,16.0,10.48,False
11,False,3,Jim Ward's Ole Dick Necks,16777,Carlos Hyde,RB,RB,True,12.5,9.84,False
11,False,3,Jim Ward's Ole Dick Necks,13232,Jimmy Graham,TE,BE,False,0.0,0.0,True
11,False,3,Jim Ward's Ole Dick Necks,13229,Rob Gronkowski,TE,BE,False,0.0,0.0,True
11,False,3,Jim Ward's Ole Dick Necks,3043080,O.J. Howard,TE,TE,True,1.0,5.89,False
11,False,5,Remember the Fucking Titans,3054850,Alvin Kamara,RB,RB,True,17.2,16.89,False
11,False,5,Remember the Fucking Titans,3139477,Patrick Mahomes,QB,QB,True,15.18,21.61,False
11,False,5,Remember the Fucking Titans,16460,Adam Thielen,WR,BE,False,0.0,0.0,False
11,False,5,Remember the Fucking Titans,3052117,Phillip Lindsay,RB,RB,True,8.5,12.06,False
11,False,5,Remember the Fucking Titans,3925357,Calvin Ridley,WR,WR,True,24.3,10.48,False
11,False,5,Remember the Fucking Titans,3043275,Austin Hooper,TE,BE,False,0.0,0.0,False
11,False,5,Remember the Fucking Titans,-16003,Bears D/ST,D/ST,BE,False,7.0,5.42,False
11,False,5,Remember the Fucking Titans,14938,Luke Kuechly,LB,DP,True,8.0,9.4,False
11,False,5,Remember the Fucking Titans,10475,Greg Olsen,TE,TE,True,8.2,8.04,False
11,False,5,Remember the Fucking Titans,4241372,Marquise Brown,WR,BE,False,3.3,8.72,False
11,False,5,Remember the Fucking Titans,2998120,Josh Lambo,K,K,True,0.0,7.15,False
11,False,5,Remember the Fucking Titans,3921564,Auden Tate,WR,RB/WR/TE,True,7.6,8.72,False
11,False,5,Remember the Fucking Titans,4047646,A.J. Brown,WR,BE,False,0.0,0.0,True
11,False,5,Remember the Fucking Titans,3128774,Kalen Ballage,RB,BE,False,10.2,8.7,False
11,False,5,Remember the Fucking Titans,2576623,DeVante Parker,WR,WR,True,17.0,8.64,False
11,False,5,Remember the Fucking Titans,2978109,Zach Pascal,WR,BE,False,2.7,8.26,False
11,False,5,Remember the Fucking Titans,-16028,Washington D/ST,D/ST,D/ST,True,2.0,9.65,False
11,False,2,Rodger  That,2977644,Todd Gurley II,RB,RB,True,18.8,12.52,False
11,False,2,Rodger  That,3120348,JuJu Smith-Schuster,WR,BE,False,3.1,9.55,False
11,False,2,Rodger  That,8439,Aaron Rodgers,QB,BE,False,0.0,0.0,True
11,False,2,Rodger  That,13981,Mark Ingram II,RB,RB,True,22.0,14.08,False
11,False,2,Rodger  That,3045144,Tyler Boyd,WR,WR,True,1.5,10.11,False
11,False,2,Rodger  That,3051876,Evan Engram,TE,BE,False,0.0,0.0,True
11,False,2,Rodger  That,16725,Sammy Watkins,WR,RB/WR/TE,True,4.6,9.89,False
11,False,2,Rodger  That,3060022,Jordan Howard,RB,BE,False,0.0,0.0,False
11,False,2,Rodger  That,2576716,Jamison Crowder,WR,BE,False,16.1,9.66,False
11,False,2,Rodger  That,2978273,Blake Martinez,LB,BE,False,0.0,0.0,True
11,False,2,Rodger  That,4047650,DK Metcalf,WR,BE,False,0.0,0.0,True
11,False,2,Rodger  That,3121422,Terry McLaurin,WR,WR,True,8.4,9.94,False
11,False,2,Rodger  That,3918639,Gerald Everett,TE,TE,True,2.5,7.81,False
11,False,2,Rodger  That,-16025,49ers D/ST,D/ST,D/ST,True,16.0,10.34,False
11,False,2,Rodger  That,3115293,Kyle Allen,QB,QB,True,5.7,15.42,False
11,False,2,Rodger  That,15070,Tahir Whitehead,LB,DP,True,4.0,8.73,False
11,False,2,Rodger  That,11122,Matt Prater,K,K,True,3.0,6.05,False
11,False,8,SCLSU Mud Dogs,15795,DeAndre Hopkins,WR,WR,True,11.5,16.25,False
11,False,8,SCLSU Mud Dogs,15847,Travis Kelce,TE,TE,True,18.7,13.25,False
11,False,8,SCLSU Mud Dogs,3042519,Aaron Jones,RB,BE,False,0.0,0.0,True
11,False,8,SCLSU Mud Dogs,16731,Brandin Cooks,WR,BE,False,0.0,0.0,False
11,False,8,SCLSU Mud Dogs,3122840,Deshaun Watson,QB,QB,True,3.96,20.55,False
11,False,8,SCLSU Mud Dogs,3128721,Sony Michel,RB,RB/WR/TE,True,5.4,10.19,False
11,False,8,SCLSU Mud Dogs,3895856,Christian Kirk,WR,WR,True,7.2,10.0,False
11,False,8,SCLSU Mud Dogs,15920,Latavius Murray,RB,BE,False,4.2,7.63,False
11,False,8,SCLSU Mud Dogs,3122672,Royce Freeman,RB,RB,True,5.0,7.09,False
11,False,8,SCLSU Mud Dogs,3049916,Matt Breida,RB,BE,False,0.0,0.0,False
11,False,8,SCLSU Mud Dogs,14993,Greg Zuerlein,K,K,True,5.0,9.29,False
11,False,8,SCLSU Mud Dogs,-16024,Chargers D/ST,D/ST,BE,False,3.0,1.62,False
11,False,8,SCLSU Mud Dogs,3915189,Roquan Smith,LB,DP,True,13.0,8.84,False
11,False,8,SCLSU Mud Dogs,3918298,Josh Allen,QB,BE,False,33.84,19.17,False
11,False,8,SCLSU Mud Dogs,-16005,Browns D/ST,D/ST,D/ST,True,17.0,5.59,False
11,False,8,SCLSU Mud Dogs,3115306,Josh Reynolds,WR,BE,False,7.5,7.57,False
11,False,8,SCLSU Mud Dogs,3125403,Brian Hill,RB,RB,True,4.3,11.52,False
12,False,4,The New Guy,3929630,Saquon Barkley,RB,RB,True,7.0,16.44,False
12,False,4,The New Guy,16944,Devonta Freeman,RB,BE,False,0.0,0.0,False
12,False,4,The New Guy,15818,Keenan Allen,WR,BE,False,0.0,0.0,True
12,False,4,The New Guy,2977187,Cooper Kupp,WR,WR,True,7.5,10.89,False
12,False,4,The New Guy,2974858,Kenny Golladay,WR,WR,True,8.1,10.63,False
12,False,4,The New Guy,2979843,Kenyan Drake,RB,BE,False,0.0,0.0,True
12,False,4,The New Guy,3052587,Baker Mayfield,QB,QB,True,23.58,15.54,False
12,False,4,The New Guy,3915823,Keke Coutee,WR,BE,False,0.0,0.0,False
12,False,4,The New Guy,16732,Eric Ebron,TE,TE,True,6.4,7.57,False
12,False,4,The New Guy,2985659,Wil Lutz,K,K,True,11.0,10.88,False
12,False,4,The New Guy,4040761,Devin Singletary,RB,RB,True,11.9,10.69,False
12,False,4,The New Guy,4036133,T.J. Hockenson,TE,BE,False,0.0,5.45,False
12,False,4,The New Guy,12483,Matthew Stafford,QB,BE,False,0.0,0.0,False
12,False,4,The New Guy,17497,Todd Davis,LB,DP,True,13.0,8.97,False
12,False,4,The New Guy,-16012,Chiefs D/ST,D/ST,BE,False,0.0,0.0,True
12,False,4,The New Guy,-16030,Jaguars D/ST,D/ST,D/ST,True,-3.0,7.01,False
12,False,4,The New Guy,14053,Randall Cobb,WR,RB/WR/TE,True,10.6,8.33,False
12,False,9,Tonie's Tigers,3045147,James Conner,RB,BE,False,0.0,0.0,False
12,False,9,Tonie's Tigers,16737,Mike Evans,WR,WR,True,8.0,16.15,False
12,False,9,Tonie's Tigers,3919596,Chris Carson,RB,RB,True,7.7,15.29,False
12,False,9,Tonie's Tigers,14924,T.Y. Hilton,WR,BE,False,3.3,12.38,False
12,False,9,Tonie's Tigers,2574808,Robby Anderson,WR,WR,True,16.6,7.49,False
12,False,9,Tonie's Tigers,2580,Drew Brees,QB,QB,True,22.44,18.91,False
12,False,9,Tonie's Tigers,3051902,Peyton Barber,RB,RB,True,3.2,5.23,False
12,False,9,Tonie's Tigers,5528,Larry Fitzgerald,WR,BE,False,0.0,0.0,True
12,False,9,Tonie's Tigers,-16014,Rams D/ST,D/ST,D/ST,True,-5.0,4.97,False
12,False,9,Tonie's Tigers,16757,Derek Carr,QB,BE,False,4.18,15.68,False
12,False,9,Tonie's Tigers,15839,Marquise Goodwin,WR,BE,False,0.0,1.32,False
12,False,9,Tonie's Tigers,15773,Darren Fells,TE,BE,False,2.9,4.58,False
12,False,9,Tonie's Tigers,3843750,Derrius Guice,RB,RB/WR/TE,True,4.3,8.45,False
12,False,9,Tonie's Tigers,16504,Jack Doyle,TE,TE,True,4.3,5.29,False
12,False,9,Tonie's Tigers,3124084,Joey Slye,K,K,True,9.0,7.98,False
12,False,9,Tonie's Tigers,15349,Cole Beasley,WR,BE,False,16.6,5.63,False
12,False,9,Tonie's Tigers,3052896,Jaylon Smith,LB,DP,True,8.0,11.52,False
12,False,11,Dez (Bryant) Nuts,3051392,Ezekiel Elliott,RB,RB,True,14.6,15.24,False
12,False,11,Dez (Bryant) Nuts,4047365,Josh Jacobs,RB,RB,True,4.1,15.63,False
12,False,11,Dez (Bryant) Nuts,12649,Julian Edelman,WR,RB/WR/TE,True,13.3,12.97,False
12,False,11,Dez (Bryant) Nuts,16913,James White,RB,BE,False,0.4,11.71,False
12,False,11,Dez (Bryant) Nuts,16799,Allen Robinson II,WR,WR,True,22.1,10.92,False
12,False,11,Dez (Bryant) Nuts,2577417,Dak Prescott,QB,QB,True,6.88,16.71,False
12,False,11,Dez (Bryant) Nuts,13295,Emmanuel Sanders,WR,BE,False,2.0,9.79,False
12,False,11,Dez (Bryant) Nuts,3138677,Leighton Vander Esch,LB,DP,True,0.0,0.0,False
12,False,11,Dez (Bryant) Nuts,3116365,Mark Andrews,TE,TE,True,5.5,11.05,False
12,False,11,Dez (Bryant) Nuts,2971573,Ka'imi Fairbairn,K,K,True,8.0,8.07,False
12,False,11,Dez (Bryant) Nuts,10453,Ted Ginn Jr.,WR,BE,False,4.8,6.4,False
12,False,11,Dez (Bryant) Nuts,3115394,DJ Chark Jr.,WR,WR,True,8.3,13.37,False
12,False,11,Dez (Bryant) Nuts,-16029,Panthers D/ST,D/ST,BE,False,0.0,4.12,False
12,False,11,Dez (Bryant) Nuts,-16009,Packers D/ST,D/ST,D/ST,True,0.0,5.41,False
12,False,11,Dez (Bryant) Nuts,3040180,De'Vondre Campbell,LB,BE,False,10.0,9.27,False
12,False,11,Dez (Bryant) Nuts,4527,Jason Witten,TE,BE,False,1.0,6.79,False
12,False,11,Dez (Bryant) Nuts,10636,Mason Crosby,K,BE,False,0.0,5.85,False
12,False,10,High Noon,3117251,Christian McCaffrey,RB,RB,True,29.8,20.7,False
12,False,10,High Noon,3115364,Leonard Fournette,RB,RB,True,32.4,16.37,False
12,False,10,High Noon,14912,Alshon Jeffery,WR,BE,False,0.0,0.0,False
12,False,10,High Noon,3116165,Chris Godwin,WR,WR,True,33.9,13.91,False
12,False,10,High Noon,3121427,Curtis Samuel,WR,WR,True,5.4,10.01,False
12,False,10,High Noon,9761,Delanie Walker,TE,BE,False,0.0,0.0,False
12,False,10,High Noon,4036348,Michael Gallup,WR,BE,False,7.5,9.53,False
12,False,10,High Noon,-16017,Patriots D/ST,D/ST,BE,False,7.0,4.96,False
12,False,10,High Noon,2979477,Tevin Coleman,RB,RB/WR/TE,True,11.9,15.63,False
12,False,10,High Noon,2578570,Jacoby Brissett,QB,QB,True,13.16,18.61,False
12,False,10,High Noon,4045163,Miles Sanders,RB,BE,False,10.1,11.2,False
12,False,10,High Noon,-16033,Ravens D/ST,D/ST,D/ST,True,12.0,5.01,False
12,False,10,High Noon,14877,Nick Foles,QB,BE,False,14.88,15.4,False
12,False,10,High Noon,3126367,Bo Scarbrough,RB,BE,False,7.8,9.11,False
12,False,10,High Noon,3125404,Jacob Hollister,TE,TE,True,3.2,6.43,False
12,False,10,High Noon,4035434,Devin White,LB,DP,True,12.0,8.99,False
12,False,10,High Noon,2473037,Jason Myers,K,K,True,5.0,6.7,False
12,False,13,Fuck Luck,2508176,David Johnson,RB,BE,False,0.0,0.0,True
12,False,13,Fuck Luck,3116593,Dalvin Cook,RB,BE,False,0.0,0.0,True
12,False,13,Fuck Luck,2976499,Amari Cooper,WR,WR,True,1.0,10.86,False
12,False,13,Fuck Luck,15835,Zach Ertz,TE,TE,True,21.1,11.42,False
12,False,13,Fuck Luck,2577327,Tyler Lockett,WR,WR,True,4.3,13.52,False
12,False,13,Fuck Luck,3052876,Will Fuller V,WR,RB/WR/TE,True,17.5,10.51,False
12,False,13,Fuck Luck,14881,Russell Wilson,QB,QB,True,10.5,20.31,False
12,False,13,Fuck Luck,-16016,Vikings D/ST,D/ST,BE,False,0.0,0.0,True
12,False,13,Fuck Luck,3912550,Ronald Jones II,RB,RB,True,14.2,11.63,False
12,False,13,Fuck Luck,4048244,Alexander Mattison,RB,BE,False,0.0,0.0,True
12,False,13,Fuck Luck,3056362,Darius Leonard,LB,DP,True,8.0,11.02,False
12,False,13,Fuck Luck,15705,Josh Gordon,WR,BE,False,1.5,6.16,False
12,False,13,Fuck Luck,12537,Jared Cook,TE,BE,False,18.9,7.98,False
12,False,13,Fuck Luck,3892889,Dede Westbrook,WR,BE,False,10.9,8.36,False
12,False,13,Fuck Luck,3051891,Jordan Wilkins,RB,RB,True,0.0,2.59,False
12,False,13,Fuck Luck,-16013,Raiders D/ST,D/ST,D/ST,True,-1.0,6.32,False
12,False,13,Fuck Luck,10621,Nick Folk,K,K,True,7.0,7.66,False
12,False,6,"Dude, Where's  My Lamar",16733,Odell Beckham Jr.,WR,RB/WR/TE,True,17.4,11.24,False
12,False,6,"Dude, Where's  My Lamar",3116406,Tyreek Hill,WR,BE,False,0.0,0.0,True
12,False,6,"Dude, Where's  My Lamar",3040151,George Kittle,TE,TE,True,21.9,12.57,False
12,False,6,"Dude, Where's  My Lamar",2576434,Melvin Gordon,RB,BE,False,0.0,0.0,True
12,False,6,"Dude, Where's  My Lamar",3915416,DJ Moore,WR,WR,True,28.4,12.83,False
12,False,6,"Dude, Where's  My Lamar",15072,Marvin Jones Jr.,WR,WR,True,8.1,9.45,False
12,False,6,"Dude, Where's  My Lamar",2969962,Duke Johnson,RB,RB,True,3.5,8.22,False
12,False,6,"Dude, Where's  My Lamar",12514,LeSean McCoy,RB,BE,False,0.0,0.0,True
12,False,6,"Dude, Where's  My Lamar",3916387,Lamar Jackson,QB,QB,True,36.26,22.81,False
12,False,6,"Dude, Where's  My Lamar",4249087,Matt Gay,K,K,True,5.0,9.2,False
12,False,6,"Dude, Where's  My Lamar",2977819,Joe Schobert,LB,DP,True,8.0,9.85,False
12,False,6,"Dude, Where's  My Lamar",2969939,Jameis Winston,QB,BE,False,24.32,20.39,False
12,False,6,"Dude, Where's  My Lamar",-16023,Steelers D/ST,D/ST,D/ST,True,13.0,8.57,False
12,False,6,"Dude, Where's  My Lamar",2977800,Alex Erickson,WR,BE,False,5.3,5.72,False
12,False,6,"Dude, Where's  My Lamar",4040980,Irv Smith Jr.,TE,BE,False,0.0,0.0,True
12,False,6,"Dude, Where's  My Lamar",10452,Adrian Peterson,RB,RB,True,5.4,7.98,False
12,False,12,Rule  #76,3128720,Nick Chubb,RB,RB/WR/TE,True,23.9,18.35,False
12,False,12,Rule  #76,13982,Julio Jones,WR,WR,True,9.3,15.78,False
12,False,12,Rule  #76,4035538,David Montgomery,RB,RB,True,5.1,12.05,False
12,False,12,Rule  #76,3139605,Marlon Mack,RB,BE,False,0.0,0.0,False
12,False,12,Rule  #76,16790,Jarvis Landry,WR,BE,False,31.8,10.59,False
12,False,12,Rule  #76,13983,A.J. Green,WR,BE,False,0.0,0.0,False
12,False,12,Rule  #76,2573079,Carson Wentz,QB,QB,True,9.94,17.61,False
12,False,12,Rule  #76,2587819,Tyrell Williams,WR,WR,True,2.8,9.29,False
12,False,12,Rule  #76,15683,Justin Tucker,K,K,True,9.0,8.62,False
12,False,12,Rule  #76,-16002,Bills D/ST,D/ST,D/ST,True,13.0,9.3,False
12,False,12,Rule  #76,2978304,Cory Littleton,LB,DP,True,12.0,9.17,False
12,False,12,Rule  #76,2576925,Darren Waller,TE,TE,True,5.6,11.2,False
12,False,12,Rule  #76,3932905,Diontae Johnson,WR,BE,False,4.4,8.05,False
12,False,12,Rule  #76,3116721,Jaylen Samuels,RB,RB,True,4.7,11.76,False
12,False,12,Rule  #76,5529,Philip Rivers,QB,BE,False,0.0,0.0,True
12,False,12,Rule  #76,14054,Kyle Rudolph,TE,BE,False,0.0,0.0,True
12,False,12,Rule  #76,2980077,Jonathan Williams,RB,BE,False,19.6,11.0,False
12,False,5,Remember the Fucking Titans,3054850,Alvin Kamara,RB,RB,True,14.7,18.33,False
12,False,5,Remember the Fucking Titans,3139477,Patrick Mahomes,QB,BE,False,0.0,0.0,True
12,False,5,Remember the Fucking Titans,16460,Adam Thielen,WR,BE,False,0.0,0.0,True
12,False,5,Remember the Fucking Titans,3052117,Phillip Lindsay,RB,RB,True,7.3,11.28,False
12,False,5,Remember the Fucking Titans,3925357,Calvin Ridley,WR,WR,True,20.0,11.54,False
12,False,5,Remember the Fucking Titans,3043275,Austin Hooper,TE,BE,False,0.0,0.0,False
12,False,5,Remember the Fucking Titans,-16003,Bears D/ST,D/ST,D/ST,True,6.0,8.68,False
12,False,5,Remember the Fucking Titans,14938,Luke Kuechly,LB,DP,True,6.0,9.27,False
12,False,5,Remember the Fucking Titans,10475,Greg Olsen,TE,TE,True,6.9,8.51,False
12,False,5,Remember the Fucking Titans,4241372,Marquise Brown,WR,BE,False,18.7,7.77,False
12,False,5,Remember the Fucking Titans,2998120,Josh Lambo,K,K,True,9.0,7.95,False
12,False,5,Remember the Fucking Titans,3921564,Auden Tate,WR,BE,False,1.5,6.3,False
12,False,5,Remember the Fucking Titans,4047646,A.J. Brown,WR,BE,False,21.5,7.45,False
12,False,5,Remember the Fucking Titans,3128774,Kalen Ballage,RB,BE,False,3.1,8.27,False
12,False,5,Remember the Fucking Titans,2576623,DeVante Parker,WR,WR,True,12.1,10.51,False
12,False,5,Remember the Fucking Titans,2978109,Zach Pascal,WR,RB/WR/TE,True,0.0,6.82,False
12,False,5,Remember the Fucking Titans,3912547,Sam Darnold,QB,QB,True,28.2,14.62,False
12,False,3,Jim Ward's Ole Dick Necks,15825,Le'Veon Bell,RB,RB,True,13.3,14.11,False
12,False,3,Jim Ward's Ole Dick Necks,2976316,Michael Thomas,WR,WR,True,21.1,18.48,False
12,False,3,Jim Ward's Ole Dick Necks,2976212,Stefon Diggs,WR,BE,False,0.0,0.0,True
12,False,3,Jim Ward's Ole Dick Necks,3043078,Derrick Henry,RB,RB,True,29.0,18.23,False
12,False,3,Jim Ward's Ole Dick Necks,2976592,Sterling Shepard,WR,BE,False,6.2,9.21,False
12,False,3,Jim Ward's Ole Dick Necks,3128429,Courtland Sutton,WR,WR,True,3.2,10.67,False
12,False,3,Jim Ward's Ole Dick Necks,3059915,Kareem Hunt,RB,RB/WR/TE,True,11.6,10.75,False
12,False,3,Jim Ward's Ole Dick Necks,2330,Tom Brady,QB,QB,True,11.3,16.79,False
12,False,3,Jim Ward's Ole Dick Necks,3917315,Kyler Murray,QB,BE,False,0.0,0.0,True
12,False,3,Jim Ward's Ole Dick Necks,3055899,Harrison Butker,K,BE,False,0.0,0.0,True
12,False,3,Jim Ward's Ole Dick Necks,-16018,Saints D/ST,D/ST,D/ST,True,4.0,8.44,False
12,False,3,Jim Ward's Ole Dick Necks,16804,John Brown,WR,BE,False,10.9,10.7,False
12,False,3,Jim Ward's Ole Dick Necks,2514270,Jordan Hicks,LB,BE,False,0.0,0.0,True
12,False,3,Jim Ward's Ole Dick Necks,16777,Carlos Hyde,RB,BE,False,7.7,11.22,False
12,False,3,Jim Ward's Ole Dick Necks,13232,Jimmy Graham,TE,TE,True,1.2,6.39,False
12,False,3,Jim Ward's Ole Dick Necks,2976545,Deion Jones,LB,DP,True,9.0,8.98,False
12,False,3,Jim Ward's Ole Dick Necks,3049899,Younghoe Koo,K,K,True,11.0,8.37,False
12,False,8,SCLSU Mud Dogs,15795,DeAndre Hopkins,WR,WR,True,24.4,13.7,False
12,False,8,SCLSU Mud Dogs,15847,Travis Kelce,TE,BE,False,0.0,0.0,True
12,False,8,SCLSU Mud Dogs,3042519,Aaron Jones,RB,RB,True,3.8,13.08,False
12,False,8,SCLSU Mud Dogs,16731,Brandin Cooks,WR,WR,True,4.3,9.24,False
12,False,8,SCLSU Mud Dogs,3122840,Deshaun Watson,QB,QB,True,18.92,20.41,False
12,False,8,SCLSU Mud Dogs,3128721,Sony Michel,RB,RB/WR/TE,True,8.5,10.44,False
12,False,8,SCLSU Mud Dogs,3895856,Christian Kirk,WR,BE,False,0.0,0.0,True
12,False,8,SCLSU Mud Dogs,15920,Latavius Murray,RB,BE,False,12.4,9.36,False
12,False,8,SCLSU Mud Dogs,3122672,Royce Freeman,RB,BE,False,3.9,6.14,False
12,False,8,SCLSU Mud Dogs,3049916,Matt Breida,RB,BE,False,0.0,0.0,False
12,False,8,SCLSU Mud Dogs,14993,Greg Zuerlein,K,K,True,7.0,8.86,False
12,False,8,SCLSU Mud Dogs,3915189,Roquan Smith,LB,DP,True,4.0,8.93,False
12,False,8,SCLSU Mud Dogs,3918298,Josh Allen,QB,BE,False,19.0,17.64,False
12,False,8,SCLSU Mud Dogs,3125403,Brian Hill,RB,RB,True,4.2,10.28,False
12,False,8,SCLSU Mud Dogs,3121023,Dallas Goedert,TE,TE,True,5.7,7.0,False
12,False,8,SCLSU Mud Dogs,3126486,Deebo Samuel,WR,BE,False,12.0,8.8,False
12,False,8,SCLSU Mud Dogs,-16001,Falcons D/ST,D/ST,D/ST,True,2.0,5.11,False
12,False,2,Rodger  That,2977644,Todd Gurley II,RB,RB,True,3.4,14.21,False
12,False,2,Rodger  That,3120348,JuJu Smith-Schuster,WR,BE,False,0.0,0.0,False
12,False,2,Rodger  That,8439,Aaron Rodgers,QB,QB,True,9.46,16.63,False
12,False,2,Rodger  That,13981,Mark Ingram II,RB,RB,True,24.3,12.35,False
12,False,2,Rodger  That,3045144,Tyler Boyd,WR,BE,False,16.6,8.55,False
12,False,2,Rodger  That,3051876,Evan Engram,TE,BE,False,0.0,0.0,False
12,False,2,Rodger  That,16725,Sammy Watkins,WR,BE,False,0.0,0.0,True
12,False,2,Rodger  That,3060022,Jordan Howard,RB,BE,False,0.0,0.0,False
12,False,2,Rodger  That,2576716,Jamison Crowder,WR,WR,True,2.8,10.4,False
12,False,2,Rodger  That,2978273,Blake Martinez,LB,DP,True,8.0,10.93,False
12,False,2,Rodger  That,4047650,DK Metcalf,WR,RB/WR/TE,True,5.0,10.76,False
12,False,2,Rodger  That,3121422,Terry McLaurin,WR,WR,True,9.7,10.34,False
12,False,2,Rodger  That,3918639,Gerald Everett,TE,TE,True,3.3,7.43,False
12,False,2,Rodger  That,-16025,49ers D/ST,D/ST,BE,False,13.0,5.91,False
12,False,2,Rodger  That,11122,Matt Prater,K,K,True,10.0,6.88,False
12,False,2,Rodger  That,-16007,Broncos D/ST,D/ST,D/ST,True,0.0,5.48,False
12,False,1,Below Average Joes,16800,Davante Adams,WR,WR,True,15.8,13.61,False
12,False,1,Below Average Joes,3116385,Joe Mixon,RB,RB,True,7.9,12.31,False
12,False,1,Below Average Joes,17359,Damien Williams,RB,BE,False,0.0,0.0,True
12,False,1,Below Average Joes,15880,Robert Woods,WR,WR,True,12.7,8.96,False
12,False,1,Below Average Joes,3045138,Mike Williams,WR,BE,False,0.0,0.0,True
12,False,1,Below Average Joes,3046439,Hunter Henry,TE,BE,False,0.0,0.0,True
12,False,1,Below Average Joes,3066158,Tarik Cohen,RB,RB,True,8.9,9.05,False
12,False,1,Below Average Joes,3068267,Austin Ekeler,RB,BE,False,0.0,0.0,True
12,False,1,Below Average Joes,13217,Golden Tate,WR,RB/WR/TE,True,10.8,9.04,False
12,False,1,Below Average Joes,14979,Bobby Wagner,LB,DP,True,8.0,10.53,False
12,False,1,Below Average Joes,14880,Kirk Cousins,QB,BE,False,0.0,0.0,True
12,False,1,Below Average Joes,2980453,Jamaal Williams,RB,BE,False,12.5,6.97,False
12,False,1,Below Average Joes,14922,Mohamed Sanu Sr.,WR,BE,False,0.0,0.0,False
12,False,1,Below Average Joes,11237,Matt Ryan,QB,QB,True,7.64,21.26,False
12,False,1,Below Average Joes,4036131,Noah Fant,TE,TE,True,2.9,7.23,False
12,False,1,Below Average Joes,3821683,Austin Seibert,K,K,True,11.0,8.04,False
12,False,1,Below Average Joes,-16005,Browns D/ST,D/ST,D/ST,True,10.0,8.04,False
13,False,10,High Noon,3117251,Christian McCaffrey,RB,RB,True,13.7,25.41,False
13,False,10,High Noon,3115364,Leonard Fournette,RB,RB,True,14.6,18.27,False
13,False,10,High Noon,14912,Alshon Jeffery,WR,BE,False,24.2,10.58,False
13,False,10,High Noon,3116165,Chris Godwin,WR,WR,True,7.0,14.59,False
13,False,10,High Noon,3121427,Curtis Samuel,WR,BE,False,14.5,9.17,False
13,False,10,High Noon,4036348,Michael Gallup,WR,WR,True,7.8,9.69,False
13,False,10,High Noon,-16017,Patriots D/ST,D/ST,BE,False,4.0,5.86,False
13,False,10,High Noon,2979477,Tevin Coleman,RB,BE,False,2.0,13.0,False
13,False,10,High Noon,2578570,Jacoby Brissett,QB,BE,False,12.66,15.45,False
13,False,10,High Noon,4045163,Miles Sanders,RB,RB/WR/TE,True,19.0,14.93,False
13,False,10,High Noon,-16033,Ravens D/ST,D/ST,D/ST,True,7.0,5.85,False
13,False,10,High Noon,14877,Nick Foles,QB,QB,True,-1.98,16.82,False
13,False,10,High Noon,3125404,Jacob Hollister,TE,TE,True,7.4,7.31,False
13,False,10,High Noon,4035434,Devin White,LB,DP,True,17.0,8.95,False
13,False,10,High Noon,2473037,Jason Myers,K,K,True,13.0,8.08,False
13,False,10,High Noon,14876,Ryan Tannehill,QB,BE,False,13.78,15.35,False
13,False,10,High Noon,15887,Ryan Griffin,TE,BE,False,5.5,5.18,False
13,False,4,The New Guy,3929630,Saquon Barkley,RB,RB,True,13.0,17.75,False
13,False,4,The New Guy,16944,Devonta Freeman,RB,RB/WR/TE,True,9.4,12.65,False
13,False,4,The New Guy,15818,Keenan Allen,WR,WR,True,15.8,10.79,False
13,False,4,The New Guy,2977187,Cooper Kupp,WR,WR,True,15.5,12.01,False
13,False,4,The New Guy,2974858,Kenny Golladay,WR,BE,False,23.8,10.49,False
13,False,4,The New Guy,2979843,Kenyan Drake,RB,RB,True,6.1,11.22,False
13,False,4,The New Guy,3052587,Baker Mayfield,QB,QB,True,8.04,14.38,False
13,False,4,The New Guy,3915823,Keke Coutee,WR,BE,False,0.0,0.0,False
13,False,4,The New Guy,16732,Eric Ebron,TE,BE,False,0.0,0.0,False
13,False,4,The New Guy,2985659,Wil Lutz,K,K,True,17.0,7.41,False
13,False,4,The New Guy,4040761,Devin Singletary,RB,BE,False,17.6,10.7,False
13,False,4,The New Guy,4036133,T.J. Hockenson,TE,TE,True,4.8,5.49,False
13,False,4,The New Guy,12483,Matthew Stafford,QB,BE,False,0.0,0.0,False
13,False,4,The New Guy,17497,Todd Davis,LB,DP,True,10.0,9.0,False
13,False,4,The New Guy,-16012,Chiefs D/ST,D/ST,BE,False,21.0,4.4,False
13,False,4,The New Guy,-16030,Jaguars D/ST,D/ST,D/ST,True,6.0,5.88,False
13,False,4,The New Guy,14053,Randall Cobb,WR,BE,False,6.8,7.74,False
13,False,6,"Dude, Where's  My Lamar",16733,Odell Beckham Jr.,WR,RB/WR/TE,True,4.4,11.3,False
13,False,6,"Dude, Where's  My Lamar",3116406,Tyreek Hill,WR,WR,True,7.6,16.75,False
13,False,6,"Dude, Where's  My Lamar",3040151,George Kittle,TE,TE,True,2.4,14.48,False
13,False,6,"Dude, Where's  My Lamar",2576434,Melvin Gordon,RB,RB,True,12.0,12.44,False
13,False,6,"Dude, Where's  My Lamar",3915416,DJ Moore,WR,WR,True,16.2,12.67,False
13,False,6,"Dude, Where's  My Lamar",15072,Marvin Jones Jr.,WR,BE,False,11.5,9.86,False
13,False,6,"Dude, Where's  My Lamar",2969962,Duke Johnson,RB,BE,False,17.5,7.21,False
13,False,6,"Dude, Where's  My Lamar",12514,LeSean McCoy,RB,BE,False,10.5,11.38,False
13,False,6,"Dude, Where's  My Lamar",3916387,Lamar Jackson,QB,QB,True,22.3,22.16,False
13,False,6,"Dude, Where's  My Lamar",4249087,Matt Gay,K,K,True,8.0,8.55,False
13,False,6,"Dude, Where's  My Lamar",2977819,Joe Schobert,LB,DP,True,7.0,9.13,False
13,False,6,"Dude, Where's  My Lamar",2969939,Jameis Winston,QB,BE,False,10.72,20.1,False
13,False,6,"Dude, Where's  My Lamar",-16023,Steelers D/ST,D/ST,D/ST,True,14.0,7.71,False
13,False,6,"Dude, Where's  My Lamar",2977800,Alex Erickson,WR,BE,False,3.1,6.63,False
13,False,6,"Dude, Where's  My Lamar",4040980,Irv Smith Jr.,TE,BE,False,1.1,6.38,False
13,False,6,"Dude, Where's  My Lamar",10452,Adrian Peterson,RB,BE,False,15.9,6.42,False
13,False,6,"Dude, Where's  My Lamar",4035072,Benny Snell Jr.,RB,RB,True,13.2,9.43,False
13,False,11,Dez (Bryant) Nuts,3051392,Ezekiel Elliott,RB,RB,True,17.2,18.67,False
13,False,11,Dez (Bryant) Nuts,4047365,Josh Jacobs,RB,RB,True,10.4,15.98,False
13,False,11,Dez (Bryant) Nuts,12649,Julian Edelman,WR,RB/WR/TE,True,18.9,14.05,False
13,False,11,Dez (Bryant) Nuts,16913,James White,RB,BE,False,33.7,10.25,False
13,False,11,Dez (Bryant) Nuts,16799,Allen Robinson II,WR,WR,True,18.6,11.69,False
13,False,11,Dez (Bryant) Nuts,2577417,Dak Prescott,QB,QB,True,22.7,18.63,False
13,False,11,Dez (Bryant) Nuts,13295,Emmanuel Sanders,WR,BE,False,6.1,9.95,False
13,False,11,Dez (Bryant) Nuts,3138677,Leighton Vander Esch,LB,BE,False,0.0,0.0,False
13,False,11,Dez (Bryant) Nuts,3116365,Mark Andrews,TE,TE,True,12.5,9.23,False
13,False,11,Dez (Bryant) Nuts,2971573,Ka'imi Fairbairn,K,K,True,4.0,7.33,False
13,False,11,Dez (Bryant) Nuts,10453,Ted Ginn Jr.,WR,BE,False,0.0,6.58,False
13,False,11,Dez (Bryant) Nuts,3115394,DJ Chark Jr.,WR,WR,True,5.7,13.61,False
13,False,11,Dez (Bryant) Nuts,-16029,Panthers D/ST,D/ST,D/ST,True,5.0,8.05,False
13,False,11,Dez (Bryant) Nuts,-16009,Packers D/ST,D/ST,BE,False,9.0,6.07,False
13,False,11,Dez (Bryant) Nuts,3040180,De'Vondre Campbell,LB,DP,True,3.0,8.65,False
13,False,11,Dez (Bryant) Nuts,4527,Jason Witten,TE,BE,False,15.2,6.22,False
13,False,11,Dez (Bryant) Nuts,10636,Mason Crosby,K,BE,False,8.0,6.03,False
13,False,5,Remember the Fucking Titans,3054850,Alvin Kamara,RB,RB,True,10.4,17.3,False
13,False,5,Remember the Fucking Titans,3139477,Patrick Mahomes,QB,QB,True,19.5,22.67,False
13,False,5,Remember the Fucking Titans,16460,Adam Thielen,WR,BE,False,0.0,0.0,False
13,False,5,Remember the Fucking Titans,3052117,Phillip Lindsay,RB,RB,True,7.7,13.05,False
13,False,5,Remember the Fucking Titans,3925357,Calvin Ridley,WR,WR,True,13.1,12.04,False
13,False,5,Remember the Fucking Titans,3043275,Austin Hooper,TE,BE,False,0.0,0.0,False
13,False,5,Remember the Fucking Titans,-16003,Bears D/ST,D/ST,D/ST,True,3.0,8.88,False
13,False,5,Remember the Fucking Titans,14938,Luke Kuechly,LB,DP,True,7.0,8.17,False
13,False,5,Remember the Fucking Titans,10475,Greg Olsen,TE,TE,True,3.7,8.14,False
13,False,5,Remember the Fucking Titans,4241372,Marquise Brown,WR,BE,False,0.6,8.47,False
13,False,5,Remember the Fucking Titans,2998120,Josh Lambo,K,K,True,5.0,9.2,False
13,False,5,Remember the Fucking Titans,3921564,Auden Tate,WR,BE,False,8.6,7.53,False
13,False,5,Remember the Fucking Titans,4047646,A.J. Brown,WR,RB/WR/TE,True,6.0,9.63,False
13,False,5,Remember the Fucking Titans,3128774,Kalen Ballage,RB,BE,False,0.0,6.54,False
13,False,5,Remember the Fucking Titans,2576623,DeVante Parker,WR,WR,True,31.4,10.6,False
13,False,5,Remember the Fucking Titans,2978109,Zach Pascal,WR,BE,False,14.4,7.63,False
13,False,5,Remember the Fucking Titans,3912547,Sam Darnold,QB,BE,False,10.46,15.52,False
13,False,13,Fuck Luck,2508176,David Johnson,RB,BE,False,3.4,5.77,False
13,False,13,Fuck Luck,3116593,Dalvin Cook,RB,RB,True,11.9,18.92,False
13,False,13,Fuck Luck,2976499,Amari Cooper,WR,WR,True,12.5,12.07,False
13,False,13,Fuck Luck,15835,Zach Ertz,TE,TE,True,3.9,10.7,False
13,False,13,Fuck Luck,2577327,Tyler Lockett,WR,RB/WR/TE,True,0.0,12.86,False
13,False,13,Fuck Luck,3052876,Will Fuller V,WR,BE,False,1.3,10.08,False
13,False,13,Fuck Luck,14881,Russell Wilson,QB,QB,True,16.9,20.63,False
13,False,13,Fuck Luck,-16016,Vikings D/ST,D/ST,BE,False,6.0,4.95,False
13,False,13,Fuck Luck,3912550,Ronald Jones II,RB,RB,True,0.8,11.86,False
13,False,13,Fuck Luck,4048244,Alexander Mattison,RB,BE,False,9.3,4.28,False
13,False,13,Fuck Luck,3056362,Darius Leonard,LB,DP,True,16.0,10.36,False
13,False,13,Fuck Luck,12537,Jared Cook,TE,BE,False,10.0,9.18,False
13,False,13,Fuck Luck,3892889,Dede Westbrook,WR,WR,True,17.5,10.04,False
13,False,13,Fuck Luck,9354,Robbie Gould,K,K,True,4.0,7.53,False
13,False,13,Fuck Luck,-16021,Eagles D/ST,D/ST,D/ST,True,-1.0,7.58,False
13,False,13,Fuck Luck,3138826,Fred Warner,LB,BE,False,11.0,9.4,False
13,False,13,Fuck Luck,3120348,JuJu Smith-Schuster,WR,BE,False,0.0,0.0,False
13,False,8,SCLSU Mud Dogs,15795,DeAndre Hopkins,WR,RB/WR/TE,True,13.14,12.85,False
13,False,8,SCLSU Mud Dogs,15847,Travis Kelce,TE,TE,True,11.5,13.96,False
13,False,8,SCLSU Mud Dogs,3042519,Aaron Jones,RB,RB,True,5.1,14.33,False
13,False,8,SCLSU Mud Dogs,16731,Brandin Cooks,WR,BE,False,3.4,9.61,False
13,False,8,SCLSU Mud Dogs,3122840,Deshaun Watson,QB,QB,True,28.36,16.67,False
13,False,8,SCLSU Mud Dogs,3128721,Sony Michel,RB,RB,True,4.5,10.23,False
13,False,8,SCLSU Mud Dogs,3895856,Christian Kirk,WR,WR,True,3.8,10.94,False
13,False,8,SCLSU Mud Dogs,15920,Latavius Murray,RB,BE,False,0.2,7.21,False
13,False,8,SCLSU Mud Dogs,3122672,Royce Freeman,RB,BE,False,4.4,6.63,False
13,False,8,SCLSU Mud Dogs,3049916,Matt Breida,RB,BE,False,0.0,0.0,False
13,False,8,SCLSU Mud Dogs,14993,Greg Zuerlein,K,K,True,9.0,7.8,False
13,False,8,SCLSU Mud Dogs,3915189,Roquan Smith,LB,DP,True,20.0,8.72,False
13,False,8,SCLSU Mud Dogs,3918298,Josh Allen,QB,BE,False,23.54,18.63,False
13,False,8,SCLSU Mud Dogs,3125403,Brian Hill,RB,BE,False,7.2,3.54,False
13,False,8,SCLSU Mud Dogs,3121023,Dallas Goedert,TE,BE,False,9.6,6.56,False
13,False,8,SCLSU Mud Dogs,3126486,Deebo Samuel,WR,WR,True,13.1,8.58,False
13,False,8,SCLSU Mud Dogs,-16020,Jets D/ST,D/ST,D/ST,True,3.0,6.17,False
13,False,12,Rule  #76,3128720,Nick Chubb,RB,RB/WR/TE,True,8.4,16.85,False
13,False,12,Rule  #76,13982,Julio Jones,WR,BE,False,0.0,0.0,False
13,False,12,Rule  #76,4035538,David Montgomery,RB,RB,True,15.7,10.87,False
13,False,12,Rule  #76,3139605,Marlon Mack,RB,BE,False,0.0,0.0,False
13,False,12,Rule  #76,16790,Jarvis Landry,WR,WR,True,10.6,11.81,False
13,False,12,Rule  #76,13983,A.J. Green,WR,BE,False,0.0,0.0,False
13,False,12,Rule  #76,2573079,Carson Wentz,QB,QB,True,24.4,19.03,False
13,False,12,Rule  #76,2587819,Tyrell Williams,WR,BE,False,1.4,9.05,False
13,False,12,Rule  #76,15683,Justin Tucker,K,K,True,9.0,9.56,False
13,False,12,Rule  #76,-16002,Bills D/ST,D/ST,D/ST,True,8.0,4.44,False
13,False,12,Rule  #76,2978304,Cory Littleton,LB,DP,True,10.0,9.12,False
13,False,12,Rule  #76,2576925,Darren Waller,TE,TE,True,13.5,10.03,False
13,False,12,Rule  #76,3932905,Diontae Johnson,WR,BE,False,4.6,7.97,False
13,False,12,Rule  #76,3116721,Jaylen Samuels,RB,BE,False,6.4,7.3,False
13,False,12,Rule  #76,5529,Philip Rivers,QB,BE,False,16.6,13.07,False
13,False,12,Rule  #76,2980077,Jonathan Williams,RB,RB,True,3.0,12.64,False
13,False,12,Rule  #76,2578533,Chris Conley,WR,WR,True,7.7,8.63,False
13,False,1,Below Average Joes,16800,Davante Adams,WR,WR,True,21.4,14.91,False
13,False,1,Below Average Joes,3116385,Joe Mixon,RB,RB,True,15.0,12.83,False
13,False,1,Below Average Joes,17359,Damien Williams,RB,BE,False,0.0,0.0,False
13,False,1,Below Average Joes,15880,Robert Woods,WR,WR,True,23.7,10.86,False
13,False,1,Below Average Joes,3045138,Mike Williams,WR,BE,False,14.2,7.67,False
13,False,1,Below Average Joes,3046439,Hunter Henry,TE,TE,True,2.0,11.1,False
13,False,1,Below Average Joes,3066158,Tarik Cohen,RB,BE,False,5.5,10.21,False
13,False,1,Below Average Joes,3068267,Austin Ekeler,RB,RB,True,14.7,10.63,False
13,False,1,Below Average Joes,13217,Golden Tate,WR,BE,False,0.0,0.0,False
13,False,1,Below Average Joes,14979,Bobby Wagner,LB,DP,True,10.0,9.71,False
13,False,1,Below Average Joes,14880,Kirk Cousins,QB,QB,True,17.04,17.17,False
13,False,1,Below Average Joes,2980453,Jamaal Williams,RB,BE,False,9.7,9.16,False
13,False,1,Below Average Joes,14922,Mohamed Sanu Sr.,WR,BE,False,2.9,8.55,False
13,False,1,Below Average Joes,11237,Matt Ryan,QB,BE,False,16.58,15.77,False
13,False,1,Below Average Joes,3821683,Austin Seibert,K,K,True,7.0,8.27,False
13,False,1,Below Average Joes,-16005,Browns D/ST,D/ST,D/ST,True,3.0,5.68,False
13,False,1,Below Average Joes,3916945,Darius Slayton,WR,RB/WR/TE,True,8.4,10.58,False
13,False,3,Jim Ward's Ole Dick Necks,15825,Le'Veon Bell,RB,RB,True,8.7,15.35,False
13,False,3,Jim Ward's Ole Dick Necks,2976316,Michael Thomas,WR,WR,True,7.8,20.32,False
13,False,3,Jim Ward's Ole Dick Necks,2976212,Stefon Diggs,WR,RB/WR/TE,True,8.2,12.12,False
13,False,3,Jim Ward's Ole Dick Necks,3043078,Derrick Henry,RB,RB,True,22.1,15.46,False
13,False,3,Jim Ward's Ole Dick Necks,2976592,Sterling Shepard,WR,BE,False,11.5,11.01,False
13,False,3,Jim Ward's Ole Dick Necks,3128429,Courtland Sutton,WR,BE,False,22.4,10.88,False
13,False,3,Jim Ward's Ole Dick Necks,3059915,Kareem Hunt,RB,BE,False,15.0,9.87,False
13,False,3,Jim Ward's Ole Dick Necks,2330,Tom Brady,QB,QB,True,25.34,17.65,False
13,False,3,Jim Ward's Ole Dick Necks,3917315,Kyler Murray,QB,BE,False,13.32,19.75,False
13,False,3,Jim Ward's Ole Dick Necks,3055899,Harrison Butker,K,BE,False,10.0,8.95,False
13,False,3,Jim Ward's Ole Dick Necks,-16018,Saints D/ST,D/ST,D/ST,True,15.0,7.27,False
13,False,3,Jim Ward's Ole Dick Necks,16804,John Brown,WR,WR,True,9.22,11.42,False
13,False,3,Jim Ward's Ole Dick Necks,2514270,Jordan Hicks,LB,DP,True,5.0,10.25,False
13,False,3,Jim Ward's Ole Dick Necks,16777,Carlos Hyde,RB,BE,False,2.7,10.06,False
13,False,3,Jim Ward's Ole Dick Necks,13232,Jimmy Graham,TE,TE,True,2.1,6.31,False
13,False,3,Jim Ward's Ole Dick Necks,2976545,Deion Jones,LB,BE,False,9.0,8.24,False
13,False,3,Jim Ward's Ole Dick Necks,3049899,Younghoe Koo,K,K,True,7.0,7.14,False
13,False,9,Tonie's Tigers,3045147,James Conner,RB,BE,False,0.0,0.0,False
13,False,9,Tonie's Tigers,16737,Mike Evans,WR,WR,True,7.3,14.98,False
13,False,9,Tonie's Tigers,3919596,Chris Carson,RB,RB,True,17.4,14.59,False
13,False,9,Tonie's Tigers,14924,T.Y. Hilton,WR,BE,False,0.0,0.0,False
13,False,9,Tonie's Tigers,2574808,Robby Anderson,WR,RB/WR/TE,True,13.6,7.67,False
13,False,9,Tonie's Tigers,2580,Drew Brees,QB,QB,True,11.26,18.79,False
13,False,9,Tonie's Tigers,3051902,Peyton Barber,RB,BE,False,18.4,6.47,False
13,False,9,Tonie's Tigers,5528,Larry Fitzgerald,WR,WR,True,8.6,7.92,False
13,False,9,Tonie's Tigers,-16014,Rams D/ST,D/ST,D/ST,True,20.0,6.18,False
13,False,9,Tonie's Tigers,16757,Derek Carr,QB,BE,False,9.58,14.68,False
13,False,9,Tonie's Tigers,15839,Marquise Goodwin,WR,BE,False,0.0,0.0,False
13,False,9,Tonie's Tigers,15773,Darren Fells,TE,BE,False,9.3,4.09,False
13,False,9,Tonie's Tigers,3843750,Derrius Guice,RB,RB,True,26.7,7.77,False
13,False,9,Tonie's Tigers,16504,Jack Doyle,TE,TE,True,16.3,6.67,False
13,False,9,Tonie's Tigers,3124084,Joey Slye,K,K,True,3.0,7.69,False
13,False,9,Tonie's Tigers,15349,Cole Beasley,WR,BE,False,20.0,8.24,False
13,False,9,Tonie's Tigers,3052896,Jaylon Smith,LB,DP,True,14.0,10.55,False
13,False,2,Rodger  That,2977644,Todd Gurley II,RB,RB,True,18.0,15.41,False
13,False,2,Rodger  That,8439,Aaron Rodgers,QB,QB,True,28.12,18.37,False
13,False,2,Rodger  That,13981,Mark Ingram II,RB,RB,True,7.2,13.94,False
13,False,2,Rodger  That,3045144,Tyler Boyd,WR,RB/WR/TE,True,14.4,10.35,False
13,False,2,Rodger  That,3051876,Evan Engram,TE,BE,False,0.0,0.0,False
13,False,2,Rodger  That,16725,Sammy Watkins,WR,BE,False,0.0,9.68,False
13,False,2,Rodger  That,3060022,Jordan Howard,RB,BE,False,0.0,0.0,False
13,False,2,Rodger  That,2576716,Jamison Crowder,WR,WR,True,1.8,10.19,False
13,False,2,Rodger  That,2978273,Blake Martinez,LB,DP,True,10.0,10.41,False
13,False,2,Rodger  That,4047650,DK Metcalf,WR,BE,False,8.5,10.61,False
13,False,2,Rodger  That,3121422,Terry McLaurin,WR,WR,True,1.8,9.82,False
13,False,2,Rodger  That,3918639,Gerald Everett,TE,BE,False,0.0,0.0,False
13,False,2,Rodger  That,-16025,49ers D/ST,D/ST,BE,False,5.0,5.12,False
13,False,2,Rodger  That,11122,Matt Prater,K,K,True,8.0,6.62,False
13,False,2,Rodger  That,-16007,Broncos D/ST,D/ST,D/ST,True,6.0,5.68,False
13,False,2,Rodger  That,3139925,Rashaad Penny,RB,BE,False,24.7,6.08,False
13,False,2,Rodger  That,4044452,Kaden Smith,TE,TE,True,11.0,6.13,False
14,True,10,High Noon,3117251,Christian McCaffrey,RB,RB,True,19.0,24.97,False
14,True,10,High Noon,3115364,Leonard Fournette,RB,RB,True,7.8,18.78,False
14,True,10,High Noon,14912,Alshon Jeffery,WR,WR,True,0.0,11.54,False
14,True,10,High Noon,3116165,Chris Godwin,WR,WR,True,14.6,13.85,False
14,True,10,High Noon,3121427,Curtis Samuel,WR,BE,False,6.2,9.94,False
14,True,10,High Noon,4036348,Michael Gallup,WR,BE,False,13.9,9.61,False
14,True,10,High Noon,-16017,Patriots D/ST,D/ST,BE,False,7.0,3.83,False
14,True,10,High Noon,2979477,Tevin Coleman,RB,BE,False,0.6,10.56,False
14,True,10,High Noon,2578570,Jacoby Brissett,QB,BE,False,22.64,17.69,False
14,True,10,High Noon,4045163,Miles Sanders,RB,RB/WR/TE,True,8.9,14.89,False
14,True,10,High Noon,-16033,Ravens D/ST,D/ST,D/ST,True,11.0,6.12,False
14,True,10,High Noon,3125404,Jacob Hollister,TE,BE,False,5.4,7.58,False
14,True,10,High Noon,4035434,Devin White,LB,DP,True,8.0,9.27,False
14,True,10,High Noon,14876,Ryan Tannehill,QB,QB,True,28.54,18.7,False
14,True,10,High Noon,15887,Ryan Griffin,TE,BE,False,1.3,6.48,False
14,True,10,High Noon,14054,Kyle Rudolph,TE,TE,True,2.1,8.28,False
14,True,10,High Noon,3050478,Jake Elliott,K,K,True,4.0,6.43,False
14,True,11,Dez (Bryant) Nuts,3051392,Ezekiel Elliott,RB,RB,True,22.3,17.05,False
14,True,11,Dez (Bryant) Nuts,4047365,Josh Jacobs,RB,RB,True,0.0,0.0,False
14,True,11,Dez (Bryant) Nuts,12649,Julian Edelman,WR,WR,True,20.3,14.13,False
14,True,11,Dez (Bryant) Nuts,16913,James White,RB,RB/WR/TE,True,10.9,12.21,False
14,True,11,Dez (Bryant) Nuts,16799,Allen Robinson II,WR,WR,True,19.3,11.51,False
14,True,11,Dez (Bryant) Nuts,2577417,Dak Prescott,QB,QB,True,17.46,17.3,False
14,True,11,Dez (Bryant) Nuts,13295,Emmanuel Sanders,WR,BE,False,30.6,9.76,False
14,True,11,Dez (Bryant) Nuts,3138677,Leighton Vander Esch,LB,BE,False,0.0,0.0,False
14,True,11,Dez (Bryant) Nuts,3116365,Mark Andrews,TE,TE,True,1.9,10.06,False
14,True,11,Dez (Bryant) Nuts,2971573,Ka'imi Fairbairn,K,K,True,9.0,7.49,False
14,True,11,Dez (Bryant) Nuts,10453,Ted Ginn Jr.,WR,BE,False,7.0,5.63,False
14,True,11,Dez (Bryant) Nuts,3115394,DJ Chark Jr.,WR,BE,False,12.0,11.1,False
14,True,11,Dez (Bryant) Nuts,-16029,Panthers D/ST,D/ST,D/ST,True,-7.0,7.31,False
14,True,11,Dez (Bryant) Nuts,-16009,Packers D/ST,D/ST,BE,False,9.0,7.26,False
14,True,11,Dez (Bryant) Nuts,3040180,De'Vondre Campbell,LB,DP,True,9.0,8.93,False
14,True,11,Dez (Bryant) Nuts,4527,Jason Witten,TE,BE,False,6.2,6.37,False
14,True,11,Dez (Bryant) Nuts,10636,Mason Crosby,K,BE,False,8.0,7.12,False
14,True,12,Rule  #76,3128720,Nick Chubb,RB,RB/WR/TE,True,12.2,17.39,False
14,True,12,Rule  #76,13982,Julio Jones,WR,WR,True,9.1,14.05,False
14,True,12,Rule  #76,4035538,David Montgomery,RB,RB,True,6.6,9.86,False
14,True,12,Rule  #76,3139605,Marlon Mack,RB,RB,True,9.8,12.6,False
14,True,12,Rule  #76,16790,Jarvis Landry,WR,WR,True,9.6,12.24,False
14,True,12,Rule  #76,13983,A.J. Green,WR,BE,False,0.0,0.0,False
14,True,12,Rule  #76,2573079,Carson Wentz,QB,QB,True,19.9,18.95,False
14,True,12,Rule  #76,2587819,Tyrell Williams,WR,BE,False,5.0,8.8,False
14,True,12,Rule  #76,15683,Justin Tucker,K,K,True,6.0,8.15,False
14,True,12,Rule  #76,-16002,Bills D/ST,D/ST,BE,False,5.0,4.81,False
14,True,12,Rule  #76,2978304,Cory Littleton,LB,DP,True,10.0,9.84,False
14,True,12,Rule  #76,2576925,Darren Waller,TE,TE,True,8.2,11.29,False
14,True,12,Rule  #76,3116721,Jaylen Samuels,RB,BE,False,4.4,7.98,False
14,True,12,Rule  #76,5529,Philip Rivers,QB,BE,False,24.56,14.72,False
14,True,12,Rule  #76,2980077,Jonathan Williams,RB,BE,False,0.0,0.0,False
14,True,12,Rule  #76,2578533,Chris Conley,WR,BE,False,1.2,7.11,False
14,True,12,Rule  #76,-16027,Buccaneers D/ST,D/ST,D/ST,True,2.0,6.27,False
14,True,2,Rodger  That,2977644,Todd Gurley II,RB,RB,True,19.3,15.11,False
14,True,2,Rodger  That,8439,Aaron Rodgers,QB,QB,True,11.4,18.43,False
14,True,2,Rodger  That,13981,Mark Ingram II,RB,RB,True,9.4,13.3,False
14,True,2,Rodger  That,3045144,Tyler Boyd,WR,WR,True,10.7,10.7,False
14,True,2,Rodger  That,3051876,Evan Engram,TE,BE,False,0.0,0.0,False
14,True,2,Rodger  That,16725,Sammy Watkins,WR,BE,False,7.0,7.3,False
14,True,2,Rodger  That,3060022,Jordan Howard,RB,BE,False,0.0,0.0,False
14,True,2,Rodger  That,2576716,Jamison Crowder,WR,WR,True,4.4,9.6,False
14,True,2,Rodger  That,2978273,Blake Martinez,LB,DP,True,11.0,9.53,False
14,True,2,Rodger  That,4047650,DK Metcalf,WR,BE,False,10.8,11.0,False
14,True,2,Rodger  That,3121422,Terry McLaurin,WR,BE,False,13.7,9.12,False
14,True,2,Rodger  That,-16025,49ers D/ST,D/ST,D/ST,True,-8.0,5.82,False
14,True,2,Rodger  That,11122,Matt Prater,K,K,True,0.0,5.72,False
14,True,2,Rodger  That,3139925,Rashaad Penny,RB,RB/WR/TE,True,2.1,7.27,False
14,True,2,Rodger  That,4044452,Kaden Smith,TE,BE,False,1.9,7.85,False
14,True,2,Rodger  That,3116164,Mike Gesicki,TE,TE,True,1.1,7.5,False
14,True,2,Rodger  That,3052177,John Ross III,WR,BE,False,3.8,6.63,False
14,True,8,SCLSU Mud Dogs,15795,DeAndre Hopkins,WR,WR,True,22.7,13.85,False
14,True,8,SCLSU Mud Dogs,15847,Travis Kelce,TE,TE,True,14.5,13.24,False
14,True,8,SCLSU Mud Dogs,3042519,Aaron Jones,RB,RB,True,28.2,15.12,False
14,True,8,SCLSU Mud Dogs,16731,Brandin Cooks,WR,BE,False,0.0,7.94,False
14,True,8,SCLSU Mud Dogs,3122840,Deshaun Watson,QB,QB,True,28.08,19.46,False
14,True,8,SCLSU Mud Dogs,3128721,Sony Michel,RB,RB,True,1.4,10.6,False
14,True,8,SCLSU Mud Dogs,3895856,Christian Kirk,WR,RB/WR/TE,True,13.9,10.2,False
14,True,8,SCLSU Mud Dogs,15920,Latavius Murray,RB,BE,False,10.4,6.21,False
14,True,8,SCLSU Mud Dogs,3122672,Royce Freeman,RB,BE,False,10.2,7.02,False
14,True,8,SCLSU Mud Dogs,3049916,Matt Breida,RB,BE,False,6.3,7.2,False
14,True,8,SCLSU Mud Dogs,14993,Greg Zuerlein,K,K,True,3.0,8.83,False
14,True,8,SCLSU Mud Dogs,3915189,Roquan Smith,LB,DP,True,2.0,8.7,False
14,True,8,SCLSU Mud Dogs,3918298,Josh Allen,QB,BE,False,10.74,18.74,False
14,True,8,SCLSU Mud Dogs,3125403,Brian Hill,RB,BE,False,12.2,4.75,False
14,True,8,SCLSU Mud Dogs,3126486,Deebo Samuel,WR,WR,True,13.4,9.0,False
14,True,8,SCLSU Mud Dogs,-16034,Texans D/ST,D/ST,D/ST,True,1.0,6.82,False
14,True,8,SCLSU Mud Dogs,-16021,Eagles D/ST,D/ST,BE,False,5.0,6.25,False
14,True,1,Below Average Joes,16800,Davante Adams,WR,WR,True,6.1,14.06,False
14,True,1,Below Average Joes,3116385,Joe Mixon,RB,RB,True,26.1,12.56,False
14,True,1,Below Average Joes,17359,Damien Williams,RB,BE,False,0.0,0.0,False
14,True,1,Below Average Joes,15880,Robert Woods,WR,WR,True,22.2,11.02,False
14,True,1,Below Average Joes,3045138,Mike Williams,WR,BE,False,13.3,8.64,False
14,True,1,Below Average Joes,3046439,Hunter Henry,TE,TE,True,10.9,11.02,False
14,True,1,Below Average Joes,3066158,Tarik Cohen,RB,BE,False,6.1,8.7,False
14,True,1,Below Average Joes,3068267,Austin Ekeler,RB,RB,True,29.3,12.59,False
14,True,1,Below Average Joes,13217,Golden Tate,WR,BE,False,1.6,8.67,False
14,True,1,Below Average Joes,14979,Bobby Wagner,LB,DP,True,14.0,9.92,False
14,True,1,Below Average Joes,14880,Kirk Cousins,QB,QB,True,13.58,18.11,False
14,True,1,Below Average Joes,2980453,Jamaal Williams,RB,RB/WR/TE,True,2.4,10.15,False
14,True,1,Below Average Joes,14922,Mohamed Sanu Sr.,WR,BE,False,1.8,5.93,False
14,True,1,Below Average Joes,11237,Matt Ryan,QB,BE,False,21.32,19.15,False
14,True,1,Below Average Joes,3821683,Austin Seibert,K,K,True,11.0,7.89,False
14,True,1,Below Average Joes,-16005,Browns D/ST,D/ST,D/ST,True,5.0,7.71,False
14,True,1,Below Average Joes,3916945,Darius Slayton,WR,BE,False,29.9,10.99,False
14,True,13,Fuck Luck,2508176,David Johnson,RB,BE,False,12.3,5.68,False
14,True,13,Fuck Luck,3116593,Dalvin Cook,RB,RB,True,14.5,21.54,False
14,True,13,Fuck Luck,2976499,Amari Cooper,WR,WR,True,17.3,12.43,False
14,True,13,Fuck Luck,15835,Zach Ertz,TE,TE,True,25.6,11.68,False
14,True,13,Fuck Luck,2577327,Tyler Lockett,WR,WR,True,6.3,11.23,False
14,True,13,Fuck Luck,3052876,Will Fuller V,WR,BE,False,0.0,0.0,False
14,True,13,Fuck Luck,14881,Russell Wilson,QB,QB,True,10.6,19.8,False
14,True,13,Fuck Luck,-16016,Vikings D/ST,D/ST,D/ST,True,14.0,8.4,False
14,True,13,Fuck Luck,3912550,Ronald Jones II,RB,BE,False,8.9,8.35,False
14,True,13,Fuck Luck,4048244,Alexander Mattison,RB,BE,False,7.4,5.67,False
14,True,13,Fuck Luck,3056362,Darius Leonard,LB,DP,True,19.0,11.97,False
14,True,13,Fuck Luck,12537,Jared Cook,TE,BE,False,19.4,8.02,False
14,True,13,Fuck Luck,3892889,Dede Westbrook,WR,BE,False,5.5,8.53,False
14,True,13,Fuck Luck,9354,Robbie Gould,K,K,True,13.0,8.3,False
14,True,13,Fuck Luck,3120348,JuJu Smith-Schuster,WR,BE,False,0.0,0.0,False
14,True,13,Fuck Luck,14129,Bilal Powell,RB,RB,True,10.8,11.2,False
14,True,13,Fuck Luck,3122449,James Washington,WR,RB/WR/TE,True,5.3,9.09,False
14,True,6,"Dude, Where's  My Lamar",16733,Odell Beckham Jr.,WR,RB/WR/TE,True,4.9,11.41,False
14,True,6,"Dude, Where's  My Lamar",3116406,Tyreek Hill,WR,WR,True,10.0,13.83,False
14,True,6,"Dude, Where's  My Lamar",3040151,George Kittle,TE,TE,True,16.7,14.01,False
14,True,6,"Dude, Where's  My Lamar",2576434,Melvin Gordon,RB,RB,True,16.9,14.32,False
14,True,6,"Dude, Where's  My Lamar",3915416,DJ Moore,WR,WR,True,10.1,13.89,False
14,True,6,"Dude, Where's  My Lamar",15072,Marvin Jones Jr.,WR,BE,False,5.3,11.11,False
14,True,6,"Dude, Where's  My Lamar",2969962,Duke Johnson,RB,BE,False,7.5,8.78,False
14,True,6,"Dude, Where's  My Lamar",12514,LeSean McCoy,RB,BE,False,4.8,10.5,False
14,True,6,"Dude, Where's  My Lamar",3916387,Lamar Jackson,QB,QB,True,19.8,22.37,False
14,True,6,"Dude, Where's  My Lamar",4249087,Matt Gay,K,K,True,9.0,8.35,False
14,True,6,"Dude, Where's  My Lamar",2977819,Joe Schobert,LB,DP,True,8.0,9.67,False
14,True,6,"Dude, Where's  My Lamar",2969939,Jameis Winston,QB,BE,False,34.74,18.3,False
14,True,6,"Dude, Where's  My Lamar",-16023,Steelers D/ST,D/ST,D/ST,True,20.0,7.4,False
14,True,6,"Dude, Where's  My Lamar",2977800,Alex Erickson,WR,BE,False,8.04,4.58,False
14,True,6,"Dude, Where's  My Lamar",10452,Adrian Peterson,RB,BE,False,13.6,6.47,False
14,True,6,"Dude, Where's  My Lamar",4035072,Benny Snell Jr.,RB,RB,True,2.1,9.48,False
14,True,6,"Dude, Where's  My Lamar",3127211,Patrick Laird,RB,BE,False,10.6,8.49,False
14,True,4,The New Guy,3929630,Saquon Barkley,RB,RB,True,8.2,15.76,False
14,True,4,The New Guy,16944,Devonta Freeman,RB,RB/WR/TE,True,17.4,14.81,False
14,True,4,The New Guy,15818,Keenan Allen,WR,BE,False,10.8,11.41,False
14,True,4,The New Guy,2977187,Cooper Kupp,WR,WR,True,12.5,11.47,False
14,True,4,The New Guy,2974858,Kenny Golladay,WR,WR,True,15.8,11.87,False
14,True,4,The New Guy,2979843,Kenyan Drake,RB,RB,True,8.2,12.82,False
14,True,4,The New Guy,3052587,Baker Mayfield,QB,QB,True,10.98,15.16,False
14,True,4,The New Guy,3915823,Keke Coutee,WR,BE,False,7.3,3.45,False
14,True,4,The New Guy,16732,Eric Ebron,TE,BE,False,0.0,0.0,False
14,True,4,The New Guy,2985659,Wil Lutz,K,K,True,13.0,10.32,False
14,True,4,The New Guy,4040761,Devin Singletary,RB,BE,False,14.8,12.0,False
14,True,4,The New Guy,12483,Matthew Stafford,QB,BE,False,0.0,0.0,False
14,True,4,The New Guy,17497,Todd Davis,LB,DP,True,15.0,9.0,False
14,True,4,The New Guy,-16012,Chiefs D/ST,D/ST,BE,False,10.0,5.8,False
14,True,4,The New Guy,14053,Randall Cobb,WR,BE,False,5.3,8.1,False
14,True,4,The New Guy,-16011,Colts D/ST,D/ST,D/ST,True,6.0,7.4,False
14,True,4,The New Guy,15853,Vance McDonald,TE,TE,True,0.8,7.39,False
14,True,3,Jim Ward's Ole Dick Necks,15825,Le'Veon Bell,RB,BE,False,0.0,0.0,False
14,True,3,Jim Ward's Ole Dick Necks,2976316,Michael Thomas,WR,WR,True,24.9,17.06,False
14,True,3,Jim Ward's Ole Dick Necks,2976212,Stefon Diggs,WR,RB/WR/TE,True,12.2,11.32,False
14,True,3,Jim Ward's Ole Dick Necks,3043078,Derrick Henry,RB,RB,True,23.4,18.05,False
14,True,3,Jim Ward's Ole Dick Necks,2976592,Sterling Shepard,WR,BE,False,5.6,10.82,False
14,True,3,Jim Ward's Ole Dick Necks,3128429,Courtland Sutton,WR,WR,True,5.9,13.29,False
14,True,3,Jim Ward's Ole Dick Necks,3059915,Kareem Hunt,RB,RB,True,13.8,11.47,False
14,True,3,Jim Ward's Ole Dick Necks,2330,Tom Brady,QB,QB,True,10.76,17.26,False
14,True,3,Jim Ward's Ole Dick Necks,3917315,Kyler Murray,QB,BE,False,9.96,17.24,False
14,True,3,Jim Ward's Ole Dick Necks,3055899,Harrison Butker,K,K,True,13.0,9.4,False
14,True,3,Jim Ward's Ole Dick Necks,-16018,Saints D/ST,D/ST,BE,False,-6.0,6.27,False
14,True,3,Jim Ward's Ole Dick Necks,16804,John Brown,WR,BE,False,4.1,10.98,False
14,True,3,Jim Ward's Ole Dick Necks,2514270,Jordan Hicks,LB,DP,True,5.0,9.34,False
14,True,3,Jim Ward's Ole Dick Necks,16777,Carlos Hyde,RB,BE,False,8.8,10.72,False
14,True,3,Jim Ward's Ole Dick Necks,13232,Jimmy Graham,TE,BE,False,6.4,5.02,False
14,True,3,Jim Ward's Ole Dick Necks,-16006,Cowboys D/ST,D/ST,D/ST,True,4.0,7.39,False
14,True,3,Jim Ward's Ole Dick Necks,2573401,Tyler Higbee,TE,TE,True,15.1,6.42,False
14,True,5,Remember the Fucking Titans,3054850,Alvin Kamara,RB,RB,True,4.3,16.13,False
14,True,5,Remember the Fucking Titans,3139477,Patrick Mahomes,QB,QB,True,13.92,18.49,False
14,True,5,Remember the Fucking Titans,16460,Adam Thielen,WR,BE,False,0.0,0.0,False
14,True,5,Remember the Fucking Titans,3052117,Phillip Lindsay,RB,RB,True,13.5,12.95,False
14,True,5,Remember the Fucking Titans,3925357,Calvin Ridley,WR,WR,True,16.1,10.91,False
14,True,5,Remember the Fucking Titans,3043275,Austin Hooper,TE,TE,True,4.2,11.47,False
14,True,5,Remember the Fucking Titans,-16003,Bears D/ST,D/ST,D/ST,True,-1.0,4.83,False
14,True,5,Remember the Fucking Titans,14938,Luke Kuechly,LB,DP,True,11.0,9.33,False
14,True,5,Remember the Fucking Titans,10475,Greg Olsen,TE,BE,False,0.0,0.0,False
14,True,5,Remember the Fucking Titans,4241372,Marquise Brown,WR,BE,False,1.3,8.71,False
14,True,5,Remember the Fucking Titans,2998120,Josh Lambo,K,K,True,4.0,8.82,False
14,True,5,Remember the Fucking Titans,3921564,Auden Tate,WR,BE,False,2.1,7.29,False
14,True,5,Remember the Fucking Titans,4047646,A.J. Brown,WR,RB/WR/TE,True,31.1,10.73,False
14,True,5,Remember the Fucking Titans,2576623,DeVante Parker,WR,WR,True,3.8,12.07,False
14,True,5,Remember the Fucking Titans,2978109,Zach Pascal,WR,BE,False,17.9,9.41,False
14,True,5,Remember the Fucking Titans,3912547,Sam Darnold,QB,BE,False,17.1,16.66,False
14,True,5,Remember the Fucking Titans,2576414,Raheem Mostert,RB,BE,False,23.9,5.37,False
14,True,9,Tonie's Tigers,3045147,James Conner,RB,BE,False,0.0,0.0,False
14,True,9,Tonie's Tigers,16737,Mike Evans,WR,WR,True,12.6,14.56,False
14,True,9,Tonie's Tigers,3919596,Chris Carson,RB,RB,True,10.6,13.6,False
14,True,9,Tonie's Tigers,14924,T.Y. Hilton,WR,BE,False,0.0,0.0,False
14,True,9,Tonie's Tigers,2574808,Robby Anderson,WR,RB/WR/TE,True,21.6,9.27,False
14,True,9,Tonie's Tigers,2580,Drew Brees,QB,QB,True,40.06,16.13,False
14,True,9,Tonie's Tigers,3051902,Peyton Barber,RB,BE,False,6.3,6.94,False
14,True,9,Tonie's Tigers,5528,Larry Fitzgerald,WR,WR,True,3.5,7.4,False
14,True,9,Tonie's Tigers,-16014,Rams D/ST,D/ST,D/ST,True,11.0,5.75,False
14,True,9,Tonie's Tigers,16757,Derek Carr,QB,BE,False,20.18,15.1,False
14,True,9,Tonie's Tigers,15839,Marquise Goodwin,WR,BE,False,0.0,0.0,False
14,True,9,Tonie's Tigers,15773,Darren Fells,TE,BE,False,1.2,4.88,False
14,True,9,Tonie's Tigers,3843750,Derrius Guice,RB,RB,True,4.2,8.47,False
14,True,9,Tonie's Tigers,16504,Jack Doyle,TE,TE,True,3.7,7.83,False
14,True,9,Tonie's Tigers,3124084,Joey Slye,K,K,True,10.0,7.91,False
14,True,9,Tonie's Tigers,15349,Cole Beasley,WR,BE,False,12.9,8.56,False
14,True,9,Tonie's Tigers,3052896,Jaylon Smith,LB,DP,True,10.0,10.28,False
15,True,10,High Noon,3117251,Christian McCaffrey,RB,RB,True,33.5,24.11,False
15,True,10,High Noon,3115364,Leonard Fournette,RB,RB,True,9.8,19.16,False
15,True,10,High Noon,3116165,Chris Godwin,WR,WR,True,14.6,16.69,False
15,True,10,High Noon,3121427,Curtis Samuel,WR,BE,False,13.9,9.42,False
15,True,10,High Noon,4036348,Michael Gallup,WR,WR,True,1.1,10.36,False
15,True,10,High Noon,-16017,Patriots D/ST,D/ST,BE,False,19.0,9.79,False
15,True,10,High Noon,2979477,Tevin Coleman,RB,BE,False,4.0,9.1,False
15,True,10,High Noon,2578570,Jacoby Brissett,QB,BE,False,7.3,17.91,False
15,True,10,High Noon,4045163,Miles Sanders,RB,RB/WR/TE,True,32.2,12.89,False
15,True,10,High Noon,-16033,Ravens D/ST,D/ST,D/ST,True,7.0,10.82,False
15,True,10,High Noon,3125404,Jacob Hollister,TE,BE,False,3.8,7.75,False
15,True,10,High Noon,4035434,Devin White,LB,DP,True,5.0,9.16,False
15,True,10,High Noon,14876,Ryan Tannehill,QB,QB,True,24.16,19.09,False
15,True,10,High Noon,3123052,Michael Badgley,K,K,True,5.0,8.21,False
15,True,10,High Noon,2971618,Nelson Agholor,WR,BE,False,0.0,0.0,False
15,True,10,High Noon,3043080,O.J. Howard,TE,TE,True,6.6,7.69,False
15,True,10,High Noon,4038524,Gardner Minshew II,QB,BE,False,18.74,17.67,False
15,True,12,Rule  #76,3128720,Nick Chubb,RB,RB/WR/TE,True,22.3,15.67,False
15,True,12,Rule  #76,13982,Julio Jones,WR,WR,True,31.9,13.41,False
15,True,12,Rule  #76,4035538,David Montgomery,RB,RB,True,5.4,10.73,False
15,True,12,Rule  #76,3139605,Marlon Mack,RB,RB,True,1.9,11.21,False
15,True,12,Rule  #76,16790,Jarvis Landry,WR,WR,True,4.8,12.86,False
15,True,12,Rule  #76,13983,A.J. Green,WR,BE,False,0.0,0.0,False
15,True,12,Rule  #76,2573079,Carson Wentz,QB,QB,True,21.54,17.76,False
15,True,12,Rule  #76,2587819,Tyrell Williams,WR,BE,False,11.5,8.48,False
15,True,12,Rule  #76,15683,Justin Tucker,K,K,True,4.0,9.6,False
15,True,12,Rule  #76,2978304,Cory Littleton,LB,DP,True,12.0,10.01,False
15,True,12,Rule  #76,2576925,Darren Waller,TE,TE,True,16.2,10.89,False
15,True,12,Rule  #76,3116721,Jaylen Samuels,RB,BE,False,0.9,5.34,False
15,True,12,Rule  #76,5529,Philip Rivers,QB,BE,False,8.28,13.83,False
15,True,12,Rule  #76,2980077,Jonathan Williams,RB,BE,False,0.0,0.0,False
15,True,12,Rule  #76,2578533,Chris Conley,WR,BE,False,18.9,9.38,False
15,True,12,Rule  #76,-16027,Buccaneers D/ST,D/ST,D/ST,True,17.0,8.52,False
15,True,12,Rule  #76,2577654,DeAndre Washington,RB,BE,False,3.2,5.06,False
15,True,13,Fuck Luck,2508176,David Johnson,RB,BE,False,0.6,5.87,False
15,True,13,Fuck Luck,3116593,Dalvin Cook,RB,RB,True,5.8,17.59,False
15,True,13,Fuck Luck,2976499,Amari Cooper,WR,WR,True,2.4,12.89,False
15,True,13,Fuck Luck,15835,Zach Ertz,TE,TE,True,14.6,11.47,False
15,True,13,Fuck Luck,2577327,Tyler Lockett,WR,WR,True,22.0,11.32,False
15,True,13,Fuck Luck,3052876,Will Fuller V,WR,BE,False,8.6,11.11,False
15,True,13,Fuck Luck,14881,Russell Wilson,QB,QB,True,19.34,20.17,False
15,True,13,Fuck Luck,-16016,Vikings D/ST,D/ST,BE,False,26.0,5.01,False
15,True,13,Fuck Luck,3912550,Ronald Jones II,RB,RB,True,5.4,9.55,False
15,True,13,Fuck Luck,4048244,Alexander Mattison,RB,BE,False,0.0,0.0,False
15,True,13,Fuck Luck,3056362,Darius Leonard,LB,DP,True,12.0,10.58,False
15,True,13,Fuck Luck,12537,Jared Cook,TE,BE,False,7.4,9.78,False
15,True,13,Fuck Luck,3892889,Dede Westbrook,WR,RB/WR/TE,True,3.1,10.41,False
15,True,13,Fuck Luck,9354,Robbie Gould,K,K,True,12.0,8.89,False
15,True,13,Fuck Luck,3120348,JuJu Smith-Schuster,WR,BE,False,0.0,0.0,False
15,True,13,Fuck Luck,3122449,James Washington,WR,BE,False,11.8,8.16,False
15,True,13,Fuck Luck,-16026,Seahawks D/ST,D/ST,D/ST,True,4.0,7.13,False
15,True,1,Below Average Joes,16800,Davante Adams,WR,WR,True,19.8,13.69,False
15,True,1,Below Average Joes,3116385,Joe Mixon,RB,RB,True,17.1,12.31,False
15,True,1,Below Average Joes,17359,Damien Williams,RB,BE,False,0.0,0.0,False
15,True,1,Below Average Joes,15880,Robert Woods,WR,WR,True,3.7,12.28,False
15,True,1,Below Average Joes,3045138,Mike Williams,WR,BE,False,16.1,9.41,False
15,True,1,Below Average Joes,3046439,Hunter Henry,TE,TE,True,2.9,9.93,False
15,True,1,Below Average Joes,3066158,Tarik Cohen,RB,BE,False,13.0,9.25,False
15,True,1,Below Average Joes,3068267,Austin Ekeler,RB,RB,True,10.6,13.42,False
15,True,1,Below Average Joes,13217,Golden Tate,WR,BE,False,11.6,8.97,False
15,True,1,Below Average Joes,14979,Bobby Wagner,LB,DP,True,12.0,11.06,False
15,True,1,Below Average Joes,14880,Kirk Cousins,QB,BE,False,11.68,15.57,False
15,True,1,Below Average Joes,2980453,Jamaal Williams,RB,BE,False,4.8,8.97,False
15,True,1,Below Average Joes,14922,Mohamed Sanu Sr.,WR,BE,False,2.3,5.3,False
15,True,1,Below Average Joes,3821683,Austin Seibert,K,K,True,6.0,7.95,False
15,True,1,Below Average Joes,3916945,Darius Slayton,WR,RB/WR/TE,True,10.1,11.33,False
15,True,1,Below Average Joes,16760,Jimmy Garoppolo,QB,QB,True,12.6,18.32,False
15,True,1,Below Average Joes,-16002,Bills D/ST,D/ST,D/ST,True,19.0,8.46,False
15,True,8,SCLSU Mud Dogs,15795,DeAndre Hopkins,WR,WR,True,14.9,16.28,False
15,True,8,SCLSU Mud Dogs,15847,Travis Kelce,TE,TE,True,19.7,12.62,False
15,True,8,SCLSU Mud Dogs,3042519,Aaron Jones,RB,RB,True,17.1,14.61,False
15,True,8,SCLSU Mud Dogs,16731,Brandin Cooks,WR,BE,False,6.6,5.6,False
15,True,8,SCLSU Mud Dogs,3122840,Deshaun Watson,QB,QB,True,16.92,21.57,False
15,True,8,SCLSU Mud Dogs,3128721,Sony Michel,RB,RB,True,10.8,8.28,False
15,True,8,SCLSU Mud Dogs,3895856,Christian Kirk,WR,WR,True,8.1,11.19,False
15,True,8,SCLSU Mud Dogs,15920,Latavius Murray,RB,BE,False,5.9,7.52,False
15,True,8,SCLSU Mud Dogs,3122672,Royce Freeman,RB,BE,False,4.6,6.96,False
15,True,8,SCLSU Mud Dogs,3049916,Matt Breida,RB,BE,False,1.7,6.38,False
15,True,8,SCLSU Mud Dogs,14993,Greg Zuerlein,K,K,True,1.0,8.26,False
15,True,8,SCLSU Mud Dogs,3915189,Roquan Smith,LB,DP,True,0.0,0.0,False
15,True,8,SCLSU Mud Dogs,3918298,Josh Allen,QB,BE,False,16.36,16.26,False
15,True,8,SCLSU Mud Dogs,3125403,Brian Hill,RB,BE,False,1.6,3.76,False
15,True,8,SCLSU Mud Dogs,3126486,Deebo Samuel,WR,RB/WR/TE,True,4.2,9.76,False
15,True,8,SCLSU Mud Dogs,-16034,Texans D/ST,D/ST,D/ST,True,3.0,4.36,False
15,True,8,SCLSU Mud Dogs,-16021,Eagles D/ST,D/ST,BE,False,8.0,8.31,False
15,True,2,Rodger  That,2977644,Todd Gurley II,RB,RB,True,19.3,15.17,False
15,True,2,Rodger  That,8439,Aaron Rodgers,QB,QB,True,14.42,17.87,False
15,True,2,Rodger  That,13981,Mark Ingram II,RB,RB,True,23.1,14.9,False
15,True,2,Rodger  That,3045144,Tyler Boyd,WR,WR,True,5.1,9.99,False
15,True,2,Rodger  That,3051876,Evan Engram,TE,BE,False,0.0,0.0,False
15,True,2,Rodger  That,16725,Sammy Watkins,WR,BE,False,8.4,7.43,False
15,True,2,Rodger  That,3060022,Jordan Howard,RB,BE,False,0.0,0.0,False
15,True,2,Rodger  That,2576716,Jamison Crowder,WR,WR,True,24.0,8.75,False
15,True,2,Rodger  That,2978273,Blake Martinez,LB,DP,True,11.0,10.1,False
15,True,2,Rodger  That,4047650,DK Metcalf,WR,BE,False,11.6,10.84,False
15,True,2,Rodger  That,3121422,Terry McLaurin,WR,RB/WR/TE,True,21.5,10.61,False
15,True,2,Rodger  That,-16025,49ers D/ST,D/ST,D/ST,True,5.0,7.93,False
15,True,2,Rodger  That,11122,Matt Prater,K,K,True,6.0,7.56,False
15,True,2,Rodger  That,3139925,Rashaad Penny,RB,BE,False,0.0,0.0,False
15,True,2,Rodger  That,4044452,Kaden Smith,TE,BE,False,5.3,9.07,False
15,True,2,Rodger  That,3116164,Mike Gesicki,TE,TE,True,6.7,7.06,False
15,True,2,Rodger  That,3052177,John Ross III,WR,BE,False,3.4,6.8,False
15,True,6,"Dude, Where's  My Lamar",16733,Odell Beckham Jr.,WR,RB/WR/TE,True,10.6,12.84,False
15,True,6,"Dude, Where's  My Lamar",3116406,Tyreek Hill,WR,WR,True,22.3,15.05,False
15,True,6,"Dude, Where's  My Lamar",3040151,George Kittle,TE,TE,True,19.9,13.57,False
15,True,6,"Dude, Where's  My Lamar",2576434,Melvin Gordon,RB,RB,True,5.9,14.66,False
15,True,6,"Dude, Where's  My Lamar",3915416,DJ Moore,WR,WR,True,17.3,13.49,False
15,True,6,"Dude, Where's  My Lamar",15072,Marvin Jones Jr.,WR,BE,False,0.0,0.0,False
15,True,6,"Dude, Where's  My Lamar",2969962,Duke Johnson,RB,BE,False,3.3,8.5,False
15,True,6,"Dude, Where's  My Lamar",12514,LeSean McCoy,RB,BE,False,1.6,9.51,False
15,True,6,"Dude, Where's  My Lamar",3916387,Lamar Jackson,QB,QB,True,37.08,24.38,False
15,True,6,"Dude, Where's  My Lamar",4249087,Matt Gay,K,K,True,8.0,8.23,False
15,True,6,"Dude, Where's  My Lamar",2977819,Joe Schobert,LB,DP,True,5.0,9.28,False
15,True,6,"Dude, Where's  My Lamar",2969939,Jameis Winston,QB,BE,False,32.72,21.0,False
15,True,6,"Dude, Where's  My Lamar",-16023,Steelers D/ST,D/ST,D/ST,True,8.0,8.84,False
15,True,6,"Dude, Where's  My Lamar",2977800,Alex Erickson,WR,BE,False,-0.9,6.01,False
15,True,6,"Dude, Where's  My Lamar",10452,Adrian Peterson,RB,RB,True,16.6,10.91,False
15,True,6,"Dude, Where's  My Lamar",4035072,Benny Snell Jr.,RB,BE,False,0.1,7.32,False
15,True,6,"Dude, Where's  My Lamar",3127211,Patrick Laird,RB,BE,False,7.4,11.61,False
15,True,11,Dez (Bryant) Nuts,3051392,Ezekiel Elliott,RB,RB,True,29.5,16.82,False
15,True,11,Dez (Bryant) Nuts,4047365,Josh Jacobs,RB,RB,True,11.9,17.76,False
15,True,11,Dez (Bryant) Nuts,12649,Julian Edelman,WR,WR,True,1.9,14.41,False
15,True,11,Dez (Bryant) Nuts,16913,James White,RB,RB/WR/TE,True,13.7,12.73,False
15,True,11,Dez (Bryant) Nuts,16799,Allen Robinson II,WR,WR,True,17.0,12.71,False
15,True,11,Dez (Bryant) Nuts,2577417,Dak Prescott,QB,QB,True,17.68,18.71,False
15,True,11,Dez (Bryant) Nuts,13295,Emmanuel Sanders,WR,BE,False,1.9,11.35,False
15,True,11,Dez (Bryant) Nuts,3138677,Leighton Vander Esch,LB,BE,False,0.0,0.0,False
15,True,11,Dez (Bryant) Nuts,3116365,Mark Andrews,TE,TE,True,13.2,9.85,False
15,True,11,Dez (Bryant) Nuts,2971573,Ka'imi Fairbairn,K,BE,False,6.0,6.74,False
15,True,11,Dez (Bryant) Nuts,10453,Ted Ginn Jr.,WR,BE,False,1.8,6.52,False
15,True,11,Dez (Bryant) Nuts,3115394,DJ Chark Jr.,WR,BE,False,0.0,0.0,False
15,True,11,Dez (Bryant) Nuts,-16029,Panthers D/ST,D/ST,BE,False,0.0,6.51,False
15,True,11,Dez (Bryant) Nuts,-16009,Packers D/ST,D/ST,D/ST,True,9.0,6.69,False
15,True,11,Dez (Bryant) Nuts,3040180,De'Vondre Campbell,LB,DP,True,15.0,8.86,False
15,True,11,Dez (Bryant) Nuts,4527,Jason Witten,TE,BE,False,11.6,6.7,False
15,True,11,Dez (Bryant) Nuts,10636,Mason Crosby,K,K,True,3.0,7.47,False
15,True,3,Jim Ward's Ole Dick Necks,15825,Le'Veon Bell,RB,RB/WR/TE,True,9.8,12.15,False
15,True,3,Jim Ward's Ole Dick Necks,2976316,Michael Thomas,WR,WR,True,24.8,19.74,False
15,True,3,Jim Ward's Ole Dick Necks,2976212,Stefon Diggs,WR,BE,False,10.0,10.1,False
15,True,3,Jim Ward's Ole Dick Necks,3043078,Derrick Henry,RB,RB,True,8.6,18.47,False
15,True,3,Jim Ward's Ole Dick Necks,2976592,Sterling Shepard,WR,BE,False,16.6,10.21,False
15,True,3,Jim Ward's Ole Dick Necks,3128429,Courtland Sutton,WR,WR,True,9.9,12.15,False
15,True,3,Jim Ward's Ole Dick Necks,3059915,Kareem Hunt,RB,RB,True,12.6,11.49,False
15,True,3,Jim Ward's Ole Dick Necks,2330,Tom Brady,QB,BE,False,12.92,17.07,False
15,True,3,Jim Ward's Ole Dick Necks,3917315,Kyler Murray,QB,QB,True,17.36,19.12,False
15,True,3,Jim Ward's Ole Dick Necks,3055899,Harrison Butker,K,K,True,10.0,9.08,False
15,True,3,Jim Ward's Ole Dick Necks,-16018,Saints D/ST,D/ST,D/ST,True,6.0,6.5,False
15,True,3,Jim Ward's Ole Dick Necks,16804,John Brown,WR,BE,False,13.4,10.18,False
15,True,3,Jim Ward's Ole Dick Necks,2514270,Jordan Hicks,LB,DP,True,10.0,9.49,False
15,True,3,Jim Ward's Ole Dick Necks,16777,Carlos Hyde,RB,BE,False,16.4,8.72,False
15,True,3,Jim Ward's Ole Dick Necks,13232,Jimmy Graham,TE,BE,False,0.5,5.55,False
15,True,3,Jim Ward's Ole Dick Necks,-16006,Cowboys D/ST,D/ST,BE,False,6.0,4.73,False
15,True,3,Jim Ward's Ole Dick Necks,2573401,Tyler Higbee,TE,TE,True,17.1,8.8,False
15,True,9,Tonie's Tigers,3045147,James Conner,RB,RB,True,13.1,6.79,False
15,True,9,Tonie's Tigers,16737,Mike Evans,WR,BE,False,0.0,0.0,False
15,True,9,Tonie's Tigers,3919596,Chris Carson,RB,RB,True,26.2,16.35,False
15,True,9,Tonie's Tigers,14924,T.Y. Hilton,WR,WR,True,4.5,11.49,False
15,True,9,Tonie's Tigers,2574808,Robby Anderson,WR,RB/WR/TE,True,10.6,9.42,False
15,True,9,Tonie's Tigers,2580,Drew Brees,QB,QB,True,28.28,20.1,False
15,True,9,Tonie's Tigers,3051902,Peyton Barber,RB,BE,False,5.0,8.27,False
15,True,9,Tonie's Tigers,5528,Larry Fitzgerald,WR,WR,True,5.7,7.99,False
15,True,9,Tonie's Tigers,-16014,Rams D/ST,D/ST,D/ST,True,-8.0,5.52,False
15,True,9,Tonie's Tigers,16757,Derek Carr,QB,BE,False,15.88,15.81,False
15,True,9,Tonie's Tigers,15839,Marquise Goodwin,WR,BE,False,0.0,0.0,False
15,True,9,Tonie's Tigers,15773,Darren Fells,TE,BE,False,0.7,5.49,False
15,True,9,Tonie's Tigers,3843750,Derrius Guice,RB,BE,False,0.0,0.0,False
15,True,9,Tonie's Tigers,16504,Jack Doyle,TE,TE,True,3.1,7.92,False
15,True,9,Tonie's Tigers,3124084,Joey Slye,K,K,True,8.0,7.69,False
15,True,9,Tonie's Tigers,15349,Cole Beasley,WR,BE,False,1.1,8.11,False
15,True,9,Tonie's Tigers,3052896,Jaylon Smith,LB,DP,True,5.0,10.48,False
15,True,4,The New Guy,3929630,Saquon Barkley,RB,RB,True,28.3,17.91,False
15,True,4,The New Guy,16944,Devonta Freeman,RB,RB/WR/TE,True,6.5,11.5,False
15,True,4,The New Guy,15818,Keenan Allen,WR,BE,False,14.4,10.98,False
15,True,4,The New Guy,2977187,Cooper Kupp,WR,WR,True,13.1,9.79,False
15,True,4,The New Guy,2974858,Kenny Golladay,WR,WR,True,6.9,12.89,False
15,True,4,The New Guy,2979843,Kenyan Drake,RB,RB,True,39.1,12.75,False
15,True,4,The New Guy,3052587,Baker Mayfield,QB,QB,True,16.98,16.54,False
15,True,4,The New Guy,3915823,Keke Coutee,WR,BE,False,0.0,0.0,False
15,True,4,The New Guy,16732,Eric Ebron,TE,BE,False,0.0,0.0,False
15,True,4,The New Guy,2985659,Wil Lutz,K,K,True,10.0,10.91,False
15,True,4,The New Guy,4040761,Devin Singletary,RB,BE,False,7.9,11.58,False
15,True,4,The New Guy,12483,Matthew Stafford,QB,BE,False,0.0,0.0,False
15,True,4,The New Guy,17497,Todd Davis,LB,DP,True,12.0,9.15,False
15,True,4,The New Guy,-16012,Chiefs D/ST,D/ST,BE,False,10.0,6.42,False
15,True,4,The New Guy,14053,Randall Cobb,WR,BE,False,0.2,8.6,False
15,True,4,The New Guy,-16011,Colts D/ST,D/ST,D/ST,True,-4.0,2.79,False
15,True,4,The New Guy,15853,Vance McDonald,TE,TE,True,0.0,0.0,False
15,True,5,Remember the Fucking Titans,3054850,Alvin Kamara,RB,RB,True,11.4,15.7,False
15,True,5,Remember the Fucking Titans,3139477,Patrick Mahomes,QB,QB,True,22.7,18.57,False
15,True,5,Remember the Fucking Titans,16460,Adam Thielen,WR,BE,False,4.5,13.08,False
15,True,5,Remember the Fucking Titans,3052117,Phillip Lindsay,RB,RB,True,3.2,12.62,False
15,True,5,Remember the Fucking Titans,3043275,Austin Hooper,TE,TE,True,3.5,10.45,False
15,True,5,Remember the Fucking Titans,-16003,Bears D/ST,D/ST,BE,False,3.0,5.59,False
15,True,5,Remember the Fucking Titans,14938,Luke Kuechly,LB,DP,True,17.0,9.38,False
15,True,5,Remember the Fucking Titans,10475,Greg Olsen,TE,BE,False,0.0,0.0,False
15,True,5,Remember the Fucking Titans,4241372,Marquise Brown,WR,BE,False,12.5,7.98,False
15,True,5,Remember the Fucking Titans,2998120,Josh Lambo,K,K,True,9.0,8.42,False
15,True,5,Remember the Fucking Titans,3921564,Auden Tate,WR,BE,False,0.0,0.0,False
15,True,5,Remember the Fucking Titans,4047646,A.J. Brown,WR,RB/WR/TE,True,21.4,11.17,False
15,True,5,Remember the Fucking Titans,2576623,DeVante Parker,WR,WR,True,21.2,11.65,False
15,True,5,Remember the Fucking Titans,2978109,Zach Pascal,WR,WR,True,6.4,7.8,False
15,True,5,Remember the Fucking Titans,3912547,Sam Darnold,QB,BE,False,15.82,12.7,False
15,True,5,Remember the Fucking Titans,2576414,Raheem Mostert,RB,BE,False,12.4,10.13,False
15,True,5,Remember the Fucking Titans,-16005,Browns D/ST,D/ST,D/ST,True,-4.0,6.45,False
16,True,10,High Noon,3117251,Christian McCaffrey,RB,RB,True,24.8,23.23,False
16,True,10,High Noon,3115364,Leonard Fournette,RB,RB,True,12.0,15.97,False
16,True,10,High Noon,3121427,Curtis Samuel,WR,WR,True,3.1,9.65,False
16,True,10,High Noon,4036348,Michael Gallup,WR,BE,False,12.3,9.96,False
16,True,10,High Noon,-16017,Patriots D/ST,D/ST,D/ST,True,7.0,7.81,False
16,True,10,High Noon,4045163,Miles Sanders,RB,RB/WR/TE,True,24.1,14.36,False
16,True,10,High Noon,-16033,Ravens D/ST,D/ST,BE,False,6.0,6.82,False
16,True,10,High Noon,3125404,Jacob Hollister,TE,TE,True,10.9,8.49,False
16,True,10,High Noon,14876,Ryan Tannehill,QB,QB,True,23.68,17.73,False
16,True,10,High Noon,3043080,O.J. Howard,TE,BE,False,7.1,8.86,False
16,True,10,High Noon,2972460,Breshad Perriman,WR,WR,True,14.7,11.71,False
16,True,10,High Noon,11237,Matt Ryan,QB,BE,False,15.96,19.82,False
16,True,10,High Noon,14322,Dan Bailey,K,K,True,4.0,8.59,False
16,True,10,High Noon,3051750,Zach Cunningham,LB,DP,True,6.0,10.8,False
16,True,10,High Noon,3040035,Greg Ward Jr.,WR,BE,False,9.6,9.44,False
16,True,10,High Noon,3916925,Kerryon Johnson,RB,BE,False,4.8,8.46,False
16,True,10,High Noon,11674,Danny Amendola,WR,BE,False,3.1,8.54,False
16,True,1,Below Average Joes,16800,Davante Adams,WR,WR,True,16.1,14.41,False
16,True,1,Below Average Joes,3116385,Joe Mixon,RB,RB,True,8.3,15.6,False
16,True,1,Below Average Joes,15880,Robert Woods,WR,WR,True,16.3,10.81,False
16,True,1,Below Average Joes,3045138,Mike Williams,WR,BE,False,6.6,9.64,False
16,True,1,Below Average Joes,3046439,Hunter Henry,TE,TE,True,7.0,9.27,False
16,True,1,Below Average Joes,3066158,Tarik Cohen,RB,BE,False,4.8,10.62,False
16,True,1,Below Average Joes,3068267,Austin Ekeler,RB,RB,True,9.4,13.86,False
16,True,1,Below Average Joes,13217,Golden Tate,WR,BE,False,12.6,8.22,False
16,True,1,Below Average Joes,14979,Bobby Wagner,LB,DP,True,15.0,10.26,False
16,True,1,Below Average Joes,14880,Kirk Cousins,QB,BE,False,6.88,16.55,False
16,True,1,Below Average Joes,2980453,Jamaal Williams,RB,BE,False,6.2,7.54,False
16,True,1,Below Average Joes,14922,Mohamed Sanu Sr.,WR,BE,False,4.9,6.77,False
16,True,1,Below Average Joes,3821683,Austin Seibert,K,K,True,4.0,8.31,False
16,True,1,Below Average Joes,3916945,Darius Slayton,WR,BE,False,0.0,10.34,False
16,True,1,Below Average Joes,-16007,Broncos D/ST,D/ST,D/ST,True,8.0,8.84,False
16,True,1,Below Average Joes,8664,Ryan Fitzpatrick,QB,QB,True,31.66,17.3,False
16,True,1,Below Average Joes,3139033,Mike Boone,RB,RB/WR/TE,True,3.8,14.71,False
16,True,13,Fuck Luck,2508176,David Johnson,RB,RB,True,1.2,4.5,False
16,True,13,Fuck Luck,3116593,Dalvin Cook,RB,BE,False,0.0,0.0,False
16,True,13,Fuck Luck,2976499,Amari Cooper,WR,WR,True,4.4,13.16,False
16,True,13,Fuck Luck,15835,Zach Ertz,TE,TE,True,4.8,12.16,False
16,True,13,Fuck Luck,2577327,Tyler Lockett,WR,WR,True,1.7,12.95,False
16,True,13,Fuck Luck,3052876,Will Fuller V,WR,RB/WR/TE,True,2.1,11.82,False
16,True,13,Fuck Luck,14881,Russell Wilson,QB,QB,True,10.96,21.95,False
16,True,13,Fuck Luck,-16016,Vikings D/ST,D/ST,BE,False,8.0,5.06,False
16,True,13,Fuck Luck,3912550,Ronald Jones II,RB,RB,True,18.4,9.86,False
16,True,13,Fuck Luck,4048244,Alexander Mattison,RB,BE,False,0.0,0.0,False
16,True,13,Fuck Luck,3056362,Darius Leonard,LB,DP,True,11.0,11.57,False
16,True,13,Fuck Luck,12537,Jared Cook,TE,BE,False,21.9,10.12,False
16,True,13,Fuck Luck,3892889,Dede Westbrook,WR,BE,False,1.5,9.26,False
16,True,13,Fuck Luck,9354,Robbie Gould,K,K,True,10.0,9.02,False
16,True,13,Fuck Luck,3120348,JuJu Smith-Schuster,WR,BE,False,4.2,8.89,False
16,True,13,Fuck Luck,3122449,James Washington,WR,BE,False,6.6,8.13,False
16,True,13,Fuck Luck,-16026,Seahawks D/ST,D/ST,D/ST,True,1.0,7.12,False
16,True,12,Rule  #76,3128720,Nick Chubb,RB,RB/WR/TE,True,4.5,13.7,False
16,True,12,Rule  #76,13982,Julio Jones,WR,WR,True,22.6,14.38,False
16,True,12,Rule  #76,4035538,David Montgomery,RB,BE,False,6.4,10.66,False
16,True,12,Rule  #76,3139605,Marlon Mack,RB,RB,True,17.1,14.8,False
16,True,12,Rule  #76,16790,Jarvis Landry,WR,BE,False,10.9,11.06,False
16,True,12,Rule  #76,2573079,Carson Wentz,QB,QB,True,18.96,17.56,False
16,True,12,Rule  #76,2587819,Tyrell Williams,WR,WR,True,10.2,7.77,False
16,True,12,Rule  #76,15683,Justin Tucker,K,K,True,7.0,8.35,False
16,True,12,Rule  #76,2978304,Cory Littleton,LB,DP,True,7.0,9.73,False
16,True,12,Rule  #76,2576925,Darren Waller,TE,TE,True,5.7,11.34,False
16,True,12,Rule  #76,3116721,Jaylen Samuels,RB,BE,False,5.9,4.93,False
16,True,12,Rule  #76,5529,Philip Rivers,QB,BE,False,11.16,15.23,False
16,True,12,Rule  #76,2980077,Jonathan Williams,RB,BE,False,0.0,0.0,False
16,True,12,Rule  #76,2578533,Chris Conley,WR,BE,False,12.6,7.13,False
16,True,12,Rule  #76,-16027,Buccaneers D/ST,D/ST,D/ST,True,12.0,6.61,False
16,True,12,Rule  #76,2577654,DeAndre Washington,RB,RB,True,17.6,11.91,False
16,True,12,Rule  #76,3050487,Anthony Miller,WR,BE,False,0.7,9.05,False
16,True,2,Rodger  That,2977644,Todd Gurley II,RB,RB,True,16.8,13.07,False
16,True,2,Rodger  That,8439,Aaron Rodgers,QB,QB,True,8.34,17.61,False
16,True,2,Rodger  That,13981,Mark Ingram II,RB,RB,True,16.1,15.14,False
16,True,2,Rodger  That,3045144,Tyler Boyd,WR,WR,True,29.3,10.84,False
16,True,2,Rodger  That,3051876,Evan Engram,TE,BE,False,0.0,0.0,False
16,True,2,Rodger  That,16725,Sammy Watkins,WR,BE,False,3.8,8.27,False
16,True,2,Rodger  That,3060022,Jordan Howard,RB,BE,False,0.0,0.0,False
16,True,2,Rodger  That,2576716,Jamison Crowder,WR,WR,True,8.0,9.01,False
16,True,2,Rodger  That,2978273,Blake Martinez,LB,DP,True,8.0,10.01,False
16,True,2,Rodger  That,4047650,DK Metcalf,WR,BE,False,0.0,10.81,False
16,True,2,Rodger  That,3121422,Terry McLaurin,WR,RB/WR/TE,True,12.1,10.76,False
16,True,2,Rodger  That,-16025,49ers D/ST,D/ST,D/ST,True,6.0,7.67,False
16,True,2,Rodger  That,11122,Matt Prater,K,K,True,5.0,4.13,False
16,True,2,Rodger  That,3139925,Rashaad Penny,RB,BE,False,0.0,0.0,False
16,True,2,Rodger  That,4044452,Kaden Smith,TE,BE,False,18.5,6.8,False
16,True,2,Rodger  That,3116164,Mike Gesicki,TE,TE,True,23.2,7.38,False
16,True,2,Rodger  That,3052177,John Ross III,WR,BE,False,12.0,6.63,False
16,True,6,"Dude, Where's  My Lamar",16733,Odell Beckham Jr.,WR,RB/WR/TE,True,13.4,10.17,False
16,True,6,"Dude, Where's  My Lamar",3116406,Tyreek Hill,WR,WR,True,9.7,14.85,False
16,True,6,"Dude, Where's  My Lamar",3040151,George Kittle,TE,TE,True,16.4,13.68,False
16,True,6,"Dude, Where's  My Lamar",2576434,Melvin Gordon,RB,RB,True,19.7,12.98,False
16,True,6,"Dude, Where's  My Lamar",3915416,DJ Moore,WR,WR,True,0.6,12.57,False
16,True,6,"Dude, Where's  My Lamar",15072,Marvin Jones Jr.,WR,BE,False,0.0,0.0,False
16,True,6,"Dude, Where's  My Lamar",2969962,Duke Johnson,RB,BE,False,1.1,8.3,False
16,True,6,"Dude, Where's  My Lamar",12514,LeSean McCoy,RB,BE,False,0.0,0.0,False
16,True,6,"Dude, Where's  My Lamar",3916387,Lamar Jackson,QB,QB,True,30.82,25.82,False
16,True,6,"Dude, Where's  My Lamar",4249087,Matt Gay,K,K,True,11.0,7.61,False
16,True,6,"Dude, Where's  My Lamar",2977819,Joe Schobert,LB,DP,True,9.0,9.48,False
16,True,6,"Dude, Where's  My Lamar",2969939,Jameis Winston,QB,BE,False,11.0,19.5,False
16,True,6,"Dude, Where's  My Lamar",-16023,Steelers D/ST,D/ST,D/ST,True,7.0,8.65,False
16,True,6,"Dude, Where's  My Lamar",2977800,Alex Erickson,WR,BE,False,8.5,6.55,False
16,True,6,"Dude, Where's  My Lamar",10452,Adrian Peterson,RB,RB,True,12.5,11.87,False
16,True,6,"Dude, Where's  My Lamar",4035072,Benny Snell Jr.,RB,BE,False,1.4,1.83,False
16,True,6,"Dude, Where's  My Lamar",3127211,Patrick Laird,RB,BE,False,5.3,11.23,False
16,True,8,SCLSU Mud Dogs,15795,DeAndre Hopkins,WR,WR,True,4.8,15.6,False
16,True,8,SCLSU Mud Dogs,15847,Travis Kelce,TE,TE,True,17.4,13.87,False
16,True,8,SCLSU Mud Dogs,3042519,Aaron Jones,RB,RB,True,28.0,13.78,False
16,True,8,SCLSU Mud Dogs,16731,Brandin Cooks,WR,BE,False,11.9,6.57,False
16,True,8,SCLSU Mud Dogs,3122840,Deshaun Watson,QB,QB,True,10.06,22.08,False
16,True,8,SCLSU Mud Dogs,3128721,Sony Michel,RB,RB,True,10.6,8.64,False
16,True,8,SCLSU Mud Dogs,3895856,Christian Kirk,WR,WR,True,0.9,10.86,False
16,True,8,SCLSU Mud Dogs,15920,Latavius Murray,RB,BE,False,3.5,7.02,False
16,True,8,SCLSU Mud Dogs,3122672,Royce Freeman,RB,BE,False,10.7,8.38,False
16,True,8,SCLSU Mud Dogs,3049916,Matt Breida,RB,BE,False,0.0,5.1,False
16,True,8,SCLSU Mud Dogs,14993,Greg Zuerlein,K,K,True,8.0,6.65,False
16,True,8,SCLSU Mud Dogs,3915189,Roquan Smith,LB,DP,True,0.0,0.0,False
16,True,8,SCLSU Mud Dogs,3918298,Josh Allen,QB,BE,False,20.62,14.85,False
16,True,8,SCLSU Mud Dogs,3125403,Brian Hill,RB,BE,False,8.6,4.54,False
16,True,8,SCLSU Mud Dogs,3126486,Deebo Samuel,WR,RB/WR/TE,True,13.9,9.3,False
16,True,8,SCLSU Mud Dogs,-16034,Texans D/ST,D/ST,D/ST,True,18.0,4.74,False
16,True,8,SCLSU Mud Dogs,-16021,Eagles D/ST,D/ST,BE,False,7.0,2.89,False
16,True,11,Dez (Bryant) Nuts,3051392,Ezekiel Elliott,RB,RB,True,11.9,18.27,False
16,True,11,Dez (Bryant) Nuts,4047365,Josh Jacobs,RB,BE,False,0.0,0.0,False
16,True,11,Dez (Bryant) Nuts,12649,Julian Edelman,WR,WR,True,11.7,11.16,False
16,True,11,Dez (Bryant) Nuts,16913,James White,RB,RB/WR/TE,True,4.9,11.07,False
16,True,11,Dez (Bryant) Nuts,16799,Allen Robinson II,WR,WR,True,8.3,11.88,False
16,True,11,Dez (Bryant) Nuts,2577417,Dak Prescott,QB,QB,True,11.3,19.93,False
16,True,11,Dez (Bryant) Nuts,13295,Emmanuel Sanders,WR,BE,False,7.6,10.12,False
16,True,11,Dez (Bryant) Nuts,3116365,Mark Andrews,TE,TE,True,24.3,10.67,False
16,True,11,Dez (Bryant) Nuts,2971573,Ka'imi Fairbairn,K,K,True,11.0,6.65,False
16,True,11,Dez (Bryant) Nuts,10453,Ted Ginn Jr.,WR,BE,False,0.0,4.98,False
16,True,11,Dez (Bryant) Nuts,3115394,DJ Chark Jr.,WR,BE,False,2.8,11.86,False
16,True,11,Dez (Bryant) Nuts,-16029,Panthers D/ST,D/ST,D/ST,True,0.0,6.3,False
16,True,11,Dez (Bryant) Nuts,-16009,Packers D/ST,D/ST,BE,False,13.0,3.11,False
16,True,11,Dez (Bryant) Nuts,3040180,De'Vondre Campbell,LB,DP,True,9.0,8.84,False
16,True,11,Dez (Bryant) Nuts,4527,Jason Witten,TE,BE,False,2.4,7.49,False
16,True,11,Dez (Bryant) Nuts,10636,Mason Crosby,K,BE,False,10.0,6.07,False
16,True,11,Dez (Bryant) Nuts,3051439,Boston Scott,RB,RB,True,4.9,10.63,False
16,True,4,The New Guy,3929630,Saquon Barkley,RB,RB,True,41.9,17.19,False
16,True,4,The New Guy,16944,Devonta Freeman,RB,RB/WR/TE,True,29.2,15.48,False
16,True,4,The New Guy,15818,Keenan Allen,WR,BE,False,9.1,11.22,False
16,True,4,The New Guy,2977187,Cooper Kupp,WR,WR,True,11.1,9.49,False
16,True,4,The New Guy,2974858,Kenny Golladay,WR,WR,True,15.6,11.04,False
16,True,4,The New Guy,2979843,Kenyan Drake,RB,RB,True,31.9,12.89,False
16,True,4,The New Guy,3052587,Baker Mayfield,QB,QB,True,14.08,13.68,False
16,True,4,The New Guy,3915823,Keke Coutee,WR,BE,False,0.0,0.0,False
16,True,4,The New Guy,16732,Eric Ebron,TE,BE,False,0.0,0.0,False
16,True,4,The New Guy,2985659,Wil Lutz,K,K,True,9.0,8.8,False
16,True,4,The New Guy,4040761,Devin Singletary,RB,BE,False,5.3,12.31,False
16,True,4,The New Guy,12483,Matthew Stafford,QB,BE,False,0.0,0.0,False
16,True,4,The New Guy,17497,Todd Davis,LB,DP,True,6.0,9.88,False
16,True,4,The New Guy,-16012,Chiefs D/ST,D/ST,BE,False,9.0,7.3,False
16,True,4,The New Guy,14053,Randall Cobb,WR,BE,False,9.8,7.67,False
16,True,4,The New Guy,-16011,Colts D/ST,D/ST,D/ST,True,29.0,6.12,False
16,True,4,The New Guy,15853,Vance McDonald,TE,TE,True,2.4,5.24,False
16,True,3,Jim Ward's Ole Dick Necks,15825,Le'Veon Bell,RB,RB,True,11.3,12.9,False
16,True,3,Jim Ward's Ole Dick Necks,2976316,Michael Thomas,WR,WR,True,25.6,20.88,False
16,True,3,Jim Ward's Ole Dick Necks,2976212,Stefon Diggs,WR,BE,False,13.2,10.99,False
16,True,3,Jim Ward's Ole Dick Necks,3043078,Derrick Henry,RB,BE,False,0.0,0.0,False
16,True,3,Jim Ward's Ole Dick Necks,2976592,Sterling Shepard,WR,RB/WR/TE,True,16.6,10.24,False
16,True,3,Jim Ward's Ole Dick Necks,3128429,Courtland Sutton,WR,WR,True,6.6,12.87,False
16,True,3,Jim Ward's Ole Dick Necks,3059915,Kareem Hunt,RB,RB,True,6.1,10.39,False
16,True,3,Jim Ward's Ole Dick Necks,2330,Tom Brady,QB,BE,False,17.24,15.68,False
16,True,3,Jim Ward's Ole Dick Necks,3917315,Kyler Murray,QB,QB,True,12.72,18.05,False
16,True,3,Jim Ward's Ole Dick Necks,3055899,Harrison Butker,K,K,True,10.0,9.82,False
16,True,3,Jim Ward's Ole Dick Necks,-16018,Saints D/ST,D/ST,D/ST,True,5.0,6.5,False
16,True,3,Jim Ward's Ole Dick Necks,16804,John Brown,WR,BE,False,12.1,9.42,False
16,True,3,Jim Ward's Ole Dick Necks,2514270,Jordan Hicks,LB,DP,True,8.0,9.9,False
16,True,3,Jim Ward's Ole Dick Necks,16777,Carlos Hyde,RB,BE,False,10.2,9.48,False
16,True,3,Jim Ward's Ole Dick Necks,13232,Jimmy Graham,TE,BE,False,2.1,6.19,False
16,True,3,Jim Ward's Ole Dick Necks,-16006,Cowboys D/ST,D/ST,BE,False,-1.0,5.79,False
16,True,3,Jim Ward's Ole Dick Necks,2573401,Tyler Higbee,TE,TE,True,14.9,7.91,False
16,True,5,Remember the Fucking Titans,3054850,Alvin Kamara,RB,RB,True,26.0,14.84,False
16,True,5,Remember the Fucking Titans,3139477,Patrick Mahomes,QB,QB,True,25.44,20.11,False
16,True,5,Remember the Fucking Titans,16460,Adam Thielen,WR,BE,False,0.2,12.27,False
16,True,5,Remember the Fucking Titans,3052117,Phillip Lindsay,RB,RB,True,18.8,12.96,False
16,True,5,Remember the Fucking Titans,3043275,Austin Hooper,TE,TE,True,11.7,11.18,False
16,True,5,Remember the Fucking Titans,-16003,Bears D/ST,D/ST,BE,False,0.0,3.72,False
16,True,5,Remember the Fucking Titans,14938,Luke Kuechly,LB,DP,True,7.0,9.58,False
16,True,5,Remember the Fucking Titans,10475,Greg Olsen,TE,BE,False,4.3,7.48,False
16,True,5,Remember the Fucking Titans,4241372,Marquise Brown,WR,BE,False,1.1,8.72,False
16,True,5,Remember the Fucking Titans,2998120,Josh Lambo,K,K,True,7.0,7.35,False
16,True,5,Remember the Fucking Titans,3921564,Auden Tate,WR,BE,False,0.0,0.0,False
16,True,5,Remember the Fucking Titans,4047646,A.J. Brown,WR,RB/WR/TE,True,14.8,11.09,False
16,True,5,Remember the Fucking Titans,2576623,DeVante Parker,WR,WR,True,20.6,12.51,False
16,True,5,Remember the Fucking Titans,2978109,Zach Pascal,WR,WR,True,1.1,6.98,False
16,True,5,Remember the Fucking Titans,3912547,Sam Darnold,QB,BE,False,9.62,12.64,False
16,True,5,Remember the Fucking Titans,2576414,Raheem Mostert,RB,BE,False,11.3,12.41,False
16,True,5,Remember the Fucking Titans,-16005,Browns D/ST,D/ST,D/ST,True,-4.0,3.13,False
16,True,9,Tonie's Tigers,3045147,James Conner,RB,RB,True,3.2,10.87,False
16,True,9,Tonie's Tigers,16737,Mike Evans,WR,BE,False,0.0,0.0,False
16,True,9,Tonie's Tigers,3919596,Chris Carson,RB,RB,True,6.5,18.46,False
16,True,9,Tonie's Tigers,14924,T.Y. Hilton,WR,WR,True,4.1,10.79,False
16,True,9,Tonie's Tigers,2574808,Robby Anderson,WR,RB/WR/TE,True,10.2,8.87,False
16,True,9,Tonie's Tigers,2580,Drew Brees,QB,QB,True,22.86,19.97,False
16,True,9,Tonie's Tigers,3051902,Peyton Barber,RB,BE,False,0.3,9.06,False
16,True,9,Tonie's Tigers,5528,Larry Fitzgerald,WR,WR,True,12.8,8.61,False
16,True,9,Tonie's Tigers,-16014,Rams D/ST,D/ST,D/ST,True,9.0,5.18,False
16,True,9,Tonie's Tigers,16757,Derek Carr,QB,BE,False,21.94,13.04,False
16,True,9,Tonie's Tigers,15839,Marquise Goodwin,WR,BE,False,0.0,0.0,False
16,True,9,Tonie's Tigers,15773,Darren Fells,TE,BE,False,4.2,5.54,False
16,True,9,Tonie's Tigers,3843750,Derrius Guice,RB,BE,False,0.0,0.0,False
16,True,9,Tonie's Tigers,16504,Jack Doyle,TE,TE,True,2.7,6.64,False
16,True,9,Tonie's Tigers,3124084,Joey Slye,K,K,True,8.0,6.88,False
16,True,9,Tonie's Tigers,15349,Cole Beasley,WR,BE,False,14.3,7.91,False
16,True,9,Tonie's Tigers,3052896,Jaylon Smith,LB,DP,True,8.0,11.25,False
