week,is_playoff,team_id,team_name,player_id,player_name,position,slot,started,points,projected_points,on_bye
1,False,6,SWIFT Kick In The Balls ,4259545,D'Andre Swift,RB,RB,True,25.0,13.82,False
1,False,6,SWIFT Kick In The Balls ,15847,Travis Kelce,TE,TE,True,22.1,11.56,False
1,False,6,SWIFT Kick In The Balls ,4239993,Tee Higgins,WR,WR,True,3.7,12.18,False
1,False,6,SWIFT Kick In The Balls ,3915416,DJ Moore,WR,WR,True,6.5,12.0,False
1,False,6,SWIFT Kick In The Balls ,3915511,Joe Burrow,QB,QB,True,18.22,18.11,False
1,False,6,SWIFT Kick In The Balls ,4360294,Antonio Gibson,RB,RB,True,16.5,14.42,False
1,False,6,SWIFT Kick In The Balls ,4426502,Drake London,WR,RB/WR/TE,True,9.9,9.38,False
1,False,6,SWIFT Kick In The Balls ,15807,Cordarrelle Patterson,RB,BE,False,21.1,9.52,False
1,False,6,SWIFT Kick In The Balls ,4567048,Kenneth Walker III,RB,BE,False,0.0,0.0,False
1,False,6,SWIFT Kick In The Balls ,3045144,Tyler Boyd,WR,BE,False,11.3,6.75,False
1,False,6,SWIFT Kick In The Balls ,4360234,Evan McPherson,K,K,True,7.0,8.96,False
1,False,6,SWIFT Kick In The Balls ,3056362,Shaquille Leonard,LB,IR,False,0.0,0.0,False
1,False,6,SWIFT Kick In The Balls ,-16009,Packers D/ST,D/ST,D/ST,True,0.0,5.14,False
1,False,6,SWIFT Kick In The Balls ,3128724,Isaiah McKenzie,WR,BE,False,9.9,7.06,False
1,False,6,SWIFT Kick In The Balls ,4362887,Justin Fields,QB,BE,False,13.64,13.76,False
1,False,6,SWIFT Kick In The Balls ,3115378,Russell Gage,WR,BE,False,2.3,8.07,False
1,False,6,SWIFT Kick In The Balls ,2975674,Robert Tonyan,TE,BE,False,5.1,7.03,False
1,False,6,SWIFT Kick In The Balls ,16720,C.J. Mosley,LB,DP,True,11.0,10.02,False
1,False,10,Maitland Tiburon,4262921,Justin Jefferson,WR,WR,True,34.9,14.66,False
1,False,10,Maitland Tiburon,4361579,Javonte Williams,RB,RB,True,14.3,13.74,False
1,False,10,Maitland Tiburon,4035538,David Montgomery,RB,RB,True,6.5,13.15,False
1,False,10,Maitland Tiburon,4241372,Marquise Brown,WR,WR,True,12.3,11.94,False
1,False,10,Maitland Tiburon,4040715,Jalen Hurts,QB,QB,True,24.72,22.92,False
1,False,10,Maitland Tiburon,4374302,Amon-Ra St. Brown,WR,RB/WR/TE,True,16.4,10.56,False
1,False,10,Maitland Tiburon,3135321,Hunter Renfrow,WR,BE,False,4.6,10.01,False
1,False,10,Maitland Tiburon,4040761,Devin Singletary,RB,BE,False,7.2,9.81,False
1,False,10,Maitland Tiburon,4361411,Pat Freiermuth,TE,TE,True,10.0,7.32,False
1,False,10,Maitland Tiburon,-16025,49ers D/ST,D/ST,D/ST,True,6.0,8.52,False
1,False,10,Maitland Tiburon,4249087,Matt Gay,K,K,True,6.0,8.87,False
1,False,10,Maitland Tiburon,14979,Bobby Wagner,LB,DP,True,9.0,9.88,False
1,False,10,Maitland Tiburon,4426388,Jameson Williams,WR,IR,False,0.0,0.0,False
1,False,10,Maitland Tiburon,2980453,Jamaal Williams,RB,BE,False,15.5,7.11,False
1,False,10,Maitland Tiburon,2576414,Raheem Mostert,RB,BE,False,3.7,8.15,False
1,False,10,Maitland Tiburon,4372485,Rondale Moore,WR,BE,False,0.0,0.0,False
1,False,10,Maitland Tiburon,4569587,Wan'Dale Robinson,WR,BE,False,1.0,7.1,False
1,False,10,Maitland Tiburon,4242433,Joshua Palmer,WR,BE,False,2.4,7.83,False
1,False,13,Christopher's Kryptonite ,2977187,Cooper Kupp,WR,WR,True,26.3,15.98,False
1,False,13,Christopher's Kryptonite ,3042519,Aaron Jones,RB,RB,True,9.1,13.68,False
1,False,13,Christopher's Kryptonite ,3918298,Josh Allen,QB,QB,True,31.48,22.65,False
1,False,13,Christopher's Kryptonite ,3128429,Courtland Sutton,WR,WR,True,10.2,10.89,False
1,False,13,Christopher's Kryptonite ,3121422,Terry McLaurin,WR,RB/WR/TE,True,12.8,11.85,False
1,False,13,Christopher's Kryptonite ,4242214,Clyde Edwards-Helaire,RB,BE,False,20.9,10.49,False
1,False,13,Christopher's Kryptonite ,3139925,Rashaad Penny,RB,RB,True,7.7,12.31,False
1,False,13,Christopher's Kryptonite ,4045163,Miles Sanders,RB,BE,False,17.5,11.95,False
1,False,13,Christopher's Kryptonite ,3930086,Dawson Knox,TE,TE,True,1.0,7.71,False
1,False,13,Christopher's Kryptonite ,15880,Robert Woods,WR,BE,False,1.8,9.37,False
1,False,13,Christopher's Kryptonite ,4430191,Skyy Moore,WR,BE,False,3.5,4.49,False
1,False,13,Christopher's Kryptonite ,4241474,Brian Robinson Jr.,RB,IR,False,0.0,0.0,False
1,False,13,Christopher's Kryptonite ,-16007,Broncos D/ST,D/ST,D/ST,True,7.0,6.37,False
1,False,13,Christopher's Kryptonite ,4426354,George Pickens,WR,BE,False,0.8,6.89,False
1,False,13,Christopher's Kryptonite ,4361529,Isiah Pacheco,RB,BE,False,12.2,2.86,False
1,False,13,Christopher's Kryptonite ,16339,Brandon McManus,K,K,True,10.0,8.12,False
1,False,13,Christopher's Kryptonite ,2572861,J.D. McKissic,RB,BE,False,6.3,8.51,False
1,False,13,Christopher's Kryptonite ,3040180,De'Vondre Campbell,LB,DP,True,11.0,9.23,False
1,False,5,COD Lobby Kyler,4242335,Jonathan Taylor,RB,RB,True,25.5,20.51,False
1,False,5,COD Lobby Kyler,15818,Keenan Allen,WR,WR,True,8.6,11.29,False
1,False,5,COD Lobby Kyler,4047365,Josh Jacobs,RB,RB,True,7.8,11.55,False
1,False,5,COD Lobby Kyler,3917315,Kyler Murray,QB,QB,True,20.62,20.55,False
1,False,5,COD Lobby Kyler,16460,Adam Thielen,WR,WR,True,5.1,10.31,False
1,False,5,COD Lobby Kyler,2577327,Tyler Lockett,WR,RB/WR/TE,True,4.3,9.73,False
1,False,5,COD Lobby Kyler,3116164,Mike Gesicki,TE,TE,True,0.6,6.92,False
1,False,5,COD Lobby Kyler,4048244,Alexander Mattison,RB,BE,False,3.6,3.78,False
1,False,5,COD Lobby Kyler,3115394,DJ Chark,WR,BE,False,13.2,7.89,False
1,False,5,COD Lobby Kyler,3122976,Jeff Wilson Jr.,RB,BE,False,4.0,2.51,False
1,False,5,COD Lobby Kyler,3916433,Jakobi Meyers,WR,BE,False,8.2,8.41,False
1,False,5,COD Lobby Kyler,2574808,Robbie Anderson,WR,BE,False,18.7,7.83,False
1,False,5,COD Lobby Kyler,2510863,Eric Kendricks,LB,DP,True,4.0,8.87,False
1,False,5,COD Lobby Kyler,3025433,Mike Davis,RB,BE,False,1.1,9.85,False
1,False,5,COD Lobby Kyler,3930066,Van Jefferson,WR,BE,False,0.0,0.0,False
1,False,5,COD Lobby Kyler,-16004,Bengals D/ST,D/ST,D/ST,True,4.0,6.96,False
1,False,5,COD Lobby Kyler,10621,Nick Folk,K,K,True,1.0,8.32,False
1,False,1,T's Diddy ,4362628,Ja'Marr Chase,WR,WR,True,24.9,14.4,False
1,False,1,T's Diddy ,2976212,Stefon Diggs,WR,WR,True,22.2,13.59,False
1,False,1,T's Diddy ,4360248,Kyle Pitts,TE,TE,True,2.9,9.54,False
1,False,1,T's Diddy ,4239996,Travis Etienne Jr.,RB,RB,True,7.5,11.85,False
1,False,1,T's Diddy ,4241985,J.K. Dobbins,RB,BE,False,0.0,0.0,False
1,False,1,T's Diddy ,2976316,Michael Thomas,WR,BE,False,20.2,10.83,False
1,False,1,T's Diddy ,4569173,Rhamondre Stevenson,RB,BE,False,3.7,9.99,False
1,False,1,T's Diddy ,4040655,Darnell Mooney,WR,RB/WR/TE,True,1.3,9.45,False
1,False,1,T's Diddy ,14881,Russell Wilson,QB,QB,True,17.8,19.13,False
1,False,1,T's Diddy ,4360238,Dameon Pierce,RB,RB,True,4.4,10.01,False
1,False,1,T's Diddy ,4043130,Jordyn Brooks,LB,DP,True,12.0,10.38,False
1,False,1,T's Diddy ,4373626,Tyler Allgeier,RB,BE,False,0.0,0.0,False
1,False,1,T's Diddy ,4383351,Trey Lance,QB,BE,False,10.96,17.51,False
1,False,1,T's Diddy ,3051909,Daniel Carlson,K,K,True,9.0,7.85,False
1,False,1,T's Diddy ,4697815,Rachaad White,RB,BE,False,3.1,4.02,False
1,False,1,T's Diddy ,3043275,Austin Hooper,TE,BE,False,1.1,6.69,False
1,False,1,T's Diddy ,-16033,Ravens D/ST,D/ST,D/ST,True,9.0,5.79,False
1,False,9,TBD TBD,3116593,Dalvin Cook,RB,RB,True,12.3,15.15,False
1,False,9,TBD TBD,16800,Davante Adams,WR,WR,True,25.1,13.94,False
1,False,9,TBD TBD,3045147,James Conner,RB,RB,True,14.0,15.36,False
1,False,9,TBD TBD,4038941,Justin Herbert,QB,QB,True,23.26,20.79,False
1,False,9,TBD TBD,3040151,George Kittle,TE,BE,False,0.0,0.0,False
1,False,9,TBD TBD,2976499,Amari Cooper,WR,WR,True,3.2,9.33,False
1,False,9,TBD TBD,16731,Brandin Cooks,WR,RB/WR/TE,True,11.7,10.96,False
1,False,9,TBD TBD,-16002,Bills D/ST,D/ST,D/ST,True,18.0,5.1,False
1,False,9,TBD TBD,16790,Jarvis Landry,WR,BE,False,14.9,7.25,False
1,False,9,TBD TBD,15683,Justin Tucker,K,K,True,6.0,8.41,False
1,False,9,TBD TBD,4372099,Aidan Hutchinson,DE,BE,False,1.0,3.84,False
1,False,9,TBD TBD,13982,Julio Jones,WR,BE,False,10.1,8.02,False
1,False,9,TBD TBD,4241464,Mac Jones,QB,BE,False,8.52,14.58,False
1,False,9,TBD TBD,4036131,Noah Fant,TE,TE,True,3.1,6.89,False
1,False,9,TBD TBD,2579621,Denzel Perryman,LB,DP,True,3.0,9.38,False
1,False,9,TBD TBD,13981,Mark Ingram II,RB,BE,False,0.8,5.65,False
1,False,9,TBD TBD,15072,Marvin Jones Jr.,WR,BE,False,5.8,8.26,False
1,False,3,Jim Ward's Ole Dick Necks,3068267,Austin Ekeler,RB,RB,True,9.2,17.44,False
1,False,3,Jim Ward's Ole Dick Necks,3126486,Deebo Samuel,WR,WR,True,11.6,14.6,False
1,False,3,Jim Ward's Ole Dick Necks,4240021,Cam Akers,RB,RB,True,0.0,11.25,False
1,False,3,Jim Ward's Ole Dick Necks,4241555,Elijah Mitchell,RB,RB/WR/TE,True,4.1,14.49,False
1,False,3,Jim Ward's Ole Dick Necks,3116165,Chris Godwin,WR,BE,False,5.0,8.38,False
1,False,3,Jim Ward's Ole Dick Necks,3059915,Kareem Hunt,RB,BE,False,21.0,10.57,False
1,False,3,Jim Ward's Ole Dick Necks,3120348,JuJu Smith-Schuster,WR,WR,True,8.9,10.11,False
1,False,3,Jim Ward's Ole Dick Necks,4361370,Chris Olave,WR,BE,False,7.6,7.97,False
1,False,3,Jim Ward's Ole Dick Necks,15795,DeAndre Hopkins,WR,BE,False,0.0,0.0,False
1,False,3,Jim Ward's Ole Dick Necks,3121023,Dallas Goedert,TE,TE,True,7.5,8.22,False
1,False,3,Jim Ward's Ole Dick Necks,8439,Aaron Rodgers,QB,QB,True,3.7,19.66,False
1,False,3,Jim Ward's Ole Dick Necks,4249417,Jalen Tolbert,WR,BE,False,0.0,3.77,False
1,False,3,Jim Ward's Ole Dick Necks,2573401,Tyler Higbee,TE,BE,False,7.4,6.98,False
1,False,3,Jim Ward's Ole Dick Necks,14880,Kirk Cousins,QB,BE,False,19.08,15.66,False
1,False,3,Jim Ward's Ole Dick Necks,-16023,Steelers D/ST,D/ST,D/ST,True,22.0,5.18,False
1,False,3,Jim Ward's Ole Dick Necks,2985659,Wil Lutz,K,K,True,9.0,7.3,False
1,False,3,Jim Ward's Ole Dick Necks,3116689,Cole Holcomb,LB,DP,True,5.0,9.29,False
1,False,2,Zeke -A Virus,3929630,Saquon Barkley,RB,RB,True,30.4,14.03,False
1,False,2,Zeke -A Virus,3051392,Ezekiel Elliott,RB,RB,True,5.4,11.91,False
1,False,2,Zeke -A Virus,3139477,Patrick Mahomes,QB,QB,True,34.9,22.66,False
1,False,2,Zeke -A Virus,3932905,Diontae Johnson,WR,WR,True,9.0,11.71,False
1,False,2,Zeke -A Virus,4243537,Gabe Davis,WR,WR,True,16.8,10.38,False
1,False,2,Zeke -A Virus,4040980,Irv Smith Jr.,TE,TE,True,0.0,7.28,False
1,False,2,Zeke -A Virus,4360939,Rashod Bateman,WR,RB/WR/TE,True,12.9,9.92,False
1,False,2,Zeke -A Virus,3916430,Nyheim Hines,RB,BE,False,8.4,6.78,False
1,False,2,Zeke -A Virus,4046692,Chase Claypool,WR,BE,False,7.4,9.67,False
1,False,2,Zeke -A Virus,-16027,Buccaneers D/ST,D/ST,D/ST,True,12.0,4.95,False
1,False,2,Zeke -A Virus,3917232,Tyler Bass,K,K,True,8.0,7.54,False
1,False,2,Zeke -A Virus,3915189,Roquan Smith,LB,DP,True,10.0,9.91,False
1,False,2,Zeke -A Virus,3128721,Sony Michel,RB,BE,False,1.2,2.71,False
1,False,2,Zeke -A Virus,16733,Odell Beckham Jr.,WR,BE,False,0.0,0.0,True
1,False,2,Zeke -A Virus,4036348,Michael Gallup,WR,BE,False,0.0,0.0,False
1,False,2,Zeke -A Virus,2969939,Jameis Winston,QB,BE,False,21.66,16.91,False
1,False,2,Zeke -A Virus,3051389,Joey Bosa,DE,BE,False,8.0,5.62,False
1,False,11,Dez (Bryant) Nuts,3116385,Joe Mixon,RB,RB,True,18.0,16.0,False
1,False,11,Dez (Bryant) Nuts,3128720,Nick Chubb,RB,RB,True,14.8,13.12,False
1,False,11,Dez (Bryant) Nuts,16737,Mike Evans,WR,WR,True,16.6,12.31,False
1,False,11,Dez (Bryant) Nuts,4047646,A.J. Brown,WR,WR,True,20.5,12.16,False
1,False,11,Dez (Bryant) Nuts,4239934,AJ Dillon,RB,BE,False,17.6,9.52,False
1,False,11,Dez (Bryant) Nuts,3117256,Dalton Schultz,TE,TE,True,9.7,9.19,False
1,False,11,Dez (Bryant) Nuts,4372414,Elijah Moore,WR,RB/WR/TE,True,7.4,10.58,False
1,False,11,Dez (Bryant) Nuts,3925347,Damien Harris,RB,BE,False,6.8,10.33,False
1,False,11,Dez (Bryant) Nuts,4360438,Brandon Aiyuk,WR,BE,False,5.7,9.05,False
1,False,11,Dez (Bryant) Nuts,12483,Matthew Stafford,QB,QB,True,8.8,16.92,False
1,False,11,Dez (Bryant) Nuts,4039359,Darrell Henderson Jr.,RB,BE,False,9.8,7.14,False
1,False,11,Dez (Bryant) Nuts,4035434,Devin White,LB,DP,True,12.0,8.54,False
1,False,11,Dez (Bryant) Nuts,-16011,Colts D/ST,D/ST,D/ST,True,7.0,7.27,False
1,False,11,Dez (Bryant) Nuts,12731,Ryan Succop,K,K,True,14.0,7.48,False
1,False,11,Dez (Bryant) Nuts,3046779,Jared Goff,QB,BE,False,15.5,14.18,False
1,False,11,Dez (Bryant) Nuts,4258595,Cole Kmet,TE,BE,False,0.0,6.23,False
1,False,11,Dez (Bryant) Nuts,4361409,Jahan Dotson,WR,BE,False,17.5,7.79,False
1,False,8,SCLSU Mud Dogs,3043078,Derrick Henry,RB,RB,True,8.2,17.07,False
1,False,8,SCLSU Mud Dogs,4241389,CeeDee Lamb,WR,WR,True,3.9,14.01,False
1,False,8,SCLSU Mud Dogs,3116365,Mark Andrews,TE,TE,True,7.7,11.97,False
1,False,8,SCLSU Mud Dogs,3045138,Mike Williams,WR,WR,True,2.0,11.8,False
1,False,8,SCLSU Mud Dogs,4427366,Breece Hall,RB,RB,True,7.1,9.18,False
1,False,8,SCLSU Mud Dogs,4047650,DK Metcalf,WR,RB/WR/TE,True,5.1,10.82,False
1,False,8,SCLSU Mud Dogs,2330,Tom Brady,QB,QB,True,10.38,19.11,False
1,False,8,SCLSU Mud Dogs,3916148,Tony Pollard,RB,BE,False,4.2,9.29,False
1,False,8,SCLSU Mud Dogs,2576434,Melvin Gordon III,RB,BE,False,6.2,8.26,False
1,False,8,SCLSU Mud Dogs,4240600,Kadarius Toney,WR,BE,False,2.3,9.75,False
1,False,8,SCLSU Mud Dogs,4379399,James Cook,RB,BE,False,-1.8,5.23,False
1,False,8,SCLSU Mud Dogs,3050073,Foyesade Oluokun,LB,DP,True,12.0,10.48,False
1,False,8,SCLSU Mud Dogs,3051738,Marquez Valdes-Scantling,WR,BE,False,6.1,8.94,False
1,False,8,SCLSU Mud Dogs,3046439,Hunter Henry,TE,BE,False,3.0,7.47,False
1,False,8,SCLSU Mud Dogs,-16017,Patriots D/ST,D/ST,D/ST,True,4.0,5.02,False
1,False,8,SCLSU Mud Dogs,4035115,Albert Okwuegbunam,TE,BE,False,5.8,6.68,False
1,False,8,SCLSU Mud Dogs,11122,Matt Prater,K,K,True,1.0,8.12,False
1,False,12,Rule  #76,4241457,Najee Harris,RB,RB,True,9.6,14.44,False
1,False,12,Rule  #76,3054850,Alvin Kamara,RB,RB,True,6.1,16.77,False
1,False,12,Rule  #76,4035687,Michael Pittman Jr.,WR,WR,True,22.6,12.24,False
1,False,12,Rule  #76,4372016,Jaylen Waddle,WR,RB/WR/TE,True,15.7,10.86,False
1,False,12,Rule  #76,3916387,Lamar Jackson,QB,QB,True,20.22,21.24,False
1,False,12,Rule  #76,16799,Allen Robinson II,WR,WR,True,1.7,10.47,False
1,False,12,Rule  #76,3119195,Chase Edmonds,RB,BE,False,8.5,9.18,False
1,False,12,Rule  #76,4036133,T.J. Hockenson,TE,TE,True,5.8,8.23,False
1,False,12,Rule  #76,3128390,Allen Lazard,WR,BE,False,0.0,0.0,False
1,False,12,Rule  #76,4567156,Treylon Burks,WR,BE,False,7.0,6.68,False
1,False,12,Rule  #76,15835,Zach Ertz,TE,BE,False,10.4,8.06,False
1,False,12,Rule  #76,4240657,Michael Carter,RB,BE,False,13.5,11.31,False
1,False,12,Rule  #76,4361423,Micah Parsons,LB,DP,True,9.0,7.96,False
1,False,12,Rule  #76,16757,Derek Carr,QB,BE,False,13.8,15.99,False
1,False,12,Rule  #76,4371733,Kenneth Gainwell,RB,BE,False,10.2,5.77,False
1,False,12,Rule  #76,3915165,Rodrigo Blankenship,K,K,True,8.0,7.13,False
1,False,12,Rule  #76,-16005,Browns D/ST,D/ST,D/ST,True,8.0,7.31,False
1,False,4,BUT kicKERs,3117251,Christian McCaffrey,RB,RB,True,13.7,17.98,False
1,False,4,BUT kicKERs,3116406,Tyreek Hill,WR,WR,True,14.0,13.04,False
1,False,4,BUT kicKERs,3115364,Leonard Fournette,RB,RB,True,14.7,15.08,False
1,False,4,BUT kicKERs,4241463,Jerry Jeudy,WR,WR,True,18.2,11.26,False
1,False,4,BUT kicKERs,2576925,Darren Waller,TE,TE,True,9.9,9.68,False
1,False,4,BUT kicKERs,4241478,DeVonta Smith,WR,RB/WR/TE,True,0.0,10.22,False
1,False,4,BUT kicKERs,2577417,Dak Prescott,QB,QB,True,4.46,18.63,False
1,False,4,BUT kicKERs,3895856,Christian Kirk,WR,BE,False,14.7,10.18,False
1,False,4,BUT kicKERs,4052042,James Robinson,RB,BE,False,19.4,7.67,False
1,False,4,BUT kicKERs,4569618,Garrett Wilson,WR,BE,False,7.2,6.9,False
1,False,4,BUT kicKERs,-16018,Saints D/ST,D/ST,D/ST,True,3.0,8.53,False
1,False,4,BUT kicKERs,3138826,Fred Warner,LB,DP,True,6.0,8.91,False
1,False,4,BUT kicKERs,3055899,Harrison Butker,K,K,True,9.0,8.28,False
1,False,4,BUT kicKERs,4241479,Tua Tagovailoa,QB,BE,False,14.8,17.28,False
1,False,4,BUT kicKERs,4360078,Alec Pierce,WR,BE,False,0.0,7.08,False
1,False,4,BUT kicKERs,4361432,Romeo Doubs,WR,BE,False,6.8,8.15,False
1,False,4,BUT kicKERs,3125116,D'Onta Foreman,RB,BE,False,0.5,2.84,False
2,False,10,Maitland Tiburon,4262921,Justin Jefferson,WR,WR,True,7.8,16.3,False
2,False,10,Maitland Tiburon,4361579,Javonte Williams,RB,RB,True,9.0,14.19,False
2,False,10,Maitland Tiburon,4035538,David Montgomery,RB,RB,True,14.6,12.01,False
2,False,10,Maitland Tiburon,4241372,Marquise Brown,WR,BE,False,10.8,11.27,False
2,False,10,Maitland Tiburon,4040715,Jalen Hurts,QB,QB,True,33.02,21.96,False
2,False,10,Maitland Tiburon,4374302,Amon-Ra St. Brown,WR,WR,True,34.9,10.88,False
2,False,10,Maitland Tiburon,3135321,Hunter Renfrow,WR,BE,False,7.4,9.44,False
2,False,10,Maitland Tiburon,4040761,Devin Singletary,RB,RB/WR/TE,True,3.1,10.34,False
2,False,10,Maitland Tiburon,4361411,Pat Freiermuth,TE,TE,True,10.2,7.68,False
2,False,10,Maitland Tiburon,-16025,49ers D/ST,D/ST,D/ST,True,13.0,7.03,False
2,False,10,Maitland Tiburon,4249087,Matt Gay,K,K,True,7.0,8.96,False
2,False,10,Maitland Tiburon,14979,Bobby Wagner,LB,DP,True,9.0,9.15,False
2,False,10,Maitland Tiburon,4426388,Jameson Williams,WR,IR,False,0.0,0.0,False
2,False,10,Maitland Tiburon,2980453,Jamaal Williams,RB,BE,False,6.5,8.99,False
2,False,10,Maitland Tiburon,2576414,Raheem Mostert,RB,BE,False,9.4,7.77,False
2,False,10,Maitland Tiburon,4372485,Rondale Moore,WR,BE,False,0.0,0.0,False
2,False,10,Maitland Tiburon,4569587,Wan'Dale Robinson,WR,BE,False,0.0,0.0,False
2,False,10,Maitland Tiburon,4242433,Joshua Palmer,WR,BE,False,11.0,9.83,False
2,False,5,COD Lobby Kyler,4242335,Jonathan Taylor,RB,RB,True,6.8,20.41,False
2,False,5,COD Lobby Kyler,15818,Keenan Allen,WR,BE,False,0.0,0.0,False
2,False,5,COD Lobby Kyler,4047365,Josh Jacobs,RB,RB,True,8.6,13.53,False
2,False,5,COD Lobby Kyler,3917315,Kyler Murray,QB,QB,True,25.88,20.05,False
2,False,5,COD Lobby Kyler,16460,Adam Thielen,WR,WR,True,7.2,9.8,False
2,False,5,COD Lobby Kyler,2577327,Tyler Lockett,WR,BE,False,15.2,8.22,False
2,False,5,COD Lobby Kyler,3116164,Mike Gesicki,TE,BE,False,12.1,4.38,False
2,False,5,COD Lobby Kyler,4048244,Alexander Mattison,RB,BE,False,2.9,4.26,False
2,False,5,COD Lobby Kyler,3115394,DJ Chark,WR,BE,False,0.0,9.16,False
2,False,5,COD Lobby Kyler,3122976,Jeff Wilson Jr.,RB,BE,False,11.3,10.69,False
2,False,5,COD Lobby Kyler,3916433,Jakobi Meyers,WR,BE,False,14.0,8.75,False
2,False,5,COD Lobby Kyler,2574808,Robbie Anderson,WR,WR,True,2.7,9.33,False
2,False,5,COD Lobby Kyler,2510863,Eric Kendricks,LB,DP,True,8.0,9.11,False
2,False,5,COD Lobby Kyler,-16004,Bengals D/ST,D/ST,D/ST,True,3.0,7.58,False
2,False,5,COD Lobby Kyler,3918639,Gerald Everett,TE,TE,True,10.1,6.32,False
2,False,5,COD Lobby Kyler,3975763,Greg Joseph,K,K,True,1.0,7.93,False
2,False,5,COD Lobby Kyler,2979843,Kenyan Drake,RB,RB/WR/TE,True,0.8,12.98,False
2,False,9,TBD TBD,3116593,Dalvin Cook,RB,RB,True,5.6,16.34,False
2,False,9,TBD TBD,16800,Davante Adams,WR,WR,True,8.2,15.46,False
2,False,9,TBD TBD,3045147,James Conner,RB,RB,True,6.1,15.49,False
2,False,9,TBD TBD,4038941,Justin Herbert,QB,QB,True,23.46,21.39,False
2,False,9,TBD TBD,3040151,George Kittle,TE,BE,False,0.0,0.0,False
2,False,9,TBD TBD,2976499,Amari Cooper,WR,WR,True,20.6,8.71,False
2,False,9,TBD TBD,16731,Brandin Cooks,WR,RB/WR/TE,True,7.4,10.99,False
2,False,9,TBD TBD,-16002,Bills D/ST,D/ST,D/ST,True,22.0,6.12,False
2,False,9,TBD TBD,16790,Jarvis Landry,WR,BE,False,4.5,8.61,False
2,False,9,TBD TBD,15683,Justin Tucker,K,K,True,10.0,8.72,False
2,False,9,TBD TBD,13982,Julio Jones,WR,BE,False,0.0,0.0,False
2,False,9,TBD TBD,4241464,Mac Jones,QB,BE,False,12.68,14.08,False
2,False,9,TBD TBD,4036131,Noah Fant,TE,TE,True,2.1,5.64,False
2,False,9,TBD TBD,2579621,Denzel Perryman,LB,BE,False,0.0,0.0,False
2,False,9,TBD TBD,13981,Mark Ingram II,RB,BE,False,5.1,9.77,False
2,False,9,TBD TBD,15072,Marvin Jones Jr.,WR,BE,False,4.8,7.29,False
2,False,9,TBD TBD,3918330,Logan Wilson,LB,DP,True,3.0,9.2,False
2,False,6,SWIFT Kick In The Balls ,4259545,D'Andre Swift,RB,RB,True,15.7,13.46,False
2,False,6,SWIFT Kick In The Balls ,15847,Travis Kelce,TE,TE,True,7.6,12.86,False
2,False,6,SWIFT Kick In The Balls ,4239993,Tee Higgins,WR,WR,True,16.1,11.45,False
2,False,6,SWIFT Kick In The Balls ,3915416,DJ Moore,WR,WR,True,11.8,11.69,False
2,False,6,SWIFT Kick In The Balls ,3915511,Joe Burrow,QB,QB,True,16.56,17.88,False
2,False,6,SWIFT Kick In The Balls ,4360294,Antonio Gibson,RB,RB,True,11.1,14.93,False
2,False,6,SWIFT Kick In The Balls ,4426502,Drake London,WR,RB/WR/TE,True,20.6,9.64,False
2,False,6,SWIFT Kick In The Balls ,15807,Cordarrelle Patterson,RB,BE,False,4.1,11.31,False
2,False,6,SWIFT Kick In The Balls ,4567048,Kenneth Walker III,RB,BE,False,2.5,5.51,False
2,False,6,SWIFT Kick In The Balls ,3045144,Tyler Boyd,WR,BE,False,4.7,6.44,False
2,False,6,SWIFT Kick In The Balls ,4360234,Evan McPherson,K,K,True,13.0,8.43,False
2,False,6,SWIFT Kick In The Balls ,3056362,Shaquille Leonard,LB,IR,False,0.0,0.0,False
2,False,6,SWIFT Kick In The Balls ,-16009,Packers D/ST,D/ST,D/ST,True,10.0,9.1,False
2,False,6,SWIFT Kick In The Balls ,3128724,Isaiah McKenzie,WR,BE,False,4.7,8.42,False
2,False,6,SWIFT Kick In The Balls ,4362887,Justin Fields,QB,BE,False,8.8,14.09,False
2,False,6,SWIFT Kick In The Balls ,3115378,Russell Gage,WR,BE,False,5.3,8.27,False
2,False,6,SWIFT Kick In The Balls ,2975674,Robert Tonyan,TE,BE,False,2.1,6.34,False
2,False,6,SWIFT Kick In The Balls ,16720,C.J. Mosley,LB,DP,True,7.0,10.2,False
2,False,1,T's Diddy ,4362628,Ja'Marr Chase,WR,WR,True,8.3,14.28,False
2,False,1,T's Diddy ,2976212,Stefon Diggs,WR,WR,True,38.8,14.19,False
2,False,1,T's Diddy ,4360248,Kyle Pitts,TE,TE,True,2.9,9.37,False
2,False,1,T's Diddy ,4239996,Travis Etienne Jr.,RB,BE,False,6.8,8.72,False
2,False,1,T's Diddy ,4241985,J.K. Dobbins,RB,BE,False,0.0,0.0,False
2,False,1,T's Diddy ,2976316,Michael Thomas,WR,RB/WR/TE,True,15.5,9.63,False
2,False,1,T's Diddy ,4569173,Rhamondre Stevenson,RB,RB,True,5.6,9.61,False
2,False,1,T's Diddy ,4040655,Darnell Mooney,WR,BE,False,0.1,9.41,False
2,False,1,T's Diddy ,14881,Russell Wilson,QB,QB,True,11.06,20.09,False
2,False,1,T's Diddy ,4360238,Dameon Pierce,RB,RB,True,8.2,9.33,False
2,False,1,T's Diddy ,4043130,Jordyn Brooks,LB,DP,True,11.0,10.6,False
2,False,1,T's Diddy ,4373626,Tyler Allgeier,RB,BE,False,3.0,3.73,False
2,False,1,T's Diddy ,4383351,Trey Lance,QB,BE,False,2.5,17.98,False
2,False,1,T's Diddy ,3051909,Daniel Carlson,K,K,True,13.0,8.53,False
2,False,1,T's Diddy ,4697815,Rachaad White,RB,BE,False,0.1,4.55,False
2,False,1,T's Diddy ,3043275,Austin Hooper,TE,BE,False,2.4,5.52,False
2,False,1,T's Diddy ,-16014,Rams D/ST,D/ST,D/ST,True,11.0,8.11,False
2,False,13,Christopher's Kryptonite ,2977187,Cooper Kupp,WR,WR,True,27.3,16.65,False
2,False,13,Christopher's Kryptonite ,3042519,Aaron Jones,RB,RB,True,30.5,13.65,False
2,False,13,Christopher's Kryptonite ,3918298,Josh Allen,QB,QB,True,29.68,24.37,False
2,False,13,Christopher's Kryptonite ,3128429,Courtland Sutton,WR,WR,True,17.2,11.11,False
2,False,13,Christopher's Kryptonite ,3121422,Terry McLaurin,WR,RB/WR/TE,True,10.2,12.03,False
2,False,13,Christopher's Kryptonite ,4242214,Clyde Edwards-Helaire,RB,RB,True,13.8,10.98,False
2,False,13,Christopher's Kryptonite ,3139925,Rashaad Penny,RB,BE,False,1.5,11.24,False
2,False,13,Christopher's Kryptonite ,4045163,Miles Sanders,RB,BE,False,10.1,12.34,False
2,False,13,Christopher's Kryptonite ,3930086,Dawson Knox,TE,TE,True,6.1,7.25,False
2,False,13,Christopher's Kryptonite ,15880,Robert Woods,WR,BE,False,5.9,8.25,False
2,False,13,Christopher's Kryptonite ,4430191,Skyy Moore,WR,BE,False,0.0,2.29,False
2,False,13,Christopher's Kryptonite ,4241474,Brian Robinson Jr.,RB,IR,False,0.0,0.0,False
2,False,13,Christopher's Kryptonite ,-16007,Broncos D/ST,D/ST,D/ST,True,8.0,7.15,False
2,False,13,Christopher's Kryptonite ,4361529,Isiah Pacheco,RB,BE,False,2.6,2.4,False
2,False,13,Christopher's Kryptonite ,16339,Brandon McManus,K,K,True,12.0,8.32,False
2,False,13,Christopher's Kryptonite ,2572861,J.D. McKissic,RB,BE,False,9.8,7.95,False
2,False,13,Christopher's Kryptonite ,3040180,De'Vondre Campbell,LB,DP,True,4.0,9.13,False
2,False,13,Christopher's Kryptonite ,3121427,Curtis Samuel,WR,BE,False,19.4,10.33,False
2,False,2,Zeke -A Virus,3929630,Saquon Barkley,RB,RB,True,10.3,15.56,False
2,False,2,Zeke -A Virus,3051392,Ezekiel Elliott,RB,RB,True,5.4,11.92,False
2,False,2,Zeke -A Virus,3139477,Patrick Mahomes,QB,QB,True,17.3,22.26,False
2,False,2,Zeke -A Virus,3932905,Diontae Johnson,WR,WR,True,10.7,11.09,False
2,False,2,Zeke -A Virus,4243537,Gabe Davis,WR,BE,False,0.0,0.0,False
2,False,2,Zeke -A Virus,4040980,Irv Smith Jr.,TE,TE,True,13.1,5.28,False
2,False,2,Zeke -A Virus,4360939,Rashod Bateman,WR,RB/WR/TE,True,18.8,9.16,False
2,False,2,Zeke -A Virus,3916430,Nyheim Hines,RB,BE,False,6.7,7.9,False
2,False,2,Zeke -A Virus,4046692,Chase Claypool,WR,WR,True,4.6,10.08,False
2,False,2,Zeke -A Virus,-16027,Buccaneers D/ST,D/ST,D/ST,True,25.0,7.09,False
2,False,2,Zeke -A Virus,3917232,Tyler Bass,K,K,True,12.0,8.16,False
2,False,2,Zeke -A Virus,3915189,Roquan Smith,LB,DP,True,11.0,9.7,False
2,False,2,Zeke -A Virus,3128721,Sony Michel,RB,BE,False,2.4,4.77,False
2,False,2,Zeke -A Virus,16733,Odell Beckham Jr.,WR,BE,False,0.0,0.0,True
2,False,2,Zeke -A Virus,4036348,Michael Gallup,WR,BE,False,0.0,0.0,False
2,False,2,Zeke -A Virus,2969939,Jameis Winston,QB,BE,False,7.64,14.89,False
2,False,2,Zeke -A Virus,3051389,Joey Bosa,DE,BE,False,3.0,5.68,False
2,False,8,SCLSU Mud Dogs,3043078,Derrick Henry,RB,RB,True,8.5,15.91,False
2,False,8,SCLSU Mud Dogs,4241389,CeeDee Lamb,WR,RB/WR/TE,True,11.6,11.19,False
2,False,8,SCLSU Mud Dogs,3116365,Mark Andrews,TE,TE,True,21.2,11.35,False
2,False,8,SCLSU Mud Dogs,3045138,Mike Williams,WR,WR,True,21.3,12.29,False
2,False,8,SCLSU Mud Dogs,4427366,Breece Hall,RB,BE,False,12.5,8.97,False
2,False,8,SCLSU Mud Dogs,4047650,DK Metcalf,WR,WR,True,5.5,10.56,False
2,False,8,SCLSU Mud Dogs,2330,Tom Brady,QB,QB,True,9.4,18.12,False
2,False,8,SCLSU Mud Dogs,3916148,Tony Pollard,RB,BE,False,17.8,8.08,False
2,False,8,SCLSU Mud Dogs,2576434,Melvin Gordon III,RB,RB,True,5.8,10.6,False
2,False,8,SCLSU Mud Dogs,4240600,Kadarius Toney,WR,BE,False,1.0,6.21,False
2,False,8,SCLSU Mud Dogs,4379399,James Cook,RB,BE,False,5.3,1.37,False
2,False,8,SCLSU Mud Dogs,3050073,Foyesade Oluokun,LB,DP,True,4.0,10.32,False
2,False,8,SCLSU Mud Dogs,3051738,Marquez Valdes-Scantling,WR,BE,False,2.3,9.74,False
2,False,8,SCLSU Mud Dogs,-16017,Patriots D/ST,D/ST,D/ST,True,10.0,6.36,False
2,False,8,SCLSU Mud Dogs,4035115,Albert Okwuegbunam,TE,BE,False,0.0,7.26,False
2,False,8,SCLSU Mud Dogs,11122,Matt Prater,K,K,True,1.0,7.73,False
2,False,8,SCLSU Mud Dogs,4426354,George Pickens,WR,BE,False,3.8,7.02,False
2,False,4,BUT kicKERs,3117251,Christian McCaffrey,RB,RB,True,14.8,19.54,False
2,False,4,BUT kicKERs,3116406,Tyreek Hill,WR,WR,True,37.5,13.99,False
2,False,4,BUT kicKERs,3115364,Leonard Fournette,RB,RB,True,8.4,15.24,False
2,False,4,BUT kicKERs,4241463,Jerry Jeudy,WR,WR,True,1.7,10.93,False
2,False,4,BUT kicKERs,2576925,Darren Waller,TE,TE,True,14.0,9.38,False
2,False,4,BUT kicKERs,4241478,DeVonta Smith,WR,BE,False,11.5,9.11,False
2,False,4,BUT kicKERs,2577417,Dak Prescott,QB,BE,False,0.0,0.0,False
2,False,4,BUT kicKERs,3895856,Christian Kirk,WR,RB/WR/TE,True,22.8,10.12,False
2,False,4,BUT kicKERs,4052042,James Robinson,RB,BE,False,14.8,10.49,False
2,False,4,BUT kicKERs,4569618,Garrett Wilson,WR,BE,False,26.0,6.56,False
2,False,4,BUT kicKERs,-16018,Saints D/ST,D/ST,D/ST,True,6.0,3.75,False
2,False,4,BUT kicKERs,3138826,Fred Warner,LB,DP,True,3.0,8.84,False
2,False,4,BUT kicKERs,3055899,Harrison Butker,K,K,True,0.0,0.0,False
2,False,4,BUT kicKERs,4241479,Tua Tagovailoa,QB,QB,True,38.86,17.17,False
2,False,4,BUT kicKERs,4360078,Alec Pierce,WR,BE,False,0.0,0.0,False
2,False,4,BUT kicKERs,4361432,Romeo Doubs,WR,BE,False,3.7,5.01,False
2,False,4,BUT kicKERs,3125116,D'Onta Foreman,RB,BE,False,0.9,2.92,False
2,False,3,Jim Ward's Ole Dick Necks,3068267,Austin Ekeler,RB,RB,True,13.9,16.31,False
2,False,3,Jim Ward's Ole Dick Necks,3126486,Deebo Samuel,WR,WR,True,12.2,14.78,False
2,False,3,Jim Ward's Ole Dick Necks,4240021,Cam Akers,RB,RB/WR/TE,True,7.2,7.59,False
2,False,3,Jim Ward's Ole Dick Necks,4241555,Elijah Mitchell,RB,IR,False,0.0,0.0,False
2,False,3,Jim Ward's Ole Dick Necks,3116165,Chris Godwin,WR,BE,False,0.0,0.0,False
2,False,3,Jim Ward's Ole Dick Necks,3059915,Kareem Hunt,RB,RB,True,8.4,10.1,False
2,False,3,Jim Ward's Ole Dick Necks,3120348,JuJu Smith-Schuster,WR,WR,True,2.5,10.8,False
2,False,3,Jim Ward's Ole Dick Necks,4361370,Chris Olave,WR,BE,False,9.5,6.97,False
2,False,3,Jim Ward's Ole Dick Necks,15795,DeAndre Hopkins,WR,BE,False,0.0,0.0,False
2,False,3,Jim Ward's Ole Dick Necks,3121023,Dallas Goedert,TE,TE,True,10.7,6.96,False
2,False,3,Jim Ward's Ole Dick Necks,8439,Aaron Rodgers,QB,BE,False,16.36,19.6,False
2,False,3,Jim Ward's Ole Dick Necks,4249417,Jalen Tolbert,WR,BE,False,0.0,0.0,False
2,False,3,Jim Ward's Ole Dick Necks,2573401,Tyler Higbee,TE,BE,False,10.6,7.45,False
2,False,3,Jim Ward's Ole Dick Necks,14880,Kirk Cousins,QB,BE,False,8.84,16.66,False
2,False,3,Jim Ward's Ole Dick Necks,-16023,Steelers D/ST,D/ST,D/ST,True,2.0,5.89,False
2,False,3,Jim Ward's Ole Dick Necks,2985659,Wil Lutz,K,K,True,4.0,7.61,False
2,False,3,Jim Ward's Ole Dick Necks,3121544,T.J. Edwards,LB,DP,True,10.0,10.21,False
2,False,3,Jim Ward's Ole Dick Necks,2573079,Carson Wentz,QB,QB,True,27.78,18.33,False
2,False,12,Rule  #76,4241457,Najee Harris,RB,RB,True,11.4,14.4,False
2,False,12,Rule  #76,3054850,Alvin Kamara,RB,BE,False,0.0,0.0,False
2,False,12,Rule  #76,4035687,Michael Pittman Jr.,WR,BE,False,0.0,0.0,False
2,False,12,Rule  #76,4372016,Jaylen Waddle,WR,WR,True,35.6,10.39,False
2,False,12,Rule  #76,3916387,Lamar Jackson,QB,QB,True,42.62,20.62,False
2,False,12,Rule  #76,16799,Allen Robinson II,WR,WR,True,13.3,9.68,False
2,False,12,Rule  #76,3119195,Chase Edmonds,RB,RB,True,4.6,11.27,False
2,False,12,Rule  #76,4036133,T.J. Hockenson,TE,TE,True,4.1,8.49,False
2,False,12,Rule  #76,3128390,Allen Lazard,WR,BE,False,8.3,9.71,False
2,False,12,Rule  #76,4567156,Treylon Burks,WR,BE,False,6.7,6.66,False
2,False,12,Rule  #76,15835,Zach Ertz,TE,BE,False,11.5,7.11,False
2,False,12,Rule  #76,4240657,Michael Carter,RB,RB/WR/TE,True,7.5,11.75,False
2,False,12,Rule  #76,4361423,Micah Parsons,LB,DP,True,8.0,9.22,False
2,False,12,Rule  #76,4371733,Kenneth Gainwell,RB,BE,False,2.3,5.95,False
2,False,12,Rule  #76,-16005,Browns D/ST,D/ST,D/ST,True,0.0,6.88,False
2,False,12,Rule  #76,2468609,Taysom Hill,TE,BE,False,1.4,5.54,False
2,False,12,Rule  #76,3050478,Jake Elliott,K,K,True,5.0,8.19,False
2,False,11,Dez (Bryant) Nuts,3116385,Joe Mixon,RB,RB,True,9.8,15.26,False
2,False,11,Dez (Bryant) Nuts,3128720,Nick Chubb,RB,RB,True,30.8,14.15,False
2,False,11,Dez (Bryant) Nuts,16737,Mike Evans,WR,WR,True,7.6,11.43,False
2,False,11,Dez (Bryant) Nuts,4047646,A.J. Brown,WR,WR,True,9.4,12.43,False
2,False,11,Dez (Bryant) Nuts,4239934,AJ Dillon,RB,BE,False,7.2,11.26,False
2,False,11,Dez (Bryant) Nuts,3117256,Dalton Schultz,TE,TE,True,0.8,7.76,False
2,False,11,Dez (Bryant) Nuts,4372414,Elijah Moore,WR,BE,False,5.0,9.29,False
2,False,11,Dez (Bryant) Nuts,3925347,Damien Harris,RB,BE,False,15.7,10.25,False
2,False,11,Dez (Bryant) Nuts,4360438,Brandon Aiyuk,WR,BE,False,8.8,8.95,False
2,False,11,Dez (Bryant) Nuts,12483,Matthew Stafford,QB,QB,True,18.88,18.08,False
2,False,11,Dez (Bryant) Nuts,4039359,Darrell Henderson Jr.,RB,RB/WR/TE,True,10.7,14.34,False
2,False,11,Dez (Bryant) Nuts,4035434,Devin White,LB,DP,True,15.0,9.51,False
2,False,11,Dez (Bryant) Nuts,-16011,Colts D/ST,D/ST,D/ST,True,0.0,6.52,False
2,False,11,Dez (Bryant) Nuts,12731,Ryan Succop,K,K,True,10.0,7.67,False
2,False,11,Dez (Bryant) Nuts,3046779,Jared Goff,QB,BE,False,26.04,15.01,False
2,False,11,Dez (Bryant) Nuts,4258595,Cole Kmet,TE,BE,False,0.0,6.12,False
2,False,11,Dez (Bryant) Nuts,4361409,Jahan Dotson,WR,BE,False,15.9,7.3,False
3,False,9,TBD TBD,3116593,Dalvin Cook,RB,RB,True,13.6,16.5,False
3,False,9,TBD TBD,16800,Davante Adams,WR,WR,True,11.7,16.07,False
3,False,9,TBD TBD,3045147,James Conner,RB,RB,True,7.2,13.0,False
3,False,9,TBD TBD,4038941,Justin Herbert,QB,QB,True,12.58,20.24,False
3,False,9,TBD TBD,3040151,George Kittle,TE,TE,True,4.8,10.33,False
3,False,9,TBD TBD,2976499,Amari Cooper,WR,WR,True,19.6,9.02,False
3,False,9,TBD TBD,16731,Brandin Cooks,WR,RB/WR/TE,True,3.2,11.96,False
3,False,9,TBD TBD,-16002,Bills D/ST,D/ST,D/ST,True,6.0,4.63,False
3,False,9,TBD TBD,16790,Jarvis Landry,WR,BE,False,3.2,6.95,False
3,False,9,TBD TBD,15683,Justin Tucker,K,K,True,9.0,8.32,False
3,False,9,TBD TBD,13982,Julio Jones,WR,BE,False,0.0,0.0,False
3,False,9,TBD TBD,4241464,Mac Jones,QB,BE,False,15.94,15.53,False
3,False,9,TBD TBD,4036131,Noah Fant,TE,BE,False,4.7,5.39,False
3,False,9,TBD TBD,13981,Mark Ingram II,RB,BE,False,7.8,5.3,False
3,False,9,TBD TBD,15072,Marvin Jones Jr.,WR,BE,False,11.3,8.02,False
3,False,9,TBD TBD,3918330,Logan Wilson,LB,DP,True,9.0,8.71,False
3,False,9,TBD TBD,16760,Jimmy Garoppolo,QB,BE,False,8.44,14.38,False
3,False,10,Maitland Tiburon,4262921,Justin Jefferson,WR,WR,True,2.9,16.91,False
3,False,10,Maitland Tiburon,4361579,Javonte Williams,RB,RB,True,7.5,12.56,False
3,False,10,Maitland Tiburon,4035538,David Montgomery,RB,RB,True,1.1,14.16,False
3,False,10,Maitland Tiburon,4241372,Marquise Brown,WR,RB/WR/TE,True,21.0,11.1,False
3,False,10,Maitland Tiburon,4040715,Jalen Hurts,QB,QB,True,27.6,23.93,False
3,False,10,Maitland Tiburon,4374302,Amon-Ra St. Brown,WR,WR,True,10.3,14.32,False
3,False,10,Maitland Tiburon,3135321,Hunter Renfrow,WR,BE,False,0.0,0.0,False
3,False,10,Maitland Tiburon,4040761,Devin Singletary,RB,BE,False,19.6,10.01,False
3,False,10,Maitland Tiburon,4361411,Pat Freiermuth,TE,TE,True,5.1,9.2,False
3,False,10,Maitland Tiburon,-16025,49ers D/ST,D/ST,BE,False,9.0,4.84,False
3,False,10,Maitland Tiburon,4249087,Matt Gay,K,K,True,9.0,8.54,False
3,False,10,Maitland Tiburon,14979,Bobby Wagner,LB,DP,True,9.0,9.62,False
3,False,10,Maitland Tiburon,4426388,Jameson Williams,WR,IR,False,0.0,0.0,False
3,False,10,Maitland Tiburon,2980453,Jamaal Williams,RB,BE,False,23.7,7.53,False
3,False,10,Maitland Tiburon,2576414,Raheem Mostert,RB,BE,False,1.1,8.16,False
3,False,10,Maitland Tiburon,4372485,Rondale Moore,WR,BE,False,0.0,0.0,False
3,False,10,Maitland Tiburon,4242433,Joshua Palmer,WR,BE,False,12.9,8.76,False
3,False,10,Maitland Tiburon,-16001,Falcons D/ST,D/ST,D/ST,True,1.0,6.31,False
3,False,5,COD Lobby Kyler,4242335,Jonathan Taylor,RB,RB,True,10.6,18.38,False
3,False,5,COD Lobby Kyler,15818,Keenan Allen,WR,BE,False,0.0,0.0,False
3,False,5,COD Lobby Kyler,4047365,Josh Jacobs,RB,RB,True,12.2,11.04,False
3,False,5,COD Lobby Kyler,3917315,Kyler Murray,QB,QB,True,13.36,20.17,False
3,False,5,COD Lobby Kyler,16460,Adam Thielen,WR,WR,True,15.1,9.09,False
3,False,5,COD Lobby Kyler,2577327,Tyler Lockett,WR,WR,True,12.1,9.9,False
3,False,5,COD Lobby Kyler,3116164,Mike Gesicki,TE,BE,False,1.1,4.53,False
3,False,5,COD Lobby Kyler,4048244,Alexander Mattison,RB,BE,False,10.9,5.17,False
3,False,5,COD Lobby Kyler,3115394,DJ Chark,WR,BE,False,7.1,9.15,False
3,False,5,COD Lobby Kyler,3122976,Jeff Wilson Jr.,RB,RB/WR/TE,True,11.1,11.15,False
3,False,5,COD Lobby Kyler,3916433,Jakobi Meyers,WR,BE,False,0.0,0.0,False
3,False,5,COD Lobby Kyler,2574808,Robbie Anderson,WR,BE,False,1.9,8.74,False
3,False,5,COD Lobby Kyler,2510863,Eric Kendricks,LB,DP,True,11.0,8.79,False
3,False,5,COD Lobby Kyler,-16004,Bengals D/ST,D/ST,D/ST,True,15.0,6.76,False
3,False,5,COD Lobby Kyler,3918639,Gerald Everett,TE,TE,True,4.5,7.68,False
3,False,5,COD Lobby Kyler,3975763,Greg Joseph,K,K,True,2.0,8.44,False
3,False,5,COD Lobby Kyler,4035004,Mecole Hardman,WR,BE,False,0.7,9.46,False
3,False,1,T's Diddy ,4362628,Ja'Marr Chase,WR,WR,True,10.7,15.46,False
3,False,1,T's Diddy ,2976212,Stefon Diggs,WR,WR,True,10.9,15.43,False
3,False,1,T's Diddy ,4360248,Kyle Pitts,TE,TE,True,11.2,7.97,False
3,False,1,T's Diddy ,4239996,Travis Etienne Jr.,RB,BE,False,9.0,8.26,False
3,False,1,T's Diddy ,4241985,J.K. Dobbins,RB,RB,True,5.0,10.04,False
3,False,1,T's Diddy ,2976316,Michael Thomas,WR,RB/WR/TE,True,7.4,10.84,False
3,False,1,T's Diddy ,4569173,Rhamondre Stevenson,RB,BE,False,18.1,9.22,False
3,False,1,T's Diddy ,4040655,Darnell Mooney,WR,BE,False,3.3,8.11,False
3,False,1,T's Diddy ,14881,Russell Wilson,QB,QB,True,9.06,17.79,False
3,False,1,T's Diddy ,4360238,Dameon Pierce,RB,RB,True,17.1,11.01,False
3,False,1,T's Diddy ,4043130,Jordyn Brooks,LB,DP,True,9.0,10.35,False
3,False,1,T's Diddy ,4373626,Tyler Allgeier,RB,BE,False,3.5,6.25,False
3,False,1,T's Diddy ,3051909,Daniel Carlson,K,K,True,10.0,8.19,False
3,False,1,T's Diddy ,4697815,Rachaad White,RB,BE,False,0.0,5.31,False
3,False,1,T's Diddy ,3043275,Austin Hooper,TE,BE,False,3.9,6.08,False
3,False,1,T's Diddy ,-16014,Rams D/ST,D/ST,BE,False,4.0,4.14,False
3,False,1,T's Diddy ,-16005,Browns D/ST,D/ST,D/ST,True,10.0,7.35,False
3,False,6,SWIFT Kick In The Balls ,4259545,D'Andre Swift,RB,RB,True,6.1,14.38,False
3,False,6,SWIFT Kick In The Balls ,15847,Travis Kelce,TE,TE,True,16.9,13.06,False
3,False,6,SWIFT Kick In The Balls ,4239993,Tee Higgins,WR,WR,True,11.8,11.42,False
3,False,6,SWIFT Kick In The Balls ,3915416,DJ Moore,WR,WR,True,2.0,11.05,False
3,False,6,SWIFT Kick In The Balls ,3915511,Joe Burrow,QB,QB,True,23.0,18.35,False
3,False,6,SWIFT Kick In The Balls ,4360294,Antonio Gibson,RB,RB,True,10.5,13.32,False
3,False,6,SWIFT Kick In The Balls ,4426502,Drake London,WR,RB/WR/TE,True,12.9,10.83,False
3,False,6,SWIFT Kick In The Balls ,15807,Cordarrelle Patterson,RB,BE,False,21.8,10.73,False
3,False,6,SWIFT Kick In The Balls ,3045144,Tyler Boyd,WR,BE,False,18.5,5.64,False
3,False,6,SWIFT Kick In The Balls ,4360234,Evan McPherson,K,K,True,9.0,8.19,False
3,False,6,SWIFT Kick In The Balls ,3056362,Shaquille Leonard,LB,IR,False,0.0,0.0,False
3,False,6,SWIFT Kick In The Balls ,-16009,Packers D/ST,D/ST,BE,False,12.0,3.28,False
3,False,6,SWIFT Kick In The Balls ,3128724,Isaiah McKenzie,WR,BE,False,17.7,5.8,False
3,False,6,SWIFT Kick In The Balls ,4362887,Justin Fields,QB,BE,False,4.94,15.32,False
3,False,6,SWIFT Kick In The Balls ,2975674,Robert Tonyan,TE,BE,False,6.7,5.45,False
3,False,6,SWIFT Kick In The Balls ,16720,C.J. Mosley,LB,DP,True,14.0,10.35,False
3,False,6,SWIFT Kick In The Balls ,-16034,Texans D/ST,D/ST,D/ST,True,8.0,7.67,False
3,False,6,SWIFT Kick In The Balls ,2976592,Sterling Shepard,WR,BE,False,7.4,8.82,False
3,False,13,Christopher's Kryptonite ,2977187,Cooper Kupp,WR,WR,True,14.4,17.73,False
3,False,13,Christopher's Kryptonite ,3042519,Aaron Jones,RB,RB,True,4.2,12.12,False
3,False,13,Christopher's Kryptonite ,3918298,Josh Allen,QB,QB,True,26.7,24.2,False
3,False,13,Christopher's Kryptonite ,3128429,Courtland Sutton,WR,WR,True,13.7,11.32,False
3,False,13,Christopher's Kryptonite ,3121422,Terry McLaurin,WR,BE,False,13.2,11.01,False
3,False,13,Christopher's Kryptonite ,4242214,Clyde Edwards-Helaire,RB,RB,True,12.4,10.66,False
3,False,13,Christopher's Kryptonite ,3139925,Rashaad Penny,RB,BE,False,7.4,10.66,False
3,False,13,Christopher's Kryptonite ,4045163,Miles Sanders,RB,RB/WR/TE,True,4.9,12.51,False
3,False,13,Christopher's Kryptonite ,3930086,Dawson Knox,TE,TE,True,5.5,7.36,False
3,False,13,Christopher's Kryptonite ,15880,Robert Woods,WR,BE,False,10.5,8.28,False
3,False,13,Christopher's Kryptonite ,4430191,Skyy Moore,WR,BE,False,-2.0,1.19,False
3,False,13,Christopher's Kryptonite ,4241474,Brian Robinson Jr.,RB,IR,False,0.0,0.0,False
3,False,13,Christopher's Kryptonite ,-16007,Broncos D/ST,D/ST,BE,False,17.0,5.58,False
3,False,13,Christopher's Kryptonite ,4361529,Isiah Pacheco,RB,BE,False,0.9,2.21,False
3,False,13,Christopher's Kryptonite ,16339,Brandon McManus,K,K,True,4.0,8.3,False
3,False,13,Christopher's Kryptonite ,3040180,De'Vondre Campbell,LB,DP,True,14.0,9.46,False
3,False,13,Christopher's Kryptonite ,3121427,Curtis Samuel,WR,BE,False,9.6,10.6,False
3,False,13,Christopher's Kryptonite ,-16024,Chargers D/ST,D/ST,D/ST,True,-6.0,6.22,False
3,False,4,BUT kicKERs,3117251,Christian McCaffrey,RB,RB,True,12.5,18.48,False
3,False,4,BUT kicKERs,3116406,Tyreek Hill,WR,WR,True,4.3,16.16,False
3,False,4,BUT kicKERs,3115364,Leonard Fournette,RB,RB,True,10.5,15.74,False
3,False,4,BUT kicKERs,4241463,Jerry Jeudy,WR,WR,True,2.7,10.1,False
3,False,4,BUT kicKERs,2576925,Darren Waller,TE,TE,True,3.7,11.0,False
3,False,4,BUT kicKERs,4241478,DeVonta Smith,WR,BE,False,26.9,9.4,False
3,False,4,BUT kicKERs,2577417,Dak Prescott,QB,BE,False,0.0,0.0,False
3,False,4,BUT kicKERs,3895856,Christian Kirk,WR,RB/WR/TE,True,16.2,11.2,False
3,False,4,BUT kicKERs,4052042,James Robinson,RB,BE,False,19.1,11.01,False
3,False,4,BUT kicKERs,4569618,Garrett Wilson,WR,BE,False,9.0,10.4,False
3,False,4,BUT kicKERs,-16018,Saints D/ST,D/ST,D/ST,True,6.0,6.78,False
3,False,4,BUT kicKERs,3138826,Fred Warner,LB,DP,True,7.0,8.67,False
3,False,4,BUT kicKERs,3055899,Harrison Butker,K,K,True,0.0,0.0,False
3,False,4,BUT kicKERs,4241479,Tua Tagovailoa,QB,QB,True,11.44,17.67,False
3,False,4,BUT kicKERs,4360078,Alec Pierce,WR,BE,False,7.6,4.16,False
3,False,4,BUT kicKERs,4361432,Romeo Doubs,WR,BE,False,17.3,7.27,False
3,False,4,BUT kicKERs,3125116,D'Onta Foreman,RB,BE,False,0.0,2.2,False
3,False,2,Zeke -A Virus,3929630,Saquon Barkley,RB,RB,True,20.6,16.21,False
3,False,2,Zeke -A Virus,3051392,Ezekiel Elliott,RB,RB,True,14.0,12.6,False
3,False,2,Zeke -A Virus,3139477,Patrick Mahomes,QB,QB,True,17.08,22.44,False
3,False,2,Zeke -A Virus,3932905,Diontae Johnson,WR,WR,True,12.4,10.86,False
3,False,2,Zeke -A Virus,4243537,Gabe Davis,WR,WR,True,5.2,11.74,False
3,False,2,Zeke -A Virus,4040980,Irv Smith Jr.,TE,TE,True,4.2,6.56,False
3,False,2,Zeke -A Virus,4360939,Rashod Bateman,WR,RB/WR/TE,True,5.9,10.26,False
3,False,2,Zeke -A Virus,3916430,Nyheim Hines,RB,BE,False,5.5,7.38,False
3,False,2,Zeke -A Virus,4046692,Chase Claypool,WR,BE,False,6.1,9.61,False
3,False,2,Zeke -A Virus,-16027,Buccaneers D/ST,D/ST,D/ST,True,6.0,6.45,False
3,False,2,Zeke -A Virus,3917232,Tyler Bass,K,K,True,4.0,7.92,False
3,False,2,Zeke -A Virus,3915189,Roquan Smith,LB,DP,True,18.0,9.73,False
3,False,2,Zeke -A Virus,3128721,Sony Michel,RB,BE,False,3.6,3.23,False
3,False,2,Zeke -A Virus,16733,Odell Beckham Jr.,WR,BE,False,0.0,0.0,True
3,False,2,Zeke -A Virus,4036348,Michael Gallup,WR,BE,False,0.0,7.06,False
3,False,2,Zeke -A Virus,2969939,Jameis Winston,QB,BE,False,14.62,14.71,False
3,False,2,Zeke -A Virus,3051389,Joey Bosa,DE,BE,False,1.0,5.97,False
3,False,8,SCLSU Mud Dogs,3043078,Derrick Henry,RB,RB,True,22.8,16.63,False
3,False,8,SCLSU Mud Dogs,4241389,CeeDee Lamb,WR,RB/WR/TE,True,18.7,10.9,False
3,False,8,SCLSU Mud Dogs,3116365,Mark Andrews,TE,TE,True,24.9,12.94,False
3,False,8,SCLSU Mud Dogs,3045138,Mike Williams,WR,WR,True,8.0,12.19,False
3,False,8,SCLSU Mud Dogs,4427366,Breece Hall,RB,BE,False,12.2,7.58,False
3,False,8,SCLSU Mud Dogs,4047650,DK Metcalf,WR,WR,True,14.9,10.63,False
3,False,8,SCLSU Mud Dogs,2330,Tom Brady,QB,BE,False,14.74,17.94,False
3,False,8,SCLSU Mud Dogs,3916148,Tony Pollard,RB,RB,True,10.5,10.12,False
3,False,8,SCLSU Mud Dogs,2576434,Melvin Gordon III,RB,BE,False,14.0,8.56,False
3,False,8,SCLSU Mud Dogs,4240600,Kadarius Toney,WR,BE,False,0.0,0.0,False
3,False,8,SCLSU Mud Dogs,3050073,Foyesade Oluokun,LB,DP,True,10.0,10.47,False
3,False,8,SCLSU Mud Dogs,4035115,Albert Okwuegbunam,TE,BE,False,1.7,6.0,False
3,False,8,SCLSU Mud Dogs,11122,Matt Prater,K,K,True,14.0,8.25,False
3,False,8,SCLSU Mud Dogs,4426354,George Pickens,WR,BE,False,5.4,5.61,False
3,False,8,SCLSU Mud Dogs,16757,Derek Carr,QB,QB,True,19.82,17.88,False
3,False,8,SCLSU Mud Dogs,-16006,Cowboys D/ST,D/ST,D/ST,True,10.0,7.33,False
3,False,8,SCLSU Mud Dogs,4035886,Khalil Herbert,RB,BE,False,30.9,5.88,False
3,False,12,Rule  #76,4241457,Najee Harris,RB,RB,True,11.6,13.91,False
3,False,12,Rule  #76,3054850,Alvin Kamara,RB,RB,True,6.3,15.98,False
3,False,12,Rule  #76,4035687,Michael Pittman Jr.,WR,WR,True,11.2,12.39,False
3,False,12,Rule  #76,4372016,Jaylen Waddle,WR,WR,True,13.1,13.44,False
3,False,12,Rule  #76,3916387,Lamar Jackson,QB,QB,True,39.42,23.23,False
3,False,12,Rule  #76,16799,Allen Robinson II,WR,BE,False,3.3,9.44,False
3,False,12,Rule  #76,3119195,Chase Edmonds,RB,BE,False,15.2,9.88,False
3,False,12,Rule  #76,4036133,T.J. Hockenson,TE,TE,True,9.3,9.23,False
3,False,12,Rule  #76,3128390,Allen Lazard,WR,BE,False,13.5,8.98,False
3,False,12,Rule  #76,4567156,Treylon Burks,WR,BE,False,2.6,9.03,False
3,False,12,Rule  #76,15835,Zach Ertz,TE,BE,False,7.5,8.18,False
3,False,12,Rule  #76,4240657,Michael Carter,RB,RB/WR/TE,True,5.1,11.49,False
3,False,12,Rule  #76,4361423,Micah Parsons,LB,DP,True,1.0,8.97,False
3,False,12,Rule  #76,4371733,Kenneth Gainwell,RB,BE,False,0.6,5.35,False
3,False,12,Rule  #76,2468609,Taysom Hill,TE,BE,False,0.0,0.0,False
3,False,12,Rule  #76,3050478,Jake Elliott,K,K,True,6.0,7.92,False
3,False,12,Rule  #76,-16012,Chiefs D/ST,D/ST,D/ST,True,9.0,6.22,False
3,False,3,Jim Ward's Ole Dick Necks,3068267,Austin Ekeler,RB,RB,True,9.3,16.43,False
3,False,3,Jim Ward's Ole Dick Necks,3126486,Deebo Samuel,WR,WR,True,11.4,15.39,False
3,False,3,Jim Ward's Ole Dick Necks,4240021,Cam Akers,RB,RB/WR/TE,True,10.1,9.99,False
3,False,3,Jim Ward's Ole Dick Necks,4241555,Elijah Mitchell,RB,IR,False,0.0,0.0,False
3,False,3,Jim Ward's Ole Dick Necks,3116165,Chris Godwin,WR,BE,False,0.0,0.0,False
3,False,3,Jim Ward's Ole Dick Necks,3059915,Kareem Hunt,RB,RB,True,7.6,9.73,False
3,False,3,Jim Ward's Ole Dick Necks,3120348,JuJu Smith-Schuster,WR,WR,True,11.4,9.08,False
3,False,3,Jim Ward's Ole Dick Necks,4361370,Chris Olave,WR,BE,False,20.2,7.8,False
3,False,3,Jim Ward's Ole Dick Necks,15795,DeAndre Hopkins,WR,BE,False,0.0,0.0,False
3,False,3,Jim Ward's Ole Dick Necks,3121023,Dallas Goedert,TE,TE,True,10.1,7.76,False
3,False,3,Jim Ward's Ole Dick Necks,8439,Aaron Rodgers,QB,BE,False,16.1,16.21,False
3,False,3,Jim Ward's Ole Dick Necks,2573401,Tyler Higbee,TE,BE,False,8.1,9.36,False
3,False,3,Jim Ward's Ole Dick Necks,14880,Kirk Cousins,QB,QB,True,18.3,18.39,False
3,False,3,Jim Ward's Ole Dick Necks,-16023,Steelers D/ST,D/ST,D/ST,True,1.0,6.3,False
3,False,3,Jim Ward's Ole Dick Necks,3121544,T.J. Edwards,LB,DP,True,12.0,10.56,False
3,False,3,Jim Ward's Ole Dick Necks,2573079,Carson Wentz,QB,BE,False,8.64,16.88,False
3,False,3,Jim Ward's Ole Dick Necks,15965,Dustin Hopkins,K,K,True,4.0,8.1,False
3,False,3,Jim Ward's Ole Dick Necks,3042778,Corey Davis,WR,BE,False,3.7,6.24,False
3,False,11,Dez (Bryant) Nuts,3116385,Joe Mixon,RB,RB,True,5.3,16.47,False
3,False,11,Dez (Bryant) Nuts,3128720,Nick Chubb,RB,RB,True,17.3,13.9,False
3,False,11,Dez (Bryant) Nuts,16737,Mike Evans,WR,BE,False,0.0,0.0,False
3,False,11,Dez (Bryant) Nuts,4047646,A.J. Brown,WR,WR,True,17.0,13.53,False
3,False,11,Dez (Bryant) Nuts,4239934,AJ Dillon,RB,BE,False,4.8,11.08,False
3,False,11,Dez (Bryant) Nuts,3117256,Dalton Schultz,TE,BE,False,0.0,0.0,False
3,False,11,Dez (Bryant) Nuts,4372414,Elijah Moore,WR,BE,False,6.9,9.23,False
3,False,11,Dez (Bryant) Nuts,3925347,Damien Harris,RB,RB/WR/TE,True,11.6,11.1,False
3,False,11,Dez (Bryant) Nuts,4360438,Brandon Aiyuk,WR,WR,True,11.4,9.53,False
3,False,11,Dez (Bryant) Nuts,12483,Matthew Stafford,QB,QB,True,10.16,18.7,False
3,False,11,Dez (Bryant) Nuts,4039359,Darrell Henderson Jr.,RB,BE,False,1.7,9.64,False
3,False,11,Dez (Bryant) Nuts,4035434,Devin White,LB,DP,True,5.0,9.58,False
3,False,11,Dez (Bryant) Nuts,-16011,Colts D/ST,D/ST,D/ST,True,6.0,1.88,False
3,False,11,Dez (Bryant) Nuts,12731,Ryan Succop,K,K,True,8.0,7.94,False
3,False,11,Dez (Bryant) Nuts,3046779,Jared Goff,QB,BE,False,13.88,16.19,False
3,False,11,Dez (Bryant) Nuts,4258595,Cole Kmet,TE,TE,True,8.0,5.17,False
3,False,11,Dez (Bryant) Nuts,4361409,Jahan Dotson,WR,BE,False,2.0,7.97,False
4,False,10,Maitland Tiburon,4262921,Justin Jefferson,WR,WR,True,26.0,14.76,False
4,False,10,Maitland Tiburon,4361579,Javonte Williams,RB,RB,True,3.2,13.21,False
4,False,10,Maitland Tiburon,4035538,David Montgomery,RB,BE,False,0.0,0.0,False
4,False,10,Maitland Tiburon,4241372,Marquise Brown,WR,BE,False,17.8,11.92,False
4,False,10,Maitland Tiburon,4040715,Jalen Hurts,QB,QB,True,15.96,23.84,False
4,False,10,Maitland Tiburon,4374302,Amon-Ra St. Brown,WR,BE,False,0.0,0.0,False
4,False,10,Maitland Tiburon,3135321,Hunter Renfrow,WR,BE,False,0.0,0.0,False
4,False,10,Maitland Tiburon,4040761,Devin Singletary,RB,RB/WR/TE,True,10.6,11.33,False
4,False,10,Maitland Tiburon,4361411,Pat Freiermuth,TE,TE,True,13.0,8.25,False
4,False,10,Maitland Tiburon,-16025,49ers D/ST,D/ST,D/ST,True,22.0,6.83,False
4,False,10,Maitland Tiburon,14979,Bobby Wagner,LB,DP,True,10.0,9.15,False
4,False,10,Maitland Tiburon,4426388,Jameson Williams,WR,IR,False,0.0,0.0,False
4,False,10,Maitland Tiburon,2980453,Jamaal Williams,RB,RB,True,23.4,12.79,False
4,False,10,Maitland Tiburon,2576414,Raheem Mostert,RB,BE,False,9.1,8.78,False
4,False,10,Maitland Tiburon,4372485,Rondale Moore,WR,BE,False,2.2,5.52,False
4,False,10,Maitland Tiburon,4242433,Joshua Palmer,WR,WR,True,3.0,9.69,False
4,False,10,Maitland Tiburon,-16001,Falcons D/ST,D/ST,BE,False,2.0,4.34,False
4,False,10,Maitland Tiburon,4428963,Cade York,K,K,True,9.0,7.65,False
4,False,1,T's Diddy ,4362628,Ja'Marr Chase,WR,WR,True,10.1,16.52,False
4,False,1,T's Diddy ,2976212,Stefon Diggs,WR,WR,True,8.2,17.0,False
4,False,1,T's Diddy ,4360248,Kyle Pitts,TE,TE,True,3.0,9.48,False
4,False,1,T's Diddy ,4239996,Travis Etienne Jr.,RB,BE,False,3.2,8.2,False
4,False,1,T's Diddy ,4241985,J.K. Dobbins,RB,RB,True,20.3,9.63,False
4,False,1,T's Diddy ,2976316,Michael Thomas,WR,BE,False,0.0,0.0,False
4,False,1,T's Diddy ,4569173,Rhamondre Stevenson,RB,RB/WR/TE,True,10.9,10.41,False
4,False,1,T's Diddy ,4040655,Darnell Mooney,WR,BE,False,11.4,6.79,False
4,False,1,T's Diddy ,14881,Russell Wilson,QB,QB,True,26.98,18.03,False
4,False,1,T's Diddy ,4360238,Dameon Pierce,RB,RB,True,22.9,11.59,False
4,False,1,T's Diddy ,4043130,Jordyn Brooks,LB,DP,True,13.0,10.8,False
4,False,1,T's Diddy ,4373626,Tyler Allgeier,RB,BE,False,10.9,5.72,False
4,False,1,T's Diddy ,3051909,Daniel Carlson,K,K,True,14.0,8.09,False
4,False,1,T's Diddy ,4697815,Rachaad White,RB,BE,False,12.1,3.53,False
4,False,1,T's Diddy ,-16014,Rams D/ST,D/ST,BE,False,0.0,5.21,False
4,False,1,T's Diddy ,4360310,Trevor Lawrence,QB,BE,False,5.66,16.76,False
4,False,1,T's Diddy ,-16024,Chargers D/ST,D/ST,D/ST,True,8.0,7.38,False
4,False,13,Christopher's Kryptonite ,2977187,Cooper Kupp,WR,WR,True,19.2,16.43,False
4,False,13,Christopher's Kryptonite ,3042519,Aaron Jones,RB,RB,True,13.0,13.17,False
4,False,13,Christopher's Kryptonite ,3918298,Josh Allen,QB,QB,True,23.52,25.14,False
4,False,13,Christopher's Kryptonite ,3128429,Courtland Sutton,WR,WR,True,13.7,12.92,False
4,False,13,Christopher's Kryptonite ,3121422,Terry McLaurin,WR,BE,False,3.5,11.27,False
4,False,13,Christopher's Kryptonite ,4242214,Clyde Edwards-Helaire,RB,BE,False,21.9,10.33,False
4,False,13,Christopher's Kryptonite ,3139925,Rashaad Penny,RB,BE,False,28.2,10.38,False
4,False,13,Christopher's Kryptonite ,4045163,Miles Sanders,RB,RB,True,28.6,11.62,False
4,False,13,Christopher's Kryptonite ,3930086,Dawson Knox,TE,TE,True,5.5,7.1,False
4,False,13,Christopher's Kryptonite ,15880,Robert Woods,WR,BE,False,11.0,8.32,False
4,False,13,Christopher's Kryptonite ,4430191,Skyy Moore,WR,BE,False,4.1,0.6,False
4,False,13,Christopher's Kryptonite ,4241474,Brian Robinson Jr.,RB,IR,False,0.0,0.0,False
4,False,13,Christopher's Kryptonite ,-16007,Broncos D/ST,D/ST,BE,False,1.0,5.88,False
4,False,13,Christopher's Kryptonite ,4361529,Isiah Pacheco,RB,BE,False,6.3,1.98,False
4,False,13,Christopher's Kryptonite ,16339,Brandon McManus,K,K,True,5.0,7.66,False
4,False,13,Christopher's Kryptonite ,3040180,De'Vondre Campbell,LB,DP,True,7.0,9.62,False
4,False,13,Christopher's Kryptonite ,3121427,Curtis Samuel,WR,RB/WR/TE,True,5.8,11.79,False
4,False,13,Christopher's Kryptonite ,-16016,Vikings D/ST,D/ST,D/ST,True,6.0,7.24,False
4,False,9,TBD TBD,3116593,Dalvin Cook,RB,RB,True,9.6,13.79,False
4,False,9,TBD TBD,16800,Davante Adams,WR,WR,True,15.0,13.9,False
4,False,9,TBD TBD,3045147,James Conner,RB,RB,True,9.2,13.58,False
4,False,9,TBD TBD,4038941,Justin Herbert,QB,QB,True,21.1,19.46,False
4,False,9,TBD TBD,3040151,George Kittle,TE,TE,True,3.4,9.19,False
4,False,9,TBD TBD,2976499,Amari Cooper,WR,WR,True,1.4,11.54,False
4,False,9,TBD TBD,16731,Brandin Cooks,WR,RB/WR/TE,True,15.2,11.49,False
4,False,9,TBD TBD,-16002,Bills D/ST,D/ST,D/ST,True,8.0,3.78,False
4,False,9,TBD TBD,16790,Jarvis Landry,WR,BE,False,3.7,8.7,False
4,False,9,TBD TBD,15683,Justin Tucker,K,K,True,12.0,8.02,False
4,False,9,TBD TBD,13982,Julio Jones,WR,BE,False,1.2,8.29,False
4,False,9,TBD TBD,4241464,Mac Jones,QB,BE,False,0.0,0.0,False
4,False,9,TBD TBD,4036131,Noah Fant,TE,BE,False,6.7,5.29,False
4,False,9,TBD TBD,13981,Mark Ingram II,RB,BE,False,5.8,9.92,False
4,False,9,TBD TBD,15072,Marvin Jones Jr.,WR,BE,False,0.0,8.86,False
4,False,9,TBD TBD,3918330,Logan Wilson,LB,DP,True,7.0,8.19,False
4,False,9,TBD TBD,16760,Jimmy Garoppolo,QB,BE,False,13.86,14.48,False
4,False,6,SWIFT Kick In The Balls ,4259545,D'Andre Swift,RB,BE,False,0.0,0.0,False
4,False,6,SWIFT Kick In The Balls ,15847,Travis Kelce,TE,TE,True,19.7,13.39,False
4,False,6,SWIFT Kick In The Balls ,4239993,Tee Higgins,WR,WR,True,21.9,11.97,False
4,False,6,SWIFT Kick In The Balls ,3915416,DJ Moore,WR,WR,True,10.1,11.45,False
4,False,6,SWIFT Kick In The Balls ,3915511,Joe Burrow,QB,QB,True,20.08,18.36,False
4,False,6,SWIFT Kick In The Balls ,4360294,Antonio Gibson,RB,RB,True,7.8,12.32,False
4,False,6,SWIFT Kick In The Balls ,4426502,Drake London,WR,RB/WR/TE,True,3.7,11.71,False
4,False,6,SWIFT Kick In The Balls ,15807,Cordarrelle Patterson,RB,RB,True,9.8,12.23,False
4,False,6,SWIFT Kick In The Balls ,3045144,Tyler Boyd,WR,BE,False,6.62,5.99,False
4,False,6,SWIFT Kick In The Balls ,4360234,Evan McPherson,K,K,True,11.0,8.08,False
4,False,6,SWIFT Kick In The Balls ,3056362,Shaquille Leonard,LB,IR,False,2.0,9.79,False
4,False,6,SWIFT Kick In The Balls ,-16009,Packers D/ST,D/ST,D/ST,True,8.0,7.96,False
4,False,6,SWIFT Kick In The Balls ,3128724,Isaiah McKenzie,WR,BE,False,10.1,7.83,False
4,False,6,SWIFT Kick In The Balls ,4362887,Justin Fields,QB,BE,False,10.16,13.56,False
4,False,6,SWIFT Kick In The Balls ,2975674,Robert Tonyan,TE,BE,False,9.2,6.68,False
4,False,6,SWIFT Kick In The Balls ,16720,C.J. Mosley,LB,DP,True,11.0,10.02,False
4,False,6,SWIFT Kick In The Balls ,-16034,Texans D/ST,D/ST,BE,False,-1.0,2.78,False
4,False,6,SWIFT Kick In The Balls ,2976592,Sterling Shepard,WR,BE,False,0.0,0.0,False
4,False,5,COD Lobby Kyler,4242335,Jonathan Taylor,RB,RB,True,2.8,19.87,False
4,False,5,COD Lobby Kyler,15818,Keenan Allen,WR,BE,False,0.0,0.0,False
4,False,5,COD Lobby Kyler,4047365,Josh Jacobs,RB,RB,True,32.0,12.23,False
4,False,5,COD Lobby Kyler,3917315,Kyler Murray,QB,QB,True,22.88,18.18,False
4,False,5,COD Lobby Kyler,16460,Adam Thielen,WR,WR,True,11.2,8.29,False
4,False,5,COD Lobby Kyler,2577327,Tyler Lockett,WR,WR,True,10.1,10.6,False
4,False,5,COD Lobby Kyler,4048244,Alexander Mattison,RB,BE,False,8.3,4.64,False
4,False,5,COD Lobby Kyler,3115394,DJ Chark,WR,BE,False,0.0,0.0,False
4,False,5,COD Lobby Kyler,3122976,Jeff Wilson Jr.,RB,RB/WR/TE,True,13.4,13.76,False
4,False,5,COD Lobby Kyler,3916433,Jakobi Meyers,WR,BE,False,0.0,0.0,False
4,False,5,COD Lobby Kyler,2574808,Robbie Anderson,WR,BE,False,4.1,8.57,False
4,False,5,COD Lobby Kyler,2510863,Eric Kendricks,LB,DP,True,8.0,9.13,False
4,False,5,COD Lobby Kyler,3918639,Gerald Everett,TE,BE,False,14.6,7.06,False
4,False,5,COD Lobby Kyler,3915486,Tyler Conklin,TE,TE,True,6.7,6.72,False
4,False,5,COD Lobby Kyler,12460,Graham Gano,K,K,True,9.0,9.47,False
4,False,5,COD Lobby Kyler,-16013,Raiders D/ST,D/ST,D/ST,True,13.0,4.48,False
4,False,5,COD Lobby Kyler,4037235,Greg Dortch,WR,BE,False,1.1,8.41,False
4,False,2,Zeke -A Virus,3929630,Saquon Barkley,RB,RB,True,17.2,17.78,False
4,False,2,Zeke -A Virus,3051392,Ezekiel Elliott,RB,RB,True,9.1,12.2,False
4,False,2,Zeke -A Virus,3139477,Patrick Mahomes,QB,QB,True,24.36,20.6,False
4,False,2,Zeke -A Virus,3932905,Diontae Johnson,WR,WR,True,3.2,11.45,False
4,False,2,Zeke -A Virus,4243537,Gabe Davis,WR,WR,True,1.8,10.93,False
4,False,2,Zeke -A Virus,4040980,Irv Smith Jr.,TE,TE,True,3.8,6.58,False
4,False,2,Zeke -A Virus,4360939,Rashod Bateman,WR,RB/WR/TE,True,3.2,10.07,False
4,False,2,Zeke -A Virus,3916430,Nyheim Hines,RB,BE,False,1.3,7.69,False
4,False,2,Zeke -A Virus,4046692,Chase Claypool,WR,BE,False,1.0,9.72,False
4,False,2,Zeke -A Virus,-16027,Buccaneers D/ST,D/ST,D/ST,True,-1.0,3.0,False
4,False,2,Zeke -A Virus,3917232,Tyler Bass,K,K,True,11.0,7.45,False
4,False,2,Zeke -A Virus,3915189,Roquan Smith,LB,DP,True,10.0,10.61,False
4,False,2,Zeke -A Virus,3128721,Sony Michel,RB,BE,False,4.2,4.3,False
4,False,2,Zeke -A Virus,16733,Odell Beckham Jr.,WR,BE,False,0.0,0.0,True
4,False,2,Zeke -A Virus,4036348,Michael Gallup,WR,BE,False,9.4,6.34,False
4,False,2,Zeke -A Virus,2969939,Jameis Winston,QB,BE,False,0.0,0.0,False
4,False,2,Zeke -A Virus,3051389,Joey Bosa,DE,BE,False,0.0,0.0,False
4,False,12,Rule  #76,4241457,Najee Harris,RB,RB,True,8.4,14.38,False
4,False,12,Rule  #76,3054850,Alvin Kamara,RB,BE,False,0.0,0.0,False
4,False,12,Rule  #76,4035687,Michael Pittman Jr.,WR,WR,True,4.6,12.21,False
4,False,12,Rule  #76,4372016,Jaylen Waddle,WR,WR,True,4.9,14.94,False
4,False,12,Rule  #76,3916387,Lamar Jackson,QB,QB,True,14.06,23.11,False
4,False,12,Rule  #76,16799,Allen Robinson II,WR,BE,False,1.7,8.71,False
4,False,12,Rule  #76,3119195,Chase Edmonds,RB,RB/WR/TE,True,9.0,9.74,False
4,False,12,Rule  #76,4036133,T.J. Hockenson,TE,TE,True,35.9,8.76,False
4,False,12,Rule  #76,3128390,Allen Lazard,WR,BE,False,14.6,9.35,False
4,False,12,Rule  #76,4567156,Treylon Burks,WR,BE,False,2.8,8.24,False
4,False,12,Rule  #76,15835,Zach Ertz,TE,BE,False,13.7,8.37,False
4,False,12,Rule  #76,4240657,Michael Carter,RB,RB,True,3.9,9.93,False
4,False,12,Rule  #76,4361423,Micah Parsons,LB,DP,True,4.0,8.56,False
4,False,12,Rule  #76,4371733,Kenneth Gainwell,RB,BE,False,8.2,5.9,False
4,False,12,Rule  #76,3050478,Jake Elliott,K,K,True,5.0,8.03,False
4,False,12,Rule  #76,3122899,Richie James,WR,BE,False,-0.6,8.49,False
4,False,12,Rule  #76,-16021,Eagles D/ST,D/ST,D/ST,True,17.0,5.5,False
4,False,11,Dez (Bryant) Nuts,3116385,Joe Mixon,RB,RB,True,15.4,15.46,False
4,False,11,Dez (Bryant) Nuts,3128720,Nick Chubb,RB,RB,True,19.7,15.53,False
4,False,11,Dez (Bryant) Nuts,16737,Mike Evans,WR,WR,True,26.3,12.62,False
4,False,11,Dez (Bryant) Nuts,4047646,A.J. Brown,WR,WR,True,12.0,14.36,False
4,False,11,Dez (Bryant) Nuts,4239934,AJ Dillon,RB,RB/WR/TE,True,8.9,11.5,False
4,False,11,Dez (Bryant) Nuts,3117256,Dalton Schultz,TE,TE,True,0.0,6.86,False
4,False,11,Dez (Bryant) Nuts,4372414,Elijah Moore,WR,BE,False,7.0,9.23,False
4,False,11,Dez (Bryant) Nuts,3925347,Damien Harris,RB,BE,False,14.9,10.14,False
4,False,11,Dez (Bryant) Nuts,4360438,Brandon Aiyuk,WR,BE,False,5.7,10.34,False
4,False,11,Dez (Bryant) Nuts,12483,Matthew Stafford,QB,BE,False,6.76,16.33,False
4,False,11,Dez (Bryant) Nuts,4039359,Darrell Henderson Jr.,RB,BE,False,5.4,7.11,False
4,False,11,Dez (Bryant) Nuts,4035434,Devin White,LB,DP,True,11.0,9.43,False
4,False,11,Dez (Bryant) Nuts,-16011,Colts D/ST,D/ST,D/ST,True,5.0,6.76,False
4,False,11,Dez (Bryant) Nuts,12731,Ryan Succop,K,K,True,8.0,7.74,False
4,False,11,Dez (Bryant) Nuts,3046779,Jared Goff,QB,QB,True,33.22,17.43,False
4,False,11,Dez (Bryant) Nuts,4258595,Cole Kmet,TE,BE,False,3.1,4.47,False
4,False,11,Dez (Bryant) Nuts,4361409,Jahan Dotson,WR,BE,False,12.8,7.67,False
4,False,4,BUT kicKERs,3117251,Christian McCaffrey,RB,RB,True,21.3,19.75,False
4,False,4,BUT kicKERs,3116406,Tyreek Hill,WR,WR,True,21.9,16.05,False
4,False,4,BUT kicKERs,3115364,Leonard Fournette,RB,RB,True,14.9,15.86,False
4,False,4,BUT kicKERs,4241463,Jerry Jeudy,WR,BE,False,13.3,10.09,False
4,False,4,BUT kicKERs,2576925,Darren Waller,TE,TE,True,3.9,9.43,False
4,False,4,BUT kicKERs,4241478,DeVonta Smith,WR,WR,True,3.2,11.37,False
4,False,4,BUT kicKERs,2577417,Dak Prescott,QB,BE,False,0.0,0.0,False
4,False,4,BUT kicKERs,3895856,Christian Kirk,WR,RB/WR/TE,True,7.3,12.59,False
4,False,4,BUT kicKERs,4052042,James Robinson,RB,BE,False,2.9,12.65,False
4,False,4,BUT kicKERs,4569618,Garrett Wilson,WR,BE,False,5.1,10.94,False
4,False,4,BUT kicKERs,-16018,Saints D/ST,D/ST,D/ST,True,4.0,5.29,False
4,False,4,BUT kicKERs,3138826,Fred Warner,LB,DP,True,9.0,8.44,False
4,False,4,BUT kicKERs,3055899,Harrison Butker,K,IR,False,0.0,0.0,False
4,False,4,BUT kicKERs,4241479,Tua Tagovailoa,QB,QB,True,2.4,18.3,False
4,False,4,BUT kicKERs,4360078,Alec Pierce,WR,BE,False,10.0,5.92,False
4,False,4,BUT kicKERs,4361432,Romeo Doubs,WR,BE,False,11.2,9.0,False
4,False,4,BUT kicKERs,3125116,D'Onta Foreman,RB,BE,False,0.2,1.05,False
4,False,4,BUT kicKERs,3128444,Matthew Wright,K,K,True,12.0,8.0,False
4,False,3,Jim Ward's Ole Dick Necks,3068267,Austin Ekeler,RB,RB,True,31.9,15.38,False
4,False,3,Jim Ward's Ole Dick Necks,3126486,Deebo Samuel,WR,WR,True,20.7,16.31,False
4,False,3,Jim Ward's Ole Dick Necks,4240021,Cam Akers,RB,BE,False,1.3,8.57,False
4,False,3,Jim Ward's Ole Dick Necks,4241555,Elijah Mitchell,RB,IR,False,0.0,0.0,False
4,False,3,Jim Ward's Ole Dick Necks,3116165,Chris Godwin,WR,BE,False,9.4,9.31,False
4,False,3,Jim Ward's Ole Dick Necks,3059915,Kareem Hunt,RB,RB,True,7.8,10.78,False
4,False,3,Jim Ward's Ole Dick Necks,3120348,JuJu Smith-Schuster,WR,RB/WR/TE,True,7.1,9.81,False
4,False,3,Jim Ward's Ole Dick Necks,4361370,Chris Olave,WR,WR,True,14.7,9.96,False
4,False,3,Jim Ward's Ole Dick Necks,15795,DeAndre Hopkins,WR,BE,False,0.0,0.0,False
4,False,3,Jim Ward's Ole Dick Necks,3121023,Dallas Goedert,TE,TE,True,9.7,7.59,False
4,False,3,Jim Ward's Ole Dick Necks,8439,Aaron Rodgers,QB,BE,False,16.14,16.77,False
4,False,3,Jim Ward's Ole Dick Necks,2573401,Tyler Higbee,TE,BE,False,12.3,8.77,False
4,False,3,Jim Ward's Ole Dick Necks,14880,Kirk Cousins,QB,QB,True,12.92,15.58,False
4,False,3,Jim Ward's Ole Dick Necks,-16023,Steelers D/ST,D/ST,D/ST,True,5.0,6.68,False
4,False,3,Jim Ward's Ole Dick Necks,3121544,T.J. Edwards,LB,DP,True,8.0,10.56,False
4,False,3,Jim Ward's Ole Dick Necks,2573079,Carson Wentz,QB,BE,False,7.3,15.87,False
4,False,3,Jim Ward's Ole Dick Necks,3042778,Corey Davis,WR,BE,False,15.9,5.26,False
4,False,3,Jim Ward's Ole Dick Necks,3049899,Younghoe Koo,K,K,True,12.0,8.48,False
4,False,8,SCLSU Mud Dogs,3043078,Derrick Henry,RB,RB,True,22.2,15.33,False
4,False,8,SCLSU Mud Dogs,4241389,CeeDee Lamb,WR,RB/WR/TE,True,18.7,13.39,False
4,False,8,SCLSU Mud Dogs,3116365,Mark Andrews,TE,TE,True,2.5,13.63,False
4,False,8,SCLSU Mud Dogs,3045138,Mike Williams,WR,WR,True,15.5,11.89,False
4,False,8,SCLSU Mud Dogs,4427366,Breece Hall,RB,BE,False,15.8,10.31,False
4,False,8,SCLSU Mud Dogs,4047650,DK Metcalf,WR,WR,True,18.4,10.74,False
4,False,8,SCLSU Mud Dogs,2330,Tom Brady,QB,QB,True,25.4,17.44,False
4,False,8,SCLSU Mud Dogs,3916148,Tony Pollard,RB,BE,False,1.3,10.3,False
4,False,8,SCLSU Mud Dogs,2576434,Melvin Gordon III,RB,BE,False,-1.2,9.44,False
4,False,8,SCLSU Mud Dogs,4240600,Kadarius Toney,WR,BE,False,0.0,0.0,False
4,False,8,SCLSU Mud Dogs,3050073,Foyesade Oluokun,LB,DP,True,16.0,10.4,False
4,False,8,SCLSU Mud Dogs,4035115,Albert Okwuegbunam,TE,BE,False,0.0,5.01,False
4,False,8,SCLSU Mud Dogs,11122,Matt Prater,K,K,True,8.0,7.62,False
4,False,8,SCLSU Mud Dogs,4426354,George Pickens,WR,BE,False,13.2,7.39,False
4,False,8,SCLSU Mud Dogs,16757,Derek Carr,QB,BE,False,11.52,16.08,False
4,False,8,SCLSU Mud Dogs,-16006,Cowboys D/ST,D/ST,D/ST,True,11.0,6.82,False
4,False,8,SCLSU Mud Dogs,4035886,Khalil Herbert,RB,RB,True,10.6,13.77,False
5,False,13,Christopher's Kryptonite ,2977187,Cooper Kupp,WR,WR,True,22.4,17.03,False
5,False,13,Christopher's Kryptonite ,3042519,Aaron Jones,RB,RB,True,9.0,13.21,False
5,False,13,Christopher's Kryptonite ,3918298,Josh Allen,QB,QB,True,35.16,23.59,False
5,False,13,Christopher's Kryptonite ,3128429,Courtland Sutton,WR,WR,True,9.9,13.42,False
5,False,13,Christopher's Kryptonite ,3121422,Terry McLaurin,WR,BE,False,10.1,11.03,False
5,False,13,Christopher's Kryptonite ,4242214,Clyde Edwards-Helaire,RB,RB/WR/TE,True,5.0,12.75,False
5,False,13,Christopher's Kryptonite ,3139925,Rashaad Penny,RB,BE,False,5.4,8.53,False
5,False,13,Christopher's Kryptonite ,4045163,Miles Sanders,RB,RB,True,7.4,12.97,False
5,False,13,Christopher's Kryptonite ,3930086,Dawson Knox,TE,BE,False,0.0,0.0,False
5,False,13,Christopher's Kryptonite ,15880,Robert Woods,WR,BE,False,5.7,9.84,False
5,False,13,Christopher's Kryptonite ,4241474,Brian Robinson Jr.,RB,BE,False,2.2,4.76,False
5,False,13,Christopher's Kryptonite ,-16007,Broncos D/ST,D/ST,BE,False,13.0,7.4,False
5,False,13,Christopher's Kryptonite ,16339,Brandon McManus,K,K,True,10.0,7.69,False
5,False,13,Christopher's Kryptonite ,3040180,De'Vondre Campbell,LB,DP,True,5.0,9.51,False
5,False,13,Christopher's Kryptonite ,3121427,Curtis Samuel,WR,BE,False,9.2,11.49,False
5,False,13,Christopher's Kryptonite ,-16016,Vikings D/ST,D/ST,D/ST,True,6.0,7.44,False
5,False,13,Christopher's Kryptonite ,3924365,Hayden Hurst,TE,TE,True,14.3,6.23,False
5,False,10,Maitland Tiburon,4262921,Justin Jefferson,WR,WR,True,24.32,15.26,False
5,False,10,Maitland Tiburon,4035538,David Montgomery,RB,BE,False,16.2,13.23,False
5,False,10,Maitland Tiburon,4241372,Marquise Brown,WR,WR,True,18.8,12.81,False
5,False,10,Maitland Tiburon,4040715,Jalen Hurts,QB,QB,True,27.66,24.66,False
5,False,10,Maitland Tiburon,4374302,Amon-Ra St. Brown,WR,RB/WR/TE,True,3.8,14.59,False
5,False,10,Maitland Tiburon,3135321,Hunter Renfrow,WR,BE,False,4.5,9.6,False
5,False,10,Maitland Tiburon,4040761,Devin Singletary,RB,RB,True,5.1,12.1,False
5,False,10,Maitland Tiburon,4361411,Pat Freiermuth,TE,TE,True,2.2,8.85,False
5,False,10,Maitland Tiburon,-16025,49ers D/ST,D/ST,D/ST,True,15.0,8.79,False
5,False,10,Maitland Tiburon,14979,Bobby Wagner,LB,DP,True,6.0,9.49,False
5,False,10,Maitland Tiburon,4426388,Jameson Williams,WR,IR,False,0.0,0.0,False
5,False,10,Maitland Tiburon,2980453,Jamaal Williams,RB,RB,True,5.6,14.83,False
5,False,10,Maitland Tiburon,2576414,Raheem Mostert,RB,BE,False,18.7,11.32,False
5,False,10,Maitland Tiburon,4372485,Rondale Moore,WR,BE,False,9.6,8.13,False
5,False,10,Maitland Tiburon,4242433,Joshua Palmer,WR,BE,False,3.9,10.33,False
5,False,10,Maitland Tiburon,4428963,Cade York,K,K,True,2.0,7.95,False
5,False,10,Maitland Tiburon,3139033,Mike Boone,RB,BE,False,11.0,7.09,False
5,False,1,T's Diddy ,4362628,Ja'Marr Chase,WR,WR,True,8.5,15.46,False
5,False,1,T's Diddy ,2976212,Stefon Diggs,WR,WR,True,20.2,15.2,False
5,False,1,T's Diddy ,4360248,Kyle Pitts,TE,BE,False,0.0,0.0,False
5,False,1,T's Diddy ,4239996,Travis Etienne Jr.,RB,BE,False,12.9,9.21,False
5,False,1,T's Diddy ,4241985,J.K. Dobbins,RB,RB,True,4.4,11.86,False
5,False,1,T's Diddy ,2976316,Michael Thomas,WR,BE,False,0.0,0.0,False
5,False,1,T's Diddy ,4569173,Rhamondre Stevenson,RB,RB/WR/TE,True,19.5,12.16,False
5,False,1,T's Diddy ,4040655,Darnell Mooney,WR,BE,False,7.2,6.87,False
5,False,1,T's Diddy ,14881,Russell Wilson,QB,QB,True,9.16,17.41,False
5,False,1,T's Diddy ,4360238,Dameon Pierce,RB,RB,True,18.8,12.42,False
5,False,1,T's Diddy ,4043130,Jordyn Brooks,LB,DP,True,11.0,10.76,False
5,False,1,T's Diddy ,4373626,Tyler Allgeier,RB,BE,False,4.5,8.06,False
5,False,1,T's Diddy ,3051909,Daniel Carlson,K,K,True,16.0,8.58,False
5,False,1,T's Diddy ,4697815,Rachaad White,RB,BE,False,5.7,7.07,False
5,False,1,T's Diddy ,-16014,Rams D/ST,D/ST,D/ST,True,6.0,5.07,False
5,False,1,T's Diddy ,4360310,Trevor Lawrence,QB,BE,False,11.34,17.13,False
5,False,1,T's Diddy ,3929645,Juwan Johnson,TE,TE,True,1.8,5.64,False
5,False,6,SWIFT Kick In The Balls ,4259545,D'Andre Swift,RB,BE,False,0.0,0.0,False
5,False,6,SWIFT Kick In The Balls ,15847,Travis Kelce,TE,TE,True,30.0,14.51,False
5,False,6,SWIFT Kick In The Balls ,4239993,Tee Higgins,WR,WR,True,0.0,13.67,False
5,False,6,SWIFT Kick In The Balls ,3915416,DJ Moore,WR,WR,True,8.7,10.0,False
5,False,6,SWIFT Kick In The Balls ,3915511,Joe Burrow,QB,QB,True,17.28,19.68,False
5,False,6,SWIFT Kick In The Balls ,4360294,Antonio Gibson,RB,RB,True,5.4,10.07,False
5,False,6,SWIFT Kick In The Balls ,4426502,Drake London,WR,RB/WR/TE,True,5.5,12.09,False
5,False,6,SWIFT Kick In The Balls ,15807,Cordarrelle Patterson,RB,IR,False,0.0,0.0,False
5,False,6,SWIFT Kick In The Balls ,3045144,Tyler Boyd,WR,BE,False,4.7,6.75,False
5,False,6,SWIFT Kick In The Balls ,4360234,Evan McPherson,K,K,True,6.0,7.9,False
5,False,6,SWIFT Kick In The Balls ,-16009,Packers D/ST,D/ST,D/ST,True,3.0,6.3,False
5,False,6,SWIFT Kick In The Balls ,3128724,Isaiah McKenzie,WR,BE,False,0.0,0.0,False
5,False,6,SWIFT Kick In The Balls ,2975674,Robert Tonyan,TE,BE,False,4.3,6.14,False
5,False,6,SWIFT Kick In The Balls ,16720,C.J. Mosley,LB,DP,True,10.0,10.04,False
5,False,6,SWIFT Kick In The Balls ,15971,Rex Burkhead,RB,RB,True,3.8,6.97,False
5,False,6,SWIFT Kick In The Balls ,14012,Andy Dalton,QB,BE,False,9.88,17.18,False
5,False,6,SWIFT Kick In The Balls ,3115306,Josh Reynolds,WR,BE,False,12.2,9.68,False
5,False,9,TBD TBD,3116593,Dalvin Cook,RB,RB,True,25.1,14.44,False
5,False,9,TBD TBD,16800,Davante Adams,WR,WR,True,25.9,16.44,False
5,False,9,TBD TBD,3045147,James Conner,RB,RB,True,6.8,11.33,False
5,False,9,TBD TBD,4038941,Justin Herbert,QB,QB,True,14.42,21.6,False
5,False,9,TBD TBD,3040151,George Kittle,TE,TE,True,5.2,7.04,False
5,False,9,TBD TBD,2976499,Amari Cooper,WR,WR,True,17.1,10.19,False
5,False,9,TBD TBD,16731,Brandin Cooks,WR,RB/WR/TE,True,4.0,10.97,False
5,False,9,TBD TBD,-16002,Bills D/ST,D/ST,D/ST,True,10.0,8.38,False
5,False,9,TBD TBD,16790,Jarvis Landry,WR,BE,False,0.0,0.07,False
5,False,9,TBD TBD,15683,Justin Tucker,K,K,True,16.0,7.92,False
5,False,9,TBD TBD,13982,Julio Jones,WR,BE,False,0.0,0.0,False
5,False,9,TBD TBD,4241464,Mac Jones,QB,BE,False,0.0,0.0,False
5,False,9,TBD TBD,4036131,Noah Fant,TE,BE,False,6.4,4.3,False
5,False,9,TBD TBD,13981,Mark Ingram II,RB,BE,False,3.6,5.05,False
5,False,9,TBD TBD,15072,Marvin Jones Jr.,WR,BE,False,13.9,7.51,False
5,False,9,TBD TBD,3918330,Logan Wilson,LB,DP,True,7.0,8.18,False
5,False,9,TBD TBD,16760,Jimmy Garoppolo,QB,BE,False,18.02,11.15,False
5,False,5,COD Lobby Kyler,4242335,Jonathan Taylor,RB,BE,False,0.0,0.0,False
5,False,5,COD Lobby Kyler,15818,Keenan Allen,WR,BE,False,0.0,0.0,False
5,False,5,COD Lobby Kyler,4047365,Josh Jacobs,RB,RB,True,27.8,12.35,False
5,False,5,COD Lobby Kyler,3917315,Kyler Murray,QB,QB,True,16.2,18.09,False
5,False,5,COD Lobby Kyler,16460,Adam Thielen,WR,WR,True,4.7,9.63,False
5,False,5,COD Lobby Kyler,2577327,Tyler Lockett,WR,WR,True,24.9,11.55,False
5,False,5,COD Lobby Kyler,4048244,Alexander Mattison,RB,BE,False,5.5,4.13,False
5,False,5,COD Lobby Kyler,3115394,DJ Chark,WR,BE,False,0.0,0.0,False
5,False,5,COD Lobby Kyler,3122976,Jeff Wilson Jr.,RB,RB,True,19.7,14.35,False
5,False,5,COD Lobby Kyler,3916433,Jakobi Meyers,WR,BE,False,20.6,8.01,False
5,False,5,COD Lobby Kyler,2510863,Eric Kendricks,LB,DP,True,7.0,8.74,False
5,False,5,COD Lobby Kyler,3918639,Gerald Everett,TE,TE,True,0.7,9.01,False
5,False,5,COD Lobby Kyler,3915486,Tyler Conklin,TE,BE,False,0.0,7.07,False
5,False,5,COD Lobby Kyler,12460,Graham Gano,K,K,True,10.0,8.23,False
5,False,5,COD Lobby Kyler,-16015,Dolphins D/ST,D/ST,D/ST,True,-1.0,7.76,False
5,False,5,COD Lobby Kyler,15864,Geno Smith,QB,BE,False,24.02,17.0,False
5,False,5,COD Lobby Kyler,3042778,Corey Davis,WR,RB/WR/TE,True,4.8,8.33,False
5,False,11,Dez (Bryant) Nuts,3116385,Joe Mixon,RB,RB,True,11.3,15.96,False
5,False,11,Dez (Bryant) Nuts,3128720,Nick Chubb,RB,RB,True,25.4,17.11,False
5,False,11,Dez (Bryant) Nuts,16737,Mike Evans,WR,WR,True,10.1,12.76,False
5,False,11,Dez (Bryant) Nuts,4047646,A.J. Brown,WR,WR,True,4.7,14.02,False
5,False,11,Dez (Bryant) Nuts,4239934,AJ Dillon,RB,BE,False,3.4,11.19,False
5,False,11,Dez (Bryant) Nuts,3117256,Dalton Schultz,TE,TE,True,0.0,6.85,False
5,False,11,Dez (Bryant) Nuts,4372414,Elijah Moore,WR,BE,False,1.6,9.37,False
5,False,11,Dez (Bryant) Nuts,3925347,Damien Harris,RB,RB/WR/TE,True,1.7,12.67,False
5,False,11,Dez (Bryant) Nuts,4360438,Brandon Aiyuk,WR,BE,False,7.3,8.76,False
5,False,11,Dez (Bryant) Nuts,12483,Matthew Stafford,QB,BE,False,10.32,14.8,False
5,False,11,Dez (Bryant) Nuts,4039359,Darrell Henderson Jr.,RB,BE,False,5.0,7.69,False
5,False,11,Dez (Bryant) Nuts,4035434,Devin White,LB,DP,True,5.0,9.17,False
5,False,11,Dez (Bryant) Nuts,-16011,Colts D/ST,D/ST,D/ST,True,12.0,5.37,False
5,False,11,Dez (Bryant) Nuts,12731,Ryan Succop,K,K,True,8.0,7.67,False
5,False,11,Dez (Bryant) Nuts,3046779,Jared Goff,QB,QB,True,5.86,17.25,False
5,False,11,Dez (Bryant) Nuts,4258595,Cole Kmet,TE,BE,False,6.5,4.54,False
5,False,11,Dez (Bryant) Nuts,4361409,Jahan Dotson,WR,BE,False,0.0,0.0,False
5,False,2,Zeke -A Virus,3929630,Saquon Barkley,RB,RB,True,18.1,18.03,False
5,False,2,Zeke -A Virus,3051392,Ezekiel Elliott,RB,RB,True,7.8,11.39,False
5,False,2,Zeke -A Virus,3139477,Patrick Mahomes,QB,QB,True,30.48,23.33,False
5,False,2,Zeke -A Virus,3932905,Diontae Johnson,WR,WR,True,9.5,10.46,False
5,False,2,Zeke -A Virus,4243537,Gabe Davis,WR,WR,True,30.6,10.64,False
5,False,2,Zeke -A Virus,4040980,Irv Smith Jr.,TE,TE,True,6.2,6.06,False
5,False,2,Zeke -A Virus,4360939,Rashod Bateman,WR,BE,False,0.0,0.0,False
5,False,2,Zeke -A Virus,3916430,Nyheim Hines,RB,BE,False,1.3,10.38,False
5,False,2,Zeke -A Virus,4046692,Chase Claypool,WR,BE,False,7.5,6.91,False
5,False,2,Zeke -A Virus,-16027,Buccaneers D/ST,D/ST,D/ST,True,8.0,6.98,False
5,False,2,Zeke -A Virus,3917232,Tyler Bass,K,K,True,7.0,7.94,False
5,False,2,Zeke -A Virus,3915189,Roquan Smith,LB,DP,True,8.0,10.34,False
5,False,2,Zeke -A Virus,3128721,Sony Michel,RB,BE,False,0.0,3.98,False
5,False,2,Zeke -A Virus,16733,Odell Beckham Jr.,WR,BE,False,0.0,0.0,True
5,False,2,Zeke -A Virus,4036348,Michael Gallup,WR,RB/WR/TE,True,6.4,7.95,False
5,False,2,Zeke -A Virus,2969939,Jameis Winston,QB,BE,False,0.0,0.0,False
5,False,2,Zeke -A Virus,3051389,Joey Bosa,DE,BE,False,0.0,0.0,False
5,False,12,Rule  #76,4241457,Najee Harris,RB,RB,True,5.1,11.33,False
5,False,12,Rule  #76,3054850,Alvin Kamara,RB,RB,True,20.4,15.78,False
5,False,12,Rule  #76,4035687,Michael Pittman Jr.,WR,WR,True,9.4,11.89,False
5,False,12,Rule  #76,4372016,Jaylen Waddle,WR,WR,True,3.8,12.49,False
5,False,12,Rule  #76,3916387,Lamar Jackson,QB,QB,True,14.76,22.94,False
5,False,12,Rule  #76,16799,Allen Robinson II,WR,BE,False,2.7,7.35,False
5,False,12,Rule  #76,3119195,Chase Edmonds,RB,BE,False,0.1,8.4,False
5,False,12,Rule  #76,4036133,T.J. Hockenson,TE,TE,True,1.1,10.74,False
5,False,12,Rule  #76,3128390,Allen Lazard,WR,RB/WR/TE,True,11.5,9.69,False
5,False,12,Rule  #76,15835,Zach Ertz,TE,BE,False,7.8,8.78,False
5,False,12,Rule  #76,4240657,Michael Carter,RB,BE,False,16.3,8.88,False
5,False,12,Rule  #76,4361423,Micah Parsons,LB,DP,True,11.0,7.84,False
5,False,12,Rule  #76,4371733,Kenneth Gainwell,RB,BE,False,2.0,4.62,False
5,False,12,Rule  #76,-16021,Eagles D/ST,D/ST,D/ST,True,3.0,6.17,False
5,False,12,Rule  #76,15920,Latavius Murray,RB,BE,False,0.0,0.0,False
5,False,12,Rule  #76,3059722,Zay Jones,WR,BE,False,2.7,9.05,False
5,False,12,Rule  #76,3975763,Greg Joseph,K,K,True,1.0,8.41,False
5,False,3,Jim Ward's Ole Dick Necks,3068267,Austin Ekeler,RB,RB,True,33.9,15.82,False
5,False,3,Jim Ward's Ole Dick Necks,3126486,Deebo Samuel,WR,WR,True,10.2,13.77,False
5,False,3,Jim Ward's Ole Dick Necks,4240021,Cam Akers,RB,BE,False,3.3,7.45,False
5,False,3,Jim Ward's Ole Dick Necks,4241555,Elijah Mitchell,RB,IR,False,0.0,0.0,False
5,False,3,Jim Ward's Ole Dick Necks,3116165,Chris Godwin,WR,RB/WR/TE,True,9.3,12.62,False
5,False,3,Jim Ward's Ole Dick Necks,3059915,Kareem Hunt,RB,RB,True,13.2,10.5,False
5,False,3,Jim Ward's Ole Dick Necks,3120348,JuJu Smith-Schuster,WR,BE,False,4.8,10.42,False
5,False,3,Jim Ward's Ole Dick Necks,4361370,Chris Olave,WR,WR,True,16.4,11.46,False
5,False,3,Jim Ward's Ole Dick Necks,15795,DeAndre Hopkins,WR,BE,False,0.0,0.0,False
5,False,3,Jim Ward's Ole Dick Necks,3121023,Dallas Goedert,TE,TE,True,13.5,8.07,False
5,False,3,Jim Ward's Ole Dick Necks,8439,Aaron Rodgers,QB,BE,False,16.88,16.06,False
5,False,3,Jim Ward's Ole Dick Necks,2573401,Tyler Higbee,TE,BE,False,8.1,9.74,False
5,False,3,Jim Ward's Ole Dick Necks,14880,Kirk Cousins,QB,QB,True,22.24,15.98,False
5,False,3,Jim Ward's Ole Dick Necks,-16023,Steelers D/ST,D/ST,BE,False,-4.0,3.01,False
5,False,3,Jim Ward's Ole Dick Necks,3121544,T.J. Edwards,LB,DP,True,8.0,10.83,False
5,False,3,Jim Ward's Ole Dick Necks,2573079,Carson Wentz,QB,BE,False,21.86,17.11,False
5,False,3,Jim Ward's Ole Dick Necks,3049899,Younghoe Koo,K,K,True,0.0,8.0,False
5,False,3,Jim Ward's Ole Dick Necks,-16030,Jaguars D/ST,D/ST,D/ST,True,6.0,7.75,False
5,False,4,BUT kicKERs,3117251,Christian McCaffrey,RB,RB,True,19.9,15.36,False
5,False,4,BUT kicKERs,3116406,Tyreek Hill,WR,WR,True,9.5,15.94,False
5,False,4,BUT kicKERs,3115364,Leonard Fournette,RB,RB,True,30.9,14.04,False
5,False,4,BUT kicKERs,4241463,Jerry Jeudy,WR,BE,False,7.8,9.51,False
5,False,4,BUT kicKERs,2576925,Darren Waller,TE,TE,True,0.0,9.23,False
5,False,4,BUT kicKERs,4241478,DeVonta Smith,WR,WR,True,13.7,10.49,False
5,False,4,BUT kicKERs,2577417,Dak Prescott,QB,IR,False,0.0,0.0,False
5,False,4,BUT kicKERs,3895856,Christian Kirk,WR,RB/WR/TE,True,1.6,13.17,False
5,False,4,BUT kicKERs,4052042,James Robinson,RB,BE,False,4.9,12.16,False
5,False,4,BUT kicKERs,4569618,Garrett Wilson,WR,BE,False,4.2,10.89,False
5,False,4,BUT kicKERs,-16018,Saints D/ST,D/ST,D/ST,True,3.0,5.6,False
5,False,4,BUT kicKERs,3138826,Fred Warner,LB,DP,True,10.0,7.87,False
5,False,4,BUT kicKERs,4241479,Tua Tagovailoa,QB,BE,False,0.0,0.0,False
5,False,4,BUT kicKERs,4360078,Alec Pierce,WR,BE,False,12.1,7.14,False
5,False,4,BUT kicKERs,4361432,Romeo Doubs,WR,BE,False,4.4,9.96,False
5,False,4,BUT kicKERs,16728,Teddy Bridgewater,QB,QB,True,0.0,17.17,False
5,False,4,BUT kicKERs,4361259,Zach Wilson,QB,BE,False,14.6,16.63,False
5,False,4,BUT kicKERs,3128444,Matthew Wright,K,K,True,7.0,7.87,False
5,False,8,SCLSU Mud Dogs,3043078,Derrick Henry,RB,RB,True,26.2,16.9,False
5,False,8,SCLSU Mud Dogs,4241389,CeeDee Lamb,WR,RB/WR/TE,True,7.8,14.65,False
5,False,8,SCLSU Mud Dogs,3116365,Mark Andrews,TE,TE,True,18.9,12.94,False
5,False,8,SCLSU Mud Dogs,3045138,Mike Williams,WR,WR,True,18.4,13.47,False
5,False,8,SCLSU Mud Dogs,4427366,Breece Hall,RB,BE,False,26.7,11.14,False
5,False,8,SCLSU Mud Dogs,4047650,DK Metcalf,WR,WR,True,15.3,12.78,False
5,False,8,SCLSU Mud Dogs,2330,Tom Brady,QB,QB,True,19.74,20.2,False
5,False,8,SCLSU Mud Dogs,3916148,Tony Pollard,RB,BE,False,14.6,9.37,False
5,False,8,SCLSU Mud Dogs,2576434,Melvin Gordon III,RB,RB,True,11.8,12.2,False
5,False,8,SCLSU Mud Dogs,4240600,Kadarius Toney,WR,BE,False,0.0,0.0,False
5,False,8,SCLSU Mud Dogs,3050073,Foyesade Oluokun,LB,DP,True,10.0,9.82,False
5,False,8,SCLSU Mud Dogs,4426354,George Pickens,WR,BE,False,11.3,7.85,False
5,False,8,SCLSU Mud Dogs,16757,Derek Carr,QB,BE,False,17.94,17.7,False
5,False,8,SCLSU Mud Dogs,-16006,Cowboys D/ST,D/ST,D/ST,True,22.0,7.59,False
5,False,8,SCLSU Mud Dogs,4035886,Khalil Herbert,RB,BE,False,1.1,8.87,False
5,False,8,SCLSU Mud Dogs,3123076,David Njoku,TE,BE,False,11.8,8.87,False
5,False,8,SCLSU Mud Dogs,4249087,Matt Gay,K,K,True,3.0,7.64,False
6,False,10,Maitland Tiburon,4262921,Justin Jefferson,WR,WR,True,13.7,15.83,False
6,False,10,Maitland Tiburon,4035538,David Montgomery,RB,RB,True,8.5,14.83,False
6,False,10,Maitland Tiburon,4241372,Marquise Brown,WR,WR,True,10.3,14.45,False
6,False,10,Maitland Tiburon,4040715,Jalen Hurts,QB,QB,True,16.9,22.09,False
6,False,10,Maitland Tiburon,4374302,Amon-Ra St. Brown,WR,BE,False,0.0,0.0,True
6,False,10,Maitland Tiburon,3135321,Hunter Renfrow,WR,BE,False,0.0,0.0,True
6,False,10,Maitland Tiburon,4040761,Devin Singletary,RB,RB,True,12.7,11.08,False
6,False,10,Maitland Tiburon,4361411,Pat Freiermuth,TE,BE,False,0.0,0.0,False
6,False,10,Maitland Tiburon,-16025,49ers D/ST,D/ST,D/ST,True,4.0,6.52,False
6,False,10,Maitland Tiburon,14979,Bobby Wagner,LB,DP,True,7.0,8.85,False
6,False,10,Maitland Tiburon,4426388,Jameson Williams,WR,IR,False,0.0,0.0,True
6,False,10,Maitland Tiburon,2980453,Jamaal Williams,RB,BE,False,0.0,0.0,True
6,False,10,Maitland Tiburon,2576414,Raheem Mostert,RB,BE,False,5.3,12.53,False
6,False,10,Maitland Tiburon,4372485,Rondale Moore,WR,RB/WR/TE,True,7.9,10.14,False
6,False,10,Maitland Tiburon,4242433,Joshua Palmer,WR,BE,False,13.2,8.46,False
6,False,10,Maitland Tiburon,4428963,Cade York,K,K,True,12.0,7.47,False
6,False,10,Maitland Tiburon,3139033,Mike Boone,RB,BE,False,0.9,7.87,False
6,False,10,Maitland Tiburon,2468609,Taysom Hill,TE,TE,True,4.54,6.4,False
6,False,2,Zeke -A Virus,3929630,Saquon Barkley,RB,RB,True,17.0,21.24,False
6,False,2,Zeke -A Virus,3051392,Ezekiel Elliott,RB,RB,True,15.1,9.4,False
6,False,2,Zeke -A Virus,3139477,Patrick Mahomes,QB,QB,True,19.62,21.1,False
6,False,2,Zeke -A Virus,3932905,Diontae Johnson,WR,WR,True,6.1,10.42,False
6,False,2,Zeke -A Virus,4243537,Gabe Davis,WR,WR,True,14.9,11.46,False
6,False,2,Zeke -A Virus,4040980,Irv Smith Jr.,TE,TE,True,8.7,6.23,False
6,False,2,Zeke -A Virus,4360939,Rashod Bateman,WR,BE,False,0.0,0.0,False
6,False,2,Zeke -A Virus,3916430,Nyheim Hines,RB,BE,False,0.0,0.0,False
6,False,2,Zeke -A Virus,4046692,Chase Claypool,WR,BE,False,19.9,8.02,False
6,False,2,Zeke -A Virus,-16027,Buccaneers D/ST,D/ST,D/ST,True,4.0,6.71,False
6,False,2,Zeke -A Virus,3917232,Tyler Bass,K,K,True,6.0,7.42,False
6,False,2,Zeke -A Virus,3915189,Roquan Smith,LB,DP,True,14.0,10.98,False
6,False,2,Zeke -A Virus,3128721,Sony Michel,RB,BE,False,5.7,2.02,False
6,False,2,Zeke -A Virus,16733,Odell Beckham Jr.,WR,BE,False,0.0,0.0,True
6,False,2,Zeke -A Virus,4036348,Michael Gallup,WR,RB/WR/TE,True,3.8,7.76,False
6,False,2,Zeke -A Virus,2969939,Jameis Winston,QB,BE,False,0.0,0.0,False
6,False,2,Zeke -A Virus,3051389,Joey Bosa,DE,BE,False,0.0,0.0,False
6,False,6,SWIFT Kick In The Balls ,4259545,D'Andre Swift,RB,BE,False,0.0,0.0,True
6,False,6,SWIFT Kick In The Balls ,15847,Travis Kelce,TE,TE,True,15.2,13.51,False
6,False,6,SWIFT Kick In The Balls ,4239993,Tee Higgins,WR,BE,False,7.7,10.29,False
6,False,6,SWIFT Kick In The Balls ,3915416,DJ Moore,WR,WR,True,2.2,10.28,False
6,False,6,SWIFT Kick In The Balls ,3915511,Joe Burrow,QB,QB,True,32.5,17.33,False
6,False,6,SWIFT Kick In The Balls ,4360294,Antonio Gibson,RB,RB,True,6.8,6.74,False
6,False,6,SWIFT Kick In The Balls ,4426502,Drake London,WR,WR,True,5.5,10.23,False
6,False,6,SWIFT Kick In The Balls ,15807,Cordarrelle Patterson,RB,IR,False,0.0,0.0,False
6,False,6,SWIFT Kick In The Balls ,3045144,Tyler Boyd,WR,BE,False,9.6,5.43,False
6,False,6,SWIFT Kick In The Balls ,4360234,Evan McPherson,K,K,True,8.0,7.12,False
6,False,6,SWIFT Kick In The Balls ,-16009,Packers D/ST,D/ST,D/ST,True,4.0,5.93,False
6,False,6,SWIFT Kick In The Balls ,3128724,Isaiah McKenzie,WR,RB/WR/TE,True,1.9,9.67,False
6,False,6,SWIFT Kick In The Balls ,2975674,Robert Tonyan,TE,BE,False,14.0,5.7,False
6,False,6,SWIFT Kick In The Balls ,16720,C.J. Mosley,LB,DP,True,11.0,10.34,False
6,False,6,SWIFT Kick In The Balls ,15971,Rex Burkhead,RB,BE,False,0.0,0.0,True
6,False,6,SWIFT Kick In The Balls ,3115306,Josh Reynolds,WR,BE,False,0.0,0.0,True
6,False,6,SWIFT Kick In The Balls ,4240455,Deon Jackson,RB,BE,False,23.1,9.93,False
6,False,6,SWIFT Kick In The Balls ,2979477,Tevin Coleman,RB,RB,True,1.3,1.87,False
6,False,3,Jim Ward's Ole Dick Necks,3068267,Austin Ekeler,RB,RB,True,19.3,15.1,False
6,False,3,Jim Ward's Ole Dick Necks,3126486,Deebo Samuel,WR,WR,True,12.5,14.15,False
6,False,3,Jim Ward's Ole Dick Necks,4240021,Cam Akers,RB,BE,False,0.0,0.0,False
6,False,3,Jim Ward's Ole Dick Necks,4241555,Elijah Mitchell,RB,IR,False,0.0,0.0,False
6,False,3,Jim Ward's Ole Dick Necks,3116165,Chris Godwin,WR,RB/WR/TE,True,12.5,10.91,False
6,False,3,Jim Ward's Ole Dick Necks,3059915,Kareem Hunt,RB,RB,True,1.2,9.88,False
6,False,3,Jim Ward's Ole Dick Necks,3120348,JuJu Smith-Schuster,WR,WR,True,20.8,10.03,False
6,False,3,Jim Ward's Ole Dick Necks,4361370,Chris Olave,WR,BE,False,0.0,0.0,False
6,False,3,Jim Ward's Ole Dick Necks,15795,DeAndre Hopkins,WR,BE,False,0.0,0.0,False
6,False,3,Jim Ward's Ole Dick Necks,3121023,Dallas Goedert,TE,TE,True,3.2,7.7,False
6,False,3,Jim Ward's Ole Dick Necks,8439,Aaron Rodgers,QB,BE,False,11.84,16.41,False
6,False,3,Jim Ward's Ole Dick Necks,2573401,Tyler Higbee,TE,BE,False,1.2,10.31,False
6,False,3,Jim Ward's Ole Dick Necks,14880,Kirk Cousins,QB,QB,True,16.5,16.48,False
6,False,3,Jim Ward's Ole Dick Necks,3121544,T.J. Edwards,LB,DP,True,14.0,9.37,False
6,False,3,Jim Ward's Ole Dick Necks,2573079,Carson Wentz,QB,BE,False,4.16,16.08,False
6,False,3,Jim Ward's Ole Dick Necks,-16030,Jaguars D/ST,D/ST,D/ST,True,-4.0,7.32,False
6,False,3,Jim Ward's Ole Dick Necks,14993,Greg Zuerlein,K,K,True,8.0,7.17,False
6,False,3,Jim Ward's Ole Dick Necks,3910544,Joshua Kelley,RB,BE,False,0.0,5.4,False
6,False,5,COD Lobby Kyler,4242335,Jonathan Taylor,RB,BE,False,0.0,0.0,False
6,False,5,COD Lobby Kyler,15818,Keenan Allen,WR,BE,False,0.0,0.0,False
6,False,5,COD Lobby Kyler,4047365,Josh Jacobs,RB,BE,False,0.0,0.0,True
6,False,5,COD Lobby Kyler,3917315,Kyler Murray,QB,QB,True,14.88,22.08,False
6,False,5,COD Lobby Kyler,16460,Adam Thielen,WR,WR,True,13.6,9.41,False
6,False,5,COD Lobby Kyler,2577327,Tyler Lockett,WR,WR,True,2.7,11.74,False
6,False,5,COD Lobby Kyler,4048244,Alexander Mattison,RB,BE,False,0.3,5.57,False
6,False,5,COD Lobby Kyler,3115394,DJ Chark,WR,BE,False,0.0,0.0,True
6,False,5,COD Lobby Kyler,3122976,Jeff Wilson Jr.,RB,RB,True,0.5,13.61,False
6,False,5,COD Lobby Kyler,3916433,Jakobi Meyers,WR,RB/WR/TE,True,8.0,9.43,False
6,False,5,COD Lobby Kyler,3918639,Gerald Everett,TE,TE,True,5.4,7.99,False
6,False,5,COD Lobby Kyler,12460,Graham Gano,K,K,True,6.0,8.21,False
6,False,5,COD Lobby Kyler,15864,Geno Smith,QB,BE,False,12.68,19.63,False
6,False,5,COD Lobby Kyler,3042778,Corey Davis,WR,BE,False,6.2,8.12,False
6,False,5,COD Lobby Kyler,-16004,Bengals D/ST,D/ST,D/ST,True,0.0,6.01,False
6,False,5,COD Lobby Kyler,4242873,Eno Benjamin,RB,RB,True,8.0,12.91,False
6,False,5,COD Lobby Kyler,4243256,Devin Lloyd,LB,DP,True,7.0,9.74,False
6,False,8,SCLSU Mud Dogs,3043078,Derrick Henry,RB,BE,False,0.0,0.0,True
6,False,8,SCLSU Mud Dogs,4241389,CeeDee Lamb,WR,RB/WR/TE,True,11.2,13.79,False
6,False,8,SCLSU Mud Dogs,3116365,Mark Andrews,TE,TE,True,20.1,14.06,False
6,False,8,SCLSU Mud Dogs,3045138,Mike Williams,WR,WR,True,2.7,11.23,False
6,False,8,SCLSU Mud Dogs,4427366,Breece Hall,RB,RB,True,19.1,14.38,False
6,False,8,SCLSU Mud Dogs,4047650,DK Metcalf,WR,WR,True,4.4,13.99,False
6,False,8,SCLSU Mud Dogs,2330,Tom Brady,QB,QB,True,13.72,19.31,False
6,False,8,SCLSU Mud Dogs,3916148,Tony Pollard,RB,BE,False,6.2,7.45,False
6,False,8,SCLSU Mud Dogs,2576434,Melvin Gordon III,RB,RB,True,0.8,11.44,False
6,False,8,SCLSU Mud Dogs,4240600,Kadarius Toney,WR,BE,False,0.0,0.0,False
6,False,8,SCLSU Mud Dogs,3050073,Foyesade Oluokun,LB,DP,True,12.0,10.68,False
6,False,8,SCLSU Mud Dogs,4426354,George Pickens,WR,BE,False,4.3,7.92,False
6,False,8,SCLSU Mud Dogs,16757,Derek Carr,QB,BE,False,0.0,0.0,True
6,False,8,SCLSU Mud Dogs,-16006,Cowboys D/ST,D/ST,D/ST,True,6.0,4.1,False
6,False,8,SCLSU Mud Dogs,4035886,Khalil Herbert,RB,BE,False,8.4,6.82,False
6,False,8,SCLSU Mud Dogs,3123076,David Njoku,TE,BE,False,7.3,7.97,False
6,False,8,SCLSU Mud Dogs,4249087,Matt Gay,K,K,True,6.0,7.71,False
6,False,9,TBD TBD,3116593,Dalvin Cook,RB,RB,True,14.8,15.16,False
6,False,9,TBD TBD,16800,Davante Adams,WR,BE,False,0.0,0.0,True
6,False,9,TBD TBD,3045147,James Conner,RB,BE,False,0.0,0.0,False
6,False,9,TBD TBD,4038941,Justin Herbert,QB,QB,True,8.42,18.09,False
6,False,9,TBD TBD,3040151,George Kittle,TE,TE,True,15.3,7.84,False
6,False,9,TBD TBD,2976499,Amari Cooper,WR,WR,True,13.4,9.94,False
6,False,9,TBD TBD,16731,Brandin Cooks,WR,BE,False,0.0,0.0,True
6,False,9,TBD TBD,-16002,Bills D/ST,D/ST,D/ST,True,6.0,3.01,False
6,False,9,TBD TBD,16790,Jarvis Landry,WR,BE,False,0.0,0.0,False
6,False,9,TBD TBD,15683,Justin Tucker,K,K,True,7.0,7.8,False
6,False,9,TBD TBD,13982,Julio Jones,WR,BE,False,0.0,0.0,False
6,False,9,TBD TBD,4036131,Noah Fant,TE,BE,False,7.5,5.66,False
6,False,9,TBD TBD,15072,Marvin Jones Jr.,WR,WR,True,0.0,0.0,False
6,False,9,TBD TBD,3918330,Logan Wilson,LB,DP,True,5.0,8.19,False
6,False,9,TBD TBD,16760,Jimmy Garoppolo,QB,BE,False,16.94,12.88,False
6,False,9,TBD TBD,3051738,Marquez Valdes-Scantling,WR,RB/WR/TE,True,0.0,9.65,False
6,False,9,TBD TBD,16782,Jerick McKinnon,RB,RB,True,4.5,5.24,False
6,False,4,BUT kicKERs,3117251,Christian McCaffrey,RB,RB,True,19.3,17.9,False
6,False,4,BUT kicKERs,3116406,Tyreek Hill,WR,WR,True,23.7,14.32,False
6,False,4,BUT kicKERs,3115364,Leonard Fournette,RB,RB,True,19.1,14.96,False
6,False,4,BUT kicKERs,4241463,Jerry Jeudy,WR,BE,False,6.9,9.65,False
6,False,4,BUT kicKERs,2576925,Darren Waller,TE,BE,False,0.0,0.0,True
6,False,4,BUT kicKERs,4241478,DeVonta Smith,WR,WR,True,12.9,10.13,False
6,False,4,BUT kicKERs,2577417,Dak Prescott,QB,IR,False,0.0,0.0,False
6,False,4,BUT kicKERs,3895856,Christian Kirk,WR,RB/WR/TE,True,8.8,11.03,False
6,False,4,BUT kicKERs,4052042,James Robinson,RB,BE,False,6.0,8.63,False
6,False,4,BUT kicKERs,4569618,Garrett Wilson,WR,BE,False,1.3,9.49,False
6,False,4,BUT kicKERs,-16018,Saints D/ST,D/ST,D/ST,True,4.0,5.6,False
6,False,4,BUT kicKERs,3138826,Fred Warner,LB,DP,True,10.0,8.17,False
6,False,4,BUT kicKERs,4241479,Tua Tagovailoa,QB,BE,False,0.0,0.0,False
6,False,4,BUT kicKERs,4360078,Alec Pierce,WR,BE,False,12.4,8.55,False
6,False,4,BUT kicKERs,4361432,Romeo Doubs,WR,BE,False,4.1,9.63,False
6,False,4,BUT kicKERs,4361259,Zach Wilson,QB,QB,True,4.5,15.9,False
6,False,4,BUT kicKERs,3051876,Evan Engram,TE,TE,True,6.5,5.91,False
6,False,4,BUT kicKERs,3055899,Harrison Butker,K,K,True,10.0,8.24,False
6,False,1,T's Diddy ,4362628,Ja'Marr Chase,WR,WR,True,28.7,14.95,False
6,False,1,T's Diddy ,2976212,Stefon Diggs,WR,WR,True,25.8,17.24,False
6,False,1,T's Diddy ,4360248,Kyle Pitts,TE,TE,True,9.4,7.75,False
6,False,1,T's Diddy ,4239996,Travis Etienne Jr.,RB,RB/WR/TE,True,11.8,9.15,False
6,False,1,T's Diddy ,4241985,J.K. Dobbins,RB,RB,True,1.5,10.72,False
6,False,1,T's Diddy ,2976316,Michael Thomas,WR,BE,False,0.0,0.0,False
6,False,1,T's Diddy ,4569173,Rhamondre Stevenson,RB,RB,True,23.1,14.47,False
6,False,1,T's Diddy ,4040655,Darnell Mooney,WR,BE,False,10.3,6.75,False
6,False,1,T's Diddy ,14881,Russell Wilson,QB,QB,True,13.82,16.91,False
6,False,1,T's Diddy ,4360238,Dameon Pierce,RB,BE,False,0.0,0.0,True
6,False,1,T's Diddy ,4043130,Jordyn Brooks,LB,DP,True,11.0,11.63,False
6,False,1,T's Diddy ,4373626,Tyler Allgeier,RB,BE,False,5.1,8.08,False
6,False,1,T's Diddy ,3051909,Daniel Carlson,K,BE,False,0.0,0.0,True
6,False,1,T's Diddy ,4697815,Rachaad White,RB,BE,False,4.8,6.85,False
6,False,1,T's Diddy ,-16014,Rams D/ST,D/ST,D/ST,True,10.0,7.53,False
6,False,1,T's Diddy ,4360310,Trevor Lawrence,QB,BE,False,24.9,14.72,False
6,False,1,T's Diddy ,2473037,Jason Myers,K,K,True,13.0,7.8,False
6,False,12,Rule  #76,4241457,Najee Harris,RB,RB,True,11.9,10.77,False
6,False,12,Rule  #76,3054850,Alvin Kamara,RB,RB,True,15.4,15.06,False
6,False,12,Rule  #76,4035687,Michael Pittman Jr.,WR,WR,True,19.9,11.35,False
6,False,12,Rule  #76,4372016,Jaylen Waddle,WR,WR,True,13.9,10.48,False
6,False,12,Rule  #76,3916387,Lamar Jackson,QB,QB,True,16.1,21.9,False
6,False,12,Rule  #76,16799,Allen Robinson II,WR,BE,False,14.8,6.42,False
6,False,12,Rule  #76,3119195,Chase Edmonds,RB,BE,False,4.1,6.32,False
6,False,12,Rule  #76,4036133,T.J. Hockenson,TE,BE,False,0.0,0.0,True
6,False,12,Rule  #76,3128390,Allen Lazard,WR,RB/WR/TE,True,15.6,10.07,False
6,False,12,Rule  #76,15835,Zach Ertz,TE,TE,True,10.5,10.17,False
6,False,12,Rule  #76,4240657,Michael Carter,RB,BE,False,5.2,7.86,False
6,False,12,Rule  #76,4361423,Micah Parsons,LB,DP,True,7.0,8.35,False
6,False,12,Rule  #76,4371733,Kenneth Gainwell,RB,BE,False,2.5,3.7,False
6,False,12,Rule  #76,3059722,Zay Jones,WR,BE,False,6.7,8.5,False
6,False,12,Rule  #76,2572861,J.D. McKissic,RB,BE,False,2.0,7.39,False
6,False,12,Rule  #76,3050478,Jake Elliott,K,K,True,10.0,7.38,False
6,False,12,Rule  #76,-16016,Vikings D/ST,D/ST,D/ST,True,8.0,5.97,False
6,False,13,Christopher's Kryptonite ,2977187,Cooper Kupp,WR,WR,True,13.2,17.28,False
6,False,13,Christopher's Kryptonite ,3042519,Aaron Jones,RB,RB,True,5.9,13.48,False
6,False,13,Christopher's Kryptonite ,3918298,Josh Allen,QB,QB,True,26.36,26.12,False
6,False,13,Christopher's Kryptonite ,3128429,Courtland Sutton,WR,WR,True,2.4,13.91,False
6,False,13,Christopher's Kryptonite ,3121422,Terry McLaurin,WR,BE,False,6.7,10.06,False
6,False,13,Christopher's Kryptonite ,4242214,Clyde Edwards-Helaire,RB,BE,False,3.3,9.63,False
6,False,13,Christopher's Kryptonite ,4045163,Miles Sanders,RB,RB/WR/TE,True,13.7,12.1,False
6,False,13,Christopher's Kryptonite ,3930086,Dawson Knox,TE,BE,False,11.2,7.73,False
6,False,13,Christopher's Kryptonite ,15880,Robert Woods,WR,BE,False,0.0,0.0,True
6,False,13,Christopher's Kryptonite ,4241474,Brian Robinson Jr.,RB,BE,False,12.0,7.04,False
6,False,13,Christopher's Kryptonite ,16339,Brandon McManus,K,K,True,13.0,6.86,False
6,False,13,Christopher's Kryptonite ,3040180,De'Vondre Campbell,LB,DP,True,8.0,9.81,False
6,False,13,Christopher's Kryptonite ,3121427,Curtis Samuel,WR,BE,False,1.6,11.37,False
6,False,13,Christopher's Kryptonite ,3924365,Hayden Hurst,TE,TE,True,3.6,6.43,False
6,False,13,Christopher's Kryptonite ,4567048,Kenneth Walker III,RB,RB,True,18.0,10.77,False
6,False,13,Christopher's Kryptonite ,-16017,Patriots D/ST,D/ST,D/ST,True,13.0,3.99,False
6,False,13,Christopher's Kryptonite ,14876,Ryan Tannehill,QB,BE,False,0.0,0.0,True
6,False,11,Dez (Bryant) Nuts,3116385,Joe Mixon,RB,RB,True,14.8,14.67,False
6,False,11,Dez (Bryant) Nuts,3128720,Nick Chubb,RB,RB,True,7.5,16.38,False
6,False,11,Dez (Bryant) Nuts,16737,Mike Evans,WR,WR,True,6.2,12.91,False
6,False,11,Dez (Bryant) Nuts,4047646,A.J. Brown,WR,WR,True,15.2,12.41,False
6,False,11,Dez (Bryant) Nuts,4239934,AJ Dillon,RB,BE,False,7.2,9.2,False
6,False,11,Dez (Bryant) Nuts,3117256,Dalton Schultz,TE,TE,True,0.0,0.0,False
6,False,11,Dez (Bryant) Nuts,4372414,Elijah Moore,WR,BE,False,0.0,8.69,False
6,False,11,Dez (Bryant) Nuts,3925347,Damien Harris,RB,BE,False,0.0,0.0,False
6,False,11,Dez (Bryant) Nuts,4360438,Brandon Aiyuk,WR,BE,False,24.3,8.16,False
6,False,11,Dez (Bryant) Nuts,12483,Matthew Stafford,QB,QB,True,11.82,14.95,False
6,False,11,Dez (Bryant) Nuts,4039359,Darrell Henderson Jr.,RB,RB/WR/TE,True,12.2,11.27,False
6,False,11,Dez (Bryant) Nuts,4035434,Devin White,LB,DP,True,8.0,9.09,False
6,False,11,Dez (Bryant) Nuts,-16011,Colts D/ST,D/ST,D/ST,True,5.0,5.07,False
6,False,11,Dez (Bryant) Nuts,12731,Ryan Succop,K,K,True,14.0,7.91,False
6,False,11,Dez (Bryant) Nuts,3046779,Jared Goff,QB,BE,False,0.0,0.0,True
6,False,11,Dez (Bryant) Nuts,4258595,Cole Kmet,TE,BE,False,2.0,4.47,False
6,False,11,Dez (Bryant) Nuts,4361409,Jahan Dotson,WR,BE,False,0.0,0.0,False
7,False,2,Zeke -A Virus,3929630,Saquon Barkley,RB,RB,True,15.5,18.85,False
7,False,2,Zeke -A Virus,3051392,Ezekiel Elliott,RB,RB,True,17.7,12.92,False
7,False,2,Zeke -A Virus,3139477,Patrick Mahomes,QB,QB,True,26.92,20.44,False
7,False,2,Zeke -A Virus,3932905,Diontae Johnson,WR,WR,True,7.0,10.28,False
7,False,2,Zeke -A Virus,4243537,Gabe Davis,WR,BE,False,0.0,0.0,True
7,False,2,Zeke -A Virus,4040980,Irv Smith Jr.,TE,BE,False,0.0,0.0,True
7,False,2,Zeke -A Virus,4360939,Rashod Bateman,WR,WR,True,6.2,9.85,False
7,False,2,Zeke -A Virus,3916430,Nyheim Hines,RB,BE,False,6.8,6.96,False
7,False,2,Zeke -A Virus,4046692,Chase Claypool,WR,BE,False,7.6,9.33,False
7,False,2,Zeke -A Virus,-16027,Buccaneers D/ST,D/ST,D/ST,True,1.0,7.6,False
7,False,2,Zeke -A Virus,3917232,Tyler Bass,K,BE,False,0.0,0.0,True
7,False,2,Zeke -A Virus,3915189,Roquan Smith,LB,DP,True,16.0,10.21,False
7,False,2,Zeke -A Virus,16733,Odell Beckham Jr.,WR,BE,False,0.0,0.0,True
7,False,2,Zeke -A Virus,4036348,Michael Gallup,WR,RB/WR/TE,True,0.0,9.52,False
7,False,2,Zeke -A Virus,2969939,Jameis Winston,QB,BE,False,0.0,0.0,False
7,False,2,Zeke -A Virus,16486,Brett Maher,K,K,True,6.0,8.03,False
7,False,2,Zeke -A Virus,4243331,Cade Otton,TE,TE,True,8.4,6.14,False
7,False,6,SWIFT Kick In The Balls ,4259545,D'Andre Swift,RB,RB,True,0.0,0.0,False
7,False,6,SWIFT Kick In The Balls ,15847,Travis Kelce,TE,TE,True,12.8,13.83,False
7,False,6,SWIFT Kick In The Balls ,4239993,Tee Higgins,WR,RB/WR/TE,True,11.8,13.2,False
7,False,6,SWIFT Kick In The Balls ,3915416,DJ Moore,WR,WR,True,16.1,10.04,False
7,False,6,SWIFT Kick In The Balls ,3915511,Joe Burrow,QB,QB,True,39.24,19.75,False
7,False,6,SWIFT Kick In The Balls ,4360294,Antonio Gibson,RB,RB,True,15.2,6.22,False
7,False,6,SWIFT Kick In The Balls ,4426502,Drake London,WR,WR,True,1.4,9.55,False
7,False,6,SWIFT Kick In The Balls ,15807,Cordarrelle Patterson,RB,IR,False,0.0,0.0,False
7,False,6,SWIFT Kick In The Balls ,3045144,Tyler Boyd,WR,BE,False,25.5,5.63,False
7,False,6,SWIFT Kick In The Balls ,4360234,Evan McPherson,K,K,True,5.0,8.02,False
7,False,6,SWIFT Kick In The Balls ,-16009,Packers D/ST,D/ST,D/ST,True,8.0,5.03,False
7,False,6,SWIFT Kick In The Balls ,3128724,Isaiah McKenzie,WR,BE,False,0.0,0.0,True
7,False,6,SWIFT Kick In The Balls ,2975674,Robert Tonyan,TE,BE,False,4.7,6.7,False
7,False,6,SWIFT Kick In The Balls ,16720,C.J. Mosley,LB,DP,True,7.0,10.18,False
7,False,6,SWIFT Kick In The Balls ,15971,Rex Burkhead,RB,BE,False,4.4,6.23,False
7,False,6,SWIFT Kick In The Balls ,3115306,Josh Reynolds,WR,BE,False,2.3,8.21,False
7,False,6,SWIFT Kick In The Balls ,4240455,Deon Jackson,RB,BE,False,0.3,0.0,False
7,False,6,SWIFT Kick In The Balls ,2979477,Tevin Coleman,RB,BE,False,0.0,2.77,False
7,False,3,Jim Ward's Ole Dick Necks,3068267,Austin Ekeler,RB,RB,True,30.7,17.35,False
7,False,3,Jim Ward's Ole Dick Necks,3126486,Deebo Samuel,WR,WR,True,6.9,13.2,False
7,False,3,Jim Ward's Ole Dick Necks,4240021,Cam Akers,RB,BE,False,0.0,0.0,True
7,False,3,Jim Ward's Ole Dick Necks,4241555,Elijah Mitchell,RB,IR,False,0.0,0.0,False
7,False,3,Jim Ward's Ole Dick Necks,3116165,Chris Godwin,WR,WR,True,8.0,11.9,False
7,False,3,Jim Ward's Ole Dick Necks,3059915,Kareem Hunt,RB,RB,True,7.3,9.03,False
7,False,3,Jim Ward's Ole Dick Necks,3120348,JuJu Smith-Schuster,WR,BE,False,21.9,9.96,False
7,False,3,Jim Ward's Ole Dick Necks,4361370,Chris Olave,WR,BE,False,14.1,10.89,False
7,False,3,Jim Ward's Ole Dick Necks,15795,DeAndre Hopkins,WR,RB/WR/TE,True,15.3,11.31,False
7,False,3,Jim Ward's Ole Dick Necks,3121023,Dallas Goedert,TE,BE,False,0.0,0.0,True
7,False,3,Jim Ward's Ole Dick Necks,8439,Aaron Rodgers,QB,QB,True,15.76,16.03,False
7,False,3,Jim Ward's Ole Dick Necks,2573401,Tyler Higbee,TE,BE,False,0.0,0.0,True
7,False,3,Jim Ward's Ole Dick Necks,14880,Kirk Cousins,QB,BE,False,0.0,0.0,True
7,False,3,Jim Ward's Ole Dick Necks,3121544,T.J. Edwards,LB,BE,False,0.0,0.0,True
7,False,3,Jim Ward's Ole Dick Necks,-16030,Jaguars D/ST,D/ST,D/ST,True,-2.0,5.87,False
7,False,3,Jim Ward's Ole Dick Necks,14993,Greg Zuerlein,K,K,True,12.0,6.46,False
7,False,3,Jim Ward's Ole Dick Necks,3929645,Juwan Johnson,TE,TE,True,17.7,5.91,False
7,False,3,Jim Ward's Ole Dick Necks,3916074,David Long Jr.,LB,DP,True,10.0,9.18,False
7,False,5,COD Lobby Kyler,4242335,Jonathan Taylor,RB,RB,True,12.0,16.93,False
7,False,5,COD Lobby Kyler,15818,Keenan Allen,WR,BE,False,2.1,11.68,False
7,False,5,COD Lobby Kyler,4047365,Josh Jacobs,RB,RB/WR/TE,True,35.0,16.31,False
7,False,5,COD Lobby Kyler,3917315,Kyler Murray,QB,QB,True,17.16,19.12,False
7,False,5,COD Lobby Kyler,16460,Adam Thielen,WR,BE,False,0.0,0.0,True
7,False,5,COD Lobby Kyler,2577327,Tyler Lockett,WR,WR,True,8.0,11.11,False
7,False,5,COD Lobby Kyler,4048244,Alexander Mattison,RB,BE,False,0.0,0.0,True
7,False,5,COD Lobby Kyler,3115394,DJ Chark,WR,BE,False,0.0,0.0,False
7,False,5,COD Lobby Kyler,3122976,Jeff Wilson Jr.,RB,RB,True,5.4,11.31,False
7,False,5,COD Lobby Kyler,3916433,Jakobi Meyers,WR,WR,True,10.4,9.07,False
7,False,5,COD Lobby Kyler,3918639,Gerald Everett,TE,TE,True,8.8,7.91,False
7,False,5,COD Lobby Kyler,12460,Graham Gano,K,K,True,11.0,7.72,False
7,False,5,COD Lobby Kyler,15864,Geno Smith,QB,BE,False,13.1,19.37,False
7,False,5,COD Lobby Kyler,-16004,Bengals D/ST,D/ST,D/ST,True,6.0,6.38,False
7,False,5,COD Lobby Kyler,4242873,Eno Benjamin,RB,BE,False,21.3,12.69,False
7,False,5,COD Lobby Kyler,3116689,Cole Holcomb,LB,DP,True,9.0,9.87,False
7,False,5,COD Lobby Kyler,3116164,Mike Gesicki,TE,BE,False,4.2,4.41,False
7,False,8,SCLSU Mud Dogs,3043078,Derrick Henry,RB,RB,True,15.3,17.82,False
7,False,8,SCLSU Mud Dogs,4241389,CeeDee Lamb,WR,RB/WR/TE,True,8.6,15.65,False
7,False,8,SCLSU Mud Dogs,3116365,Mark Andrews,TE,TE,True,0.4,15.48,False
7,False,8,SCLSU Mud Dogs,3045138,Mike Williams,WR,WR,True,18.1,12.85,False
7,False,8,SCLSU Mud Dogs,4427366,Breece Hall,RB,RB,True,13.2,13.84,False
7,False,8,SCLSU Mud Dogs,4047650,DK Metcalf,WR,WR,True,1.7,13.32,False
7,False,8,SCLSU Mud Dogs,2330,Tom Brady,QB,QB,True,11.7,17.13,False
7,False,8,SCLSU Mud Dogs,3916148,Tony Pollard,RB,BE,False,11.9,10.01,False
7,False,8,SCLSU Mud Dogs,2576434,Melvin Gordon III,RB,BE,False,6.0,6.68,False
7,False,8,SCLSU Mud Dogs,3050073,Foyesade Oluokun,LB,DP,True,12.0,9.98,False
7,False,8,SCLSU Mud Dogs,4426354,George Pickens,WR,BE,False,15.1,8.51,False
7,False,8,SCLSU Mud Dogs,16757,Derek Carr,QB,BE,False,13.54,16.55,False
7,False,8,SCLSU Mud Dogs,-16006,Cowboys D/ST,D/ST,D/ST,True,19.0,5.49,False
7,False,8,SCLSU Mud Dogs,4035886,Khalil Herbert,RB,BE,False,15.2,5.98,False
7,False,8,SCLSU Mud Dogs,3123076,David Njoku,TE,BE,False,10.6,8.81,False
7,False,8,SCLSU Mud Dogs,4249087,Matt Gay,K,BE,False,0.0,0.0,True
7,False,8,SCLSU Mud Dogs,10621,Nick Folk,K,K,True,2.0,7.87,False
7,False,9,TBD TBD,3116593,Dalvin Cook,RB,BE,False,0.0,0.0,True
7,False,9,TBD TBD,16800,Davante Adams,WR,WR,True,13.5,14.94,False
7,False,9,TBD TBD,3045147,James Conner,RB,BE,False,0.0,0.0,False
7,False,9,TBD TBD,4038941,Justin Herbert,QB,QB,True,18.62,21.25,False
7,False,9,TBD TBD,3040151,George Kittle,TE,TE,True,18.8,8.93,False
7,False,9,TBD TBD,2976499,Amari Cooper,WR,WR,True,8.9,11.57,False
7,False,9,TBD TBD,16731,Brandin Cooks,WR,RB/WR/TE,True,6.6,10.5,False
7,False,9,TBD TBD,-16002,Bills D/ST,D/ST,BE,False,0.0,0.0,True
7,False,9,TBD TBD,15683,Justin Tucker,K,K,True,13.0,8.44,False
7,False,9,TBD TBD,4036131,Noah Fant,TE,BE,False,1.2,6.49,False
7,False,9,TBD TBD,15072,Marvin Jones Jr.,WR,BE,False,7.7,7.2,False
7,False,9,TBD TBD,3918330,Logan Wilson,LB,DP,True,0.0,0.0,False
7,False,9,TBD TBD,16760,Jimmy Garoppolo,QB,BE,False,16.32,14.2,False
7,False,9,TBD TBD,3051738,Marquez Valdes-Scantling,WR,BE,False,13.6,8.64,False
7,False,9,TBD TBD,16782,Jerick McKinnon,RB,RB,True,5.8,3.49,False
7,False,9,TBD TBD,-16007,Broncos D/ST,D/ST,D/ST,True,6.0,7.35,False
7,False,9,TBD TBD,4244732,Caleb Huntley,RB,RB,True,2.2,5.59,False
7,False,4,BUT kicKERs,3117251,Christian McCaffrey,RB,RB,True,7.2,8.65,False
7,False,4,BUT kicKERs,3116406,Tyreek Hill,WR,WR,True,10.7,16.24,False
7,False,4,BUT kicKERs,3115364,Leonard Fournette,RB,RB,True,3.6,14.75,False
7,False,4,BUT kicKERs,4241463,Jerry Jeudy,WR,BE,False,13.1,8.66,False
7,False,4,BUT kicKERs,2576925,Darren Waller,TE,BE,False,0.0,0.0,False
7,False,4,BUT kicKERs,4241478,DeVonta Smith,WR,BE,False,0.0,0.0,True
7,False,4,BUT kicKERs,2577417,Dak Prescott,QB,IR,False,12.28,19.26,False
7,False,4,BUT kicKERs,3895856,Christian Kirk,WR,RB/WR/TE,True,13.6,10.24,False
7,False,4,BUT kicKERs,4052042,James Robinson,RB,BE,False,0.0,9.35,False
7,False,4,BUT kicKERs,4569618,Garrett Wilson,WR,BE,False,4.4,8.55,False
7,False,4,BUT kicKERs,-16018,Saints D/ST,D/ST,D/ST,True,1.0,4.0,False
7,False,4,BUT kicKERs,3138826,Fred Warner,LB,DP,True,6.0,8.8,False
7,False,4,BUT kicKERs,4241479,Tua Tagovailoa,QB,QB,True,15.94,17.92,False
7,False,4,BUT kicKERs,4360078,Alec Pierce,WR,BE,False,5.2,8.29,False
7,False,4,BUT kicKERs,4361432,Romeo Doubs,WR,WR,True,0.0,9.26,False
7,False,4,BUT kicKERs,4361259,Zach Wilson,QB,BE,False,7.24,12.35,False
7,False,4,BUT kicKERs,3051876,Evan Engram,TE,TE,True,8.7,6.23,False
7,False,4,BUT kicKERs,3055899,Harrison Butker,K,K,True,5.0,8.07,False
7,False,1,T's Diddy ,4362628,Ja'Marr Chase,WR,WR,True,29.0,16.31,False
7,False,1,T's Diddy ,2976212,Stefon Diggs,WR,BE,False,0.0,0.0,True
7,False,1,T's Diddy ,4360248,Kyle Pitts,TE,TE,True,2.4,7.52,False
7,False,1,T's Diddy ,4239996,Travis Etienne Jr.,RB,RB/WR/TE,True,18.4,9.93,False
7,False,1,T's Diddy ,4241985,J.K. Dobbins,RB,IR,False,0.0,0.0,False
7,False,1,T's Diddy ,2976316,Michael Thomas,WR,BE,False,0.0,0.0,False
7,False,1,T's Diddy ,4569173,Rhamondre Stevenson,RB,RB,True,21.8,11.88,False
7,False,1,T's Diddy ,4040655,Darnell Mooney,WR,WR,True,6.8,8.5,False
7,False,1,T's Diddy ,14881,Russell Wilson,QB,BE,False,0.0,0.0,False
7,False,1,T's Diddy ,4360238,Dameon Pierce,RB,RB,True,13.7,16.33,False
7,False,1,T's Diddy ,4043130,Jordyn Brooks,LB,DP,True,10.0,11.16,False
7,False,1,T's Diddy ,3051909,Daniel Carlson,K,K,True,10.0,9.41,False
7,False,1,T's Diddy ,4697815,Rachaad White,RB,BE,False,3.7,5.96,False
7,False,1,T's Diddy ,4360310,Trevor Lawrence,QB,QB,True,18.7,15.09,False
7,False,1,T's Diddy ,2473037,Jason Myers,K,BE,False,16.0,7.7,False
7,False,1,T's Diddy ,-16015,Dolphins D/ST,D/ST,D/ST,True,11.0,6.37,False
7,False,1,T's Diddy ,2979843,Kenyan Drake,RB,BE,False,0.5,6.31,False
7,False,12,Rule  #76,4241457,Najee Harris,RB,RB,True,9.5,11.71,False
7,False,12,Rule  #76,3054850,Alvin Kamara,RB,RB,True,14.0,15.8,False
7,False,12,Rule  #76,4035687,Michael Pittman Jr.,WR,WR,True,7.8,12.25,False
7,False,12,Rule  #76,4372016,Jaylen Waddle,WR,WR,True,10.8,12.53,False
7,False,12,Rule  #76,3916387,Lamar Jackson,QB,QB,True,10.7,25.39,False
7,False,12,Rule  #76,16799,Allen Robinson II,WR,BE,False,0.0,0.0,True
7,False,12,Rule  #76,3119195,Chase Edmonds,RB,BE,False,1.7,5.45,False
7,False,12,Rule  #76,3128390,Allen Lazard,WR,RB/WR/TE,True,8.5,10.44,False
7,False,12,Rule  #76,15835,Zach Ertz,TE,TE,True,5.1,9.68,False
7,False,12,Rule  #76,4240657,Michael Carter,RB,BE,False,8.4,7.11,False
7,False,12,Rule  #76,4361423,Micah Parsons,LB,DP,True,12.0,7.74,False
7,False,12,Rule  #76,-16020,Jets D/ST,D/ST,D/ST,True,6.0,6.85,False
7,False,12,Rule  #76,15920,Latavius Murray,RB,BE,False,9.3,6.82,False
7,False,12,Rule  #76,2578718,Taylor Bertolet,K,K,True,3.0,7.97,False
7,False,12,Rule  #76,4241416,Chuba Hubbard,RB,BE,False,15.3,6.01,False
7,False,12,Rule  #76,3924365,Hayden Hurst,TE,BE,False,7.8,6.12,False
7,False,12,Rule  #76,4241474,Brian Robinson Jr.,RB,BE,False,9.6,9.31,False
7,False,13,Christopher's Kryptonite ,2977187,Cooper Kupp,WR,BE,False,0.0,0.0,True
7,False,13,Christopher's Kryptonite ,3042519,Aaron Jones,RB,RB,True,24.1,12.49,False
7,False,13,Christopher's Kryptonite ,3918298,Josh Allen,QB,BE,False,0.0,0.0,True
7,False,13,Christopher's Kryptonite ,3128429,Courtland Sutton,WR,WR,True,3.8,11.29,False
7,False,13,Christopher's Kryptonite ,3121422,Terry McLaurin,WR,WR,True,15.8,9.66,False
7,False,13,Christopher's Kryptonite ,4242214,Clyde Edwards-Helaire,RB,BE,False,9.2,7.23,False
7,False,13,Christopher's Kryptonite ,4045163,Miles Sanders,RB,BE,False,0.0,0.0,True
7,False,13,Christopher's Kryptonite ,15880,Robert Woods,WR,RB/WR/TE,True,4.1,9.07,False
7,False,13,Christopher's Kryptonite ,16339,Brandon McManus,K,K,True,3.0,8.24,False
7,False,13,Christopher's Kryptonite ,3040180,De'Vondre Campbell,LB,DP,True,20.0,9.55,False
7,False,13,Christopher's Kryptonite ,3121427,Curtis Samuel,WR,BE,False,10.4,9.24,False
7,False,13,Christopher's Kryptonite ,4567048,Kenneth Walker III,RB,RB,True,28.7,12.72,False
7,False,13,Christopher's Kryptonite ,-16017,Patriots D/ST,D/ST,D/ST,True,4.0,7.17,False
7,False,13,Christopher's Kryptonite ,14876,Ryan Tannehill,QB,QB,True,3.88,14.61,False
7,False,13,Christopher's Kryptonite ,3125116,D'Onta Foreman,RB,BE,False,15.5,7.4,False
7,False,13,Christopher's Kryptonite ,4361529,Isiah Pacheco,RB,BE,False,4.3,6.18,False
7,False,13,Christopher's Kryptonite ,4036133,T.J. Hockenson,TE,TE,True,6.8,9.46,False
7,False,11,Dez (Bryant) Nuts,3116385,Joe Mixon,RB,RB,True,16.6,15.37,False
7,False,11,Dez (Bryant) Nuts,3128720,Nick Chubb,RB,RB,True,17.7,15.47,False
7,False,11,Dez (Bryant) Nuts,16737,Mike Evans,WR,WR,True,14.1,10.98,False
7,False,11,Dez (Bryant) Nuts,4047646,A.J. Brown,WR,BE,False,0.0,0.0,True
7,False,11,Dez (Bryant) Nuts,4239934,AJ Dillon,RB,BE,False,1.5,9.66,False
7,False,11,Dez (Bryant) Nuts,3117256,Dalton Schultz,TE,TE,True,7.4,6.81,False
7,False,11,Dez (Bryant) Nuts,4372414,Elijah Moore,WR,BE,False,0.0,0.0,False
7,False,11,Dez (Bryant) Nuts,3925347,Damien Harris,RB,RB/WR/TE,True,1.5,10.81,False
7,False,11,Dez (Bryant) Nuts,4360438,Brandon Aiyuk,WR,WR,True,12.7,9.09,False
7,False,11,Dez (Bryant) Nuts,12483,Matthew Stafford,QB,BE,False,0.0,0.0,True
7,False,11,Dez (Bryant) Nuts,4039359,Darrell Henderson Jr.,RB,BE,False,0.0,0.0,True
7,False,11,Dez (Bryant) Nuts,4035434,Devin White,LB,DP,True,5.0,8.5,False
7,False,11,Dez (Bryant) Nuts,-16011,Colts D/ST,D/ST,D/ST,True,9.0,5.25,False
7,False,11,Dez (Bryant) Nuts,12731,Ryan Succop,K,K,True,3.0,8.17,False
7,False,11,Dez (Bryant) Nuts,3046779,Jared Goff,QB,QB,True,3.52,15.1,False
7,False,11,Dez (Bryant) Nuts,4258595,Cole Kmet,TE,BE,False,4.2,4.93,False
7,False,11,Dez (Bryant) Nuts,4361409,Jahan Dotson,WR,BE,False,0.0,0.0,False
7,False,10,Maitland Tiburon,4262921,Justin Jefferson,WR,BE,False,0.0,0.0,True
7,False,10,Maitland Tiburon,4035538,David Montgomery,RB,RB,True,12.2,11.83,False
7,False,10,Maitland Tiburon,4241372,Marquise Brown,WR,BE,False,0.0,0.0,False
7,False,10,Maitland Tiburon,4040715,Jalen Hurts,QB,BE,False,0.0,0.0,True
7,False,10,Maitland Tiburon,4374302,Amon-Ra St. Brown,WR,WR,True,0.9,13.74,False
7,False,10,Maitland Tiburon,4040761,Devin Singletary,RB,BE,False,0.0,0.0,True
7,False,10,Maitland Tiburon,4361411,Pat Freiermuth,TE,BE,False,11.5,8.53,False
7,False,10,Maitland Tiburon,-16025,49ers D/ST,D/ST,BE,False,-4.0,3.57,False
7,False,10,Maitland Tiburon,4426388,Jameson Williams,WR,IR,False,0.0,0.0,False
7,False,10,Maitland Tiburon,2980453,Jamaal Williams,RB,RB,True,6.8,12.04,False
7,False,10,Maitland Tiburon,2576414,Raheem Mostert,RB,RB/WR/TE,True,18.9,12.76,False
7,False,10,Maitland Tiburon,4372485,Rondale Moore,WR,WR,True,3.6,9.1,False
7,False,10,Maitland Tiburon,4242433,Joshua Palmer,WR,BE,False,0.0,0.0,False
7,False,10,Maitland Tiburon,4428963,Cade York,K,K,True,8.0,7.5,False
7,False,10,Maitland Tiburon,2468609,Taysom Hill,TE,TE,True,9.62,7.34,False
7,False,10,Maitland Tiburon,11237,Matt Ryan,QB,QB,True,9.92,15.75,False
7,False,10,Maitland Tiburon,4241993,Pete Werner,LB,DP,True,7.0,9.46,False
7,False,10,Maitland Tiburon,-16022,Cardinals D/ST,D/ST,D/ST,True,12.0,4.91,False
8,False,5,COD Lobby Kyler,4242335,Jonathan Taylor,RB,RB,True,5.6,15.78,False
8,False,5,COD Lobby Kyler,15818,Keenan Allen,WR,BE,False,0.0,0.0,True
8,False,5,COD Lobby Kyler,4047365,Josh Jacobs,RB,RB,True,6.4,17.89,False
8,False,5,COD Lobby Kyler,3917315,Kyler Murray,QB,QB,True,24.64,18.49,False
8,False,5,COD Lobby Kyler,16460,Adam Thielen,WR,WR,True,9.7,9.37,False
8,False,5,COD Lobby Kyler,2577327,Tyler Lockett,WR,BE,False,13.8,10.25,False
8,False,5,COD Lobby Kyler,4048244,Alexander Mattison,RB,BE,False,10.0,4.84,False
8,False,5,COD Lobby Kyler,3122976,Jeff Wilson Jr.,RB,BE,False,4.5,4.11,False
8,False,5,COD Lobby Kyler,3916433,Jakobi Meyers,WR,WR,True,17.5,8.35,False
8,False,5,COD Lobby Kyler,3918639,Gerald Everett,TE,BE,False,0.0,0.0,True
8,False,5,COD Lobby Kyler,12460,Graham Gano,K,K,True,8.0,8.73,False
8,False,5,COD Lobby Kyler,15864,Geno Smith,QB,BE,False,19.08,17.46,False
8,False,5,COD Lobby Kyler,-16004,Bengals D/ST,D/ST,BE,False,4.0,5.19,False
8,False,5,COD Lobby Kyler,4242873,Eno Benjamin,RB,RB/WR/TE,True,6.5,11.83,False
8,False,5,COD Lobby Kyler,3116164,Mike Gesicki,TE,TE,True,11.3,7.55,False
8,False,5,COD Lobby Kyler,-16021,Eagles D/ST,D/ST,D/ST,True,13.0,7.96,False
8,False,5,COD Lobby Kyler,3126349,Rashaan Evans,LB,DP,True,11.0,8.17,False
8,False,2,Zeke -A Virus,3929630,Saquon Barkley,RB,RB,True,13.7,21.21,False
8,False,2,Zeke -A Virus,3051392,Ezekiel Elliott,RB,BE,False,0.0,0.0,False
8,False,2,Zeke -A Virus,3139477,Patrick Mahomes,QB,BE,False,0.0,0.0,True
8,False,2,Zeke -A Virus,3932905,Diontae Johnson,WR,WR,True,6.0,9.46,False
8,False,2,Zeke -A Virus,4243537,Gabe Davis,WR,RB/WR/TE,True,5.5,10.12,False
8,False,2,Zeke -A Virus,4040980,Irv Smith Jr.,TE,BE,False,4.8,6.4,False
8,False,2,Zeke -A Virus,4360939,Rashod Bateman,WR,WR,True,0.0,8.99,False
8,False,2,Zeke -A Virus,3916430,Nyheim Hines,RB,RB,True,11.9,6.87,False
8,False,2,Zeke -A Virus,4046692,Chase Claypool,WR,BE,False,10.54,7.76,False
8,False,2,Zeke -A Virus,-16027,Buccaneers D/ST,D/ST,D/ST,True,0.0,3.74,False
8,False,2,Zeke -A Virus,3917232,Tyler Bass,K,BE,False,11.0,7.79,False
8,False,2,Zeke -A Virus,3915189,Roquan Smith,LB,DP,True,5.0,10.14,False
8,False,2,Zeke -A Virus,4036348,Michael Gallup,WR,BE,False,6.9,7.88,False
8,False,2,Zeke -A Virus,2969939,Jameis Winston,QB,BE,False,0.0,0.0,False
8,False,2,Zeke -A Virus,16486,Brett Maher,K,K,True,7.0,8.11,False
8,False,2,Zeke -A Virus,4243331,Cade Otton,TE,TE,True,3.5,5.97,False
8,False,2,Zeke -A Virus,2576980,Marcus Mariota,QB,QB,True,22.42,14.91,False
8,False,9,TBD TBD,3116593,Dalvin Cook,RB,RB,True,22.6,15.05,False
8,False,9,TBD TBD,3045147,James Conner,RB,BE,False,0.0,0.0,False
8,False,9,TBD TBD,4038941,Justin Herbert,QB,BE,False,0.0,0.0,True
8,False,9,TBD TBD,3040151,George Kittle,TE,TE,True,11.4,9.39,False
8,False,9,TBD TBD,2976499,Amari Cooper,WR,WR,True,19.6,11.25,False
8,False,9,TBD TBD,16731,Brandin Cooks,WR,RB/WR/TE,True,9.3,9.72,False
8,False,9,TBD TBD,15683,Justin Tucker,K,K,True,8.0,8.06,False
8,False,9,TBD TBD,4036131,Noah Fant,TE,BE,False,2.9,5.75,False
8,False,9,TBD TBD,15072,Marvin Jones Jr.,WR,BE,False,0.0,6.61,False
8,False,9,TBD TBD,16760,Jimmy Garoppolo,QB,QB,True,17.7,12.94,False
8,False,9,TBD TBD,3051738,Marquez Valdes-Scantling,WR,BE,False,0.0,0.0,True
8,False,9,TBD TBD,-16007,Broncos D/ST,D/ST,D/ST,True,7.0,5.39,False
8,False,9,TBD TBD,4244732,Caleb Huntley,RB,BE,False,9.1,6.15,False
8,False,9,TBD TBD,3042519,Aaron Jones,RB,RB,True,17.7,11.68,False
8,False,9,TBD TBD,3121427,Curtis Samuel,WR,WR,True,9.4,8.8,False
8,False,9,TBD TBD,3056362,Shaquille Leonard,LB,DP,True,6.0,6.2,False
8,False,9,TBD TBD,16725,Sammy Watkins,WR,BE,False,0.8,7.18,False
8,False,3,Jim Ward's Ole Dick Necks,3068267,Austin Ekeler,RB,BE,False,0.0,0.0,True
8,False,3,Jim Ward's Ole Dick Necks,3126486,Deebo Samuel,WR,BE,False,0.0,0.0,False
8,False,3,Jim Ward's Ole Dick Necks,4240021,Cam Akers,RB,BE,False,0.0,0.0,False
8,False,3,Jim Ward's Ole Dick Necks,4241555,Elijah Mitchell,RB,IR,False,0.0,0.0,False
8,False,3,Jim Ward's Ole Dick Necks,3116165,Chris Godwin,WR,WR,True,10.5,11.38,False
8,False,3,Jim Ward's Ole Dick Necks,3059915,Kareem Hunt,RB,RB,True,9.2,7.67,False
8,False,3,Jim Ward's Ole Dick Necks,3120348,JuJu Smith-Schuster,WR,BE,False,0.0,0.0,True
8,False,3,Jim Ward's Ole Dick Necks,4361370,Chris Olave,WR,RB/WR/TE,True,7.7,11.93,False
8,False,3,Jim Ward's Ole Dick Necks,15795,DeAndre Hopkins,WR,WR,True,28.9,11.34,False
8,False,3,Jim Ward's Ole Dick Necks,3121023,Dallas Goedert,TE,BE,False,9.4,8.37,False
8,False,3,Jim Ward's Ole Dick Necks,8439,Aaron Rodgers,QB,BE,False,15.22,13.53,False
8,False,3,Jim Ward's Ole Dick Necks,2573401,Tyler Higbee,TE,TE,True,2.5,8.68,False
8,False,3,Jim Ward's Ole Dick Necks,14880,Kirk Cousins,QB,QB,True,23.48,16.04,False
8,False,3,Jim Ward's Ole Dick Necks,3121544,T.J. Edwards,LB,DP,True,12.0,9.85,False
8,False,3,Jim Ward's Ole Dick Necks,14993,Greg Zuerlein,K,K,True,4.0,7.33,False
8,False,3,Jim Ward's Ole Dick Necks,3929645,Juwan Johnson,TE,BE,False,2.4,6.58,False
8,False,3,Jim Ward's Ole Dick Necks,4373626,Tyler Allgeier,RB,RB,True,16.0,10.98,False
8,False,3,Jim Ward's Ole Dick Necks,-16010,Titans D/ST,D/ST,D/ST,True,11.0,6.15,False
8,False,1,T's Diddy ,4362628,Ja'Marr Chase,WR,BE,False,0.0,0.0,False
8,False,1,T's Diddy ,2976212,Stefon Diggs,WR,WR,True,19.8,15.32,False
8,False,1,T's Diddy ,4360248,Kyle Pitts,TE,TE,True,16.5,7.32,False
8,False,1,T's Diddy ,4239996,Travis Etienne Jr.,RB,RB/WR/TE,True,23.7,13.71,False
8,False,1,T's Diddy ,4241985,J.K. Dobbins,RB,IR,False,0.0,0.0,False
8,False,1,T's Diddy ,2976316,Michael Thomas,WR,BE,False,0.0,0.0,False
8,False,1,T's Diddy ,4569173,Rhamondre Stevenson,RB,RB,True,17.8,13.04,False
8,False,1,T's Diddy ,4040655,Darnell Mooney,WR,WR,True,9.5,8.93,False
8,False,1,T's Diddy ,14881,Russell Wilson,QB,BE,False,13.78,14.73,False
8,False,1,T's Diddy ,4360238,Dameon Pierce,RB,RB,True,12.6,15.77,False
8,False,1,T's Diddy ,4043130,Jordyn Brooks,LB,DP,True,5.0,10.74,False
8,False,1,T's Diddy ,3051909,Daniel Carlson,K,K,True,0.0,7.77,False
8,False,1,T's Diddy ,4697815,Rachaad White,RB,BE,False,6.8,6.13,False
8,False,1,T's Diddy ,4360310,Trevor Lawrence,QB,BE,False,6.82,13.87,False
8,False,1,T's Diddy ,2979843,Kenyan Drake,RB,BE,False,14.7,2.93,False
8,False,1,T's Diddy ,3917792,Daniel Jones,QB,QB,True,9.04,18.49,False
8,False,1,T's Diddy ,-16001,Falcons D/ST,D/ST,D/ST,True,3.0,7.42,False
8,False,1,T's Diddy ,3930066,Van Jefferson,WR,BE,False,0.0,5.73,False
8,False,8,SCLSU Mud Dogs,3043078,Derrick Henry,RB,RB/WR/TE,True,35.3,18.47,False
8,False,8,SCLSU Mud Dogs,4241389,CeeDee Lamb,WR,WR,True,16.3,12.74,False
8,False,8,SCLSU Mud Dogs,3116365,Mark Andrews,TE,TE,True,4.8,13.1,False
8,False,8,SCLSU Mud Dogs,3045138,Mike Williams,WR,BE,False,0.0,0.0,True
8,False,8,SCLSU Mud Dogs,4047650,DK Metcalf,WR,BE,False,14.5,10.46,False
8,False,8,SCLSU Mud Dogs,2330,Tom Brady,QB,QB,True,17.1,17.82,False
8,False,8,SCLSU Mud Dogs,3916148,Tony Pollard,RB,RB,True,33.2,15.46,False
8,False,8,SCLSU Mud Dogs,2576434,Melvin Gordon III,RB,BE,False,12.7,8.86,False
8,False,8,SCLSU Mud Dogs,3050073,Foyesade Oluokun,LB,DP,True,9.0,10.3,False
8,False,8,SCLSU Mud Dogs,4426354,George Pickens,WR,WR,True,0.0,8.38,False
8,False,8,SCLSU Mud Dogs,16757,Derek Carr,QB,BE,False,1.94,16.71,False
8,False,8,SCLSU Mud Dogs,-16006,Cowboys D/ST,D/ST,D/ST,True,10.0,8.36,False
8,False,8,SCLSU Mud Dogs,3123076,David Njoku,TE,BE,False,0.0,0.0,False
8,False,8,SCLSU Mud Dogs,10621,Nick Folk,K,K,True,21.0,7.09,False
8,False,8,SCLSU Mud Dogs,3051926,Gus Edwards,RB,RB,True,6.5,8.02,False
8,False,8,SCLSU Mud Dogs,4052042,James Robinson,RB,BE,False,1.7,4.89,False
8,False,8,SCLSU Mud Dogs,4426502,Drake London,WR,BE,False,5.1,7.76,False
8,False,13,Christopher's Kryptonite ,2977187,Cooper Kupp,WR,WR,True,18.9,16.03,False
8,False,13,Christopher's Kryptonite ,3918298,Josh Allen,QB,QB,True,17.62,23.79,False
8,False,13,Christopher's Kryptonite ,3128429,Courtland Sutton,WR,BE,False,2.8,10.86,False
8,False,13,Christopher's Kryptonite ,3121422,Terry McLaurin,WR,BE,False,13.6,10.01,False
8,False,13,Christopher's Kryptonite ,4242214,Clyde Edwards-Helaire,RB,BE,False,0.0,0.0,True
8,False,13,Christopher's Kryptonite ,4045163,Miles Sanders,RB,RB,True,13.8,13.2,False
8,False,13,Christopher's Kryptonite ,15880,Robert Woods,WR,BE,False,1.6,6.72,False
8,False,13,Christopher's Kryptonite ,3040180,De'Vondre Campbell,LB,DP,True,3.0,9.37,False
8,False,13,Christopher's Kryptonite ,4567048,Kenneth Walker III,RB,RB,True,11.7,13.03,False
8,False,13,Christopher's Kryptonite ,-16017,Patriots D/ST,D/ST,D/ST,True,8.0,6.73,False
8,False,13,Christopher's Kryptonite ,3125116,D'Onta Foreman,RB,RB/WR/TE,True,31.8,10.87,False
8,False,13,Christopher's Kryptonite ,4361529,Isiah Pacheco,RB,BE,False,0.0,0.0,True
8,False,13,Christopher's Kryptonite ,4036133,T.J. Hockenson,TE,TE,True,9.5,9.2,False
8,False,13,Christopher's Kryptonite ,4569587,Wan'Dale Robinson,WR,BE,False,2.5,7.66,False
8,False,13,Christopher's Kryptonite ,16800,Davante Adams,WR,WR,True,0.7,15.66,False
8,False,13,Christopher's Kryptonite ,3049899,Younghoe Koo,K,K,True,14.0,7.86,False
8,False,13,Christopher's Kryptonite ,4240600,Kadarius Toney,WR,BE,False,0.0,0.0,False
8,False,4,BUT kicKERs,3117251,Christian McCaffrey,RB,RB,True,36.26,16.38,False
8,False,4,BUT kicKERs,3116406,Tyreek Hill,WR,WR,True,25.5,17.63,False
8,False,4,BUT kicKERs,3115364,Leonard Fournette,RB,RB,True,13.3,12.34,False
8,False,4,BUT kicKERs,4241463,Jerry Jeudy,WR,BE,False,15.3,9.56,False
8,False,4,BUT kicKERs,2576925,Darren Waller,TE,TE,True,0.0,0.0,False
8,False,4,BUT kicKERs,4241478,DeVonta Smith,WR,WR,True,4.8,10.23,False
8,False,4,BUT kicKERs,2577417,Dak Prescott,QB,BE,False,25.4,15.33,False
8,False,4,BUT kicKERs,3895856,Christian Kirk,WR,RB/WR/TE,True,6.5,9.67,False
8,False,4,BUT kicKERs,4569618,Garrett Wilson,WR,BE,False,14.5,8.47,False
8,False,4,BUT kicKERs,3138826,Fred Warner,LB,DP,True,13.0,8.34,False
8,False,4,BUT kicKERs,4241479,Tua Tagovailoa,QB,QB,True,29.18,20.21,False
8,False,4,BUT kicKERs,4360078,Alec Pierce,WR,BE,False,8.0,5.86,False
8,False,4,BUT kicKERs,4361432,Romeo Doubs,WR,BE,False,14.2,8.23,False
8,False,4,BUT kicKERs,3051876,Evan Engram,TE,BE,False,13.5,5.88,False
8,False,4,BUT kicKERs,3055899,Harrison Butker,K,BE,False,0.0,0.0,True
8,False,4,BUT kicKERs,2473037,Jason Myers,K,K,True,11.0,7.96,False
8,False,4,BUT kicKERs,-16030,Jaguars D/ST,D/ST,D/ST,True,5.0,5.83,False
8,False,10,Maitland Tiburon,4262921,Justin Jefferson,WR,WR,True,12.8,15.08,False
8,False,10,Maitland Tiburon,4035538,David Montgomery,RB,BE,False,7.0,10.1,False
8,False,10,Maitland Tiburon,4241372,Marquise Brown,WR,BE,False,0.0,0.0,False
8,False,10,Maitland Tiburon,4040715,Jalen Hurts,QB,QB,True,28.4,24.04,False
8,False,10,Maitland Tiburon,4374302,Amon-Ra St. Brown,WR,BE,False,10.4,13.58,False
8,False,10,Maitland Tiburon,4040761,Devin Singletary,RB,RB,True,9.8,13.24,False
8,False,10,Maitland Tiburon,4361411,Pat Freiermuth,TE,BE,False,7.7,8.6,False
8,False,10,Maitland Tiburon,-16025,49ers D/ST,D/ST,BE,False,5.0,6.72,False
8,False,10,Maitland Tiburon,4426388,Jameson Williams,WR,IR,False,0.0,0.0,False
8,False,10,Maitland Tiburon,2980453,Jamaal Williams,RB,RB,True,21.1,9.61,False
8,False,10,Maitland Tiburon,2576414,Raheem Mostert,RB,RB/WR/TE,True,7.2,13.65,False
8,False,10,Maitland Tiburon,4372485,Rondale Moore,WR,WR,True,19.9,7.99,False
8,False,10,Maitland Tiburon,4242433,Joshua Palmer,WR,BE,False,0.0,0.0,True
8,False,10,Maitland Tiburon,4428963,Cade York,K,K,True,7.0,7.51,False
8,False,10,Maitland Tiburon,2468609,Taysom Hill,TE,TE,True,7.78,6.94,False
8,False,10,Maitland Tiburon,4241993,Pete Werner,LB,DP,True,11.0,8.31,False
8,False,10,Maitland Tiburon,-16002,Bills D/ST,D/ST,D/ST,True,4.0,6.25,False
8,False,12,Rule  #76,4241457,Najee Harris,RB,RB,True,8.96,10.71,False
8,False,12,Rule  #76,3054850,Alvin Kamara,RB,RB,True,38.3,16.46,False
8,False,12,Rule  #76,4035687,Michael Pittman Jr.,WR,WR,True,8.8,9.65,False
8,False,12,Rule  #76,4372016,Jaylen Waddle,WR,WR,True,26.6,13.07,False
8,False,12,Rule  #76,3916387,Lamar Jackson,QB,QB,True,21.82,21.27,False
8,False,12,Rule  #76,16799,Allen Robinson II,WR,BE,False,7.9,7.36,False
8,False,12,Rule  #76,3119195,Chase Edmonds,RB,BE,False,1.4,7.37,False
8,False,12,Rule  #76,3128390,Allen Lazard,WR,BE,False,0.0,0.0,False
8,False,12,Rule  #76,15835,Zach Ertz,TE,TE,True,11.4,9.37,False
8,False,12,Rule  #76,4240657,Michael Carter,RB,RB/WR/TE,True,8.1,12.11,False
8,False,12,Rule  #76,4361423,Micah Parsons,LB,BE,False,12.0,7.98,False
8,False,12,Rule  #76,-16020,Jets D/ST,D/ST,D/ST,True,10.0,6.28,False
8,False,12,Rule  #76,15920,Latavius Murray,RB,BE,False,12.4,8.08,False
8,False,12,Rule  #76,4241416,Chuba Hubbard,RB,IR,False,0.0,0.0,False
8,False,12,Rule  #76,3924365,Hayden Hurst,TE,BE,False,6.2,7.54,False
8,False,12,Rule  #76,4241474,Brian Robinson Jr.,RB,BE,False,2.0,8.78,False
8,False,12,Rule  #76,3050478,Jake Elliott,K,K,True,5.0,7.65,False
8,False,12,Rule  #76,2510863,Eric Kendricks,LB,DP,True,7.0,9.67,False
8,False,6,SWIFT Kick In The Balls ,4259545,D'Andre Swift,RB,RB,True,11.8,11.3,False
8,False,6,SWIFT Kick In The Balls ,15847,Travis Kelce,TE,BE,False,0.0,0.0,True
8,False,6,SWIFT Kick In The Balls ,4239993,Tee Higgins,WR,RB/WR/TE,True,12.4,14.38,False
8,False,6,SWIFT Kick In The Balls ,3915416,DJ Moore,WR,WR,True,24.5,11.55,False
8,False,6,SWIFT Kick In The Balls ,3915511,Joe Burrow,QB,QB,True,13.48,21.63,False
8,False,6,SWIFT Kick In The Balls ,4360294,Antonio Gibson,RB,RB,True,17.2,7.23,False
8,False,6,SWIFT Kick In The Balls ,15807,Cordarrelle Patterson,RB,IR,False,0.0,0.0,False
8,False,6,SWIFT Kick In The Balls ,3045144,Tyler Boyd,WR,WR,True,11.3,9.58,False
8,False,6,SWIFT Kick In The Balls ,4360234,Evan McPherson,K,K,True,0.0,7.55,False
8,False,6,SWIFT Kick In The Balls ,-16009,Packers D/ST,D/ST,D/ST,True,5.0,2.05,False
8,False,6,SWIFT Kick In The Balls ,3128724,Isaiah McKenzie,WR,BE,False,7.5,6.86,False
8,False,6,SWIFT Kick In The Balls ,2975674,Robert Tonyan,TE,BE,False,6.0,6.56,False
8,False,6,SWIFT Kick In The Balls ,16720,C.J. Mosley,LB,DP,True,13.0,9.57,False
8,False,6,SWIFT Kick In The Balls ,15971,Rex Burkhead,RB,BE,False,0.7,6.12,False
8,False,6,SWIFT Kick In The Balls ,3115306,Josh Reynolds,WR,BE,False,2.4,7.58,False
8,False,6,SWIFT Kick In The Balls ,4240455,Deon Jackson,RB,BE,False,-0.4,0.43,False
8,False,6,SWIFT Kick In The Balls ,4367209,Greg Dulcich,TE,TE,True,10.7,6.65,False
8,False,6,SWIFT Kick In The Balls ,3121410,Parris Campbell,WR,BE,False,8.1,7.75,False
8,False,11,Dez (Bryant) Nuts,3116385,Joe Mixon,RB,RB,True,9.4,16.53,False
8,False,11,Dez (Bryant) Nuts,3128720,Nick Chubb,RB,RB,True,24.9,15.38,False
8,False,11,Dez (Bryant) Nuts,16737,Mike Evans,WR,WR,True,15.3,12.65,False
8,False,11,Dez (Bryant) Nuts,4047646,A.J. Brown,WR,WR,True,36.6,13.39,False
8,False,11,Dez (Bryant) Nuts,4239934,AJ Dillon,RB,BE,False,6.8,5.55,False
8,False,11,Dez (Bryant) Nuts,3117256,Dalton Schultz,TE,TE,True,10.4,6.44,False
8,False,11,Dez (Bryant) Nuts,4372414,Elijah Moore,WR,BE,False,0.0,6.98,False
8,False,11,Dez (Bryant) Nuts,3925347,Damien Harris,RB,BE,False,6.2,7.68,False
8,False,11,Dez (Bryant) Nuts,4360438,Brandon Aiyuk,WR,BE,False,17.1,10.28,False
8,False,11,Dez (Bryant) Nuts,12483,Matthew Stafford,QB,BE,False,17.38,14.41,False
8,False,11,Dez (Bryant) Nuts,4039359,Darrell Henderson Jr.,RB,RB/WR/TE,True,4.0,10.6,False
8,False,11,Dez (Bryant) Nuts,4035434,Devin White,LB,DP,True,10.0,8.66,False
8,False,11,Dez (Bryant) Nuts,-16011,Colts D/ST,D/ST,D/ST,True,4.0,5.26,False
8,False,11,Dez (Bryant) Nuts,12731,Ryan Succop,K,K,True,10.0,8.06,False
8,False,11,Dez (Bryant) Nuts,3046779,Jared Goff,QB,QB,True,18.14,15.28,False
8,False,11,Dez (Bryant) Nuts,4258595,Cole Kmet,TE,BE,False,8.1,4.45,False
8,False,11,Dez (Bryant) Nuts,4361409,Jahan Dotson,WR,BE,False,0.0,0.0,False
9,False,2,Zeke -A Virus,3929630,Saquon Barkley,RB,BE,False,0.0,0.0,True
9,False,2,Zeke -A Virus,3051392,Ezekiel Elliott,RB,BE,False,0.0,0.0,True
9,False,2,Zeke -A Virus,3139477,Patrick Mahomes,QB,QB,True,34.14,22.24,False
9,False,2,Zeke -A Virus,3932905,Diontae Johnson,WR,BE,False,0.0,0.0,True
9,False,2,Zeke -A Virus,4243537,Gabe Davis,WR,RB/WR/TE,True,5.3,10.96,False
9,False,2,Zeke -A Virus,4360939,Rashod Bateman,WR,BE,False,0.0,0.0,False
9,False,2,Zeke -A Virus,3916430,Nyheim Hines,RB,RB,True,0.0,5.97,False
9,False,2,Zeke -A Virus,4046692,Chase Claypool,WR,WR,True,2.7,6.76,False
9,False,2,Zeke -A Virus,-16027,Buccaneers D/ST,D/ST,D/ST,True,9.0,6.03,False
9,False,2,Zeke -A Virus,3917232,Tyler Bass,K,K,True,6.0,7.61,False
9,False,2,Zeke -A Virus,3915189,Roquan Smith,LB,DP,True,5.0,9.36,False
9,False,2,Zeke -A Virus,4036348,Michael Gallup,WR,BE,False,0.0,0.0,True
9,False,2,Zeke -A Virus,2969939,Jameis Winston,QB,BE,False,0.0,0.0,False
9,False,2,Zeke -A Virus,4243331,Cade Otton,TE,TE,True,15.3,5.45,False
9,False,2,Zeke -A Virus,2576980,Marcus Mariota,QB,BE,False,7.56,17.1,False
9,False,2,Zeke -A Virus,4039050,Devin Duvernay,WR,WR,True,1.0,8.49,False
9,False,2,Zeke -A Virus,4243003,Ronnie Rivers,RB,RB,True,0.0,5.41,False
9,False,9,TBD TBD,3116593,Dalvin Cook,RB,RB,True,12.6,15.77,False
9,False,9,TBD TBD,3045147,James Conner,RB,BE,False,8.9,9.92,False
9,False,9,TBD TBD,4038941,Justin Herbert,QB,QB,True,12.1,21.06,False
9,False,9,TBD TBD,3040151,George Kittle,TE,BE,False,0.0,0.0,True
9,False,9,TBD TBD,2976499,Amari Cooper,WR,BE,False,0.0,0.0,True
9,False,9,TBD TBD,16731,Brandin Cooks,WR,RB/WR/TE,True,0.0,0.0,False
9,False,9,TBD TBD,15683,Justin Tucker,K,K,True,10.0,7.89,False
9,False,9,TBD TBD,15072,Marvin Jones Jr.,WR,BE,False,7.3,6.66,False
9,False,9,TBD TBD,16760,Jimmy Garoppolo,QB,BE,False,0.0,0.0,True
9,False,9,TBD TBD,3051738,Marquez Valdes-Scantling,WR,WR,True,1.7,7.78,False
9,False,9,TBD TBD,4244732,Caleb Huntley,RB,BE,False,3.4,4.9,False
9,False,9,TBD TBD,3042519,Aaron Jones,RB,RB,True,5.5,16.48,False
9,False,9,TBD TBD,3121427,Curtis Samuel,WR,WR,True,15.6,9.31,False
9,False,9,TBD TBD,3056362,Shaquille Leonard,LB,DP,True,5.0,7.89,False
9,False,9,TBD TBD,16725,Sammy Watkins,WR,BE,False,2.4,4.92,False
9,False,9,TBD TBD,3930086,Dawson Knox,TE,TE,True,4.0,6.46,False
9,False,9,TBD TBD,-16016,Vikings D/ST,D/ST,D/ST,True,8.0,5.51,False
9,False,3,Jim Ward's Ole Dick Necks,3068267,Austin Ekeler,RB,RB,True,20.6,18.37,False
9,False,3,Jim Ward's Ole Dick Necks,3126486,Deebo Samuel,WR,BE,False,0.0,0.0,True
9,False,3,Jim Ward's Ole Dick Necks,4240021,Cam Akers,RB,BE,False,0.3,4.09,False
9,False,3,Jim Ward's Ole Dick Necks,4241555,Elijah Mitchell,RB,IR,False,0.0,0.0,True
9,False,3,Jim Ward's Ole Dick Necks,3116165,Chris Godwin,WR,WR,True,7.2,11.05,False
9,False,3,Jim Ward's Ole Dick Necks,3059915,Kareem Hunt,RB,BE,False,0.0,0.0,True
9,False,3,Jim Ward's Ole Dick Necks,3120348,JuJu Smith-Schuster,WR,BE,False,13.8,10.61,False
9,False,3,Jim Ward's Ole Dick Necks,4361370,Chris Olave,WR,RB/WR/TE,True,10.1,11.21,False
9,False,3,Jim Ward's Ole Dick Necks,15795,DeAndre Hopkins,WR,WR,True,11.6,13.18,False
9,False,3,Jim Ward's Ole Dick Necks,3121023,Dallas Goedert,TE,TE,True,20.0,8.6,False
9,False,3,Jim Ward's Ole Dick Necks,8439,Aaron Rodgers,QB,BE,False,13.64,18.54,False
9,False,3,Jim Ward's Ole Dick Necks,2573401,Tyler Higbee,TE,BE,False,0.0,8.34,False
9,False,3,Jim Ward's Ole Dick Necks,14880,Kirk Cousins,QB,QB,True,16.4,16.44,False
9,False,3,Jim Ward's Ole Dick Necks,3121544,T.J. Edwards,LB,DP,True,7.0,9.53,False
9,False,3,Jim Ward's Ole Dick Necks,14993,Greg Zuerlein,K,K,True,10.0,7.15,False
9,False,3,Jim Ward's Ole Dick Necks,3929645,Juwan Johnson,TE,BE,False,11.2,5.54,False
9,False,3,Jim Ward's Ole Dick Necks,4373626,Tyler Allgeier,RB,RB,True,13.8,7.64,False
9,False,3,Jim Ward's Ole Dick Necks,-16015,Dolphins D/ST,D/ST,D/ST,True,8.0,5.98,False
9,False,1,T's Diddy ,4362628,Ja'Marr Chase,WR,BE,False,0.0,0.0,False
9,False,1,T's Diddy ,2976212,Stefon Diggs,WR,WR,True,11.8,16.44,False
9,False,1,T's Diddy ,4360248,Kyle Pitts,TE,TE,True,3.7,8.78,False
9,False,1,T's Diddy ,4239996,Travis Etienne Jr.,RB,RB/WR/TE,True,25.6,16.44,False
9,False,1,T's Diddy ,4241985,J.K. Dobbins,RB,IR,False,0.0,0.0,False
9,False,1,T's Diddy ,4569173,Rhamondre Stevenson,RB,RB,True,14.5,16.38,False
9,False,1,T's Diddy ,4040655,Darnell Mooney,WR,WR,True,14.0,8.11,False
9,False,1,T's Diddy ,14881,Russell Wilson,QB,BE,False,0.0,0.0,True
9,False,1,T's Diddy ,4360238,Dameon Pierce,RB,RB,True,13.9,15.08,False
9,False,1,T's Diddy ,4043130,Jordyn Brooks,LB,DP,True,12.0,10.92,False
9,False,1,T's Diddy ,3051909,Daniel Carlson,K,K,True,8.0,8.89,False
9,False,1,T's Diddy ,4697815,Rachaad White,RB,BE,False,4.9,5.74,False
9,False,1,T's Diddy ,4360310,Trevor Lawrence,QB,QB,True,16.7,17.28,False
9,False,1,T's Diddy ,2979843,Kenyan Drake,RB,BE,False,23.9,8.85,False
9,False,1,T's Diddy ,3917792,Daniel Jones,QB,BE,False,0.0,0.0,True
9,False,1,T's Diddy ,3930066,Van Jefferson,WR,BE,False,0.0,6.13,False
9,False,1,T's Diddy ,-16004,Bengals D/ST,D/ST,D/ST,True,8.0,6.85,False
9,False,1,T's Diddy ,15880,Robert Woods,WR,BE,False,0.0,8.62,False
9,False,8,SCLSU Mud Dogs,3043078,Derrick Henry,RB,RB,True,23.5,18.66,False
9,False,8,SCLSU Mud Dogs,4241389,CeeDee Lamb,WR,BE,False,0.0,0.0,True
9,False,8,SCLSU Mud Dogs,3116365,Mark Andrews,TE,BE,False,0.0,0.0,False
9,False,8,SCLSU Mud Dogs,3045138,Mike Williams,WR,BE,False,0.0,0.0,False
9,False,8,SCLSU Mud Dogs,4047650,DK Metcalf,WR,RB/WR/TE,True,12.2,12.64,False
9,False,8,SCLSU Mud Dogs,2330,Tom Brady,QB,BE,False,15.2,15.85,False
9,False,8,SCLSU Mud Dogs,3916148,Tony Pollard,RB,BE,False,0.0,0.0,True
9,False,8,SCLSU Mud Dogs,2576434,Melvin Gordon III,RB,BE,False,0.0,0.0,True
9,False,8,SCLSU Mud Dogs,3050073,Foyesade Oluokun,LB,DP,True,9.0,9.72,False
9,False,8,SCLSU Mud Dogs,-16006,Cowboys D/ST,D/ST,BE,False,0.0,0.0,True
9,False,8,SCLSU Mud Dogs,10621,Nick Folk,K,K,True,17.0,7.81,False
9,False,8,SCLSU Mud Dogs,4052042,James Robinson,RB,RB,True,12.3,6.82,False
9,False,8,SCLSU Mud Dogs,4426502,Drake London,WR,WR,True,2.8,7.85,False
9,False,8,SCLSU Mud Dogs,4362887,Justin Fields,QB,QB,True,42.72,16.32,False
9,False,8,SCLSU Mud Dogs,-16012,Chiefs D/ST,D/ST,D/ST,True,6.0,5.81,False
9,False,8,SCLSU Mud Dogs,3059722,Zay Jones,WR,WR,True,6.5,8.93,False
9,False,8,SCLSU Mud Dogs,4036131,Noah Fant,TE,TE,True,12.1,5.41,False
9,False,13,Christopher's Kryptonite ,2977187,Cooper Kupp,WR,WR,True,22.8,16.64,False
9,False,13,Christopher's Kryptonite ,3918298,Josh Allen,QB,QB,True,24.8,23.01,False
9,False,13,Christopher's Kryptonite ,3128429,Courtland Sutton,WR,BE,False,0.0,0.0,True
9,False,13,Christopher's Kryptonite ,3121422,Terry McLaurin,WR,BE,False,8.1,11.71,False
9,False,13,Christopher's Kryptonite ,4242214,Clyde Edwards-Helaire,RB,BE,False,2.4,7.7,False
9,False,13,Christopher's Kryptonite ,4045163,Miles Sanders,RB,RB,True,15.3,12.8,False
9,False,13,Christopher's Kryptonite ,3040180,De'Vondre Campbell,LB,BE,False,0.0,0.0,False
9,False,13,Christopher's Kryptonite ,4567048,Kenneth Walker III,RB,RB,True,26.4,13.97,False
9,False,13,Christopher's Kryptonite ,-16017,Patriots D/ST,D/ST,D/ST,True,26.0,6.36,False
9,False,13,Christopher's Kryptonite ,3125116,D'Onta Foreman,RB,RB/WR/TE,True,3.1,12.04,False
9,False,13,Christopher's Kryptonite ,4361529,Isiah Pacheco,RB,BE,False,1.4,6.59,False
9,False,13,Christopher's Kryptonite ,4036133,T.J. Hockenson,TE,TE,True,11.5,8.29,False
9,False,13,Christopher's Kryptonite ,16800,Davante Adams,WR,WR,True,31.6,14.06,False
9,False,13,Christopher's Kryptonite ,3049899,Younghoe Koo,K,K,True,4.0,8.48,False
9,False,13,Christopher's Kryptonite ,4240600,Kadarius Toney,WR,BE,False,2.2,3.34,False
9,False,13,Christopher's Kryptonite ,4035886,Khalil Herbert,RB,BE,False,2.3,8.17,False
9,False,13,Christopher's Kryptonite ,16733,Odell Beckham Jr.,WR,BE,False,0.0,0.0,True
9,False,4,BUT kicKERs,3117251,Christian McCaffrey,RB,BE,False,0.0,0.0,True
9,False,4,BUT kicKERs,3116406,Tyreek Hill,WR,WR,True,23.8,18.98,False
9,False,4,BUT kicKERs,3115364,Leonard Fournette,RB,RB,True,8.5,11.41,False
9,False,4,BUT kicKERs,4241463,Jerry Jeudy,WR,BE,False,0.0,0.0,True
9,False,4,BUT kicKERs,2576925,Darren Waller,TE,BE,False,0.0,0.0,False
9,False,4,BUT kicKERs,4241478,DeVonta Smith,WR,WR,True,3.2,10.47,False
9,False,4,BUT kicKERs,2577417,Dak Prescott,QB,BE,False,0.0,0.0,True
9,False,4,BUT kicKERs,3895856,Christian Kirk,WR,RB/WR/TE,True,17.6,11.04,False
9,False,4,BUT kicKERs,4569618,Garrett Wilson,WR,BE,False,13.9,8.43,False
9,False,4,BUT kicKERs,4241479,Tua Tagovailoa,QB,QB,True,24.08,19.49,False
9,False,4,BUT kicKERs,4360078,Alec Pierce,WR,BE,False,2.8,6.48,False
9,False,4,BUT kicKERs,4361432,Romeo Doubs,WR,BE,False,2.3,8.82,False
9,False,4,BUT kicKERs,3051876,Evan Engram,TE,TE,True,1.3,7.79,False
9,False,4,BUT kicKERs,3055899,Harrison Butker,K,K,True,5.0,8.29,False
9,False,4,BUT kicKERs,-16030,Jaguars D/ST,D/ST,D/ST,True,4.0,4.74,False
9,False,4,BUT kicKERs,4037626,Divine Deablo,LB,DP,True,1.0,9.62,False
9,False,4,BUT kicKERs,3128721,Sony Michel,RB,RB,True,1.2,5.91,False
9,False,10,Maitland Tiburon,4262921,Justin Jefferson,WR,WR,True,22.0,14.7,False
9,False,10,Maitland Tiburon,4035538,David Montgomery,RB,BE,False,4.9,10.8,False
9,False,10,Maitland Tiburon,4241372,Marquise Brown,WR,BE,False,0.0,0.0,False
9,False,10,Maitland Tiburon,4040715,Jalen Hurts,QB,QB,True,20.02,24.16,False
9,False,10,Maitland Tiburon,4374302,Amon-Ra St. Brown,WR,WR,True,7.5,12.6,False
9,False,10,Maitland Tiburon,4040761,Devin Singletary,RB,RB,True,6.8,10.35,False
9,False,10,Maitland Tiburon,4361411,Pat Freiermuth,TE,BE,False,0.0,0.0,True
9,False,10,Maitland Tiburon,-16025,49ers D/ST,D/ST,BE,False,0.0,0.0,True
9,False,10,Maitland Tiburon,4426388,Jameson Williams,WR,IR,False,0.0,0.0,False
9,False,10,Maitland Tiburon,2980453,Jamaal Williams,RB,RB,True,10.1,10.78,False
9,False,10,Maitland Tiburon,2576414,Raheem Mostert,RB,RB/WR/TE,True,8.6,11.72,False
9,False,10,Maitland Tiburon,4372485,Rondale Moore,WR,BE,False,10.9,9.55,False
9,False,10,Maitland Tiburon,4242433,Joshua Palmer,WR,BE,False,14.6,10.85,False
9,False,10,Maitland Tiburon,4428963,Cade York,K,BE,False,0.0,0.0,True
9,False,10,Maitland Tiburon,2468609,Taysom Hill,TE,TE,True,1.12,8.03,False
9,False,10,Maitland Tiburon,4241993,Pete Werner,LB,DP,True,3.0,8.49,False
9,False,10,Maitland Tiburon,-16002,Bills D/ST,D/ST,D/ST,True,4.0,6.83,False
9,False,10,Maitland Tiburon,2985659,Wil Lutz,K,K,True,7.0,7.32,False
9,False,12,Rule  #76,4241457,Najee Harris,RB,BE,False,0.0,0.0,True
9,False,12,Rule  #76,3054850,Alvin Kamara,RB,RB,True,7.7,17.76,False
9,False,12,Rule  #76,4035687,Michael Pittman Jr.,WR,WR,True,3.7,10.43,False
9,False,12,Rule  #76,4372016,Jaylen Waddle,WR,WR,True,17.0,12.63,False
9,False,12,Rule  #76,3916387,Lamar Jackson,QB,QB,True,17.52,20.73,False
9,False,12,Rule  #76,16799,Allen Robinson II,WR,BE,False,3.9,8.18,False
9,False,12,Rule  #76,3119195,Chase Edmonds,RB,BE,False,0.0,0.0,False
9,False,12,Rule  #76,3128390,Allen Lazard,WR,RB/WR/TE,True,16.7,11.25,False
9,False,12,Rule  #76,15835,Zach Ertz,TE,TE,True,12.5,8.68,False
9,False,12,Rule  #76,4240657,Michael Carter,RB,RB,True,15.1,10.73,False
9,False,12,Rule  #76,4361423,Micah Parsons,LB,BE,False,0.0,0.0,True
9,False,12,Rule  #76,15920,Latavius Murray,RB,BE,False,0.0,0.0,True
9,False,12,Rule  #76,4241416,Chuba Hubbard,RB,IR,False,0.0,0.0,False
9,False,12,Rule  #76,3924365,Hayden Hurst,TE,BE,False,6.0,7.44,False
9,False,12,Rule  #76,4241474,Brian Robinson Jr.,RB,BE,False,4.8,8.5,False
9,False,12,Rule  #76,3050478,Jake Elliott,K,K,True,2.0,6.6,False
9,False,12,Rule  #76,2510863,Eric Kendricks,LB,DP,True,9.0,9.19,False
9,False,12,Rule  #76,-16033,Ravens D/ST,D/ST,D/ST,True,11.0,4.11,False
9,False,6,SWIFT Kick In The Balls ,4259545,D'Andre Swift,RB,RB,True,6.5,11.1,False
9,False,6,SWIFT Kick In The Balls ,15847,Travis Kelce,TE,TE,True,16.6,14.19,False
9,False,6,SWIFT Kick In The Balls ,4239993,Tee Higgins,WR,RB/WR/TE,True,9.5,12.96,False
9,False,6,SWIFT Kick In The Balls ,3915416,DJ Moore,WR,WR,True,3.4,11.25,False
9,False,6,SWIFT Kick In The Balls ,3915511,Joe Burrow,QB,QB,True,19.14,19.68,False
9,False,6,SWIFT Kick In The Balls ,4360294,Antonio Gibson,RB,RB,True,5.7,9.59,False
9,False,6,SWIFT Kick In The Balls ,15807,Cordarrelle Patterson,RB,IR,False,17.8,9.53,False
9,False,6,SWIFT Kick In The Balls ,3045144,Tyler Boyd,WR,WR,True,6.9,9.51,False
9,False,6,SWIFT Kick In The Balls ,4360234,Evan McPherson,K,K,True,5.0,7.97,False
9,False,6,SWIFT Kick In The Balls ,-16009,Packers D/ST,D/ST,D/ST,True,5.0,4.52,False
9,False,6,SWIFT Kick In The Balls ,3128724,Isaiah McKenzie,WR,BE,False,3.1,5.42,False
9,False,6,SWIFT Kick In The Balls ,2975674,Robert Tonyan,TE,BE,False,4.4,7.12,False
9,False,6,SWIFT Kick In The Balls ,16720,C.J. Mosley,LB,DP,True,8.0,10.3,False
9,False,6,SWIFT Kick In The Balls ,3115306,Josh Reynolds,WR,BE,False,0.0,0.0,False
9,False,6,SWIFT Kick In The Balls ,4240455,Deon Jackson,RB,BE,False,4.6,12.73,False
9,False,6,SWIFT Kick In The Balls ,4367209,Greg Dulcich,TE,BE,False,0.0,0.0,True
9,False,6,SWIFT Kick In The Balls ,3121410,Parris Campbell,WR,BE,False,2.6,7.35,False
9,False,11,Dez (Bryant) Nuts,3116385,Joe Mixon,RB,RB,True,53.1,16.2,False
9,False,11,Dez (Bryant) Nuts,3128720,Nick Chubb,RB,BE,False,0.0,0.0,True
9,False,11,Dez (Bryant) Nuts,16737,Mike Evans,WR,WR,True,6.5,11.35,False
9,False,11,Dez (Bryant) Nuts,4047646,A.J. Brown,WR,WR,True,13.9,14.84,False
9,False,11,Dez (Bryant) Nuts,4239934,AJ Dillon,RB,RB/WR/TE,True,5.4,7.3,False
9,False,11,Dez (Bryant) Nuts,3117256,Dalton Schultz,TE,BE,False,0.0,0.0,True
9,False,11,Dez (Bryant) Nuts,3925347,Damien Harris,RB,RB,True,0.0,0.0,False
9,False,11,Dez (Bryant) Nuts,4360438,Brandon Aiyuk,WR,BE,False,0.0,0.0,True
9,False,11,Dez (Bryant) Nuts,12483,Matthew Stafford,QB,BE,False,10.5,13.99,False
9,False,11,Dez (Bryant) Nuts,4039359,Darrell Henderson Jr.,RB,BE,False,5.6,6.39,False
9,False,11,Dez (Bryant) Nuts,4035434,Devin White,LB,DP,True,4.0,9.1,False
9,False,11,Dez (Bryant) Nuts,12731,Ryan Succop,K,K,True,11.0,8.01,False
9,False,11,Dez (Bryant) Nuts,3046779,Jared Goff,QB,QB,True,11.38,14.59,False
9,False,11,Dez (Bryant) Nuts,4361409,Jahan Dotson,WR,IR,False,0.0,0.0,False
9,False,11,Dez (Bryant) Nuts,3915486,Tyler Conklin,TE,TE,True,1.2,7.06,False
9,False,11,Dez (Bryant) Nuts,-16007,Broncos D/ST,D/ST,BE,False,0.0,0.0,True
9,False,11,Dez (Bryant) Nuts,2991662,Mack Hollins,WR,BE,False,2.7,7.23,False
9,False,11,Dez (Bryant) Nuts,-16026,Seahawks D/ST,D/ST,D/ST,True,10.0,4.96,False
9,False,5,COD Lobby Kyler,4242335,Jonathan Taylor,RB,BE,False,0.0,0.0,False
9,False,5,COD Lobby Kyler,15818,Keenan Allen,WR,BE,False,0.0,0.0,False
9,False,5,COD Lobby Kyler,4047365,Josh Jacobs,RB,RB,True,10.2,16.92,False
9,False,5,COD Lobby Kyler,3917315,Kyler Murray,QB,QB,True,19.0,19.29,False
9,False,5,COD Lobby Kyler,16460,Adam Thielen,WR,WR,True,8.2,9.7,False
9,False,5,COD Lobby Kyler,2577327,Tyler Lockett,WR,RB/WR/TE,True,15.2,11.08,False
9,False,5,COD Lobby Kyler,4048244,Alexander Mattison,RB,BE,False,0.6,4.14,False
9,False,5,COD Lobby Kyler,3122976,Jeff Wilson Jr.,RB,BE,False,14.7,5.41,False
9,False,5,COD Lobby Kyler,3916433,Jakobi Meyers,WR,WR,True,4.9,9.25,False
9,False,5,COD Lobby Kyler,3918639,Gerald Everett,TE,TE,True,6.1,9.84,False
9,False,5,COD Lobby Kyler,15864,Geno Smith,QB,BE,False,20.8,18.26,False
9,False,5,COD Lobby Kyler,4242873,Eno Benjamin,RB,RB,True,3.2,8.59,False
9,False,5,COD Lobby Kyler,3116164,Mike Gesicki,TE,BE,False,0.8,6.86,False
9,False,5,COD Lobby Kyler,-16021,Eagles D/ST,D/ST,D/ST,True,8.0,7.29,False
9,False,5,COD Lobby Kyler,3126349,Rashaan Evans,LB,DP,True,14.0,9.75,False
9,False,5,COD Lobby Kyler,2473037,Jason Myers,K,K,True,9.0,7.85,False
9,False,5,COD Lobby Kyler,4035676,Zack Moss,RB,BE,False,0.0,0.0,False
10,False,1,T's Diddy ,4362628,Ja'Marr Chase,WR,BE,False,0.0,0.0,True
10,False,1,T's Diddy ,2976212,Stefon Diggs,WR,WR,True,18.8,16.65,False
10,False,1,T's Diddy ,4360248,Kyle Pitts,TE,TE,True,3.8,8.83,False
10,False,1,T's Diddy ,4239996,Travis Etienne Jr.,RB,RB,True,8.8,17.53,False
10,False,1,T's Diddy ,4241985,J.K. Dobbins,RB,IR,False,0.0,0.0,True
10,False,1,T's Diddy ,4569173,Rhamondre Stevenson,RB,BE,False,0.0,0.0,True
10,False,1,T's Diddy ,4040655,Darnell Mooney,WR,WR,True,7.7,8.99,False
10,False,1,T's Diddy ,4360238,Dameon Pierce,RB,RB,True,11.2,15.45,False
10,False,1,T's Diddy ,4043130,Jordyn Brooks,LB,DP,True,16.0,10.58,False
10,False,1,T's Diddy ,3051909,Daniel Carlson,K,K,True,2.0,8.42,False
10,False,1,T's Diddy ,4697815,Rachaad White,RB,BE,False,10.5,6.04,False
10,False,1,T's Diddy ,4360310,Trevor Lawrence,QB,QB,True,20.96,17.09,False
10,False,1,T's Diddy ,2979843,Kenyan Drake,RB,BE,False,0.0,0.0,True
10,False,1,T's Diddy ,3917792,Daniel Jones,QB,BE,False,18.28,16.91,False
10,False,1,T's Diddy ,15880,Robert Woods,WR,BE,False,2.0,5.77,False
10,False,1,T's Diddy ,-16001,Falcons D/ST,D/ST,D/ST,True,1.0,6.46,False
10,False,1,T's Diddy ,3122840,Deshaun Watson,QB,BE,False,0.0,0.0,False
10,False,1,T's Diddy ,4258195,Donovan Peoples-Jones,WR,RB/WR/TE,True,12.4,8.12,False
10,False,2,Zeke -A Virus,3929630,Saquon Barkley,RB,RB,True,22.5,23.31,False
10,False,2,Zeke -A Virus,3051392,Ezekiel Elliott,RB,BE,False,0.0,0.0,False
10,False,2,Zeke -A Virus,3139477,Patrick Mahomes,QB,QB,True,32.14,23.69,False
10,False,2,Zeke -A Virus,3932905,Diontae Johnson,WR,WR,True,8.3,10.0,False
10,False,2,Zeke -A Virus,4243537,Gabe Davis,WR,RB/WR/TE,True,18.3,10.43,False
10,False,2,Zeke -A Virus,4360939,Rashod Bateman,WR,IR,False,0.0,0.0,True
10,False,2,Zeke -A Virus,3916430,Nyheim Hines,RB,RB,True,1.4,4.74,False
10,False,2,Zeke -A Virus,4046692,Chase Claypool,WR,WR,True,1.3,8.5,False
10,False,2,Zeke -A Virus,-16027,Buccaneers D/ST,D/ST,D/ST,True,8.0,4.63,False
10,False,2,Zeke -A Virus,3917232,Tyler Bass,K,K,True,14.0,7.82,False
10,False,2,Zeke -A Virus,3915189,Roquan Smith,LB,BE,False,0.0,0.0,True
10,False,2,Zeke -A Virus,4036348,Michael Gallup,WR,BE,False,5.5,7.84,False
10,False,2,Zeke -A Virus,4243331,Cade Otton,TE,TE,True,5.0,5.02,False
10,False,2,Zeke -A Virus,2576980,Marcus Mariota,QB,BE,False,17.74,16.34,False
10,False,2,Zeke -A Virus,4039050,Devin Duvernay,WR,BE,False,0.0,0.0,True
10,False,2,Zeke -A Virus,4243003,Ronnie Rivers,RB,BE,False,0.0,0.0,False
10,False,2,Zeke -A Virus,4240778,Jamin Davis,LB,DP,True,11.0,8.09,False
10,False,13,Christopher's Kryptonite ,2977187,Cooper Kupp,WR,WR,True,1.4,15.87,False
10,False,13,Christopher's Kryptonite ,3918298,Josh Allen,QB,QB,True,21.6,24.2,False
10,False,13,Christopher's Kryptonite ,3128429,Courtland Sutton,WR,BE,False,9.6,9.35,False
10,False,13,Christopher's Kryptonite ,3121422,Terry McLaurin,WR,RB/WR/TE,True,17.8,10.96,False
10,False,13,Christopher's Kryptonite ,4242214,Clyde Edwards-Helaire,RB,BE,False,0.0,6.75,False
10,False,13,Christopher's Kryptonite ,4045163,Miles Sanders,RB,RB,True,5.4,12.06,False
10,False,13,Christopher's Kryptonite ,4567048,Kenneth Walker III,RB,RB,True,10.2,15.16,False
10,False,13,Christopher's Kryptonite ,-16017,Patriots D/ST,D/ST,BE,False,0.0,0.0,True
10,False,13,Christopher's Kryptonite ,3125116,D'Onta Foreman,RB,BE,False,19.0,10.77,False
10,False,13,Christopher's Kryptonite ,4361529,Isiah Pacheco,RB,BE,False,6.2,6.55,False
10,False,13,Christopher's Kryptonite ,4036133,T.J. Hockenson,TE,TE,True,8.0,9.83,False
10,False,13,Christopher's Kryptonite ,16800,Davante Adams,WR,WR,True,23.1,14.26,False
10,False,13,Christopher's Kryptonite ,3049899,Younghoe Koo,K,K,True,3.0,7.96,False
10,False,13,Christopher's Kryptonite ,4035886,Khalil Herbert,RB,BE,False,5.7,9.73,False
10,False,13,Christopher's Kryptonite ,-16010,Titans D/ST,D/ST,D/ST,True,11.0,6.21,False
10,False,13,Christopher's Kryptonite ,2578570,Jacoby Brissett,QB,BE,False,16.48,15.45,False
10,False,13,Christopher's Kryptonite ,3929950,Tremaine Edmunds,LB,DP,True,3.0,8.88,False
10,False,3,Jim Ward's Ole Dick Necks,3068267,Austin Ekeler,RB,RB,True,10.8,16.82,False
10,False,3,Jim Ward's Ole Dick Necks,3126486,Deebo Samuel,WR,WR,True,6.1,13.11,False
10,False,3,Jim Ward's Ole Dick Necks,4240021,Cam Akers,RB,BE,False,2.2,3.8,False
10,False,3,Jim Ward's Ole Dick Necks,4241555,Elijah Mitchell,RB,IR,False,9.3,4.25,False
10,False,3,Jim Ward's Ole Dick Necks,3116165,Chris Godwin,WR,BE,False,16.1,10.63,False
10,False,3,Jim Ward's Ole Dick Necks,3059915,Kareem Hunt,RB,RB,True,2.4,8.93,False
10,False,3,Jim Ward's Ole Dick Necks,3120348,JuJu Smith-Schuster,WR,BE,False,5.3,11.58,False
10,False,3,Jim Ward's Ole Dick Necks,4361370,Chris Olave,WR,RB/WR/TE,True,5.5,11.2,False
10,False,3,Jim Ward's Ole Dick Necks,15795,DeAndre Hopkins,WR,WR,True,14.8,12.01,False
10,False,3,Jim Ward's Ole Dick Necks,3121023,Dallas Goedert,TE,TE,True,8.8,9.47,False
10,False,3,Jim Ward's Ole Dick Necks,8439,Aaron Rodgers,QB,BE,False,19.36,14.28,False
10,False,3,Jim Ward's Ole Dick Necks,2573401,Tyler Higbee,TE,BE,False,11.3,6.29,False
10,False,3,Jim Ward's Ole Dick Necks,14880,Kirk Cousins,QB,QB,True,15.48,15.81,False
10,False,3,Jim Ward's Ole Dick Necks,3121544,T.J. Edwards,LB,DP,True,12.0,10.03,False
10,False,3,Jim Ward's Ole Dick Necks,14993,Greg Zuerlein,K,BE,False,0.0,0.0,True
10,False,3,Jim Ward's Ole Dick Necks,4373626,Tyler Allgeier,RB,BE,False,1.8,5.88,False
10,False,3,Jim Ward's Ole Dick Necks,-16018,Saints D/ST,D/ST,D/ST,True,5.0,6.93,False
10,False,3,Jim Ward's Ole Dick Necks,12460,Graham Gano,K,K,True,7.0,9.01,False
10,False,10,Maitland Tiburon,4262921,Justin Jefferson,WR,WR,True,31.3,15.94,False
10,False,10,Maitland Tiburon,4035538,David Montgomery,RB,RB,True,4.9,11.96,False
10,False,10,Maitland Tiburon,4241372,Marquise Brown,WR,IR,False,0.0,0.0,False
10,False,10,Maitland Tiburon,4040715,Jalen Hurts,QB,QB,True,21.8,23.09,False
10,False,10,Maitland Tiburon,4374302,Amon-Ra St. Brown,WR,WR,True,17.1,12.96,False
10,False,10,Maitland Tiburon,4040761,Devin Singletary,RB,BE,False,15.2,9.8,False
10,False,10,Maitland Tiburon,4361411,Pat Freiermuth,TE,TE,True,5.6,8.96,False
10,False,10,Maitland Tiburon,-16025,49ers D/ST,D/ST,BE,False,8.0,4.47,False
10,False,10,Maitland Tiburon,2980453,Jamaal Williams,RB,RB,True,11.9,11.44,False
10,False,10,Maitland Tiburon,2576414,Raheem Mostert,RB,BE,False,16.7,9.09,False
10,False,10,Maitland Tiburon,4372485,Rondale Moore,WR,BE,False,13.9,9.09,False
10,False,10,Maitland Tiburon,4242433,Joshua Palmer,WR,RB/WR/TE,True,5.9,10.81,False
10,False,10,Maitland Tiburon,4428963,Cade York,K,K,True,6.0,7.74,False
10,False,10,Maitland Tiburon,2468609,Taysom Hill,TE,BE,False,0.1,5.95,False
10,False,10,Maitland Tiburon,-16002,Bills D/ST,D/ST,BE,False,3.0,5.15,False
10,False,10,Maitland Tiburon,2985659,Wil Lutz,K,BE,False,5.0,7.15,False
10,False,10,Maitland Tiburon,14979,Bobby Wagner,LB,DP,True,11.0,9.76,False
10,False,10,Maitland Tiburon,-16022,Cardinals D/ST,D/ST,D/ST,True,10.0,6.14,False
10,False,8,SCLSU Mud Dogs,3043078,Derrick Henry,RB,RB,True,7.7,16.58,False
10,False,8,SCLSU Mud Dogs,4241389,CeeDee Lamb,WR,WR,True,32.5,11.74,False
10,False,8,SCLSU Mud Dogs,3116365,Mark Andrews,TE,BE,False,0.0,0.0,True
10,False,8,SCLSU Mud Dogs,3045138,Mike Williams,WR,BE,False,0.0,0.0,False
10,False,8,SCLSU Mud Dogs,4047650,DK Metcalf,WR,RB/WR/TE,True,10.1,12.23,False
10,False,8,SCLSU Mud Dogs,2330,Tom Brady,QB,BE,False,17.02,16.49,False
10,False,8,SCLSU Mud Dogs,3916148,Tony Pollard,RB,RB,True,20.3,14.55,False
10,False,8,SCLSU Mud Dogs,2576434,Melvin Gordon III,RB,BE,False,9.0,6.54,False
10,False,8,SCLSU Mud Dogs,3050073,Foyesade Oluokun,LB,DP,True,7.0,10.36,False
10,False,8,SCLSU Mud Dogs,-16006,Cowboys D/ST,D/ST,D/ST,True,2.0,5.9,False
10,False,8,SCLSU Mud Dogs,10621,Nick Folk,K,BE,False,0.0,0.0,True
10,False,8,SCLSU Mud Dogs,4052042,James Robinson,RB,BE,False,0.0,0.0,True
10,False,8,SCLSU Mud Dogs,4426502,Drake London,WR,BE,False,12.3,8.7,False
10,False,8,SCLSU Mud Dogs,4362887,Justin Fields,QB,QB,True,39.38,21.85,False
10,False,8,SCLSU Mud Dogs,4036131,Noah Fant,TE,TE,True,4.9,5.74,False
10,False,8,SCLSU Mud Dogs,4426354,George Pickens,WR,WR,True,13.0,8.08,False
10,False,8,SCLSU Mud Dogs,16486,Brett Maher,K,K,True,4.0,7.45,False
10,False,6,SWIFT Kick In The Balls ,4259545,D'Andre Swift,RB,RB,True,7.7,11.08,False
10,False,6,SWIFT Kick In The Balls ,15847,Travis Kelce,TE,TE,True,17.1,15.95,False
10,False,6,SWIFT Kick In The Balls ,4239993,Tee Higgins,WR,BE,False,0.0,0.0,True
10,False,6,SWIFT Kick In The Balls ,3915416,DJ Moore,WR,WR,True,4.9,11.14,False
10,False,6,SWIFT Kick In The Balls ,3915511,Joe Burrow,QB,BE,False,0.0,0.0,True
10,False,6,SWIFT Kick In The Balls ,4360294,Antonio Gibson,RB,RB,True,13.3,9.84,False
10,False,6,SWIFT Kick In The Balls ,15807,Cordarrelle Patterson,RB,RB/WR/TE,True,3.5,11.91,False
10,False,6,SWIFT Kick In The Balls ,3045144,Tyler Boyd,WR,BE,False,0.0,0.0,True
10,False,6,SWIFT Kick In The Balls ,-16009,Packers D/ST,D/ST,D/ST,True,2.0,3.99,False
10,False,6,SWIFT Kick In The Balls ,3128724,Isaiah McKenzie,WR,BE,False,7.5,5.68,False
10,False,6,SWIFT Kick In The Balls ,16720,C.J. Mosley,LB,BE,False,0.0,0.0,True
10,False,6,SWIFT Kick In The Balls ,3115306,Josh Reynolds,WR,WR,True,0.0,0.0,False
10,False,6,SWIFT Kick In The Balls ,4240455,Deon Jackson,RB,BE,False,0.0,0.0,False
10,False,6,SWIFT Kick In The Balls ,3121410,Parris Campbell,WR,BE,False,17.1,8.48,False
10,False,6,SWIFT Kick In The Balls ,16757,Derek Carr,QB,QB,True,17.92,14.99,False
10,False,6,SWIFT Kick In The Balls ,17427,Cairo Santos,K,K,True,6.0,8.16,False
10,False,6,SWIFT Kick In The Balls ,3138826,Fred Warner,LB,DP,True,7.0,9.23,False
10,False,4,BUT kicKERs,3117251,Christian McCaffrey,RB,RB,True,15.7,20.26,False
10,False,4,BUT kicKERs,3116406,Tyreek Hill,WR,WR,True,12.9,18.91,False
10,False,4,BUT kicKERs,3115364,Leonard Fournette,RB,RB,True,10.3,11.35,False
10,False,4,BUT kicKERs,4241463,Jerry Jeudy,WR,WR,True,0.0,10.18,False
10,False,4,BUT kicKERs,2576925,Darren Waller,TE,BE,False,0.0,0.0,False
10,False,4,BUT kicKERs,4241478,DeVonta Smith,WR,BE,False,10.9,9.78,False
10,False,4,BUT kicKERs,2577417,Dak Prescott,QB,BE,False,19.2,14.71,False
10,False,4,BUT kicKERs,3895856,Christian Kirk,WR,RB/WR/TE,True,27.0,11.59,False
10,False,4,BUT kicKERs,4569618,Garrett Wilson,WR,BE,False,0.0,0.0,True
10,False,4,BUT kicKERs,4241479,Tua Tagovailoa,QB,QB,True,23.4,20.54,False
10,False,4,BUT kicKERs,4360078,Alec Pierce,WR,BE,False,0.0,7.05,False
10,False,4,BUT kicKERs,4361432,Romeo Doubs,WR,BE,False,0.0,0.0,False
10,False,4,BUT kicKERs,3051876,Evan Engram,TE,TE,True,2.9,7.0,False
10,False,4,BUT kicKERs,3055899,Harrison Butker,K,K,True,3.0,8.09,False
10,False,4,BUT kicKERs,-16030,Jaguars D/ST,D/ST,D/ST,True,1.0,2.5,False
10,False,4,BUT kicKERs,4037626,Divine Deablo,LB,DP,True,0.0,0.0,False
10,False,4,BUT kicKERs,3128721,Sony Michel,RB,BE,False,0.2,4.7,False
10,False,5,COD Lobby Kyler,4242335,Jonathan Taylor,RB,RB/WR/TE,True,23.3,14.83,False
10,False,5,COD Lobby Kyler,15818,Keenan Allen,WR,BE,False,0.0,0.0,False
10,False,5,COD Lobby Kyler,4047365,Josh Jacobs,RB,RB,True,19.6,15.49,False
10,False,5,COD Lobby Kyler,3917315,Kyler Murray,QB,BE,False,0.0,0.0,False
10,False,5,COD Lobby Kyler,16460,Adam Thielen,WR,WR,True,7.4,9.37,False
10,False,5,COD Lobby Kyler,2577327,Tyler Lockett,WR,WR,True,11.7,10.8,False
10,False,5,COD Lobby Kyler,4048244,Alexander Mattison,RB,BE,False,2.4,3.21,False
10,False,5,COD Lobby Kyler,3122976,Jeff Wilson Jr.,RB,RB,True,21.3,9.98,False
10,False,5,COD Lobby Kyler,3916433,Jakobi Meyers,WR,BE,False,0.0,0.0,True
10,False,5,COD Lobby Kyler,3918639,Gerald Everett,TE,TE,True,3.3,9.52,False
10,False,5,COD Lobby Kyler,15864,Geno Smith,QB,QB,True,19.2,17.23,False
10,False,5,COD Lobby Kyler,4242873,Eno Benjamin,RB,BE,False,0.0,7.11,False
10,False,5,COD Lobby Kyler,3116164,Mike Gesicki,TE,BE,False,4.1,5.82,False
10,False,5,COD Lobby Kyler,-16021,Eagles D/ST,D/ST,D/ST,True,7.0,7.12,False
10,False,5,COD Lobby Kyler,3126349,Rashaan Evans,LB,DP,True,10.0,8.88,False
10,False,5,COD Lobby Kyler,2473037,Jason Myers,K,K,True,6.0,7.78,False
10,False,5,COD Lobby Kyler,3123076,David Njoku,TE,BE,False,0.0,0.0,False
10,False,12,Rule  #76,4241457,Najee Harris,RB,RB,True,9.9,10.4,False
10,False,12,Rule  #76,3054850,Alvin Kamara,RB,RB,True,6.0,17.56,False
10,False,12,Rule  #76,4035687,Michael Pittman Jr.,WR,WR,True,8.8,11.12,False
10,False,12,Rule  #76,4372016,Jaylen Waddle,WR,WR,True,8.6,12.98,False
10,False,12,Rule  #76,3916387,Lamar Jackson,QB,BE,False,0.0,0.0,True
10,False,12,Rule  #76,16799,Allen Robinson II,WR,BE,False,6.4,7.79,False
10,False,12,Rule  #76,3128390,Allen Lazard,WR,RB/WR/TE,True,6.0,10.76,False
10,False,12,Rule  #76,15835,Zach Ertz,TE,TE,True,1.7,8.6,False
10,False,12,Rule  #76,4240657,Michael Carter,RB,BE,False,0.0,0.0,True
10,False,12,Rule  #76,4361423,Micah Parsons,LB,DP,True,7.0,7.51,False
10,False,12,Rule  #76,15920,Latavius Murray,RB,BE,False,6.2,6.54,False
10,False,12,Rule  #76,4241416,Chuba Hubbard,RB,BE,False,1.4,8.7,False
10,False,12,Rule  #76,3924365,Hayden Hurst,TE,BE,False,0.0,0.0,True
10,False,12,Rule  #76,4241474,Brian Robinson Jr.,RB,BE,False,14.6,8.9,False
10,False,12,Rule  #76,3050478,Jake Elliott,K,K,True,3.0,6.69,False
10,False,12,Rule  #76,-16015,Dolphins D/ST,D/ST,D/ST,True,8.0,4.31,False
10,False,12,Rule  #76,14012,Andy Dalton,QB,QB,True,7.06,15.54,False
10,False,9,TBD TBD,3116593,Dalvin Cook,RB,RB,True,23.1,14.01,False
10,False,9,TBD TBD,3045147,James Conner,RB,RB/WR/TE,True,22.1,10.86,False
10,False,9,TBD TBD,4038941,Justin Herbert,QB,QB,True,12.04,17.95,False
10,False,9,TBD TBD,3040151,George Kittle,TE,TE,True,3.6,8.9,False
10,False,9,TBD TBD,2976499,Amari Cooper,WR,WR,True,4.7,11.54,False
10,False,9,TBD TBD,16731,Brandin Cooks,WR,BE,False,6.2,8.74,False
10,False,9,TBD TBD,15683,Justin Tucker,K,BE,False,0.0,0.0,True
10,False,9,TBD TBD,15072,Marvin Jones Jr.,WR,BE,False,3.8,7.08,False
10,False,9,TBD TBD,16760,Jimmy Garoppolo,QB,BE,False,15.9,15.94,False
10,False,9,TBD TBD,3051738,Marquez Valdes-Scantling,WR,BE,False,14.5,7.89,False
10,False,9,TBD TBD,3042519,Aaron Jones,RB,RB,True,22.6,12.65,False
10,False,9,TBD TBD,3121427,Curtis Samuel,WR,WR,True,5.0,8.05,False
10,False,9,TBD TBD,16725,Sammy Watkins,WR,BE,False,6.2,5.82,False
10,False,9,TBD TBD,3930086,Dawson Knox,TE,BE,False,7.7,6.57,False
10,False,9,TBD TBD,3124679,Jason Sanders,K,K,True,9.0,7.7,False
10,False,9,TBD TBD,-16019,Giants D/ST,D/ST,D/ST,True,8.0,6.59,False
10,False,9,TBD TBD,3916903,Dre Greenlaw,LB,DP,True,7.0,9.39,False
10,False,11,Dez (Bryant) Nuts,3116385,Joe Mixon,RB,BE,False,0.0,0.0,True
10,False,11,Dez (Bryant) Nuts,3128720,Nick Chubb,RB,RB,True,13.6,17.26,False
10,False,11,Dez (Bryant) Nuts,16737,Mike Evans,WR,WR,True,7.9,11.56,False
10,False,11,Dez (Bryant) Nuts,4047646,A.J. Brown,WR,WR,True,2.2,14.07,False
10,False,11,Dez (Bryant) Nuts,4239934,AJ Dillon,RB,BE,False,6.5,7.04,False
10,False,11,Dez (Bryant) Nuts,3117256,Dalton Schultz,TE,TE,True,14.4,7.02,False
10,False,11,Dez (Bryant) Nuts,3925347,Damien Harris,RB,BE,False,0.0,0.0,True
10,False,11,Dez (Bryant) Nuts,4360438,Brandon Aiyuk,WR,RB/WR/TE,True,9.4,9.82,False
10,False,11,Dez (Bryant) Nuts,12483,Matthew Stafford,QB,BE,False,0.0,0.0,False
10,False,11,Dez (Bryant) Nuts,4039359,Darrell Henderson Jr.,RB,RB,True,10.7,8.27,False
10,False,11,Dez (Bryant) Nuts,4035434,Devin White,LB,DP,True,15.0,8.5,False
10,False,11,Dez (Bryant) Nuts,12731,Ryan Succop,K,K,True,2.0,8.2,False
10,False,11,Dez (Bryant) Nuts,3046779,Jared Goff,QB,QB,True,14.84,15.7,False
10,False,11,Dez (Bryant) Nuts,4361409,Jahan Dotson,WR,IR,False,1.9,5.52,False
10,False,11,Dez (Bryant) Nuts,3915486,Tyler Conklin,TE,BE,False,0.0,0.0,True
10,False,11,Dez (Bryant) Nuts,-16007,Broncos D/ST,D/ST,D/ST,True,4.0,6.26,False
10,False,11,Dez (Bryant) Nuts,2991662,Mack Hollins,WR,BE,False,2.8,7.29,False
10,False,11,Dez (Bryant) Nuts,-16026,Seahawks D/ST,D/ST,BE,False,1.0,4.03,False
11,False,2,Zeke -A Virus,3929630,Saquon Barkley,RB,RB,True,4.5,23.16,False
11,False,2,Zeke -A Virus,3051392,Ezekiel Elliott,RB,RB,True,17.2,10.0,False
11,False,2,Zeke -A Virus,3139477,Patrick Mahomes,QB,QB,True,27.46,24.41,False
11,False,2,Zeke -A Virus,3932905,Diontae Johnson,WR,WR,True,4.2,9.34,False
11,False,2,Zeke -A Virus,4243537,Gabe Davis,WR,WR,True,9.3,10.97,False
11,False,2,Zeke -A Virus,4046692,Chase Claypool,WR,BE,False,2.1,5.33,False
11,False,2,Zeke -A Virus,-16027,Buccaneers D/ST,D/ST,BE,False,0.0,0.0,True
11,False,2,Zeke -A Virus,3917232,Tyler Bass,K,K,True,23.0,7.67,False
11,False,2,Zeke -A Virus,3915189,Roquan Smith,LB,DP,True,9.0,8.81,False
11,False,2,Zeke -A Virus,4036348,Michael Gallup,WR,RB/WR/TE,True,5.6,8.23,False
11,False,2,Zeke -A Virus,4243331,Cade Otton,TE,BE,False,0.0,0.0,True
11,False,2,Zeke -A Virus,2576980,Marcus Mariota,QB,BE,False,17.74,17.01,False
11,False,2,Zeke -A Virus,4039050,Devin Duvernay,WR,BE,False,1.2,7.71,False
11,False,2,Zeke -A Virus,4240778,Jamin Davis,LB,BE,False,5.0,7.77,False
11,False,2,Zeke -A Virus,16782,Jerick McKinnon,RB,BE,False,0.9,7.99,False
11,False,2,Zeke -A Virus,-16014,Rams D/ST,D/ST,D/ST,True,4.0,5.48,False
11,False,2,Zeke -A Virus,4367209,Greg Dulcich,TE,TE,True,5.0,6.56,False
11,False,13,Christopher's Kryptonite ,2977187,Cooper Kupp,WR,IR,False,0.0,0.0,False
11,False,13,Christopher's Kryptonite ,3918298,Josh Allen,QB,QB,True,12.58,25.61,False
11,False,13,Christopher's Kryptonite ,3128429,Courtland Sutton,WR,WR,True,10.5,11.1,False
11,False,13,Christopher's Kryptonite ,3121422,Terry McLaurin,WR,WR,True,7.6,12.21,False
11,False,13,Christopher's Kryptonite ,4242214,Clyde Edwards-Helaire,RB,BE,False,0.9,4.83,False
11,False,13,Christopher's Kryptonite ,4045163,Miles Sanders,RB,RB,True,5.3,11.35,False
11,False,13,Christopher's Kryptonite ,4567048,Kenneth Walker III,RB,BE,False,0.0,0.0,True
11,False,13,Christopher's Kryptonite ,-16017,Patriots D/ST,D/ST,D/ST,True,17.0,6.9,False
11,False,13,Christopher's Kryptonite ,3125116,D'Onta Foreman,RB,BE,False,2.4,11.19,False
11,False,13,Christopher's Kryptonite ,4361529,Isiah Pacheco,RB,RB,True,10.7,8.64,False
11,False,13,Christopher's Kryptonite ,4036133,T.J. Hockenson,TE,TE,True,5.9,10.05,False
11,False,13,Christopher's Kryptonite ,16800,Davante Adams,WR,RB/WR/TE,True,29.6,14.78,False
11,False,13,Christopher's Kryptonite ,3049899,Younghoe Koo,K,K,True,12.0,8.08,False
11,False,13,Christopher's Kryptonite ,4240600,Kadarius Toney,WR,BE,False,0.0,8.94,False
11,False,13,Christopher's Kryptonite ,3051926,Gus Edwards,RB,BE,False,0.0,0.0,False
11,False,13,Christopher's Kryptonite ,16733,Odell Beckham Jr.,WR,BE,False,0.0,0.0,True
11,False,13,Christopher's Kryptonite ,2510863,Eric Kendricks,LB,DP,True,2.0,8.74,False
11,False,13,Christopher's Kryptonite ,-16016,Vikings D/ST,D/ST,BE,False,-8.0,4.16,False
11,False,3,Jim Ward's Ole Dick Necks,3068267,Austin Ekeler,RB,RB,True,17.0,17.69,False
11,False,3,Jim Ward's Ole Dick Necks,3126486,Deebo Samuel,WR,WR,True,18.9,12.79,False
11,False,3,Jim Ward's Ole Dick Necks,4240021,Cam Akers,RB,BE,False,6.1,4.57,False
11,False,3,Jim Ward's Ole Dick Necks,4241555,Elijah Mitchell,RB,RB,True,5.9,7.07,False
11,False,3,Jim Ward's Ole Dick Necks,3116165,Chris Godwin,WR,BE,False,0.0,0.0,True
11,False,3,Jim Ward's Ole Dick Necks,3059915,Kareem Hunt,RB,BE,False,6.4,8.35,False
11,False,3,Jim Ward's Ole Dick Necks,3120348,JuJu Smith-Schuster,WR,BE,False,0.0,0.0,False
11,False,3,Jim Ward's Ole Dick Necks,4361370,Chris Olave,WR,WR,True,18.7,9.88,False
11,False,3,Jim Ward's Ole Dick Necks,15795,DeAndre Hopkins,WR,RB/WR/TE,True,13.6,13.17,False
11,False,3,Jim Ward's Ole Dick Necks,3121023,Dallas Goedert,TE,IR,False,0.0,0.0,False
11,False,3,Jim Ward's Ole Dick Necks,8439,Aaron Rodgers,QB,BE,False,19.08,14.95,False
11,False,3,Jim Ward's Ole Dick Necks,2573401,Tyler Higbee,TE,TE,True,6.5,7.43,False
11,False,3,Jim Ward's Ole Dick Necks,14880,Kirk Cousins,QB,QB,True,2.2,16.83,False
11,False,3,Jim Ward's Ole Dick Necks,3121544,T.J. Edwards,LB,DP,True,12.0,9.98,False
11,False,3,Jim Ward's Ole Dick Necks,14993,Greg Zuerlein,K,K,True,4.0,6.64,False
11,False,3,Jim Ward's Ole Dick Necks,-16018,Saints D/ST,D/ST,D/ST,True,4.0,6.36,False
11,False,3,Jim Ward's Ole Dick Necks,12460,Graham Gano,K,BE,False,0.0,8.67,False
11,False,3,Jim Ward's Ole Dick Necks,16790,Jarvis Landry,WR,BE,False,10.8,7.39,False
11,False,10,Maitland Tiburon,4262921,Justin Jefferson,WR,WR,True,4.8,17.49,False
11,False,10,Maitland Tiburon,4035538,David Montgomery,RB,RB/WR/TE,True,19.6,13.6,False
11,False,10,Maitland Tiburon,4241372,Marquise Brown,WR,IR,False,0.0,0.0,False
11,False,10,Maitland Tiburon,4040715,Jalen Hurts,QB,QB,True,24.2,21.62,False
11,False,10,Maitland Tiburon,4374302,Amon-Ra St. Brown,WR,WR,True,11.5,12.3,False
11,False,10,Maitland Tiburon,4040761,Devin Singletary,RB,RB,True,16.7,11.74,False
11,False,10,Maitland Tiburon,4361411,Pat Freiermuth,TE,TE,True,11.9,9.33,False
11,False,10,Maitland Tiburon,-16025,49ers D/ST,D/ST,D/ST,True,10.0,6.4,False
11,False,10,Maitland Tiburon,2980453,Jamaal Williams,RB,RB,True,24.4,11.29,False
11,False,10,Maitland Tiburon,2576414,Raheem Mostert,RB,BE,False,0.0,0.0,True
11,False,10,Maitland Tiburon,4372485,Rondale Moore,WR,BE,False,-0.6,9.41,False
11,False,10,Maitland Tiburon,4242433,Joshua Palmer,WR,BE,False,26.6,8.27,False
11,False,10,Maitland Tiburon,4428963,Cade York,K,BE,False,4.0,7.16,False
11,False,10,Maitland Tiburon,2468609,Taysom Hill,TE,BE,False,7.06,5.14,False
11,False,10,Maitland Tiburon,-16002,Bills D/ST,D/ST,BE,False,4.0,4.76,False
11,False,10,Maitland Tiburon,2985659,Wil Lutz,K,K,True,10.0,7.31,False
11,False,10,Maitland Tiburon,14979,Bobby Wagner,LB,DP,True,11.0,8.89,False
11,False,8,SCLSU Mud Dogs,3043078,Derrick Henry,RB,RB,True,24.36,16.63,False
11,False,8,SCLSU Mud Dogs,4241389,CeeDee Lamb,WR,WR,True,7.0,13.91,False
11,False,8,SCLSU Mud Dogs,3116365,Mark Andrews,TE,TE,True,9.3,12.63,False
11,False,8,SCLSU Mud Dogs,3045138,Mike Williams,WR,RB/WR/TE,True,2.0,11.71,False
11,False,8,SCLSU Mud Dogs,4047650,DK Metcalf,WR,BE,False,0.0,0.0,True
11,False,8,SCLSU Mud Dogs,2330,Tom Brady,QB,BE,False,0.0,0.0,True
11,False,8,SCLSU Mud Dogs,3916148,Tony Pollard,RB,RB,True,33.9,9.31,False
11,False,8,SCLSU Mud Dogs,2576434,Melvin Gordon III,RB,BE,False,9.5,8.58,False
11,False,8,SCLSU Mud Dogs,3050073,Foyesade Oluokun,LB,BE,False,0.0,0.0,True
11,False,8,SCLSU Mud Dogs,-16006,Cowboys D/ST,D/ST,BE,False,16.0,4.49,False
11,False,8,SCLSU Mud Dogs,4052042,James Robinson,RB,BE,False,1.0,8.4,False
11,False,8,SCLSU Mud Dogs,4426502,Drake London,WR,BE,False,6.7,7.89,False
11,False,8,SCLSU Mud Dogs,4362887,Justin Fields,QB,QB,True,22.62,21.88,False
11,False,8,SCLSU Mud Dogs,4426354,George Pickens,WR,WR,True,16.3,7.81,False
11,False,8,SCLSU Mud Dogs,16486,Brett Maher,K,K,True,22.0,7.63,False
11,False,8,SCLSU Mud Dogs,-16033,Ravens D/ST,D/ST,D/ST,True,16.0,6.16,False
11,False,8,SCLSU Mud Dogs,3129310,Drue Tranquill,LB,DP,True,7.0,9.88,False
11,False,6,SWIFT Kick In The Balls ,4259545,D'Andre Swift,RB,RB,True,10.7,9.91,False
11,False,6,SWIFT Kick In The Balls ,15847,Travis Kelce,TE,TE,True,32.5,16.05,False
11,False,6,SWIFT Kick In The Balls ,4239993,Tee Higgins,WR,WR,True,19.3,12.98,False
11,False,6,SWIFT Kick In The Balls ,3915416,DJ Moore,WR,WR,True,3.9,10.03,False
11,False,6,SWIFT Kick In The Balls ,3915511,Joe Burrow,QB,QB,True,26.7,19.84,False
11,False,6,SWIFT Kick In The Balls ,4360294,Antonio Gibson,RB,RB,True,11.8,10.48,False
11,False,6,SWIFT Kick In The Balls ,15807,Cordarrelle Patterson,RB,RB/WR/TE,True,10.9,8.41,False
11,False,6,SWIFT Kick In The Balls ,3045144,Tyler Boyd,WR,BE,False,5.2,10.45,False
11,False,6,SWIFT Kick In The Balls ,3128724,Isaiah McKenzie,WR,BE,False,0.0,7.07,False
11,False,6,SWIFT Kick In The Balls ,16720,C.J. Mosley,LB,BE,False,9.0,9.83,False
11,False,6,SWIFT Kick In The Balls ,4240455,Deon Jackson,RB,BE,False,3.0,4.71,False
11,False,6,SWIFT Kick In The Balls ,3121410,Parris Campbell,WR,BE,False,9.2,8.7,False
11,False,6,SWIFT Kick In The Balls ,16757,Derek Carr,QB,BE,False,20.28,13.25,False
11,False,6,SWIFT Kick In The Balls ,17427,Cairo Santos,K,K,True,6.0,7.85,False
11,False,6,SWIFT Kick In The Balls ,4035004,Mecole Hardman,WR,BE,False,0.0,0.0,False
11,False,6,SWIFT Kick In The Balls ,3124005,Zaire Franklin,LB,DP,True,16.0,9.68,False
11,False,6,SWIFT Kick In The Balls ,-16020,Jets D/ST,D/ST,D/ST,True,11.0,7.17,False
11,False,4,BUT kicKERs,3117251,Christian McCaffrey,RB,RB,True,14.1,16.89,False
11,False,4,BUT kicKERs,3116406,Tyreek Hill,WR,BE,False,0.0,0.0,True
11,False,4,BUT kicKERs,3115364,Leonard Fournette,RB,BE,False,0.0,0.0,True
11,False,4,BUT kicKERs,4241463,Jerry Jeudy,WR,BE,False,0.0,0.0,False
11,False,4,BUT kicKERs,2576925,Darren Waller,TE,BE,False,0.0,0.0,False
11,False,4,BUT kicKERs,4241478,DeVonta Smith,WR,WR,True,10.8,9.85,False
11,False,4,BUT kicKERs,2577417,Dak Prescott,QB,QB,True,20.64,16.57,False
11,False,4,BUT kicKERs,3895856,Christian Kirk,WR,BE,False,0.0,0.0,True
11,False,4,BUT kicKERs,4569618,Garrett Wilson,WR,RB/WR/TE,True,2.2,9.69,False
11,False,4,BUT kicKERs,4241479,Tua Tagovailoa,QB,BE,False,0.0,0.0,True
11,False,4,BUT kicKERs,3051876,Evan Engram,TE,BE,False,0.0,0.0,True
11,False,4,BUT kicKERs,3055899,Harrison Butker,K,K,True,14.0,7.45,False
11,False,4,BUT kicKERs,-16004,Bengals D/ST,D/ST,D/ST,True,0.0,7.17,False
11,False,4,BUT kicKERs,4258595,Cole Kmet,TE,TE,True,5.0,6.58,False
11,False,4,BUT kicKERs,4248528,Christian Watson,WR,WR,True,19.1,7.97,False
11,False,4,BUT kicKERs,4373626,Tyler Allgeier,RB,RB,True,6.9,6.72,False
11,False,4,BUT kicKERs,3138826,Fred Warner,LB,DP,True,8.0,9.09,False
11,False,5,COD Lobby Kyler,4242335,Jonathan Taylor,RB,RB,True,14.9,14.74,False
11,False,5,COD Lobby Kyler,15818,Keenan Allen,WR,WR,True,9.9,8.77,False
11,False,5,COD Lobby Kyler,4047365,Josh Jacobs,RB,RB,True,17.5,15.77,False
11,False,5,COD Lobby Kyler,3917315,Kyler Murray,QB,BE,False,0.0,0.0,False
11,False,5,COD Lobby Kyler,16460,Adam Thielen,WR,WR,True,3.5,9.15,False
11,False,5,COD Lobby Kyler,2577327,Tyler Lockett,WR,BE,False,0.0,0.0,True
11,False,5,COD Lobby Kyler,4048244,Alexander Mattison,RB,BE,False,1.3,3.59,False
11,False,5,COD Lobby Kyler,3122976,Jeff Wilson Jr.,RB,BE,False,0.0,0.0,True
11,False,5,COD Lobby Kyler,3916433,Jakobi Meyers,WR,RB/WR/TE,True,7.2,9.14,False
11,False,5,COD Lobby Kyler,15864,Geno Smith,QB,BE,False,0.0,0.0,True
11,False,5,COD Lobby Kyler,4242873,Eno Benjamin,RB,BE,False,0.0,0.0,False
11,False,5,COD Lobby Kyler,-16021,Eagles D/ST,D/ST,D/ST,True,9.0,6.84,False
11,False,5,COD Lobby Kyler,3126349,Rashaan Evans,LB,DP,True,11.0,9.7,False
11,False,5,COD Lobby Kyler,2473037,Jason Myers,K,BE,False,0.0,0.0,True
11,False,5,COD Lobby Kyler,3123076,David Njoku,TE,TE,True,2.7,8.38,False
11,False,5,COD Lobby Kyler,4360234,Evan McPherson,K,K,True,17.0,7.39,False
11,False,5,COD Lobby Kyler,2565969,Taylor Heinicke,QB,QB,True,7.84,16.0,False
11,False,12,Rule  #76,4241457,Najee Harris,RB,RB,True,25.6,9.64,False
11,False,12,Rule  #76,3054850,Alvin Kamara,RB,RB,True,10.9,15.07,False
11,False,12,Rule  #76,4035687,Michael Pittman Jr.,WR,WR,True,10.5,10.58,False
11,False,12,Rule  #76,4372016,Jaylen Waddle,WR,BE,False,0.0,0.0,True
11,False,12,Rule  #76,3916387,Lamar Jackson,QB,QB,True,15.46,22.01,False
11,False,12,Rule  #76,16799,Allen Robinson II,WR,BE,False,12.7,8.73,False
11,False,12,Rule  #76,3128390,Allen Lazard,WR,WR,True,8.2,10.23,False
11,False,12,Rule  #76,15835,Zach Ertz,TE,BE,False,0.0,0.0,False
11,False,12,Rule  #76,4240657,Michael Carter,RB,BE,False,2.2,9.79,False
11,False,12,Rule  #76,4361423,Micah Parsons,LB,DP,True,10.0,7.69,False
11,False,12,Rule  #76,15920,Latavius Murray,RB,BE,False,15.2,8.56,False
11,False,12,Rule  #76,4241416,Chuba Hubbard,RB,BE,False,3.5,5.16,False
11,False,12,Rule  #76,3924365,Hayden Hurst,TE,TE,True,4.8,7.24,False
11,False,12,Rule  #76,4241474,Brian Robinson Jr.,RB,RB/WR/TE,True,5.7,10.94,False
11,False,12,Rule  #76,3050478,Jake Elliott,K,K,True,5.0,6.18,False
11,False,12,Rule  #76,-16015,Dolphins D/ST,D/ST,BE,False,0.0,0.0,True
11,False,12,Rule  #76,-16009,Packers D/ST,D/ST,D/ST,True,2.0,5.33,False
11,False,9,TBD TBD,3116593,Dalvin Cook,RB,RB,True,7.2,16.22,False
11,False,9,TBD TBD,3045147,James Conner,RB,RB/WR/TE,True,13.4,12.52,False
11,False,9,TBD TBD,4038941,Justin Herbert,QB,QB,True,19.2,19.45,False
11,False,9,TBD TBD,3040151,George Kittle,TE,TE,True,22.4,9.18,False
11,False,9,TBD TBD,2976499,Amari Cooper,WR,WR,True,27.3,10.4,False
11,False,9,TBD TBD,16731,Brandin Cooks,WR,BE,False,8.5,7.68,False
11,False,9,TBD TBD,15683,Justin Tucker,K,K,True,7.0,8.72,False
11,False,9,TBD TBD,15072,Marvin Jones Jr.,WR,BE,False,0.0,0.0,True
11,False,9,TBD TBD,16760,Jimmy Garoppolo,QB,BE,False,25.42,15.3,False
11,False,9,TBD TBD,3051738,Marquez Valdes-Scantling,WR,BE,False,2.3,9.25,False
11,False,9,TBD TBD,3042519,Aaron Jones,RB,RB,True,11.0,13.52,False
11,False,9,TBD TBD,3121427,Curtis Samuel,WR,WR,True,9.3,8.24,False
11,False,9,TBD TBD,16725,Sammy Watkins,WR,BE,False,0.0,4.19,False
11,False,9,TBD TBD,3930086,Dawson Knox,TE,BE,False,10.5,7.24,False
11,False,9,TBD TBD,3124679,Jason Sanders,K,BE,False,0.0,0.0,True
11,False,9,TBD TBD,-16019,Giants D/ST,D/ST,D/ST,True,-1.0,4.86,False
11,False,9,TBD TBD,3916903,Dre Greenlaw,LB,DP,True,11.0,9.39,False
11,False,11,Dez (Bryant) Nuts,3116385,Joe Mixon,RB,RB/WR/TE,True,7.7,17.86,False
11,False,11,Dez (Bryant) Nuts,3128720,Nick Chubb,RB,RB,True,8.2,15.61,False
11,False,11,Dez (Bryant) Nuts,16737,Mike Evans,WR,BE,False,0.0,0.0,True
11,False,11,Dez (Bryant) Nuts,4047646,A.J. Brown,WR,WR,True,6.5,12.68,False
11,False,11,Dez (Bryant) Nuts,4239934,AJ Dillon,RB,BE,False,2.8,6.61,False
11,False,11,Dez (Bryant) Nuts,3117256,Dalton Schultz,TE,TE,True,3.7,8.9,False
11,False,11,Dez (Bryant) Nuts,3925347,Damien Harris,RB,BE,False,10.3,7.29,False
11,False,11,Dez (Bryant) Nuts,4360438,Brandon Aiyuk,WR,WR,True,15.0,9.61,False
11,False,11,Dez (Bryant) Nuts,12483,Matthew Stafford,QB,BE,False,14.76,13.3,False
11,False,11,Dez (Bryant) Nuts,4039359,Darrell Henderson Jr.,RB,RB,True,0.9,7.72,False
11,False,11,Dez (Bryant) Nuts,4035434,Devin White,LB,DP,True,0.0,0.0,True
11,False,11,Dez (Bryant) Nuts,12731,Ryan Succop,K,BE,False,0.0,0.0,True
11,False,11,Dez (Bryant) Nuts,3046779,Jared Goff,QB,QB,True,6.5,13.78,False
11,False,11,Dez (Bryant) Nuts,3915486,Tyler Conklin,TE,BE,False,2.5,6.03,False
11,False,11,Dez (Bryant) Nuts,-16007,Broncos D/ST,D/ST,D/ST,True,-2.0,5.42,False
11,False,11,Dez (Bryant) Nuts,2991662,Mack Hollins,WR,BE,False,8.2,6.88,False
11,False,11,Dez (Bryant) Nuts,4362081,Cameron Dicker,K,K,True,10.0,7.77,False
11,False,1,T's Diddy ,4362628,Ja'Marr Chase,WR,BE,False,0.0,0.0,False
11,False,1,T's Diddy ,2976212,Stefon Diggs,WR,WR,True,12.8,16.88,False
11,False,1,T's Diddy ,4360248,Kyle Pitts,TE,TE,True,5.8,9.89,False
11,False,1,T's Diddy ,4239996,Travis Etienne Jr.,RB,BE,False,0.0,0.0,True
11,False,1,T's Diddy ,4241985,J.K. Dobbins,RB,IR,False,0.0,0.0,False
11,False,1,T's Diddy ,4569173,Rhamondre Stevenson,RB,RB,True,11.2,13.29,False
11,False,1,T's Diddy ,4040655,Darnell Mooney,WR,WR,True,11.9,8.76,False
11,False,1,T's Diddy ,4360238,Dameon Pierce,RB,RB,True,2.7,13.82,False
11,False,1,T's Diddy ,4043130,Jordyn Brooks,LB,BE,False,0.0,0.0,True
11,False,1,T's Diddy ,3051909,Daniel Carlson,K,K,True,13.0,7.48,False
11,False,1,T's Diddy ,4697815,Rachaad White,RB,BE,False,0.0,0.0,True
11,False,1,T's Diddy ,4360310,Trevor Lawrence,QB,BE,False,0.0,0.0,True
11,False,1,T's Diddy ,2979843,Kenyan Drake,RB,RB/WR/TE,True,6.3,11.84,False
11,False,1,T's Diddy ,3917792,Daniel Jones,QB,QB,True,24.64,17.53,False
11,False,1,T's Diddy ,3122840,Deshaun Watson,QB,BE,False,0.0,0.0,False
11,False,1,T's Diddy ,4258195,Donovan Peoples-Jones,WR,BE,False,14.6,7.77,False
11,False,1,T's Diddy ,-16028,Commanders D/ST,D/ST,D/ST,True,21.0,6.24,False
11,False,1,T's Diddy ,4243009,Mykal Walker,LB,DP,True,8.0,8.91,False
12,False,2,Zeke -A Virus,3929630,Saquon Barkley,RB,RB,True,13.2,17.6,False
12,False,2,Zeke -A Virus,3051392,Ezekiel Elliott,RB,RB,True,16.0,11.07,False
12,False,2,Zeke -A Virus,3139477,Patrick Mahomes,QB,QB,True,18.4,23.12,False
12,False,2,Zeke -A Virus,3932905,Diontae Johnson,WR,WR,True,7.4,8.05,False
12,False,2,Zeke -A Virus,4243537,Gabe Davis,WR,WR,True,5.8,11.76,False
12,False,2,Zeke -A Virus,4046692,Chase Claypool,WR,BE,False,6.1,5.57,False
12,False,2,Zeke -A Virus,-16027,Buccaneers D/ST,D/ST,D/ST,True,5.0,4.18,False
12,False,2,Zeke -A Virus,3917232,Tyler Bass,K,K,True,10.0,7.74,False
12,False,2,Zeke -A Virus,3915189,Roquan Smith,LB,DP,True,8.0,9.94,False
12,False,2,Zeke -A Virus,4036348,Michael Gallup,WR,RB/WR/TE,True,8.8,7.16,False
12,False,2,Zeke -A Virus,4243331,Cade Otton,TE,BE,False,1.0,4.51,False
12,False,2,Zeke -A Virus,2576980,Marcus Mariota,QB,BE,False,13.86,14.12,False
12,False,2,Zeke -A Virus,4039050,Devin Duvernay,WR,BE,False,5.4,6.92,False
12,False,2,Zeke -A Virus,4240778,Jamin Davis,LB,BE,False,10.0,7.52,False
12,False,2,Zeke -A Virus,16782,Jerick McKinnon,RB,BE,False,4.1,7.81,False
12,False,2,Zeke -A Virus,-16014,Rams D/ST,D/ST,BE,False,1.0,2.43,False
12,False,2,Zeke -A Virus,4367209,Greg Dulcich,TE,TE,True,2.1,6.63,False
12,False,10,Maitland Tiburon,4262921,Justin Jefferson,WR,WR,True,24.84,15.42,False
12,False,10,Maitland Tiburon,4035538,David Montgomery,RB,RB/WR/TE,True,12.8,12.58,False
12,False,10,Maitland Tiburon,4241372,Marquise Brown,WR,IR,False,7.6,7.76,False
12,False,10,Maitland Tiburon,4040715,Jalen Hurts,QB,QB,True,30.82,23.04,False
12,False,10,Maitland Tiburon,4374302,Amon-Ra St. Brown,WR,WR,True,23.4,13.07,False
12,False,10,Maitland Tiburon,4040761,Devin Singletary,RB,RB,True,9.5,11.09,False
12,False,10,Maitland Tiburon,4361411,Pat Freiermuth,TE,TE,True,5.4,9.61,False
12,False,10,Maitland Tiburon,-16025,49ers D/ST,D/ST,D/ST,True,12.0,6.43,False
12,False,10,Maitland Tiburon,2980453,Jamaal Williams,RB,RB,True,10.6,10.72,False
12,False,10,Maitland Tiburon,2576414,Raheem Mostert,RB,BE,False,0.0,0.0,False
12,False,10,Maitland Tiburon,4372485,Rondale Moore,WR,BE,False,0.0,0.0,False
12,False,10,Maitland Tiburon,4242433,Joshua Palmer,WR,BE,False,8.1,10.47,False
12,False,10,Maitland Tiburon,4428963,Cade York,K,K,True,6.0,7.63,False
12,False,10,Maitland Tiburon,2468609,Taysom Hill,TE,BE,False,2.5,5.04,False
12,False,10,Maitland Tiburon,-16002,Bills D/ST,D/ST,BE,False,8.0,5.09,False
12,False,10,Maitland Tiburon,2985659,Wil Lutz,K,BE,False,-1.0,6.9,False
12,False,10,Maitland Tiburon,14979,Bobby Wagner,LB,DP,True,6.0,9.52,False
12,False,3,Jim Ward's Ole Dick Necks,3068267,Austin Ekeler,RB,RB,True,19.5,18.17,False
12,False,3,Jim Ward's Ole Dick Necks,3126486,Deebo Samuel,WR,WR,True,5.8,13.25,False
12,False,3,Jim Ward's Ole Dick Necks,4240021,Cam Akers,RB,BE,False,3.7,7.6,False
12,False,3,Jim Ward's Ole Dick Necks,4241555,Elijah Mitchell,RB,RB,True,5.3,7.89,False
12,False,3,Jim Ward's Ole Dick Necks,3116165,Chris Godwin,WR,BE,False,23.0,11.48,False
12,False,3,Jim Ward's Ole Dick Necks,3059915,Kareem Hunt,RB,BE,False,2.6,7.89,False
12,False,3,Jim Ward's Ole Dick Necks,3120348,JuJu Smith-Schuster,WR,BE,False,5.3,10.86,False
12,False,3,Jim Ward's Ole Dick Necks,4361370,Chris Olave,WR,RB/WR/TE,True,8.7,10.36,False
12,False,3,Jim Ward's Ole Dick Necks,15795,DeAndre Hopkins,WR,WR,True,17.7,12.98,False
12,False,3,Jim Ward's Ole Dick Necks,3121023,Dallas Goedert,TE,IR,False,0.0,0.0,False
12,False,3,Jim Ward's Ole Dick Necks,8439,Aaron Rodgers,QB,BE,False,9.5,14.23,False
12,False,3,Jim Ward's Ole Dick Necks,2573401,Tyler Higbee,TE,TE,True,0.0,7.78,False
12,False,3,Jim Ward's Ole Dick Necks,14880,Kirk Cousins,QB,QB,True,21.86,14.13,False
12,False,3,Jim Ward's Ole Dick Necks,3121544,T.J. Edwards,LB,DP,True,7.0,9.68,False
12,False,3,Jim Ward's Ole Dick Necks,14993,Greg Zuerlein,K,K,True,8.0,7.6,False
12,False,3,Jim Ward's Ole Dick Necks,12460,Graham Gano,K,BE,False,11.0,7.36,False
12,False,3,Jim Ward's Ole Dick Necks,16790,Jarvis Landry,WR,BE,False,3.0,7.79,False
12,False,3,Jim Ward's Ole Dick Necks,-16012,Chiefs D/ST,D/ST,D/ST,True,13.0,8.1,False
12,False,6,SWIFT Kick In The Balls ,4259545,D'Andre Swift,RB,RB,True,8.3,9.53,False
12,False,6,SWIFT Kick In The Balls ,15847,Travis Kelce,TE,TE,True,13.7,15.4,False
12,False,6,SWIFT Kick In The Balls ,4239993,Tee Higgins,WR,WR,True,20.9,14.95,False
12,False,6,SWIFT Kick In The Balls ,3915416,DJ Moore,WR,WR,True,18.3,8.76,False
12,False,6,SWIFT Kick In The Balls ,3915511,Joe Burrow,QB,QB,True,18.0,19.59,False
12,False,6,SWIFT Kick In The Balls ,4360294,Antonio Gibson,RB,RB,True,6.9,11.71,False
12,False,6,SWIFT Kick In The Balls ,15807,Cordarrelle Patterson,RB,RB/WR/TE,True,8.6,7.95,False
12,False,6,SWIFT Kick In The Balls ,3045144,Tyler Boyd,WR,BE,False,2.6,9.99,False
12,False,6,SWIFT Kick In The Balls ,3128724,Isaiah McKenzie,WR,BE,False,19.3,7.02,False
12,False,6,SWIFT Kick In The Balls ,16720,C.J. Mosley,LB,BE,False,12.0,9.79,False
12,False,6,SWIFT Kick In The Balls ,4240455,Deon Jackson,RB,BE,False,0.0,4.41,False
12,False,6,SWIFT Kick In The Balls ,3121410,Parris Campbell,WR,BE,False,2.4,8.32,False
12,False,6,SWIFT Kick In The Balls ,16757,Derek Carr,QB,BE,False,20.8,17.23,False
12,False,6,SWIFT Kick In The Balls ,17427,Cairo Santos,K,K,True,4.0,6.19,False
12,False,6,SWIFT Kick In The Balls ,4035004,Mecole Hardman,WR,BE,False,0.0,0.0,False
12,False,6,SWIFT Kick In The Balls ,3124005,Zaire Franklin,LB,DP,True,11.0,10.43,False
12,False,6,SWIFT Kick In The Balls ,-16020,Jets D/ST,D/ST,D/ST,True,9.0,7.82,False
12,False,8,SCLSU Mud Dogs,3043078,Derrick Henry,RB,RB,True,13.2,16.63,False
12,False,8,SCLSU Mud Dogs,4241389,CeeDee Lamb,WR,WR,True,15.7,12.96,False
12,False,8,SCLSU Mud Dogs,3116365,Mark Andrews,TE,TE,True,9.0,12.39,False
12,False,8,SCLSU Mud Dogs,3045138,Mike Williams,WR,BE,False,0.0,0.0,False
12,False,8,SCLSU Mud Dogs,4047650,DK Metcalf,WR,WR,True,14.5,13.54,False
12,False,8,SCLSU Mud Dogs,2330,Tom Brady,QB,QB,True,18.04,17.48,False
12,False,8,SCLSU Mud Dogs,3916148,Tony Pollard,RB,RB,True,7.1,12.51,False
12,False,8,SCLSU Mud Dogs,2576434,Melvin Gordon III,RB,BE,False,0.0,0.0,False
12,False,8,SCLSU Mud Dogs,3050073,Foyesade Oluokun,LB,DP,True,18.0,9.63,False
12,False,8,SCLSU Mud Dogs,-16006,Cowboys D/ST,D/ST,D/ST,True,3.0,6.19,False
12,False,8,SCLSU Mud Dogs,4052042,James Robinson,RB,BE,False,0.0,0.0,False
12,False,8,SCLSU Mud Dogs,4426502,Drake London,WR,BE,False,3.9,7.29,False
12,False,8,SCLSU Mud Dogs,4362887,Justin Fields,QB,BE,False,0.0,0.0,False
12,False,8,SCLSU Mud Dogs,4426354,George Pickens,WR,RB/WR/TE,True,9.2,8.08,False
12,False,8,SCLSU Mud Dogs,16486,Brett Maher,K,K,True,3.0,8.27,False
12,False,8,SCLSU Mud Dogs,-16033,Ravens D/ST,D/ST,BE,False,5.0,5.56,False
12,False,8,SCLSU Mud Dogs,3129310,Drue Tranquill,LB,BE,False,9.0,9.99,False
12,False,5,COD Lobby Kyler,4242335,Jonathan Taylor,RB,RB,True,17.3,17.49,False
12,False,5,COD Lobby Kyler,15818,Keenan Allen,WR,WR,True,13.4,11.4,False
12,False,5,COD Lobby Kyler,4047365,Josh Jacobs,RB,RB,True,47.3,17.02,False
12,False,5,COD Lobby Kyler,3917315,Kyler Murray,QB,QB,True,25.24,20.18,False
12,False,5,COD Lobby Kyler,16460,Adam Thielen,WR,BE,False,16.6,7.92,False
12,False,5,COD Lobby Kyler,2577327,Tyler Lockett,WR,WR,True,14.3,11.49,False
12,False,5,COD Lobby Kyler,4048244,Alexander Mattison,RB,BE,False,1.1,3.18,False
12,False,5,COD Lobby Kyler,3122976,Jeff Wilson Jr.,RB,RB/WR/TE,True,11.7,14.05,False
12,False,5,COD Lobby Kyler,3916433,Jakobi Meyers,WR,BE,False,7.7,9.88,False
12,False,5,COD Lobby Kyler,15864,Geno Smith,QB,BE,False,19.32,19.91,False
12,False,5,COD Lobby Kyler,4242873,Eno Benjamin,RB,BE,False,0.0,0.0,False
12,False,5,COD Lobby Kyler,-16021,Eagles D/ST,D/ST,D/ST,True,6.0,6.13,False
12,False,5,COD Lobby Kyler,3126349,Rashaan Evans,LB,DP,True,13.0,10.39,False
12,False,5,COD Lobby Kyler,2473037,Jason Myers,K,K,True,11.0,8.2,False
12,False,5,COD Lobby Kyler,3123076,David Njoku,TE,TE,True,11.4,7.97,False
12,False,5,COD Lobby Kyler,3916945,Darius Slayton,WR,BE,False,7.8,8.45,False
12,False,5,COD Lobby Kyler,3929645,Juwan Johnson,TE,BE,False,0.0,6.43,False
12,False,4,BUT kicKERs,3117251,Christian McCaffrey,RB,RB,True,6.9,15.5,False
12,False,4,BUT kicKERs,3116406,Tyreek Hill,WR,WR,True,12.0,18.46,False
12,False,4,BUT kicKERs,3115364,Leonard Fournette,RB,BE,False,0.0,0.0,False
12,False,4,BUT kicKERs,4241463,Jerry Jeudy,WR,BE,False,0.0,0.0,False
12,False,4,BUT kicKERs,2576925,Darren Waller,TE,BE,False,0.0,0.0,False
12,False,4,BUT kicKERs,4241478,DeVonta Smith,WR,WR,True,7.0,10.03,False
12,False,4,BUT kicKERs,2577417,Dak Prescott,QB,BE,False,14.84,16.49,False
12,False,4,BUT kicKERs,3895856,Christian Kirk,WR,RB/WR/TE,True,6.1,11.3,False
12,False,4,BUT kicKERs,4569618,Garrett Wilson,WR,BE,False,23.9,9.48,False
12,False,4,BUT kicKERs,4241479,Tua Tagovailoa,QB,QB,True,15.96,20.3,False
12,False,4,BUT kicKERs,3051876,Evan Engram,TE,BE,False,0.9,5.74,False
12,False,4,BUT kicKERs,3055899,Harrison Butker,K,K,True,14.0,8.01,False
12,False,4,BUT kicKERs,-16004,Bengals D/ST,D/ST,D/ST,True,2.0,5.89,False
12,False,4,BUT kicKERs,4248528,Christian Watson,WR,BE,False,19.0,9.23,False
12,False,4,BUT kicKERs,3138826,Fred Warner,LB,DP,True,8.0,8.28,False
12,False,4,BUT kicKERs,3116389,Samaje Perine,RB,RB,True,17.3,11.8,False
12,False,4,BUT kicKERs,3918639,Gerald Everett,TE,TE,True,5.8,7.46,False
12,False,9,TBD TBD,3116593,Dalvin Cook,RB,RB,True,8.6,14.44,False
12,False,9,TBD TBD,3045147,James Conner,RB,RB/WR/TE,True,19.5,15.57,False
12,False,9,TBD TBD,4038941,Justin Herbert,QB,QB,True,28.76,17.87,False
12,False,9,TBD TBD,3040151,George Kittle,TE,TE,True,4.1,9.01,False
12,False,9,TBD TBD,2976499,Amari Cooper,WR,WR,True,12.9,10.66,False
12,False,9,TBD TBD,16731,Brandin Cooks,WR,BE,False,8.6,8.13,False
12,False,9,TBD TBD,15683,Justin Tucker,K,K,True,14.0,8.29,False
12,False,9,TBD TBD,15072,Marvin Jones Jr.,WR,BE,False,9.7,6.34,False
12,False,9,TBD TBD,16760,Jimmy Garoppolo,QB,BE,False,13.28,15.24,False
12,False,9,TBD TBD,3051738,Marquez Valdes-Scantling,WR,BE,False,7.6,7.32,False
12,False,9,TBD TBD,3042519,Aaron Jones,RB,RB,True,17.4,13.58,False
12,False,9,TBD TBD,3121427,Curtis Samuel,WR,WR,True,2.3,8.22,False
12,False,9,TBD TBD,16725,Sammy Watkins,WR,BE,False,0.0,3.3,False
12,False,9,TBD TBD,3930086,Dawson Knox,TE,BE,False,2.7,7.93,False
12,False,9,TBD TBD,3124679,Jason Sanders,K,BE,False,13.0,7.56,False
12,False,9,TBD TBD,3916903,Dre Greenlaw,LB,DP,True,8.0,8.96,False
12,False,9,TBD TBD,-16011,Colts D/ST,D/ST,D/ST,True,3.0,7.06,False
12,False,12,Rule  #76,4241457,Najee Harris,RB,RB,True,10.4,12.68,False
12,False,12,Rule  #76,3054850,Alvin Kamara,RB,RB,True,4.0,13.2,False
12,False,12,Rule  #76,4035687,Michael Pittman Jr.,WR,WR,True,16.6,10.61,False
12,False,12,Rule  #76,4372016,Jaylen Waddle,WR,WR,True,11.0,12.23,False
12,False,12,Rule  #76,3916387,Lamar Jackson,QB,QB,True,23.06,20.83,False
12,False,12,Rule  #76,16799,Allen Robinson II,WR,BE,False,0.0,0.0,False
12,False,12,Rule  #76,3128390,Allen Lazard,WR,BE,False,3.4,10.59,False
12,False,12,Rule  #76,15835,Zach Ertz,TE,BE,False,0.0,0.0,False
12,False,12,Rule  #76,4240657,Michael Carter,RB,BE,False,4.6,13.54,False
12,False,12,Rule  #76,4361423,Micah Parsons,LB,DP,True,7.0,7.78,False
12,False,12,Rule  #76,15920,Latavius Murray,RB,RB/WR/TE,True,10.3,13.04,False
12,False,12,Rule  #76,4241416,Chuba Hubbard,RB,BE,False,6.5,4.8,False
12,False,12,Rule  #76,3924365,Hayden Hurst,TE,TE,True,8.7,6.39,False
12,False,12,Rule  #76,4241474,Brian Robinson Jr.,RB,BE,False,19.5,8.06,False
12,False,12,Rule  #76,3050478,Jake Elliott,K,K,True,12.0,6.68,False
12,False,12,Rule  #76,-16015,Dolphins D/ST,D/ST,D/ST,True,20.0,7.23,False
12,False,12,Rule  #76,-16009,Packers D/ST,D/ST,BE,False,-5.0,3.13,False
12,False,1,T's Diddy ,4362628,Ja'Marr Chase,WR,BE,False,0.0,0.0,False
12,False,1,T's Diddy ,2976212,Stefon Diggs,WR,WR,True,17.7,17.47,False
12,False,1,T's Diddy ,4239996,Travis Etienne Jr.,RB,RB/WR/TE,True,0.3,16.18,False
12,False,1,T's Diddy ,4241985,J.K. Dobbins,RB,IR,False,0.0,0.0,False
12,False,1,T's Diddy ,4569173,Rhamondre Stevenson,RB,RB,True,15.7,15.14,False
12,False,1,T's Diddy ,4040655,Darnell Mooney,WR,WR,True,0.0,8.78,False
12,False,1,T's Diddy ,4360238,Dameon Pierce,RB,BE,False,4.1,12.92,False
12,False,1,T's Diddy ,4043130,Jordyn Brooks,LB,DP,True,16.0,10.32,False
12,False,1,T's Diddy ,3051909,Daniel Carlson,K,K,True,9.0,7.92,False
12,False,1,T's Diddy ,4697815,Rachaad White,RB,RB,True,16.4,12.62,False
12,False,1,T's Diddy ,4360310,Trevor Lawrence,QB,QB,True,24.94,16.03,False
12,False,1,T's Diddy ,2979843,Kenyan Drake,RB,BE,False,0.2,5.38,False
12,False,1,T's Diddy ,3917792,Daniel Jones,QB,BE,False,14.52,15.69,False
12,False,1,T's Diddy ,3122840,Deshaun Watson,QB,BE,False,0.0,0.0,False
12,False,1,T's Diddy ,4258195,Donovan Peoples-Jones,WR,BE,False,2.6,7.86,False
12,False,1,T's Diddy ,-16028,Commanders D/ST,D/ST,D/ST,True,6.0,6.65,False
12,False,1,T's Diddy ,4243009,Mykal Walker,LB,BE,False,11.0,8.56,False
12,False,1,T's Diddy ,3843945,Foster Moreau,TE,TE,True,10.8,7.39,False
12,False,11,Dez (Bryant) Nuts,3116385,Joe Mixon,RB,RB,True,0.0,0.0,False
12,False,11,Dez (Bryant) Nuts,3128720,Nick Chubb,RB,RB,True,19.7,15.99,False
12,False,11,Dez (Bryant) Nuts,16737,Mike Evans,WR,RB/WR/TE,True,4.1,11.62,False
12,False,11,Dez (Bryant) Nuts,4047646,A.J. Brown,WR,WR,True,10.6,13.19,False
12,False,11,Dez (Bryant) Nuts,4239934,AJ Dillon,RB,BE,False,16.3,6.0,False
12,False,11,Dez (Bryant) Nuts,3117256,Dalton Schultz,TE,TE,True,17.1,8.45,False
12,False,11,Dez (Bryant) Nuts,3925347,Damien Harris,RB,BE,False,1.6,7.36,False
12,False,11,Dez (Bryant) Nuts,4360438,Brandon Aiyuk,WR,WR,True,9.0,9.9,False
12,False,11,Dez (Bryant) Nuts,12483,Matthew Stafford,QB,BE,False,0.0,0.0,False
12,False,11,Dez (Bryant) Nuts,4039359,Darrell Henderson Jr.,RB,BE,False,0.0,0.0,False
12,False,11,Dez (Bryant) Nuts,4035434,Devin White,LB,DP,True,14.0,9.25,False
12,False,11,Dez (Bryant) Nuts,12731,Ryan Succop,K,BE,False,6.0,7.65,False
12,False,11,Dez (Bryant) Nuts,3046779,Jared Goff,QB,QB,True,17.6,13.81,False
12,False,11,Dez (Bryant) Nuts,3915486,Tyler Conklin,TE,BE,False,6.5,6.14,False
12,False,11,Dez (Bryant) Nuts,-16007,Broncos D/ST,D/ST,D/ST,True,2.0,7.0,False
12,False,11,Dez (Bryant) Nuts,2991662,Mack Hollins,WR,BE,False,14.3,8.2,False
12,False,11,Dez (Bryant) Nuts,4362081,Cameron Dicker,K,K,True,5.0,7.47,False
12,False,13,Christopher's Kryptonite ,2977187,Cooper Kupp,WR,IR,False,0.0,0.0,False
12,False,13,Christopher's Kryptonite ,3918298,Josh Allen,QB,QB,True,29.92,25.52,False
12,False,13,Christopher's Kryptonite ,3128429,Courtland Sutton,WR,BE,False,10.5,10.61,False
12,False,13,Christopher's Kryptonite ,3121422,Terry McLaurin,WR,WR,True,7.3,13.53,False
12,False,13,Christopher's Kryptonite ,4045163,Miles Sanders,RB,RB,True,29.5,11.95,False
12,False,13,Christopher's Kryptonite ,4567048,Kenneth Walker III,RB,RB,True,16.4,16.34,False
12,False,13,Christopher's Kryptonite ,-16017,Patriots D/ST,D/ST,D/ST,True,1.0,6.52,False
12,False,13,Christopher's Kryptonite ,3125116,D'Onta Foreman,RB,BE,False,11.3,10.87,False
12,False,13,Christopher's Kryptonite ,4361529,Isiah Pacheco,RB,RB/WR/TE,True,15.1,9.94,False
12,False,13,Christopher's Kryptonite ,4036133,T.J. Hockenson,TE,TE,True,12.8,8.96,False
12,False,13,Christopher's Kryptonite ,16800,Davante Adams,WR,WR,True,11.9,19.11,False
12,False,13,Christopher's Kryptonite ,3049899,Younghoe Koo,K,K,True,8.0,7.43,False
12,False,13,Christopher's Kryptonite ,4240600,Kadarius Toney,WR,BE,False,0.0,0.0,False
12,False,13,Christopher's Kryptonite ,3051926,Gus Edwards,RB,BE,False,9.2,7.54,False
12,False,13,Christopher's Kryptonite ,16733,Odell Beckham Jr.,WR,BE,False,0.0,0.0,True
12,False,13,Christopher's Kryptonite ,-16016,Vikings D/ST,D/ST,BE,False,6.0,6.91,False
12,False,13,Christopher's Kryptonite ,3040150,Josey Jewell,LB,DP,True,10.0,8.66,False
12,False,13,Christopher's Kryptonite ,4567156,Treylon Burks,WR,BE,False,15.0,7.86,False
13,False,6,SWIFT Kick In The Balls ,4259545,D'Andre Swift,RB,RB,True,19.1,9.08,False
13,False,6,SWIFT Kick In The Balls ,15847,Travis Kelce,TE,TE,True,5.6,16.23,False
13,False,6,SWIFT Kick In The Balls ,4239993,Tee Higgins,WR,WR,True,11.0,12.7,False
13,False,6,SWIFT Kick In The Balls ,3915416,DJ Moore,WR,BE,False,0.0,0.0,True
13,False,6,SWIFT Kick In The Balls ,3915511,Joe Burrow,QB,QB,True,30.04,21.85,False
13,False,6,SWIFT Kick In The Balls ,4360294,Antonio Gibson,RB,RB,True,6.9,10.14,False
13,False,6,SWIFT Kick In The Balls ,15807,Cordarrelle Patterson,RB,RB/WR/TE,True,6.0,10.08,False
13,False,6,SWIFT Kick In The Balls ,3045144,Tyler Boyd,WR,BE,False,8.0,7.26,False
13,False,6,SWIFT Kick In The Balls ,3128724,Isaiah McKenzie,WR,WR,True,6.9,6.82,False
13,False,6,SWIFT Kick In The Balls ,16720,C.J. Mosley,LB,BE,False,9.0,10.09,False
13,False,6,SWIFT Kick In The Balls ,4240455,Deon Jackson,RB,BE,False,0.6,2.57,False
13,False,6,SWIFT Kick In The Balls ,3121410,Parris Campbell,WR,BE,False,7.5,7.92,False
13,False,6,SWIFT Kick In The Balls ,16757,Derek Carr,QB,BE,False,16.0,17.52,False
13,False,6,SWIFT Kick In The Balls ,17427,Cairo Santos,K,K,True,7.0,8.2,False
13,False,6,SWIFT Kick In The Balls ,4035004,Mecole Hardman,WR,IR,False,0.0,0.0,False
13,False,6,SWIFT Kick In The Balls ,3124005,Zaire Franklin,LB,DP,True,10.0,10.26,False
13,False,6,SWIFT Kick In The Balls ,-16020,Jets D/ST,D/ST,D/ST,True,4.0,5.9,False
13,False,6,SWIFT Kick In The Balls ,4427728,Zonovan Knight,RB,BE,False,14.3,9.56,False
13,False,2,Zeke -A Virus,3929630,Saquon Barkley,RB,RB,True,16.6,16.25,False
13,False,2,Zeke -A Virus,3051392,Ezekiel Elliott,RB,RB,True,16.6,10.19,False
13,False,2,Zeke -A Virus,3139477,Patrick Mahomes,QB,QB,True,19.82,22.74,False
13,False,2,Zeke -A Virus,3932905,Diontae Johnson,WR,WR,True,8.5,8.9,False
13,False,2,Zeke -A Virus,4243537,Gabe Davis,WR,WR,True,8.5,9.31,False
13,False,2,Zeke -A Virus,4046692,Chase Claypool,WR,BE,False,3.3,6.9,False
13,False,2,Zeke -A Virus,-16027,Buccaneers D/ST,D/ST,D/ST,True,5.0,5.78,False
13,False,2,Zeke -A Virus,3917232,Tyler Bass,K,K,True,7.0,7.68,False
13,False,2,Zeke -A Virus,3915189,Roquan Smith,LB,DP,True,11.0,9.82,False
13,False,2,Zeke -A Virus,4036348,Michael Gallup,WR,RB/WR/TE,True,16.3,7.65,False
13,False,2,Zeke -A Virus,4243331,Cade Otton,TE,BE,False,11.8,3.23,False
13,False,2,Zeke -A Virus,2576980,Marcus Mariota,QB,BE,False,10.38,15.71,False
13,False,2,Zeke -A Virus,4039050,Devin Duvernay,WR,BE,False,7.3,6.4,False
13,False,2,Zeke -A Virus,4240778,Jamin Davis,LB,BE,False,12.0,8.21,False
13,False,2,Zeke -A Virus,16782,Jerick McKinnon,RB,BE,False,14.0,6.99,False
13,False,2,Zeke -A Virus,-16014,Rams D/ST,D/ST,BE,False,5.0,5.21,False
13,False,2,Zeke -A Virus,4367209,Greg Dulcich,TE,TE,True,11.5,6.0,False
13,False,5,COD Lobby Kyler,4242335,Jonathan Taylor,RB,RB,True,11.8,16.23,False
13,False,5,COD Lobby Kyler,15818,Keenan Allen,WR,WR,True,17.8,12.76,False
13,False,5,COD Lobby Kyler,4047365,Josh Jacobs,RB,RB,True,20.0,22.31,False
13,False,5,COD Lobby Kyler,3917315,Kyler Murray,QB,BE,False,0.0,0.0,True
13,False,5,COD Lobby Kyler,16460,Adam Thielen,WR,BE,False,3.7,8.96,False
13,False,5,COD Lobby Kyler,2577327,Tyler Lockett,WR,WR,True,23.3,10.07,False
13,False,5,COD Lobby Kyler,4048244,Alexander Mattison,RB,BE,False,8.8,3.03,False
13,False,5,COD Lobby Kyler,3122976,Jeff Wilson Jr.,RB,RB/WR/TE,True,1.3,9.53,False
13,False,5,COD Lobby Kyler,3916433,Jakobi Meyers,WR,BE,False,3.7,9.28,False
13,False,5,COD Lobby Kyler,15864,Geno Smith,QB,QB,True,22.98,17.41,False
13,False,5,COD Lobby Kyler,4242873,Eno Benjamin,RB,BE,False,0.0,1.66,False
13,False,5,COD Lobby Kyler,-16021,Eagles D/ST,D/ST,D/ST,True,11.0,6.58,False
13,False,5,COD Lobby Kyler,3126349,Rashaan Evans,LB,DP,True,15.0,10.6,False
13,False,5,COD Lobby Kyler,2473037,Jason Myers,K,K,True,10.0,7.54,False
13,False,5,COD Lobby Kyler,3123076,David Njoku,TE,BE,False,0.0,0.0,False
13,False,5,COD Lobby Kyler,3916945,Darius Slayton,WR,BE,False,12.0,7.9,False
13,False,5,COD Lobby Kyler,4258595,Cole Kmet,TE,TE,True,10.2,7.25,False
13,False,3,Jim Ward's Ole Dick Necks,3068267,Austin Ekeler,RB,RB,True,10.7,18.24,False
13,False,3,Jim Ward's Ole Dick Necks,3126486,Deebo Samuel,WR,RB/WR/TE,True,9.3,12.58,False
13,False,3,Jim Ward's Ole Dick Necks,4240021,Cam Akers,RB,BE,False,18.5,7.19,False
13,False,3,Jim Ward's Ole Dick Necks,3116165,Chris Godwin,WR,WR,True,10.3,11.51,False
13,False,3,Jim Ward's Ole Dick Necks,3059915,Kareem Hunt,RB,BE,False,8.4,7.58,False
13,False,3,Jim Ward's Ole Dick Necks,3120348,JuJu Smith-Schuster,WR,WR,True,5.0,9.5,False
13,False,3,Jim Ward's Ole Dick Necks,2573401,Tyler Higbee,TE,TE,True,2.4,6.89,False
13,False,3,Jim Ward's Ole Dick Necks,14880,Kirk Cousins,QB,BE,False,11.82,15.18,False
13,False,3,Jim Ward's Ole Dick Necks,3121544,T.J. Edwards,LB,DP,True,6.0,8.83,False
13,False,3,Jim Ward's Ole Dick Necks,12460,Graham Gano,K,K,True,8.0,8.02,False
13,False,3,Jim Ward's Ole Dick Necks,16790,Jarvis Landry,WR,BE,False,2.4,7.25,False
13,False,3,Jim Ward's Ole Dick Necks,-16012,Chiefs D/ST,D/ST,D/ST,True,-2.0,3.9,False
13,False,3,Jim Ward's Ole Dick Necks,3122840,Deshaun Watson,QB,QB,True,5.34,19.24,False
13,False,3,Jim Ward's Ole Dick Necks,4697815,Rachaad White,RB,BE,False,14.9,8.97,False
13,False,3,Jim Ward's Ole Dick Necks,4258173,Nico Collins,WR,BE,False,11.0,9.11,False
13,False,3,Jim Ward's Ole Dick Necks,4569987,Jaylen Warren,RB,BE,False,2.9,5.77,False
13,False,3,Jim Ward's Ole Dick Necks,4241457,Najee Harris,RB,RB,True,9.7,12.3,False
13,False,9,TBD TBD,3116593,Dalvin Cook,RB,RB,True,15.3,14.73,False
13,False,9,TBD TBD,3045147,James Conner,RB,BE,False,0.0,0.0,True
13,False,9,TBD TBD,4038941,Justin Herbert,QB,QB,True,18.1,19.82,False
13,False,9,TBD TBD,3040151,George Kittle,TE,TE,True,3.2,8.26,False
13,False,9,TBD TBD,2976499,Amari Cooper,WR,WR,True,6.0,12.51,False
13,False,9,TBD TBD,16731,Brandin Cooks,WR,RB/WR/TE,True,0.0,0.0,False
13,False,9,TBD TBD,15683,Justin Tucker,K,K,True,4.0,8.65,False
13,False,9,TBD TBD,15072,Marvin Jones Jr.,WR,BE,False,2.2,6.63,False
13,False,9,TBD TBD,16760,Jimmy Garoppolo,QB,BE,False,2.24,15.53,False
13,False,9,TBD TBD,3051738,Marquez Valdes-Scantling,WR,BE,False,8.1,8.26,False
13,False,9,TBD TBD,3042519,Aaron Jones,RB,RB,True,7.5,15.12,False
13,False,9,TBD TBD,3121427,Curtis Samuel,WR,WR,True,11.6,7.51,False
13,False,9,TBD TBD,16725,Sammy Watkins,WR,BE,False,0.0,1.84,False
13,False,9,TBD TBD,3930086,Dawson Knox,TE,BE,False,1.0,6.22,False
13,False,9,TBD TBD,3124679,Jason Sanders,K,BE,False,6.0,7.19,False
13,False,9,TBD TBD,3916903,Dre Greenlaw,LB,DP,True,16.0,9.03,False
13,False,9,TBD TBD,-16026,Seahawks D/ST,D/ST,D/ST,True,8.0,6.47,False
13,False,8,SCLSU Mud Dogs,3043078,Derrick Henry,RB,RB,True,4.8,16.01,False
13,False,8,SCLSU Mud Dogs,4241389,CeeDee Lamb,WR,RB/WR/TE,True,17.9,13.33,False
13,False,8,SCLSU Mud Dogs,3116365,Mark Andrews,TE,TE,True,7.4,10.77,False
13,False,8,SCLSU Mud Dogs,3045138,Mike Williams,WR,BE,False,0.0,0.0,False
13,False,8,SCLSU Mud Dogs,4047650,DK Metcalf,WR,WR,True,22.7,12.97,False
13,False,8,SCLSU Mud Dogs,2330,Tom Brady,QB,BE,False,17.14,16.34,False
13,False,8,SCLSU Mud Dogs,3916148,Tony Pollard,RB,RB,True,23.6,12.19,False
13,False,8,SCLSU Mud Dogs,2576434,Melvin Gordon III,RB,BE,False,0.0,0.0,False
13,False,8,SCLSU Mud Dogs,3050073,Foyesade Oluokun,LB,DP,True,15.0,10.07,False
13,False,8,SCLSU Mud Dogs,-16006,Cowboys D/ST,D/ST,D/ST,True,19.0,7.11,False
13,False,8,SCLSU Mud Dogs,4426502,Drake London,WR,BE,False,12.5,7.42,False
13,False,8,SCLSU Mud Dogs,4362887,Justin Fields,QB,QB,True,19.26,22.18,False
13,False,8,SCLSU Mud Dogs,4426354,George Pickens,WR,WR,True,0.7,8.96,False
13,False,8,SCLSU Mud Dogs,16486,Brett Maher,K,K,True,6.0,8.25,False
13,False,8,SCLSU Mud Dogs,-16033,Ravens D/ST,D/ST,BE,False,7.0,6.8,False
13,False,8,SCLSU Mud Dogs,4373626,Tyler Allgeier,RB,BE,False,5.2,7.47,False
13,False,8,SCLSU Mud Dogs,4430737,Kyren Williams,RB,BE,False,1.9,9.3,False
13,False,1,T's Diddy ,4362628,Ja'Marr Chase,WR,WR,True,13.2,15.67,False
13,False,1,T's Diddy ,2976212,Stefon Diggs,WR,WR,True,18.7,14.61,False
13,False,1,T's Diddy ,4239996,Travis Etienne Jr.,RB,RB/WR/TE,True,6.1,15.33,False
13,False,1,T's Diddy ,4241985,J.K. Dobbins,RB,IR,False,0.0,0.0,False
13,False,1,T's Diddy ,4569173,Rhamondre Stevenson,RB,RB,True,10.8,16.29,False
13,False,1,T's Diddy ,4360238,Dameon Pierce,RB,RB,True,11.0,13.29,False
13,False,1,T's Diddy ,4043130,Jordyn Brooks,LB,DP,True,11.0,10.57,False
13,False,1,T's Diddy ,3051909,Daniel Carlson,K,K,True,10.0,8.55,False
13,False,1,T's Diddy ,4360310,Trevor Lawrence,QB,QB,True,16.36,18.47,False
13,False,1,T's Diddy ,2979843,Kenyan Drake,RB,BE,False,5.6,3.32,False
13,False,1,T's Diddy ,3917792,Daniel Jones,QB,BE,False,17.1,14.6,False
13,False,1,T's Diddy ,4258195,Donovan Peoples-Jones,WR,BE,False,12.9,8.8,False
13,False,1,T's Diddy ,-16028,Commanders D/ST,D/ST,D/ST,True,6.0,5.79,False
13,False,1,T's Diddy ,3843945,Foster Moreau,TE,TE,True,3.7,7.17,False
13,False,1,T's Diddy ,3059722,Zay Jones,WR,BE,False,2.6,9.44,False
13,False,1,T's Diddy ,-16005,Browns D/ST,D/ST,BE,False,31.0,6.99,False
13,False,1,T's Diddy ,3121023,Dallas Goedert,TE,BE,False,0.0,0.0,False
13,False,1,T's Diddy ,4361370,Chris Olave,WR,BE,False,8.5,11.07,False
13,False,4,BUT kicKERs,3117251,Christian McCaffrey,RB,RB,True,24.6,15.46,False
13,False,4,BUT kicKERs,3116406,Tyreek Hill,WR,WR,True,26.1,16.61,False
13,False,4,BUT kicKERs,3115364,Leonard Fournette,RB,BE,False,11.1,9.98,False
13,False,4,BUT kicKERs,4241463,Jerry Jeudy,WR,BE,False,8.5,8.49,False
13,False,4,BUT kicKERs,2576925,Darren Waller,TE,BE,False,0.0,0.0,False
13,False,4,BUT kicKERs,4241478,DeVonta Smith,WR,BE,False,18.7,10.44,False
13,False,4,BUT kicKERs,2577417,Dak Prescott,QB,BE,False,16.8,15.7,False
13,False,4,BUT kicKERs,3895856,Christian Kirk,WR,RB/WR/TE,True,13.4,12.44,False
13,False,4,BUT kicKERs,4569618,Garrett Wilson,WR,WR,True,20.2,11.69,False
13,False,4,BUT kicKERs,4241479,Tua Tagovailoa,QB,QB,True,13.8,17.71,False
13,False,4,BUT kicKERs,3051876,Evan Engram,TE,BE,False,11.5,5.41,False
13,False,4,BUT kicKERs,3055899,Harrison Butker,K,K,True,5.0,7.78,False
13,False,4,BUT kicKERs,-16004,Bengals D/ST,D/ST,D/ST,True,4.0,2.59,False
13,False,4,BUT kicKERs,4248528,Christian Watson,WR,BE,False,22.9,11.44,False
13,False,4,BUT kicKERs,3138826,Fred Warner,LB,DP,True,4.0,8.55,False
13,False,4,BUT kicKERs,3116389,Samaje Perine,RB,RB,True,18.5,14.52,False
13,False,4,BUT kicKERs,3918639,Gerald Everett,TE,TE,True,10.5,7.37,False
13,False,13,Christopher's Kryptonite ,2977187,Cooper Kupp,WR,IR,False,0.0,0.0,False
13,False,13,Christopher's Kryptonite ,3918298,Josh Allen,QB,QB,True,17.92,20.16,False
13,False,13,Christopher's Kryptonite ,3128429,Courtland Sutton,WR,RB/WR/TE,True,0.0,9.86,False
13,False,13,Christopher's Kryptonite ,3121422,Terry McLaurin,WR,WR,True,20.5,12.17,False
13,False,13,Christopher's Kryptonite ,4045163,Miles Sanders,RB,RB,True,10.8,11.41,False
13,False,13,Christopher's Kryptonite ,4567048,Kenneth Walker III,RB,RB,True,3.6,14.18,False
13,False,13,Christopher's Kryptonite ,-16017,Patriots D/ST,D/ST,BE,False,3.0,5.17,False
13,False,13,Christopher's Kryptonite ,3125116,D'Onta Foreman,RB,BE,False,0.0,0.0,True
13,False,13,Christopher's Kryptonite ,4361529,Isiah Pacheco,RB,BE,False,16.2,9.41,False
13,False,13,Christopher's Kryptonite ,4036133,T.J. Hockenson,TE,TE,True,5.3,9.54,False
13,False,13,Christopher's Kryptonite ,16800,Davante Adams,WR,WR,True,33.7,17.38,False
13,False,13,Christopher's Kryptonite ,3049899,Younghoe Koo,K,K,True,14.0,7.9,False
13,False,13,Christopher's Kryptonite ,4240600,Kadarius Toney,WR,BE,False,0.0,0.0,False
13,False,13,Christopher's Kryptonite ,3051926,Gus Edwards,RB,BE,False,1.2,9.58,False
13,False,13,Christopher's Kryptonite ,-16016,Vikings D/ST,D/ST,D/ST,True,0.0,5.16,False
13,False,13,Christopher's Kryptonite ,3040150,Josey Jewell,LB,DP,True,18.0,9.53,False
13,False,13,Christopher's Kryptonite ,4567156,Treylon Burks,WR,BE,False,9.0,8.17,False
13,False,13,Christopher's Kryptonite ,4426388,Jameson Williams,WR,BE,False,0.0,3.69,False
13,False,12,Rule  #76,3054850,Alvin Kamara,RB,RB,True,4.7,13.79,False
13,False,12,Rule  #76,4035687,Michael Pittman Jr.,WR,WR,True,2.6,10.72,False
13,False,12,Rule  #76,4372016,Jaylen Waddle,WR,WR,True,1.4,11.82,False
13,False,12,Rule  #76,3916387,Lamar Jackson,QB,QB,True,1.34,18.87,False
13,False,12,Rule  #76,3128390,Allen Lazard,WR,BE,False,9.2,10.99,False
13,False,12,Rule  #76,15835,Zach Ertz,TE,IR,False,0.0,0.0,True
13,False,12,Rule  #76,4240657,Michael Carter,RB,BE,False,0.0,0.0,False
13,False,12,Rule  #76,15920,Latavius Murray,RB,RB,True,8.1,10.01,False
13,False,12,Rule  #76,4241416,Chuba Hubbard,RB,BE,False,0.0,0.0,True
13,False,12,Rule  #76,3924365,Hayden Hurst,TE,TE,True,2.2,7.27,False
13,False,12,Rule  #76,4241474,Brian Robinson Jr.,RB,RB/WR/TE,True,12.1,9.47,False
13,False,12,Rule  #76,-16015,Dolphins D/ST,D/ST,D/ST,True,5.0,4.94,False
13,False,12,Rule  #76,3051381,Mike White,QB,BE,False,17.46,14.33,False
13,False,12,Rule  #76,3930066,Van Jefferson,WR,BE,False,4.9,8.57,False
13,False,12,Rule  #76,4362759,Nick Bolton,LB,DP,True,16.0,9.0,False
13,False,12,Rule  #76,4360234,Evan McPherson,K,K,True,11.0,8.02,False
13,False,12,Rule  #76,15795,DeAndre Hopkins,WR,BE,False,0.0,0.0,True
13,False,12,Rule  #76,3129310,Drue Tranquill,LB,BE,False,5.0,9.42,False
13,False,10,Maitland Tiburon,4262921,Justin Jefferson,WR,WR,True,15.1,15.81,False
13,False,10,Maitland Tiburon,4035538,David Montgomery,RB,RB/WR/TE,True,14.7,13.75,False
13,False,10,Maitland Tiburon,4241372,Marquise Brown,WR,IR,False,0.0,0.0,True
13,False,10,Maitland Tiburon,4040715,Jalen Hurts,QB,QB,True,34.4,22.07,False
13,False,10,Maitland Tiburon,4374302,Amon-Ra St. Brown,WR,WR,True,29.1,12.85,False
13,False,10,Maitland Tiburon,4040761,Devin Singletary,RB,RB,True,11.1,9.56,False
13,False,10,Maitland Tiburon,4361411,Pat Freiermuth,TE,TE,True,9.1,9.66,False
13,False,10,Maitland Tiburon,-16025,49ers D/ST,D/ST,BE,False,18.0,4.43,False
13,False,10,Maitland Tiburon,2980453,Jamaal Williams,RB,RB,True,9.5,11.91,False
13,False,10,Maitland Tiburon,2576414,Raheem Mostert,RB,BE,False,3.0,7.23,False
13,False,10,Maitland Tiburon,4372485,Rondale Moore,WR,BE,False,0.0,0.0,True
13,False,10,Maitland Tiburon,4242433,Joshua Palmer,WR,BE,False,9.5,10.03,False
13,False,10,Maitland Tiburon,4428963,Cade York,K,K,True,11.0,7.24,False
13,False,10,Maitland Tiburon,2468609,Taysom Hill,TE,BE,False,12.34,7.7,False
13,False,10,Maitland Tiburon,-16002,Bills D/ST,D/ST,D/ST,True,6.0,6.99,False
13,False,10,Maitland Tiburon,2985659,Wil Lutz,K,BE,False,10.0,6.72,False
13,False,10,Maitland Tiburon,14979,Bobby Wagner,LB,DP,True,13.0,8.81,False
13,False,11,Dez (Bryant) Nuts,3116385,Joe Mixon,RB,RB,True,0.0,0.0,False
13,False,11,Dez (Bryant) Nuts,3128720,Nick Chubb,RB,RB,True,8.0,17.83,False
13,False,11,Dez (Bryant) Nuts,16737,Mike Evans,WR,RB/WR/TE,True,7.9,11.1,False
13,False,11,Dez (Bryant) Nuts,4047646,A.J. Brown,WR,WR,True,27.9,12.89,False
13,False,11,Dez (Bryant) Nuts,4239934,AJ Dillon,RB,BE,False,19.4,8.16,False
13,False,11,Dez (Bryant) Nuts,3117256,Dalton Schultz,TE,TE,True,4.3,7.29,False
13,False,11,Dez (Bryant) Nuts,3925347,Damien Harris,RB,BE,False,0.0,0.0,False
13,False,11,Dez (Bryant) Nuts,4360438,Brandon Aiyuk,WR,WR,True,8.1,9.97,False
13,False,11,Dez (Bryant) Nuts,12483,Matthew Stafford,QB,IR,False,0.0,0.0,False
13,False,11,Dez (Bryant) Nuts,4039359,Darrell Henderson Jr.,RB,BE,False,0.0,0.0,False
13,False,11,Dez (Bryant) Nuts,4035434,Devin White,LB,DP,True,5.0,8.9,False
13,False,11,Dez (Bryant) Nuts,12731,Ryan Succop,K,K,True,5.0,8.2,False
13,False,11,Dez (Bryant) Nuts,3046779,Jared Goff,QB,QB,True,21.6,14.9,False
13,False,11,Dez (Bryant) Nuts,3915486,Tyler Conklin,TE,BE,False,1.9,6.22,False
13,False,11,Dez (Bryant) Nuts,-16007,Broncos D/ST,D/ST,BE,False,13.0,4.86,False
13,False,11,Dez (Bryant) Nuts,2991662,Mack Hollins,WR,BE,False,6.0,8.42,False
13,False,11,Dez (Bryant) Nuts,4362081,Cameron Dicker,K,BE,False,7.0,7.57,False
13,False,11,Dez (Bryant) Nuts,-16023,Steelers D/ST,D/ST,D/ST,True,4.0,6.41,False
14,False,2,Zeke -A Virus,3929630,Saquon Barkley,RB,RB,True,5.8,16.76,False
14,False,2,Zeke -A Virus,3051392,Ezekiel Elliott,RB,RB,True,16.6,13.19,False
14,False,2,Zeke -A Virus,3139477,Patrick Mahomes,QB,QB,True,19.78,19.62,False
14,False,2,Zeke -A Virus,3932905,Diontae Johnson,WR,WR,True,12.2,9.34,False
14,False,2,Zeke -A Virus,4243537,Gabe Davis,WR,WR,True,4.6,9.93,False
14,False,2,Zeke -A Virus,4046692,Chase Claypool,WR,BE,False,0.0,0.0,True
14,False,2,Zeke -A Virus,-16027,Buccaneers D/ST,D/ST,D/ST,True,-4.0,5.15,False
14,False,2,Zeke -A Virus,3917232,Tyler Bass,K,K,True,9.0,8.24,False
14,False,2,Zeke -A Virus,3915189,Roquan Smith,LB,DP,True,9.0,10.27,False
14,False,2,Zeke -A Virus,4036348,Michael Gallup,WR,RB/WR/TE,True,5.0,8.78,False
14,False,2,Zeke -A Virus,4243331,Cade Otton,TE,BE,False,5.8,3.11,False
14,False,2,Zeke -A Virus,2576980,Marcus Mariota,QB,BE,False,0.0,0.0,True
14,False,2,Zeke -A Virus,4039050,Devin Duvernay,WR,BE,False,0.0,6.27,False
14,False,2,Zeke -A Virus,4240778,Jamin Davis,LB,BE,False,0.0,0.0,True
14,False,2,Zeke -A Virus,16782,Jerick McKinnon,RB,BE,False,28.9,7.32,False
14,False,2,Zeke -A Virus,-16014,Rams D/ST,D/ST,BE,False,5.0,3.83,False
14,False,2,Zeke -A Virus,4367209,Greg Dulcich,TE,TE,True,5.7,7.47,False
14,False,5,COD Lobby Kyler,4242335,Jonathan Taylor,RB,BE,False,0.0,0.0,True
14,False,5,COD Lobby Kyler,15818,Keenan Allen,WR,WR,True,15.2,12.85,False
14,False,5,COD Lobby Kyler,4047365,Josh Jacobs,RB,RB,True,18.4,18.7,False
14,False,5,COD Lobby Kyler,3917315,Kyler Murray,QB,BE,False,0.66,16.93,False
14,False,5,COD Lobby Kyler,16460,Adam Thielen,WR,RB/WR/TE,True,16.0,9.95,False
14,False,5,COD Lobby Kyler,2577327,Tyler Lockett,WR,WR,True,15.5,11.14,False
14,False,5,COD Lobby Kyler,4048244,Alexander Mattison,RB,BE,False,-0.1,3.78,False
14,False,5,COD Lobby Kyler,3122976,Jeff Wilson Jr.,RB,BE,False,2.6,9.81,False
14,False,5,COD Lobby Kyler,15864,Geno Smith,QB,QB,True,20.56,18.95,False
14,False,5,COD Lobby Kyler,-16021,Eagles D/ST,D/ST,D/ST,True,9.0,6.48,False
14,False,5,COD Lobby Kyler,3126349,Rashaan Evans,LB,BE,False,0.0,0.0,True
14,False,5,COD Lobby Kyler,2473037,Jason Myers,K,K,True,6.0,7.98,False
14,False,5,COD Lobby Kyler,3123076,David Njoku,TE,TE,True,15.2,8.04,False
14,False,5,COD Lobby Kyler,3916945,Darius Slayton,WR,BE,False,5.2,8.53,False
14,False,5,COD Lobby Kyler,4258595,Cole Kmet,TE,BE,False,0.0,0.0,True
14,False,5,COD Lobby Kyler,2510863,Eric Kendricks,LB,DP,True,9.0,8.66,False
14,False,5,COD Lobby Kyler,4037457,Travis Homer,RB,RB,True,6.4,11.14,False
14,False,3,Jim Ward's Ole Dick Necks,3068267,Austin Ekeler,RB,RB,True,20.4,16.34,False
14,False,3,Jim Ward's Ole Dick Necks,3126486,Deebo Samuel,WR,WR,True,12.4,12.45,False
14,False,3,Jim Ward's Ole Dick Necks,4240021,Cam Akers,RB,RB/WR/TE,True,8.8,8.63,False
14,False,3,Jim Ward's Ole Dick Necks,3116165,Chris Godwin,WR,WR,True,8.9,11.61,False
14,False,3,Jim Ward's Ole Dick Necks,3059915,Kareem Hunt,RB,BE,False,2.2,6.59,False
14,False,3,Jim Ward's Ole Dick Necks,3120348,JuJu Smith-Schuster,WR,BE,False,18.9,8.48,False
14,False,3,Jim Ward's Ole Dick Necks,2573401,Tyler Higbee,TE,TE,True,2.1,6.62,False
14,False,3,Jim Ward's Ole Dick Necks,14880,Kirk Cousins,QB,QB,True,26.0,18.02,False
14,False,3,Jim Ward's Ole Dick Necks,3121544,T.J. Edwards,LB,DP,True,6.0,9.54,False
14,False,3,Jim Ward's Ole Dick Necks,12460,Graham Gano,K,K,True,2.0,7.95,False
14,False,3,Jim Ward's Ole Dick Necks,16790,Jarvis Landry,WR,BE,False,0.0,0.0,True
14,False,3,Jim Ward's Ole Dick Necks,-16012,Chiefs D/ST,D/ST,D/ST,True,15.0,5.65,False
14,False,3,Jim Ward's Ole Dick Necks,3122840,Deshaun Watson,QB,BE,False,16.34,17.73,False
14,False,3,Jim Ward's Ole Dick Necks,4697815,Rachaad White,RB,BE,False,10.2,8.0,False
14,False,3,Jim Ward's Ole Dick Necks,4258173,Nico Collins,WR,BE,False,0.0,0.0,False
14,False,3,Jim Ward's Ole Dick Necks,4569987,Jaylen Warren,RB,BE,False,4.7,4.78,False
14,False,3,Jim Ward's Ole Dick Necks,4241457,Najee Harris,RB,RB,True,12.0,9.81,False
14,False,9,TBD TBD,3116593,Dalvin Cook,RB,RB,True,8.1,16.56,False
14,False,9,TBD TBD,3045147,James Conner,RB,RB,True,20.4,12.44,False
14,False,9,TBD TBD,4038941,Justin Herbert,QB,QB,True,19.48,18.46,False
14,False,9,TBD TBD,3040151,George Kittle,TE,TE,True,4.8,7.08,False
14,False,9,TBD TBD,2976499,Amari Cooper,WR,WR,True,5.2,12.15,False
14,False,9,TBD TBD,16731,Brandin Cooks,WR,RB/WR/TE,True,0.0,0.0,False
14,False,9,TBD TBD,15683,Justin Tucker,K,K,True,11.0,7.3,False
14,False,9,TBD TBD,15072,Marvin Jones Jr.,WR,BE,False,2.7,5.65,False
14,False,9,TBD TBD,16760,Jimmy Garoppolo,QB,BE,False,0.0,0.0,False
14,False,9,TBD TBD,3051738,Marquez Valdes-Scantling,WR,WR,True,2.5,7.55,False
14,False,9,TBD TBD,3042519,Aaron Jones,RB,BE,False,0.0,0.0,True
14,False,9,TBD TBD,3121427,Curtis Samuel,WR,BE,False,0.0,0.0,True
14,False,9,TBD TBD,16725,Sammy Watkins,WR,BE,False,0.0,0.0,True
14,False,9,TBD TBD,3930086,Dawson Knox,TE,BE,False,12.1,5.76,False
14,False,9,TBD TBD,3124679,Jason Sanders,K,BE,False,7.0,7.2,False
14,False,9,TBD TBD,3916903,Dre Greenlaw,LB,DP,True,17.0,9.8,False
14,False,9,TBD TBD,-16026,Seahawks D/ST,D/ST,D/ST,True,1.0,5.8,False
14,False,13,Christopher's Kryptonite ,2977187,Cooper Kupp,WR,IR,False,0.0,0.0,False
14,False,13,Christopher's Kryptonite ,3918298,Josh Allen,QB,QB,True,20.58,20.99,False
14,False,13,Christopher's Kryptonite ,3128429,Courtland Sutton,WR,BE,False,0.0,0.0,False
14,False,13,Christopher's Kryptonite ,3121422,Terry McLaurin,WR,BE,False,0.0,0.0,True
14,False,13,Christopher's Kryptonite ,4045163,Miles Sanders,RB,RB,True,28.0,11.7,False
14,False,13,Christopher's Kryptonite ,4567048,Kenneth Walker III,RB,BE,False,0.0,0.0,False
14,False,13,Christopher's Kryptonite ,-16017,Patriots D/ST,D/ST,D/ST,True,19.0,5.89,False
14,False,13,Christopher's Kryptonite ,3125116,D'Onta Foreman,RB,RB,True,8.0,11.37,False
14,False,13,Christopher's Kryptonite ,4361529,Isiah Pacheco,RB,RB/WR/TE,True,10.8,11.72,False
14,False,13,Christopher's Kryptonite ,4036133,T.J. Hockenson,TE,TE,True,8.7,10.44,False
14,False,13,Christopher's Kryptonite ,16800,Davante Adams,WR,WR,True,9.6,15.85,False
14,False,13,Christopher's Kryptonite ,4240600,Kadarius Toney,WR,BE,False,0.0,0.0,False
14,False,13,Christopher's Kryptonite ,-16016,Vikings D/ST,D/ST,BE,False,-6.0,3.42,False
14,False,13,Christopher's Kryptonite ,3040150,Josey Jewell,LB,DP,True,14.0,10.26,False
14,False,13,Christopher's Kryptonite ,4567156,Treylon Burks,WR,BE,False,0.0,0.0,False
14,False,13,Christopher's Kryptonite ,4426388,Jameson Williams,WR,BE,False,10.6,4.43,False
14,False,13,Christopher's Kryptonite ,10621,Nick Folk,K,K,True,11.0,8.08,False
14,False,13,Christopher's Kryptonite ,3115394,DJ Chark,WR,WR,True,18.4,5.91,False
14,False,1,T's Diddy ,4362628,Ja'Marr Chase,WR,WR,True,23.5,15.76,False
14,False,1,T's Diddy ,2976212,Stefon Diggs,WR,WR,True,5.2,14.77,False
14,False,1,T's Diddy ,4239996,Travis Etienne Jr.,RB,RB/WR/TE,True,3.2,14.56,False
14,False,1,T's Diddy ,4241985,J.K. Dobbins,RB,IR,False,18.0,6.71,False
14,False,1,T's Diddy ,4569173,Rhamondre Stevenson,RB,RB,True,2.0,16.33,False
14,False,1,T's Diddy ,4360238,Dameon Pierce,RB,RB,True,11.8,11.04,False
14,False,1,T's Diddy ,4043130,Jordyn Brooks,LB,DP,True,10.0,10.07,False
14,False,1,T's Diddy ,3051909,Daniel Carlson,K,K,True,12.0,8.17,False
14,False,1,T's Diddy ,4360310,Trevor Lawrence,QB,QB,True,33.42,16.33,False
14,False,1,T's Diddy ,2979843,Kenyan Drake,RB,BE,False,1.2,0.0,False
14,False,1,T's Diddy ,3917792,Daniel Jones,QB,BE,False,19.36,15.9,False
14,False,1,T's Diddy ,4258195,Donovan Peoples-Jones,WR,BE,False,15.4,7.73,False
14,False,1,T's Diddy ,-16028,Commanders D/ST,D/ST,BE,False,0.0,0.0,True
14,False,1,T's Diddy ,3843945,Foster Moreau,TE,TE,True,0.0,6.13,False
14,False,1,T's Diddy ,3059722,Zay Jones,WR,BE,False,17.7,9.65,False
14,False,1,T's Diddy ,3121023,Dallas Goedert,TE,BE,False,0.0,0.0,False
14,False,1,T's Diddy ,4361370,Chris Olave,WR,BE,False,0.0,0.0,True
14,False,1,T's Diddy ,-16033,Ravens D/ST,D/ST,D/ST,True,11.0,6.71,False
14,False,4,BUT kicKERs,3117251,Christian McCaffrey,RB,RB,True,28.3,16.33,False
14,False,4,BUT kicKERs,3116406,Tyreek Hill,WR,WR,True,22.1,18.38,False
14,False,4,BUT kicKERs,3115364,Leonard Fournette,RB,BE,False,7.6,8.36,False
14,False,4,BUT kicKERs,4241463,Jerry Jeudy,WR,BE,False,29.3,11.22,False
14,False,4,BUT kicKERs,2576925,Darren Waller,TE,BE,False,0.0,0.0,False
14,False,4,BUT kicKERs,4241478,DeVonta Smith,WR,BE,False,14.9,11.24,False
14,False,4,BUT kicKERs,2577417,Dak Prescott,QB,BE,False,13.66,16.89,False
14,False,4,BUT kicKERs,3895856,Christian Kirk,WR,RB/WR/TE,True,7.0,11.27,False
14,False,4,BUT kicKERs,4569618,Garrett Wilson,WR,WR,True,10.8,12.05,False
14,False,4,BUT kicKERs,4241479,Tua Tagovailoa,QB,QB,True,12.6,20.21,False
14,False,4,BUT kicKERs,3051876,Evan Engram,TE,BE,False,33.7,5.92,False
14,False,4,BUT kicKERs,3055899,Harrison Butker,K,K,True,11.0,7.89,False
14,False,4,BUT kicKERs,-16004,Bengals D/ST,D/ST,D/ST,True,7.0,4.25,False
14,False,4,BUT kicKERs,4248528,Christian Watson,WR,BE,False,0.0,0.0,True
14,False,4,BUT kicKERs,3138826,Fred Warner,LB,DP,True,7.0,8.73,False
14,False,4,BUT kicKERs,3116389,Samaje Perine,RB,RB,True,9.9,6.34,False
14,False,4,BUT kicKERs,3918639,Gerald Everett,TE,TE,True,5.3,6.48,False
14,False,8,SCLSU Mud Dogs,3043078,Derrick Henry,RB,RB,True,19.0,16.57,False
14,False,8,SCLSU Mud Dogs,4241389,CeeDee Lamb,WR,RB/WR/TE,True,5.8,13.64,False
14,False,8,SCLSU Mud Dogs,3116365,Mark Andrews,TE,TE,True,2.7,10.62,False
14,False,8,SCLSU Mud Dogs,3045138,Mike Williams,WR,WR,True,20.6,11.41,False
14,False,8,SCLSU Mud Dogs,4047650,DK Metcalf,WR,WR,True,15.6,13.04,False
14,False,8,SCLSU Mud Dogs,2330,Tom Brady,QB,BE,False,10.12,14.74,False
14,False,8,SCLSU Mud Dogs,3916148,Tony Pollard,RB,RB,True,20.2,14.05,False
14,False,8,SCLSU Mud Dogs,3050073,Foyesade Oluokun,LB,DP,True,14.0,9.78,False
14,False,8,SCLSU Mud Dogs,-16006,Cowboys D/ST,D/ST,D/ST,True,4.0,7.81,False
14,False,8,SCLSU Mud Dogs,4426502,Drake London,WR,BE,False,0.0,0.0,True
14,False,8,SCLSU Mud Dogs,4362887,Justin Fields,QB,BE,False,0.0,0.0,True
14,False,8,SCLSU Mud Dogs,4426354,George Pickens,WR,BE,False,9.3,7.45,False
14,False,8,SCLSU Mud Dogs,16486,Brett Maher,K,K,True,11.0,8.28,False
14,False,8,SCLSU Mud Dogs,4373626,Tyler Allgeier,RB,BE,False,0.0,0.0,True
14,False,8,SCLSU Mud Dogs,4430737,Kyren Williams,RB,BE,False,3.4,6.83,False
14,False,8,SCLSU Mud Dogs,4379399,James Cook,RB,BE,False,2.0,7.72,False
14,False,8,SCLSU Mud Dogs,16757,Derek Carr,QB,QB,True,2.58,15.62,False
14,False,12,Rule  #76,3054850,Alvin Kamara,RB,BE,False,0.0,0.0,True
14,False,12,Rule  #76,4035687,Michael Pittman Jr.,WR,BE,False,0.0,0.0,True
14,False,12,Rule  #76,4372016,Jaylen Waddle,WR,WR,True,4.1,12.57,False
14,False,12,Rule  #76,3916387,Lamar Jackson,QB,BE,False,0.0,0.0,False
14,False,12,Rule  #76,3128390,Allen Lazard,WR,BE,False,0.0,0.0,True
14,False,12,Rule  #76,15835,Zach Ertz,TE,IR,False,0.0,0.0,False
14,False,12,Rule  #76,4240657,Michael Carter,RB,RB,True,1.5,8.76,False
14,False,12,Rule  #76,15920,Latavius Murray,RB,RB,True,4.6,10.94,False
14,False,12,Rule  #76,4241416,Chuba Hubbard,RB,BE,False,17.4,6.29,False
14,False,12,Rule  #76,3924365,Hayden Hurst,TE,BE,False,0.0,0.0,False
14,False,12,Rule  #76,4241474,Brian Robinson Jr.,RB,BE,False,0.0,0.0,True
14,False,12,Rule  #76,-16015,Dolphins D/ST,D/ST,D/ST,True,1.0,5.01,False
14,False,12,Rule  #76,3051381,Mike White,QB,QB,True,10.72,13.42,False
14,False,12,Rule  #76,3930066,Van Jefferson,WR,RB/WR/TE,True,11.4,7.17,False
14,False,12,Rule  #76,4362759,Nick Bolton,LB,DP,True,8.0,9.07,False
14,False,12,Rule  #76,4360234,Evan McPherson,K,K,True,5.0,8.01,False
14,False,12,Rule  #76,15795,DeAndre Hopkins,WR,WR,True,9.4,10.94,False
14,False,12,Rule  #76,4036131,Noah Fant,TE,TE,True,0.0,6.23,False
14,False,10,Maitland Tiburon,4262921,Justin Jefferson,WR,WR,True,27.8,16.67,False
14,False,10,Maitland Tiburon,4035538,David Montgomery,RB,BE,False,0.0,0.0,True
14,False,10,Maitland Tiburon,4241372,Marquise Brown,WR,RB/WR/TE,True,5.4,10.53,False
14,False,10,Maitland Tiburon,4040715,Jalen Hurts,QB,QB,True,30.38,24.16,False
14,False,10,Maitland Tiburon,4374302,Amon-Ra St. Brown,WR,WR,True,10.4,15.39,False
14,False,10,Maitland Tiburon,4040761,Devin Singletary,RB,BE,False,4.8,8.51,False
14,False,10,Maitland Tiburon,4361411,Pat Freiermuth,TE,TE,True,10.8,8.77,False
14,False,10,Maitland Tiburon,-16025,49ers D/ST,D/ST,BE,False,9.0,5.49,False
14,False,10,Maitland Tiburon,2980453,Jamaal Williams,RB,RB,True,3.7,8.98,False
14,False,10,Maitland Tiburon,2576414,Raheem Mostert,RB,RB,True,4.9,9.85,False
14,False,10,Maitland Tiburon,4372485,Rondale Moore,WR,BE,False,0.0,0.0,False
14,False,10,Maitland Tiburon,4242433,Joshua Palmer,WR,BE,False,7.3,7.51,False
14,False,10,Maitland Tiburon,4428963,Cade York,K,K,True,4.0,7.1,False
14,False,10,Maitland Tiburon,2468609,Taysom Hill,TE,BE,False,0.0,0.0,True
14,False,10,Maitland Tiburon,-16002,Bills D/ST,D/ST,D/ST,True,11.0,5.37,False
14,False,10,Maitland Tiburon,2985659,Wil Lutz,K,BE,False,0.0,0.0,True
14,False,10,Maitland Tiburon,14979,Bobby Wagner,LB,DP,True,14.0,8.83,False
14,False,11,Dez (Bryant) Nuts,3116385,Joe Mixon,RB,RB,True,11.6,16.66,False
14,False,11,Dez (Bryant) Nuts,3128720,Nick Chubb,RB,RB,True,6.9,13.14,False
14,False,11,Dez (Bryant) Nuts,16737,Mike Evans,WR,RB/WR/TE,True,7.4,10.19,False
14,False,11,Dez (Bryant) Nuts,4047646,A.J. Brown,WR,WR,True,15.0,13.05,False
14,False,11,Dez (Bryant) Nuts,4239934,AJ Dillon,RB,BE,False,0.0,0.0,True
14,False,11,Dez (Bryant) Nuts,3117256,Dalton Schultz,TE,TE,True,12.7,7.58,False
14,False,11,Dez (Bryant) Nuts,3925347,Damien Harris,RB,BE,False,0.0,0.0,False
14,False,11,Dez (Bryant) Nuts,4360438,Brandon Aiyuk,WR,WR,True,13.7,9.19,False
14,False,11,Dez (Bryant) Nuts,12483,Matthew Stafford,QB,IR,False,0.0,0.0,False
14,False,11,Dez (Bryant) Nuts,4039359,Darrell Henderson Jr.,RB,BE,False,0.0,0.0,False
14,False,11,Dez (Bryant) Nuts,4035434,Devin White,LB,DP,True,5.0,9.13,False
14,False,11,Dez (Bryant) Nuts,12731,Ryan Succop,K,K,True,0.0,7.14,False
14,False,11,Dez (Bryant) Nuts,3046779,Jared Goff,QB,QB,True,26.1,15.77,False
14,False,11,Dez (Bryant) Nuts,3915486,Tyler Conklin,TE,BE,False,5.3,6.02,False
14,False,11,Dez (Bryant) Nuts,-16007,Broncos D/ST,D/ST,BE,False,4.0,2.98,False
14,False,11,Dez (Bryant) Nuts,2991662,Mack Hollins,WR,BE,False,7.2,8.41,False
14,False,11,Dez (Bryant) Nuts,-16023,Steelers D/ST,D/ST,D/ST,True,3.0,6.04,False
14,False,11,Dez (Bryant) Nuts,8439,Aaron Rodgers,QB,BE,False,0.0,0.0,True
14,False,6,SWIFT Kick In The Balls ,4259545,D'Andre Swift,RB,RB,True,5.4,13.34,False
14,False,6,SWIFT Kick In The Balls ,15847,Travis Kelce,TE,TE,True,9.1,13.86,False
14,False,6,SWIFT Kick In The Balls ,4239993,Tee Higgins,WR,WR,True,0.0,11.82,False
14,False,6,SWIFT Kick In The Balls ,3915416,DJ Moore,WR,RB/WR/TE,True,0.6,10.46,False
14,False,6,SWIFT Kick In The Balls ,3915511,Joe Burrow,QB,QB,True,16.56,21.99,False
14,False,6,SWIFT Kick In The Balls ,4360294,Antonio Gibson,RB,BE,False,0.0,0.0,True
14,False,6,SWIFT Kick In The Balls ,15807,Cordarrelle Patterson,RB,BE,False,0.0,0.0,True
14,False,6,SWIFT Kick In The Balls ,3045144,Tyler Boyd,WR,BE,False,0.0,7.83,False
14,False,6,SWIFT Kick In The Balls ,3128724,Isaiah McKenzie,WR,BE,False,4.3,7.48,False
14,False,6,SWIFT Kick In The Balls ,16720,C.J. Mosley,LB,DP,True,9.0,10.2,False
14,False,6,SWIFT Kick In The Balls ,4240455,Deon Jackson,RB,BE,False,0.0,0.0,True
14,False,6,SWIFT Kick In The Balls ,3121410,Parris Campbell,WR,BE,False,0.0,0.0,True
14,False,6,SWIFT Kick In The Balls ,17427,Cairo Santos,K,BE,False,0.0,0.0,True
14,False,6,SWIFT Kick In The Balls ,4035004,Mecole Hardman,WR,IR,False,0.0,0.0,False
14,False,6,SWIFT Kick In The Balls ,4427728,Zonovan Knight,RB,RB,True,14.7,9.72,False
14,False,6,SWIFT Kick In The Balls ,16339,Brandon McManus,K,K,True,4.0,8.48,False
14,False,6,SWIFT Kick In The Balls ,-16013,Raiders D/ST,D/ST,D/ST,True,9.0,6.78,False
14,False,6,SWIFT Kick In The Balls ,3042778,Corey Davis,WR,WR,True,2.0,8.03,False
15,True,13,Christopher's Kryptonite ,2977187,Cooper Kupp,WR,IR,False,0.0,0.0,False
15,True,13,Christopher's Kryptonite ,3918298,Josh Allen,QB,QB,True,35.86,22.36,False
15,True,13,Christopher's Kryptonite ,3128429,Courtland Sutton,WR,BE,False,0.0,0.0,False
15,True,13,Christopher's Kryptonite ,3121422,Terry McLaurin,WR,WR,True,10.0,12.98,False
15,True,13,Christopher's Kryptonite ,4045163,Miles Sanders,RB,RB/WR/TE,True,1.4,13.17,False
15,True,13,Christopher's Kryptonite ,4567048,Kenneth Walker III,RB,RB,True,9.9,12.21,False
15,True,13,Christopher's Kryptonite ,-16017,Patriots D/ST,D/ST,BE,False,11.0,5.41,False
15,True,13,Christopher's Kryptonite ,3125116,D'Onta Foreman,RB,BE,False,0.9,10.66,False
15,True,13,Christopher's Kryptonite ,4361529,Isiah Pacheco,RB,RB,True,8.2,12.67,False
15,True,13,Christopher's Kryptonite ,4036133,T.J. Hockenson,TE,TE,True,6.8,9.24,False
15,True,13,Christopher's Kryptonite ,16800,Davante Adams,WR,WR,True,4.8,14.93,False
15,True,13,Christopher's Kryptonite ,4240600,Kadarius Toney,WR,BE,False,1.0,5.17,False
15,True,13,Christopher's Kryptonite ,3040150,Josey Jewell,LB,DP,True,10.0,11.37,False
15,True,13,Christopher's Kryptonite ,4567156,Treylon Burks,WR,BE,False,0.0,0.0,False
15,True,13,Christopher's Kryptonite ,4426388,Jameson Williams,WR,BE,False,0.0,4.02,False
15,True,13,Christopher's Kryptonite ,10621,Nick Folk,K,K,True,13.0,8.05,False
15,True,13,Christopher's Kryptonite ,3115394,DJ Chark,WR,BE,False,2.3,7.3,False
15,True,13,Christopher's Kryptonite ,-16009,Packers D/ST,D/ST,D/ST,True,13.0,6.33,False
15,True,4,BUT kicKERs,3117251,Christian McCaffrey,RB,RB,True,22.8,19.34,False
15,True,4,BUT kicKERs,3116406,Tyreek Hill,WR,WR,True,17.4,18.1,False
15,True,4,BUT kicKERs,3115364,Leonard Fournette,RB,RB,True,9.4,9.41,False
15,True,4,BUT kicKERs,4241463,Jerry Jeudy,WR,BE,False,11.1,11.48,False
15,True,4,BUT kicKERs,2576925,Darren Waller,TE,BE,False,12.3,6.65,False
15,True,4,BUT kicKERs,4241478,DeVonta Smith,WR,BE,False,15.1,11.71,False
15,True,4,BUT kicKERs,2577417,Dak Prescott,QB,BE,False,20.24,16.58,False
15,True,4,BUT kicKERs,3895856,Christian Kirk,WR,RB/WR/TE,True,12.2,11.85,False
15,True,4,BUT kicKERs,4569618,Garrett Wilson,WR,WR,True,11.8,11.12,False
15,True,4,BUT kicKERs,4241479,Tua Tagovailoa,QB,QB,True,18.06,17.91,False
15,True,4,BUT kicKERs,3051876,Evan Engram,TE,TE,True,10.2,7.33,False
15,True,4,BUT kicKERs,3055899,Harrison Butker,K,K,True,3.0,8.0,False
15,True,4,BUT kicKERs,-16004,Bengals D/ST,D/ST,D/ST,True,8.0,4.72,False
15,True,4,BUT kicKERs,4248528,Christian Watson,WR,BE,False,6.6,10.62,False
15,True,4,BUT kicKERs,3138826,Fred Warner,LB,DP,True,8.0,7.86,False
15,True,4,BUT kicKERs,3116389,Samaje Perine,RB,BE,False,2.9,6.4,False
15,True,4,BUT kicKERs,3918639,Gerald Everett,TE,BE,False,6.2,7.13,False
15,True,2,Zeke -A Virus,3929630,Saquon Barkley,RB,RB,True,20.5,14.99,False
15,True,2,Zeke -A Virus,3051392,Ezekiel Elliott,RB,RB,True,14.1,13.24,False
15,True,2,Zeke -A Virus,3139477,Patrick Mahomes,QB,QB,True,32.74,21.51,False
15,True,2,Zeke -A Virus,3932905,Diontae Johnson,WR,WR,True,15.0,10.02,False
15,True,2,Zeke -A Virus,4243537,Gabe Davis,WR,WR,True,7.6,9.57,False
15,True,2,Zeke -A Virus,-16027,Buccaneers D/ST,D/ST,D/ST,True,5.0,3.55,False
15,True,2,Zeke -A Virus,3917232,Tyler Bass,K,K,True,6.0,8.39,False
15,True,2,Zeke -A Virus,3915189,Roquan Smith,LB,DP,True,11.0,10.19,False
15,True,2,Zeke -A Virus,4036348,Michael Gallup,WR,BE,False,0.7,8.74,False
15,True,2,Zeke -A Virus,4243331,Cade Otton,TE,BE,False,2.5,5.74,False
15,True,2,Zeke -A Virus,4039050,Devin Duvernay,WR,BE,False,3.9,5.45,False
15,True,2,Zeke -A Virus,4240778,Jamin Davis,LB,BE,False,9.0,8.31,False
15,True,2,Zeke -A Virus,16782,Jerick McKinnon,RB,RB/WR/TE,True,30.2,10.41,False
15,True,2,Zeke -A Virus,-16014,Rams D/ST,D/ST,BE,False,7.0,4.34,False
15,True,2,Zeke -A Virus,4367209,Greg Dulcich,TE,TE,True,1.6,7.52,False
15,True,9,TBD TBD,3116593,Dalvin Cook,RB,RB,True,25.0,15.73,False
15,True,9,TBD TBD,3045147,James Conner,RB,RB,True,16.6,15.41,False
15,True,9,TBD TBD,4038941,Justin Herbert,QB,QB,True,8.72,18.83,False
15,True,9,TBD TBD,3040151,George Kittle,TE,TE,True,23.3,9.22,False
15,True,9,TBD TBD,2976499,Amari Cooper,WR,WR,True,7.8,11.72,False
15,True,9,TBD TBD,16731,Brandin Cooks,WR,BE,False,0.0,0.0,False
15,True,9,TBD TBD,15683,Justin Tucker,K,K,True,4.0,7.94,False
15,True,9,TBD TBD,16760,Jimmy Garoppolo,QB,BE,False,0.0,0.0,False
15,True,9,TBD TBD,3051738,Marquez Valdes-Scantling,WR,BE,False,10.1,6.9,False
15,True,9,TBD TBD,3042519,Aaron Jones,RB,RB/WR/TE,True,18.6,13.97,False
15,True,9,TBD TBD,3121427,Curtis Samuel,WR,WR,True,6.0,8.29,False
15,True,9,TBD TBD,3930086,Dawson Knox,TE,BE,False,18.8,6.33,False
15,True,9,TBD TBD,3124679,Jason Sanders,K,BE,False,12.0,7.03,False
15,True,9,TBD TBD,3916903,Dre Greenlaw,LB,DP,True,10.0,9.37,False
15,True,9,TBD TBD,-16026,Seahawks D/ST,D/ST,D/ST,True,0.0,4.31,False
15,True,9,TBD TBD,4372414,Elijah Moore,WR,BE,False,7.4,8.12,False
15,True,9,TBD TBD,3052587,Baker Mayfield,QB,BE,False,6.54,13.13,False
15,True,5,COD Lobby Kyler,4242335,Jonathan Taylor,RB,RB,True,1.8,16.61,False
15,True,5,COD Lobby Kyler,15818,Keenan Allen,WR,WR,True,12.6,13.05,False
15,True,5,COD Lobby Kyler,4047365,Josh Jacobs,RB,RB,True,12.0,17.11,False
15,True,5,COD Lobby Kyler,16460,Adam Thielen,WR,BE,False,12.6,9.01,False
15,True,5,COD Lobby Kyler,2577327,Tyler Lockett,WR,WR,True,10.3,11.33,False
15,True,5,COD Lobby Kyler,4048244,Alexander Mattison,RB,BE,False,0.1,2.85,False
15,True,5,COD Lobby Kyler,3122976,Jeff Wilson Jr.,RB,BE,False,0.0,0.0,False
15,True,5,COD Lobby Kyler,15864,Geno Smith,QB,QB,True,15.32,16.84,False
15,True,5,COD Lobby Kyler,-16021,Eagles D/ST,D/ST,D/ST,True,10.0,6.29,False
15,True,5,COD Lobby Kyler,3126349,Rashaan Evans,LB,DP,True,12.0,9.97,False
15,True,5,COD Lobby Kyler,2473037,Jason Myers,K,K,True,10.0,7.81,False
15,True,5,COD Lobby Kyler,3123076,David Njoku,TE,TE,True,4.3,8.11,False
15,True,5,COD Lobby Kyler,3916945,Darius Slayton,WR,RB/WR/TE,True,4.8,8.38,False
15,True,5,COD Lobby Kyler,4258595,Cole Kmet,TE,BE,False,4.5,7.2,False
15,True,5,COD Lobby Kyler,4035656,Ben Skowronek,WR,BE,False,0.8,6.4,False
15,True,5,COD Lobby Kyler,14012,Andy Dalton,QB,BE,False,14.14,15.44,False
15,True,5,COD Lobby Kyler,4361741,Brock Purdy,QB,BE,False,16.48,16.19,False
15,True,10,Maitland Tiburon,4262921,Justin Jefferson,WR,WR,True,24.3,15.04,False
15,True,10,Maitland Tiburon,4035538,David Montgomery,RB,RB,True,22.6,12.66,False
15,True,10,Maitland Tiburon,4241372,Marquise Brown,WR,BE,False,3.9,9.99,False
15,True,10,Maitland Tiburon,4040715,Jalen Hurts,QB,QB,True,35.7,26.24,False
15,True,10,Maitland Tiburon,4374302,Amon-Ra St. Brown,WR,WR,True,11.7,13.37,False
15,True,10,Maitland Tiburon,4040761,Devin Singletary,RB,RB/WR/TE,True,8.5,8.14,False
15,True,10,Maitland Tiburon,4361411,Pat Freiermuth,TE,TE,True,0.0,8.4,False
15,True,10,Maitland Tiburon,-16025,49ers D/ST,D/ST,D/ST,True,10.0,6.62,False
15,True,10,Maitland Tiburon,2980453,Jamaal Williams,RB,RB,True,3.3,9.05,False
15,True,10,Maitland Tiburon,2576414,Raheem Mostert,RB,BE,False,16.1,10.31,False
15,True,10,Maitland Tiburon,4242433,Joshua Palmer,WR,BE,False,7.4,7.64,False
15,True,10,Maitland Tiburon,4428963,Cade York,K,K,True,6.0,7.39,False
15,True,10,Maitland Tiburon,2468609,Taysom Hill,TE,BE,False,10.2,7.31,False
15,True,10,Maitland Tiburon,-16002,Bills D/ST,D/ST,BE,False,-2.0,4.63,False
15,True,10,Maitland Tiburon,2985659,Wil Lutz,K,BE,False,3.0,7.27,False
15,True,10,Maitland Tiburon,14979,Bobby Wagner,LB,DP,True,7.0,9.01,False
15,True,8,SCLSU Mud Dogs,3043078,Derrick Henry,RB,RB,True,24.3,18.31,False
15,True,8,SCLSU Mud Dogs,4241389,CeeDee Lamb,WR,RB/WR/TE,True,16.2,13.16,False
15,True,8,SCLSU Mud Dogs,3116365,Mark Andrews,TE,TE,True,4.6,10.06,False
15,True,8,SCLSU Mud Dogs,3045138,Mike Williams,WR,WR,True,8.7,11.64,False
15,True,8,SCLSU Mud Dogs,4047650,DK Metcalf,WR,WR,True,9.0,13.29,False
15,True,8,SCLSU Mud Dogs,2330,Tom Brady,QB,BE,False,16.58,16.25,False
15,True,8,SCLSU Mud Dogs,3916148,Tony Pollard,RB,RB,True,12.6,12.72,False
15,True,8,SCLSU Mud Dogs,3050073,Foyesade Oluokun,LB,DP,True,14.0,10.82,False
15,True,8,SCLSU Mud Dogs,-16006,Cowboys D/ST,D/ST,D/ST,True,0.0,5.5,False
15,True,8,SCLSU Mud Dogs,4426502,Drake London,WR,BE,False,9.5,7.7,False
15,True,8,SCLSU Mud Dogs,4362887,Justin Fields,QB,QB,True,23.58,20.04,False
15,True,8,SCLSU Mud Dogs,4426354,George Pickens,WR,BE,False,6.3,6.7,False
15,True,8,SCLSU Mud Dogs,16486,Brett Maher,K,K,True,12.0,7.99,False
15,True,8,SCLSU Mud Dogs,4373626,Tyler Allgeier,RB,BE,False,22.1,7.17,False
15,True,8,SCLSU Mud Dogs,4379399,James Cook,RB,BE,False,10.9,7.54,False
15,True,8,SCLSU Mud Dogs,16757,Derek Carr,QB,BE,False,19.24,13.7,False
15,True,8,SCLSU Mud Dogs,3051926,Gus Edwards,RB,BE,False,5.5,7.3,False
15,True,11,Dez (Bryant) Nuts,3116385,Joe Mixon,RB,RB,True,7.9,16.04,False
15,True,11,Dez (Bryant) Nuts,3128720,Nick Chubb,RB,RB,True,9.9,12.92,False
15,True,11,Dez (Bryant) Nuts,16737,Mike Evans,WR,RB/WR/TE,True,11.8,11.27,False
15,True,11,Dez (Bryant) Nuts,4047646,A.J. Brown,WR,WR,True,23.6,13.39,False
15,True,11,Dez (Bryant) Nuts,4239934,AJ Dillon,RB,BE,False,21.6,8.38,False
15,True,11,Dez (Bryant) Nuts,3117256,Dalton Schultz,TE,TE,True,2.5,8.49,False
15,True,11,Dez (Bryant) Nuts,3925347,Damien Harris,RB,BE,False,0.0,0.0,False
15,True,11,Dez (Bryant) Nuts,4360438,Brandon Aiyuk,WR,WR,True,2.9,11.52,False
15,True,11,Dez (Bryant) Nuts,12483,Matthew Stafford,QB,IR,False,0.0,0.0,False
15,True,11,Dez (Bryant) Nuts,4039359,Darrell Henderson Jr.,RB,BE,False,0.0,0.0,False
15,True,11,Dez (Bryant) Nuts,4035434,Devin White,LB,DP,True,7.0,9.19,False
15,True,11,Dez (Bryant) Nuts,12731,Ryan Succop,K,K,True,4.0,7.13,False
15,True,11,Dez (Bryant) Nuts,3046779,Jared Goff,QB,QB,True,14.08,13.93,False
15,True,11,Dez (Bryant) Nuts,3915486,Tyler Conklin,TE,BE,False,1.4,5.89,False
15,True,11,Dez (Bryant) Nuts,-16007,Broncos D/ST,D/ST,D/ST,True,12.0,7.08,False
15,True,11,Dez (Bryant) Nuts,2991662,Mack Hollins,WR,BE,False,12.0,6.37,False
15,True,11,Dez (Bryant) Nuts,-16023,Steelers D/ST,D/ST,BE,False,7.0,6.44,False
15,True,11,Dez (Bryant) Nuts,8439,Aaron Rodgers,QB,BE,False,10.86,15.59,False
15,True,1,T's Diddy ,4362628,Ja'Marr Chase,WR,WR,True,16.5,15.8,False
15,True,1,T's Diddy ,2976212,Stefon Diggs,WR,WR,True,8.2,14.58,False
15,True,1,T's Diddy ,4239996,Travis Etienne Jr.,RB,RB,True,11.7,12.46,False
15,True,1,T's Diddy ,4241985,J.K. Dobbins,RB,BE,False,13.3,9.88,False
15,True,1,T's Diddy ,4569173,Rhamondre Stevenson,RB,RB,True,23.8,14.49,False
15,True,1,T's Diddy ,4043130,Jordyn Brooks,LB,DP,True,8.0,10.68,False
15,True,1,T's Diddy ,3051909,Daniel Carlson,K,K,True,7.0,8.73,False
15,True,1,T's Diddy ,4360310,Trevor Lawrence,QB,QB,True,27.82,16.97,False
15,True,1,T's Diddy ,3917792,Daniel Jones,QB,BE,False,9.9,15.64,False
15,True,1,T's Diddy ,4258195,Donovan Peoples-Jones,WR,BE,False,11.1,8.35,False
15,True,1,T's Diddy ,-16028,Commanders D/ST,D/ST,BE,False,3.0,6.49,False
15,True,1,T's Diddy ,3843945,Foster Moreau,TE,BE,False,3.0,0.88,False
15,True,1,T's Diddy ,3059722,Zay Jones,WR,BE,False,31.9,10.66,False
15,True,1,T's Diddy ,3121023,Dallas Goedert,TE,BE,False,0.0,0.0,False
15,True,1,T's Diddy ,4361370,Chris Olave,WR,RB/WR/TE,True,6.8,11.39,False
15,True,1,T's Diddy ,-16033,Ravens D/ST,D/ST,D/ST,True,8.0,5.53,False
15,True,1,T's Diddy ,4360635,Chigoziem Okonkwo,TE,TE,True,9.0,6.36,False
15,True,12,Rule  #76,3054850,Alvin Kamara,RB,RB/WR/TE,True,11.4,13.31,False
15,True,12,Rule  #76,4035687,Michael Pittman Jr.,WR,BE,False,14.0,11.19,False
15,True,12,Rule  #76,4372016,Jaylen Waddle,WR,WR,True,18.9,11.44,False
15,True,12,Rule  #76,3916387,Lamar Jackson,QB,BE,False,0.0,0.0,False
15,True,12,Rule  #76,3128390,Allen Lazard,WR,BE,False,1.2,9.54,False
15,True,12,Rule  #76,15835,Zach Ertz,TE,IR,False,0.0,0.0,False
15,True,12,Rule  #76,4240657,Michael Carter,RB,BE,False,3.6,8.95,False
15,True,12,Rule  #76,15920,Latavius Murray,RB,RB,True,20.7,11.53,False
15,True,12,Rule  #76,4241416,Chuba Hubbard,RB,BE,False,8.2,7.59,False
15,True,12,Rule  #76,3924365,Hayden Hurst,TE,BE,False,0.0,0.0,False
15,True,12,Rule  #76,4241474,Brian Robinson Jr.,RB,RB,True,11.2,11.5,False
15,True,12,Rule  #76,-16015,Dolphins D/ST,D/ST,D/ST,True,0.0,3.78,False
15,True,12,Rule  #76,3930066,Van Jefferson,WR,BE,False,4.2,7.66,False
15,True,12,Rule  #76,4362759,Nick Bolton,LB,DP,True,7.0,8.61,False
15,True,12,Rule  #76,4360234,Evan McPherson,K,K,True,9.0,7.95,False
15,True,12,Rule  #76,15795,DeAndre Hopkins,WR,WR,True,9.5,11.04,False
15,True,12,Rule  #76,4036131,Noah Fant,TE,TE,True,11.7,5.1,False
15,True,12,Rule  #76,14876,Ryan Tannehill,QB,QB,True,10.7,15.05,False
15,True,6,SWIFT Kick In The Balls ,4259545,D'Andre Swift,RB,RB,True,10.0,10.92,False
15,True,6,SWIFT Kick In The Balls ,15847,Travis Kelce,TE,TE,True,15.5,14.47,False
15,True,6,SWIFT Kick In The Balls ,4239993,Tee Higgins,WR,WR,True,13.8,11.04,False
15,True,6,SWIFT Kick In The Balls ,3915416,DJ Moore,WR,WR,True,15.8,9.1,False
15,True,6,SWIFT Kick In The Balls ,3915511,Joe Burrow,QB,QB,True,24.8,20.41,False
15,True,6,SWIFT Kick In The Balls ,4360294,Antonio Gibson,RB,BE,False,3.7,9.53,False
15,True,6,SWIFT Kick In The Balls ,15807,Cordarrelle Patterson,RB,RB/WR/TE,True,11.7,9.18,False
15,True,6,SWIFT Kick In The Balls ,3045144,Tyler Boyd,WR,BE,False,12.0,7.14,False
15,True,6,SWIFT Kick In The Balls ,3128724,Isaiah McKenzie,WR,BE,False,3.4,7.62,False
15,True,6,SWIFT Kick In The Balls ,16720,C.J. Mosley,LB,DP,True,5.0,9.96,False
15,True,6,SWIFT Kick In The Balls ,4240455,Deon Jackson,RB,BE,False,10.1,2.61,False
15,True,6,SWIFT Kick In The Balls ,3121410,Parris Campbell,WR,BE,False,2.3,7.57,False
15,True,6,SWIFT Kick In The Balls ,17427,Cairo Santos,K,BE,False,2.0,7.97,False
15,True,6,SWIFT Kick In The Balls ,4035004,Mecole Hardman,WR,IR,False,0.0,0.0,False
15,True,6,SWIFT Kick In The Balls ,4427728,Zonovan Knight,RB,RB,True,2.3,11.45,False
15,True,6,SWIFT Kick In The Balls ,16339,Brandon McManus,K,K,True,7.0,7.74,False
15,True,6,SWIFT Kick In The Balls ,-16013,Raiders D/ST,D/ST,D/ST,True,10.0,6.44,False
15,True,6,SWIFT Kick In The Balls ,3042778,Corey Davis,WR,BE,False,0.0,0.0,False
15,True,3,Jim Ward's Ole Dick Necks,3068267,Austin Ekeler,RB,RB,True,15.0,16.63,False
15,True,3,Jim Ward's Ole Dick Necks,3126486,Deebo Samuel,WR,BE,False,0.0,0.0,False
15,True,3,Jim Ward's Ole Dick Necks,4240021,Cam Akers,RB,RB/WR/TE,True,11.5,9.75,False
15,True,3,Jim Ward's Ole Dick Necks,3116165,Chris Godwin,WR,WR,True,18.3,12.94,False
15,True,3,Jim Ward's Ole Dick Necks,3059915,Kareem Hunt,RB,BE,False,3.2,6.57,False
15,True,3,Jim Ward's Ole Dick Necks,3120348,JuJu Smith-Schuster,WR,WR,True,12.8,10.39,False
15,True,3,Jim Ward's Ole Dick Necks,2573401,Tyler Higbee,TE,TE,True,11.7,6.62,False
15,True,3,Jim Ward's Ole Dick Necks,14880,Kirk Cousins,QB,QB,True,32.4,16.16,False
15,True,3,Jim Ward's Ole Dick Necks,3121544,T.J. Edwards,LB,DP,True,9.0,9.1,False
15,True,3,Jim Ward's Ole Dick Necks,12460,Graham Gano,K,K,True,12.0,7.28,False
15,True,3,Jim Ward's Ole Dick Necks,16790,Jarvis Landry,WR,BE,False,0.0,6.84,False
15,True,3,Jim Ward's Ole Dick Necks,-16012,Chiefs D/ST,D/ST,D/ST,True,5.0,7.61,False
15,True,3,Jim Ward's Ole Dick Necks,3122840,Deshaun Watson,QB,BE,False,12.64,17.09,False
15,True,3,Jim Ward's Ole Dick Necks,4697815,Rachaad White,RB,BE,False,4.8,8.83,False
15,True,3,Jim Ward's Ole Dick Necks,4258173,Nico Collins,WR,BE,False,0.0,0.0,False
15,True,3,Jim Ward's Ole Dick Necks,4569987,Jaylen Warren,RB,BE,False,11.4,5.26,False
15,True,3,Jim Ward's Ole Dick Necks,4241457,Najee Harris,RB,RB,True,14.6,11.55,False
16,True,2,Zeke -A Virus,3929630,Saquon Barkley,RB,RB,True,23.3,16.12,False
16,True,2,Zeke -A Virus,3051392,Ezekiel Elliott,RB,RB,True,12.6,11.85,False
16,True,2,Zeke -A Virus,3139477,Patrick Mahomes,QB,QB,True,23.76,24.02,False
16,True,2,Zeke -A Virus,3932905,Diontae Johnson,WR,WR,True,8.9,9.93,False
16,True,2,Zeke -A Virus,4243537,Gabe Davis,WR,WR,True,10.0,8.39,False
16,True,2,Zeke -A Virus,-16027,Buccaneers D/ST,D/ST,D/ST,True,8.0,6.05,False
16,True,2,Zeke -A Virus,3917232,Tyler Bass,K,K,True,3.0,7.12,False
16,True,2,Zeke -A Virus,3915189,Roquan Smith,LB,DP,True,14.0,9.16,False
16,True,2,Zeke -A Virus,4036348,Michael Gallup,WR,BE,False,11.6,7.39,False
16,True,2,Zeke -A Virus,4243331,Cade Otton,TE,BE,False,3.2,4.96,False
16,True,2,Zeke -A Virus,4039050,Devin Duvernay,WR,BE,False,0.0,0.0,False
16,True,2,Zeke -A Virus,4240778,Jamin Davis,LB,BE,False,8.0,8.23,False
16,True,2,Zeke -A Virus,16782,Jerick McKinnon,RB,RB/WR/TE,True,11.3,11.79,False
16,True,2,Zeke -A Virus,-16014,Rams D/ST,D/ST,BE,False,21.0,5.86,False
16,True,2,Zeke -A Virus,4367209,Greg Dulcich,TE,BE,False,11.9,6.39,False
16,True,2,Zeke -A Virus,3929645,Juwan Johnson,TE,TE,True,1.4,5.96,False
16,True,4,BUT kicKERs,3117251,Christian McCaffrey,RB,RB,True,12.8,18.99,False
16,True,4,BUT kicKERs,3116406,Tyreek Hill,WR,WR,True,12.3,18.44,False
16,True,4,BUT kicKERs,3115364,Leonard Fournette,RB,RB,True,20.7,10.31,False
16,True,4,BUT kicKERs,4241463,Jerry Jeudy,WR,BE,False,14.7,10.51,False
16,True,4,BUT kicKERs,2576925,Darren Waller,TE,BE,False,7.8,7.35,False
16,True,4,BUT kicKERs,4241478,DeVonta Smith,WR,BE,False,27.3,11.24,False
16,True,4,BUT kicKERs,2577417,Dak Prescott,QB,BE,False,27.98,15.64,False
16,True,4,BUT kicKERs,3895856,Christian Kirk,WR,RB/WR/TE,True,4.1,9.63,False
16,True,4,BUT kicKERs,4569618,Garrett Wilson,WR,WR,True,4.0,10.05,False
16,True,4,BUT kicKERs,4241479,Tua Tagovailoa,QB,QB,True,10.4,19.2,False
16,True,4,BUT kicKERs,3051876,Evan Engram,TE,TE,True,14.8,7.53,False
16,True,4,BUT kicKERs,3055899,Harrison Butker,K,K,True,7.0,8.23,False
16,True,4,BUT kicKERs,-16004,Bengals D/ST,D/ST,D/ST,True,11.0,6.23,False
16,True,4,BUT kicKERs,4248528,Christian Watson,WR,BE,False,7.9,10.99,False
16,True,4,BUT kicKERs,3138826,Fred Warner,LB,DP,True,12.0,8.53,False
16,True,4,BUT kicKERs,3116389,Samaje Perine,RB,BE,False,5.7,5.77,False
16,True,4,BUT kicKERs,3918639,Gerald Everett,TE,BE,False,0.0,7.42,False
16,True,8,SCLSU Mud Dogs,3043078,Derrick Henry,RB,RB,True,17.6,20.82,False
16,True,8,SCLSU Mud Dogs,4241389,CeeDee Lamb,WR,WR,True,29.0,11.59,False
16,True,8,SCLSU Mud Dogs,3116365,Mark Andrews,TE,TE,True,6.0,10.12,False
16,True,8,SCLSU Mud Dogs,3045138,Mike Williams,WR,RB/WR/TE,True,9.6,11.2,False
16,True,8,SCLSU Mud Dogs,4047650,DK Metcalf,WR,WR,True,11.6,14.97,False
16,True,8,SCLSU Mud Dogs,2330,Tom Brady,QB,BE,False,11.34,17.07,False
16,True,8,SCLSU Mud Dogs,3916148,Tony Pollard,RB,RB,True,11.0,13.56,False
16,True,8,SCLSU Mud Dogs,3050073,Foyesade Oluokun,LB,DP,True,10.0,11.03,False
16,True,8,SCLSU Mud Dogs,-16006,Cowboys D/ST,D/ST,BE,False,4.0,4.92,False
16,True,8,SCLSU Mud Dogs,4426502,Drake London,WR,BE,False,11.1,8.21,False
16,True,8,SCLSU Mud Dogs,4362887,Justin Fields,QB,QB,True,9.86,19.05,False
16,True,8,SCLSU Mud Dogs,4426354,George Pickens,WR,BE,False,14.2,6.35,False
16,True,8,SCLSU Mud Dogs,16486,Brett Maher,K,K,True,18.0,8.16,False
16,True,8,SCLSU Mud Dogs,4373626,Tyler Allgeier,RB,BE,False,14.7,7.85,False
16,True,8,SCLSU Mud Dogs,4379399,James Cook,RB,BE,False,18.3,7.77,False
16,True,8,SCLSU Mud Dogs,16757,Derek Carr,QB,BE,False,6.36,14.74,False
16,True,8,SCLSU Mud Dogs,-16010,Titans D/ST,D/ST,D/ST,True,5.0,7.58,False
16,True,10,Maitland Tiburon,4262921,Justin Jefferson,WR,WR,True,25.3,17.22,False
16,True,10,Maitland Tiburon,4035538,David Montgomery,RB,RB,True,8.4,12.38,False
16,True,10,Maitland Tiburon,4241372,Marquise Brown,WR,BE,False,7.3,9.22,False
16,True,10,Maitland Tiburon,4040715,Jalen Hurts,QB,BE,False,0.0,0.0,False
16,True,10,Maitland Tiburon,4374302,Amon-Ra St. Brown,WR,WR,True,11.1,14.43,False
16,True,10,Maitland Tiburon,4040761,Devin Singletary,RB,RB,True,19.5,10.54,False
16,True,10,Maitland Tiburon,4361411,Pat Freiermuth,TE,BE,False,10.1,7.64,False
16,True,10,Maitland Tiburon,-16025,49ers D/ST,D/ST,D/ST,True,6.0,8.03,False
16,True,10,Maitland Tiburon,2980453,Jamaal Williams,RB,BE,False,2.4,9.74,False
16,True,10,Maitland Tiburon,2576414,Raheem Mostert,RB,RB/WR/TE,True,4.9,9.49,False
16,True,10,Maitland Tiburon,2468609,Taysom Hill,TE,TE,True,11.6,8.22,False
16,True,10,Maitland Tiburon,-16002,Bills D/ST,D/ST,BE,False,11.0,6.05,False
16,True,10,Maitland Tiburon,3916566,K.J. Osborn,WR,BE,False,3.2,6.94,False
16,True,10,Maitland Tiburon,4038524,Gardner Minshew,QB,QB,True,23.7,16.51,False
16,True,10,Maitland Tiburon,4361259,Zach Wilson,QB,BE,False,1.78,13.89,False
16,True,10,Maitland Tiburon,3150744,Chase McLaughlin,K,K,True,4.0,7.83,False
16,True,10,Maitland Tiburon,3124005,Zaire Franklin,LB,DP,True,11.0,10.85,False
16,True,13,Christopher's Kryptonite ,2977187,Cooper Kupp,WR,IR,False,0.0,0.0,False
16,True,13,Christopher's Kryptonite ,3918298,Josh Allen,QB,QB,True,22.98,22.32,False
16,True,13,Christopher's Kryptonite ,3128429,Courtland Sutton,WR,BE,False,8.9,9.51,False
16,True,13,Christopher's Kryptonite ,3121422,Terry McLaurin,WR,WR,True,15.7,11.37,False
16,True,13,Christopher's Kryptonite ,4045163,Miles Sanders,RB,RB/WR/TE,True,5.6,12.4,False
16,True,13,Christopher's Kryptonite ,4567048,Kenneth Walker III,RB,RB,True,11.5,13.63,False
16,True,13,Christopher's Kryptonite ,-16017,Patriots D/ST,D/ST,BE,False,11.0,5.51,False
16,True,13,Christopher's Kryptonite ,3125116,D'Onta Foreman,RB,BE,False,22.5,10.03,False
16,True,13,Christopher's Kryptonite ,4361529,Isiah Pacheco,RB,RB,True,9.5,11.51,False
16,True,13,Christopher's Kryptonite ,4036133,T.J. Hockenson,TE,TE,True,29.4,9.94,False
16,True,13,Christopher's Kryptonite ,16800,Davante Adams,WR,WR,True,2.5,14.65,False
16,True,13,Christopher's Kryptonite ,4240600,Kadarius Toney,WR,BE,False,7.3,4.7,False
16,True,13,Christopher's Kryptonite ,3040150,Josey Jewell,LB,DP,True,10.0,10.38,False
16,True,13,Christopher's Kryptonite ,4567156,Treylon Burks,WR,BE,False,1.5,6.35,False
16,True,13,Christopher's Kryptonite ,4426388,Jameson Williams,WR,BE,False,0.0,2.85,False
16,True,13,Christopher's Kryptonite ,10621,Nick Folk,K,K,True,0.0,7.8,False
16,True,13,Christopher's Kryptonite ,3115394,DJ Chark,WR,BE,False,12.8,7.88,False
16,True,13,Christopher's Kryptonite ,-16024,Chargers D/ST,D/ST,D/ST,True,20.0,4.77,False
16,True,5,COD Lobby Kyler,4242335,Jonathan Taylor,RB,IR,False,0.0,0.0,False
16,True,5,COD Lobby Kyler,15818,Keenan Allen,WR,WR,True,16.9,12.62,False
16,True,5,COD Lobby Kyler,4047365,Josh Jacobs,RB,RB,True,6.5,18.77,False
16,True,5,COD Lobby Kyler,16460,Adam Thielen,WR,WR,True,1.1,8.76,False
16,True,5,COD Lobby Kyler,2577327,Tyler Lockett,WR,BE,False,0.0,0.0,False
16,True,5,COD Lobby Kyler,4048244,Alexander Mattison,RB,BE,False,1.7,3.25,False
16,True,5,COD Lobby Kyler,3122976,Jeff Wilson Jr.,RB,BE,False,10.5,8.23,False
16,True,5,COD Lobby Kyler,15864,Geno Smith,QB,QB,True,12.2,19.48,False
16,True,5,COD Lobby Kyler,-16021,Eagles D/ST,D/ST,D/ST,True,8.0,4.62,False
16,True,5,COD Lobby Kyler,3126349,Rashaan Evans,LB,DP,True,6.0,10.5,False
16,True,5,COD Lobby Kyler,2473037,Jason Myers,K,K,True,4.0,7.81,False
16,True,5,COD Lobby Kyler,3123076,David Njoku,TE,TE,True,2.4,6.68,False
16,True,5,COD Lobby Kyler,3916945,Darius Slayton,WR,RB/WR/TE,True,9.9,9.34,False
16,True,5,COD Lobby Kyler,4258595,Cole Kmet,TE,BE,False,5.2,6.18,False
16,True,5,COD Lobby Kyler,14012,Andy Dalton,QB,BE,False,2.58,11.21,False
16,True,5,COD Lobby Kyler,4361741,Brock Purdy,QB,BE,False,15.96,14.37,False
16,True,5,COD Lobby Kyler,4035676,Zack Moss,RB,RB,True,7.5,10.31,False
16,True,5,COD Lobby Kyler,-16008,Lions D/ST,D/ST,BE,False,-10.0,5.44,False
16,True,9,TBD TBD,3116593,Dalvin Cook,RB,RB,True,9.2,18.43,False
16,True,9,TBD TBD,3045147,James Conner,RB,RB,True,21.5,17.26,False
16,True,9,TBD TBD,4038941,Justin Herbert,QB,QB,True,5.5,18.09,False
16,True,9,TBD TBD,3040151,George Kittle,TE,TE,True,27.0,8.51,False
16,True,9,TBD TBD,2976499,Amari Cooper,WR,WR,True,10.2,8.73,False
16,True,9,TBD TBD,16731,Brandin Cooks,WR,BE,False,11.4,7.98,False
16,True,9,TBD TBD,15683,Justin Tucker,K,K,True,8.0,8.27,False
16,True,9,TBD TBD,16760,Jimmy Garoppolo,QB,BE,False,0.0,0.0,False
16,True,9,TBD TBD,3051738,Marquez Valdes-Scantling,WR,BE,False,0.0,7.29,False
16,True,9,TBD TBD,3042519,Aaron Jones,RB,RB/WR/TE,True,4.4,14.87,False
16,True,9,TBD TBD,3121427,Curtis Samuel,WR,WR,True,13.9,6.95,False
16,True,9,TBD TBD,3930086,Dawson Knox,TE,BE,False,11.3,6.54,False
16,True,9,TBD TBD,3124679,Jason Sanders,K,BE,False,8.0,7.62,False
16,True,9,TBD TBD,3916903,Dre Greenlaw,LB,DP,True,8.0,10.49,False
16,True,9,TBD TBD,-16026,Seahawks D/ST,D/ST,D/ST,True,3.0,1.99,False
16,True,9,TBD TBD,4372414,Elijah Moore,WR,BE,False,2.5,6.22,False
16,True,9,TBD TBD,3052587,Baker Mayfield,QB,BE,False,17.4,9.87,False
16,True,11,Dez (Bryant) Nuts,3116385,Joe Mixon,RB,RB,True,14.3,13.42,False
16,True,11,Dez (Bryant) Nuts,3128720,Nick Chubb,RB,RB,True,10.7,16.25,False
16,True,11,Dez (Bryant) Nuts,16737,Mike Evans,WR,RB/WR/TE,True,5.4,10.73,False
16,True,11,Dez (Bryant) Nuts,4047646,A.J. Brown,WR,WR,True,13.3,13.85,False
16,True,11,Dez (Bryant) Nuts,4239934,AJ Dillon,RB,BE,False,11.8,8.76,False
16,True,11,Dez (Bryant) Nuts,3117256,Dalton Schultz,TE,TE,True,5.8,7.92,False
16,True,11,Dez (Bryant) Nuts,3925347,Damien Harris,RB,BE,False,0.0,0.0,False
16,True,11,Dez (Bryant) Nuts,4360438,Brandon Aiyuk,WR,WR,True,10.6,9.42,False
16,True,11,Dez (Bryant) Nuts,12483,Matthew Stafford,QB,IR,False,0.0,0.0,False
16,True,11,Dez (Bryant) Nuts,4039359,Darrell Henderson Jr.,RB,BE,False,0.0,0.0,False
16,True,11,Dez (Bryant) Nuts,4035434,Devin White,LB,DP,True,11.0,9.26,False
16,True,11,Dez (Bryant) Nuts,12731,Ryan Succop,K,K,True,15.0,7.13,False
16,True,11,Dez (Bryant) Nuts,3046779,Jared Goff,QB,QB,True,25.7,15.47,False
16,True,11,Dez (Bryant) Nuts,3915486,Tyler Conklin,TE,BE,False,5.4,5.41,False
16,True,11,Dez (Bryant) Nuts,-16007,Broncos D/ST,D/ST,D/ST,True,-4.0,8.02,False
16,True,11,Dez (Bryant) Nuts,2991662,Mack Hollins,WR,BE,False,1.2,7.54,False
16,True,11,Dez (Bryant) Nuts,-16023,Steelers D/ST,D/ST,BE,False,14.0,3.82,False
16,True,11,Dez (Bryant) Nuts,8439,Aaron Rodgers,QB,BE,False,13.32,16.33,False
16,True,1,T's Diddy ,4362628,Ja'Marr Chase,WR,WR,True,10.9,16.11,False
16,True,1,T's Diddy ,2976212,Stefon Diggs,WR,WR,True,3.6,13.56,False
16,True,1,T's Diddy ,4239996,Travis Etienne Jr.,RB,RB,True,12.7,13.02,False
16,True,1,T's Diddy ,4241985,J.K. Dobbins,RB,RB/WR/TE,True,5.9,11.38,False
16,True,1,T's Diddy ,4569173,Rhamondre Stevenson,RB,RB,True,2.3,14.01,False
16,True,1,T's Diddy ,4043130,Jordyn Brooks,LB,DP,True,8.0,11.11,False
16,True,1,T's Diddy ,3051909,Daniel Carlson,K,K,True,5.0,8.21,False
16,True,1,T's Diddy ,4360310,Trevor Lawrence,QB,BE,False,18.26,14.4,False
16,True,1,T's Diddy ,3917792,Daniel Jones,QB,QB,True,20.76,17.62,False
16,True,1,T's Diddy ,4258195,Donovan Peoples-Jones,WR,BE,False,0.7,5.87,False
16,True,1,T's Diddy ,-16028,Commanders D/ST,D/ST,BE,False,1.0,5.26,False
16,True,1,T's Diddy ,3843945,Foster Moreau,TE,BE,False,2.9,0.9,False
16,True,1,T's Diddy ,3059722,Zay Jones,WR,BE,False,1.6,9.28,False
16,True,1,T's Diddy ,3121023,Dallas Goedert,TE,TE,True,8.2,7.79,False
16,True,1,T's Diddy ,4361370,Chris Olave,WR,BE,False,0.0,0.0,False
16,True,1,T's Diddy ,-16033,Ravens D/ST,D/ST,D/ST,True,7.0,6.99,False
16,True,1,T's Diddy ,4360635,Chigoziem Okonkwo,TE,BE,False,3.5,5.43,False
16,True,3,Jim Ward's Ole Dick Necks,3068267,Austin Ekeler,RB,RB,True,21.9,15.46,False
16,True,3,Jim Ward's Ole Dick Necks,3126486,Deebo Samuel,WR,BE,False,0.0,0.0,False
16,True,3,Jim Ward's Ole Dick Necks,4240021,Cam Akers,RB,RB/WR/TE,True,33.7,9.83,False
16,True,3,Jim Ward's Ole Dick Necks,3116165,Chris Godwin,WR,WR,True,10.3,11.9,False
16,True,3,Jim Ward's Ole Dick Necks,3059915,Kareem Hunt,RB,BE,False,3.7,6.55,False
16,True,3,Jim Ward's Ole Dick Necks,3120348,JuJu Smith-Schuster,WR,WR,True,4.2,11.54,False
16,True,3,Jim Ward's Ole Dick Necks,2573401,Tyler Higbee,TE,TE,True,25.9,5.86,False
16,True,3,Jim Ward's Ole Dick Necks,14880,Kirk Cousins,QB,QB,True,24.16,18.02,False
16,True,3,Jim Ward's Ole Dick Necks,3121544,T.J. Edwards,LB,DP,True,14.0,9.66,False
16,True,3,Jim Ward's Ole Dick Necks,12460,Graham Gano,K,K,True,14.0,7.5,False
16,True,3,Jim Ward's Ole Dick Necks,16790,Jarvis Landry,WR,BE,False,0.0,0.0,False
16,True,3,Jim Ward's Ole Dick Necks,-16012,Chiefs D/ST,D/ST,BE,False,7.0,4.94,False
16,True,3,Jim Ward's Ole Dick Necks,3122840,Deshaun Watson,QB,BE,False,11.8,13.88,False
16,True,3,Jim Ward's Ole Dick Necks,4697815,Rachaad White,RB,BE,False,13.3,9.94,False
16,True,3,Jim Ward's Ole Dick Necks,4569987,Jaylen Warren,RB,BE,False,3.5,6.52,False
16,True,3,Jim Ward's Ole Dick Necks,4241457,Najee Harris,RB,RB,True,13.5,12.2,False
16,True,3,Jim Ward's Ole Dick Necks,-16005,Browns D/ST,D/ST,D/ST,True,5.0,5.63,False
16,True,12,Rule  #76,3054850,Alvin Kamara,RB,RB/WR/TE,True,18.0,14.42,False
16,True,12,Rule  #76,4035687,Michael Pittman Jr.,WR,BE,False,6.9,10.29,False
16,True,12,Rule  #76,4372016,Jaylen Waddle,WR,WR,True,22.8,11.46,False
16,True,12,Rule  #76,3916387,Lamar Jackson,QB,BE,False,0.0,0.0,False
16,True,12,Rule  #76,3128390,Allen Lazard,WR,BE,False,8.6,8.69,False
16,True,12,Rule  #76,15835,Zach Ertz,TE,IR,False,0.0,0.0,False
16,True,12,Rule  #76,4240657,Michael Carter,RB,BE,False,7.5,7.42,False
16,True,12,Rule  #76,15920,Latavius Murray,RB,RB,True,6.5,11.25,False
16,True,12,Rule  #76,4241416,Chuba Hubbard,RB,BE,False,12.5,8.17,False
16,True,12,Rule  #76,3924365,Hayden Hurst,TE,BE,False,0.0,0.0,False
16,True,12,Rule  #76,4241474,Brian Robinson Jr.,RB,RB,True,6.8,7.38,False
16,True,12,Rule  #76,-16015,Dolphins D/ST,D/ST,D/ST,True,4.0,4.65,False
16,True,12,Rule  #76,3930066,Van Jefferson,WR,BE,False,3.4,5.94,False
16,True,12,Rule  #76,4362759,Nick Bolton,LB,DP,True,18.0,8.47,False
16,True,12,Rule  #76,4360234,Evan McPherson,K,K,True,3.0,7.72,False
16,True,12,Rule  #76,15795,DeAndre Hopkins,WR,WR,True,0.9,11.02,False
16,True,12,Rule  #76,4036131,Noah Fant,TE,TE,True,8.2,6.85,False
16,True,12,Rule  #76,14876,Ryan Tannehill,QB,QB,True,0.0,0.0,False
16,True,6,SWIFT Kick In The Balls ,4259545,D'Andre Swift,RB,RB,True,3.0,11.69,False
16,True,6,SWIFT Kick In The Balls ,15847,Travis Kelce,TE,TE,True,14.3,14.86,False
16,True,6,SWIFT Kick In The Balls ,4239993,Tee Higgins,WR,WR,True,22.8,10.86,False
16,True,6,SWIFT Kick In The Balls ,3915416,DJ Moore,WR,WR,True,17.6,10.11,False
16,True,6,SWIFT Kick In The Balls ,3915511,Joe Burrow,QB,QB,True,23.5,18.67,False
16,True,6,SWIFT Kick In The Balls ,4360294,Antonio Gibson,RB,BE,False,4.1,7.29,False
16,True,6,SWIFT Kick In The Balls ,15807,Cordarrelle Patterson,RB,RB/WR/TE,True,3.6,9.59,False
16,True,6,SWIFT Kick In The Balls ,3045144,Tyler Boyd,WR,BE,False,3.6,6.53,False
16,True,6,SWIFT Kick In The Balls ,3128724,Isaiah McKenzie,WR,BE,False,0.6,6.86,False
16,True,6,SWIFT Kick In The Balls ,16720,C.J. Mosley,LB,DP,True,12.0,9.57,False
16,True,6,SWIFT Kick In The Balls ,4240455,Deon Jackson,RB,BE,False,2.4,7.2,False
16,True,6,SWIFT Kick In The Balls ,3121410,Parris Campbell,WR,BE,False,2.9,6.72,False
16,True,6,SWIFT Kick In The Balls ,17427,Cairo Santos,K,BE,False,7.0,7.08,False
16,True,6,SWIFT Kick In The Balls ,4035004,Mecole Hardman,WR,IR,False,0.0,0.0,False
16,True,6,SWIFT Kick In The Balls ,4427728,Zonovan Knight,RB,RB,True,1.8,11.06,False
16,True,6,SWIFT Kick In The Balls ,16339,Brandon McManus,K,K,True,9.0,6.98,False
16,True,6,SWIFT Kick In The Balls ,-16013,Raiders D/ST,D/ST,D/ST,True,4.0,5.52,False
16,True,6,SWIFT Kick In The Balls ,3042778,Corey Davis,WR,BE,False,2.4,6.68,False
17,True,8,SCLSU Mud Dogs,3043078,Derrick Henry,RB,BE,False,0.0,0.0,False
17,True,8,SCLSU Mud Dogs,4241389,CeeDee Lamb,WR,WR,True,15.5,13.47,False
17,True,8,SCLSU Mud Dogs,3116365,Mark Andrews,TE,TE,True,14.5,9.0,False
17,True,8,SCLSU Mud Dogs,3045138,Mike Williams,WR,RB/WR/TE,True,12.9,10.97,False
17,True,8,SCLSU Mud Dogs,4047650,DK Metcalf,WR,WR,True,0.8,12.99,False
17,True,8,SCLSU Mud Dogs,2330,Tom Brady,QB,BE,False,37.68,17.23,False
17,True,8,SCLSU Mud Dogs,3916148,Tony Pollard,RB,BE,False,0.0,0.0,False
17,True,8,SCLSU Mud Dogs,3050073,Foyesade Oluokun,LB,DP,True,9.0,10.44,False
17,True,8,SCLSU Mud Dogs,-16006,Cowboys D/ST,D/ST,D/ST,True,9.0,8.75,False
17,True,8,SCLSU Mud Dogs,4426502,Drake London,WR,BE,False,7.2,8.89,False
17,True,8,SCLSU Mud Dogs,4362887,Justin Fields,QB,QB,True,16.2,23.0,False
17,True,8,SCLSU Mud Dogs,4426354,George Pickens,WR,BE,False,3.9,6.12,False
17,True,8,SCLSU Mud Dogs,16486,Brett Maher,K,K,True,10.0,7.97,False
17,True,8,SCLSU Mud Dogs,4373626,Tyler Allgeier,RB,RB,True,16.0,12.36,False
17,True,8,SCLSU Mud Dogs,4379399,James Cook,RB,RB,True,0.0,6.99,False
17,True,8,SCLSU Mud Dogs,-16010,Titans D/ST,D/ST,BE,False,6.0,4.08,False
17,True,8,SCLSU Mud Dogs,4372071,Hassan Haskins,RB,BE,False,6.3,8.89,False
17,True,2,Zeke -A Virus,3929630,Saquon Barkley,RB,RB,True,6.3,18.42,False
17,True,2,Zeke -A Virus,3051392,Ezekiel Elliott,RB,RB,True,9.7,14.91,False
17,True,2,Zeke -A Virus,3139477,Patrick Mahomes,QB,QB,True,25.02,20.36,False
17,True,2,Zeke -A Virus,3932905,Diontae Johnson,WR,WR,True,4.5,9.24,False
17,True,2,Zeke -A Virus,4243537,Gabe Davis,WR,WR,True,0.0,9.76,False
17,True,2,Zeke -A Virus,-16027,Buccaneers D/ST,D/ST,D/ST,True,5.0,5.94,False
17,True,2,Zeke -A Virus,3917232,Tyler Bass,K,K,True,0.0,7.84,False
17,True,2,Zeke -A Virus,3915189,Roquan Smith,LB,DP,True,9.0,10.41,False
17,True,2,Zeke -A Virus,4036348,Michael Gallup,WR,BE,False,5.4,7.97,False
17,True,2,Zeke -A Virus,4243331,Cade Otton,TE,BE,False,2.7,6.1,False
17,True,2,Zeke -A Virus,4039050,Devin Duvernay,WR,BE,False,0.0,0.0,False
17,True,2,Zeke -A Virus,4240778,Jamin Davis,LB,BE,False,9.0,8.6,False
17,True,2,Zeke -A Virus,16782,Jerick McKinnon,RB,RB/WR/TE,True,20.1,9.98,False
17,True,2,Zeke -A Virus,-16014,Rams D/ST,D/ST,BE,False,-4.0,4.23,False
17,True,2,Zeke -A Virus,4367209,Greg Dulcich,TE,BE,False,0.0,0.0,False
17,True,2,Zeke -A Virus,3929645,Juwan Johnson,TE,TE,True,8.7,6.62,False
17,True,10,Maitland Tiburon,4262921,Justin Jefferson,WR,WR,True,3.0,18.97,False
17,True,10,Maitland Tiburon,4035538,David Montgomery,RB,RB,True,4.6,12.13,False
17,True,10,Maitland Tiburon,4241372,Marquise Brown,WR,RB/WR/TE,True,9.1,12.45,False
17,True,10,Maitland Tiburon,4040715,Jalen Hurts,QB,BE,False,0.0,0.0,False
17,True,10,Maitland Tiburon,4374302,Amon-Ra St. Brown,WR,WR,True,8.2,15.71,False
17,True,10,Maitland Tiburon,4040761,Devin Singletary,RB,BE,False,0.0,8.54,False
17,True,10,Maitland Tiburon,4361411,Pat Freiermuth,TE,TE,True,5.1,7.71,False
17,True,10,Maitland Tiburon,-16025,49ers D/ST,D/ST,D/ST,True,-3.0,7.99,False
17,True,10,Maitland Tiburon,2980453,Jamaal Williams,RB,RB,True,22.2,11.59,False
17,True,10,Maitland Tiburon,2576414,Raheem Mostert,RB,BE,False,19.1,7.63,False
17,True,10,Maitland Tiburon,2468609,Taysom Hill,TE,BE,False,13.06,6.01,False
17,True,10,Maitland Tiburon,-16002,Bills D/ST,D/ST,BE,False,0.0,5.06,False
17,True,10,Maitland Tiburon,3916566,K.J. Osborn,WR,BE,False,15.4,7.44,False
17,True,10,Maitland Tiburon,4038524,Gardner Minshew,QB,QB,True,12.96,17.26,False
17,True,10,Maitland Tiburon,3150744,Chase McLaughlin,K,K,True,3.0,7.07,False
17,True,10,Maitland Tiburon,3124005,Zaire Franklin,LB,DP,True,10.0,10.25,False
17,True,4,BUT kicKERs,3117251,Christian McCaffrey,RB,RB,True,28.3,19.39,False
17,True,4,BUT kicKERs,3116406,Tyreek Hill,WR,WR,True,14.7,15.7,False
17,True,4,BUT kicKERs,3115364,Leonard Fournette,RB,RB,True,6.7,11.56,False
17,True,4,BUT kicKERs,4241463,Jerry Jeudy,WR,BE,False,7.3,11.2,False
17,True,4,BUT kicKERs,2576925,Darren Waller,TE,BE,False,14.7,7.63,False
17,True,4,BUT kicKERs,4241478,DeVonta Smith,WR,BE,False,16.0,11.16,False
17,True,4,BUT kicKERs,2577417,Dak Prescott,QB,BE,False,14.38,17.46,False
17,True,4,BUT kicKERs,3895856,Christian Kirk,WR,RB/WR/TE,True,3.1,11.46,False
17,True,4,BUT kicKERs,4569618,Garrett Wilson,WR,WR,True,3.3,11.63,False
17,True,4,BUT kicKERs,4241479,Tua Tagovailoa,QB,QB,True,0.0,0.0,False
17,True,4,BUT kicKERs,3051876,Evan Engram,TE,TE,True,4.4,9.98,False
17,True,4,BUT kicKERs,3055899,Harrison Butker,K,K,True,2.0,8.43,False
17,True,4,BUT kicKERs,-16004,Bengals D/ST,D/ST,D/ST,True,0.0,3.93,False
17,True,4,BUT kicKERs,4248528,Christian Watson,WR,BE,False,1.6,11.77,False
17,True,4,BUT kicKERs,3138826,Fred Warner,LB,DP,True,12.0,8.38,False
17,True,4,BUT kicKERs,3116389,Samaje Perine,RB,BE,False,0.0,6.12,False
17,True,4,BUT kicKERs,3918639,Gerald Everett,TE,BE,False,9.0,6.18,False
17,True,13,Christopher's Kryptonite ,2977187,Cooper Kupp,WR,IR,False,0.0,0.0,False
17,True,13,Christopher's Kryptonite ,3918298,Josh Allen,QB,QB,True,0.0,22.08,False
17,True,13,Christopher's Kryptonite ,3128429,Courtland Sutton,WR,BE,False,7.4,9.91,False
17,True,13,Christopher's Kryptonite ,3121422,Terry McLaurin,WR,WR,True,5.7,10.18,False
17,True,13,Christopher's Kryptonite ,4045163,Miles Sanders,RB,RB/WR/TE,True,6.1,13.47,False
17,True,13,Christopher's Kryptonite ,4567048,Kenneth Walker III,RB,RB,True,14.7,12.21,False
17,True,13,Christopher's Kryptonite ,-16017,Patriots D/ST,D/ST,BE,False,12.0,6.1,False
17,True,13,Christopher's Kryptonite ,3125116,D'Onta Foreman,RB,BE,False,3.5,10.21,False
17,True,13,Christopher's Kryptonite ,4361529,Isiah Pacheco,RB,RB,True,11.9,11.08,False
17,True,13,Christopher's Kryptonite ,4036133,T.J. Hockenson,TE,TE,True,9.4,11.81,False
17,True,13,Christopher's Kryptonite ,16800,Davante Adams,WR,WR,True,30.8,14.0,False
17,True,13,Christopher's Kryptonite ,4240600,Kadarius Toney,WR,BE,False,7.1,4.87,False
17,True,13,Christopher's Kryptonite ,3040150,Josey Jewell,LB,DP,True,7.0,11.24,False
17,True,13,Christopher's Kryptonite ,4567156,Treylon Burks,WR,BE,False,10.6,7.0,False
17,True,13,Christopher's Kryptonite ,4426388,Jameson Williams,WR,BE,False,4.0,3.15,False
17,True,13,Christopher's Kryptonite ,10621,Nick Folk,K,K,True,6.0,7.84,False
17,True,13,Christopher's Kryptonite ,3115394,DJ Chark,WR,BE,False,6.6,7.62,False
17,True,13,Christopher's Kryptonite ,-16024,Chargers D/ST,D/ST,D/ST,True,10.0,6.1,False
17,True,9,TBD TBD,3116593,Dalvin Cook,RB,RB,True,5.4,15.4,False
17,True,9,TBD TBD,3045147,James Conner,RB,RB,True,12.5,17.23,False
17,True,9,TBD TBD,4038941,Justin Herbert,QB,QB,True,16.68,17.07,False
17,True,9,TBD TBD,3040151,George Kittle,TE,TE,True,11.3,10.47,False
17,True,9,TBD TBD,2976499,Amari Cooper,WR,WR,True,24.0,10.66,False
17,True,9,TBD TBD,16731,Brandin Cooks,WR,WR,True,5.9,9.18,False
17,True,9,TBD TBD,15683,Justin Tucker,K,K,True,9.0,7.53,False
17,True,9,TBD TBD,16760,Jimmy Garoppolo,QB,BE,False,0.0,0.0,False
17,True,9,TBD TBD,3051738,Marquez Valdes-Scantling,WR,BE,False,3.8,4.12,False
17,True,9,TBD TBD,3042519,Aaron Jones,RB,RB/WR/TE,True,12.3,13.7,False
17,True,9,TBD TBD,3121427,Curtis Samuel,WR,BE,False,2.1,8.13,False
17,True,9,TBD TBD,3930086,Dawson Knox,TE,BE,False,0.0,8.13,False
17,True,9,TBD TBD,3124679,Jason Sanders,K,BE,False,2.0,6.88,False
17,True,9,TBD TBD,3916903,Dre Greenlaw,LB,DP,True,8.0,9.72,False
17,True,9,TBD TBD,-16026,Seahawks D/ST,D/ST,D/ST,True,16.0,4.33,False
17,True,9,TBD TBD,4372414,Elijah Moore,WR,BE,False,2.8,7.37,False
17,True,9,TBD TBD,3052587,Baker Mayfield,QB,BE,False,4.08,11.82,False
17,True,5,COD Lobby Kyler,4242335,Jonathan Taylor,RB,IR,False,0.0,0.0,False
17,True,5,COD Lobby Kyler,15818,Keenan Allen,WR,WR,True,9.3,12.65,False
17,True,5,COD Lobby Kyler,4047365,Josh Jacobs,RB,RB,True,17.5,12.45,False
17,True,5,COD Lobby Kyler,16460,Adam Thielen,WR,WR,True,2.1,8.81,False
17,True,5,COD Lobby Kyler,2577327,Tyler Lockett,WR,BE,False,2.5,11.17,False
17,True,5,COD Lobby Kyler,4048244,Alexander Mattison,RB,BE,False,5.0,3.85,False
17,True,5,COD Lobby Kyler,3122976,Jeff Wilson Jr.,RB,BE,False,9.1,7.7,False
17,True,5,COD Lobby Kyler,15864,Geno Smith,QB,QB,True,17.12,16.26,False
17,True,5,COD Lobby Kyler,-16021,Eagles D/ST,D/ST,D/ST,True,10.0,6.6,False
17,True,5,COD Lobby Kyler,3126349,Rashaan Evans,LB,DP,True,4.0,10.86,False
17,True,5,COD Lobby Kyler,2473037,Jason Myers,K,K,True,10.0,7.89,False
17,True,5,COD Lobby Kyler,3123076,David Njoku,TE,TE,True,2.6,8.0,False
17,True,5,COD Lobby Kyler,3916945,Darius Slayton,WR,RB/WR/TE,True,0.4,8.34,False
17,True,5,COD Lobby Kyler,4258595,Cole Kmet,TE,BE,False,9.7,8.85,False
17,True,5,COD Lobby Kyler,14012,Andy Dalton,QB,BE,False,6.0,12.77,False
17,True,5,COD Lobby Kyler,4361741,Brock Purdy,QB,BE,False,17.06,16.08,False
17,True,5,COD Lobby Kyler,4035676,Zack Moss,RB,RB,True,7.4,11.23,False
17,True,5,COD Lobby Kyler,-16008,Lions D/ST,D/ST,BE,False,16.0,4.28,False
17,True,11,Dez (Bryant) Nuts,3116385,Joe Mixon,RB,RB,True,0.0,14.48,False
17,True,11,Dez (Bryant) Nuts,3128720,Nick Chubb,RB,RB,True,12.1,12.62,False
17,True,11,Dez (Bryant) Nuts,16737,Mike Evans,WR,RB/WR/TE,True,43.7,10.39,False
17,True,11,Dez (Bryant) Nuts,4047646,A.J. Brown,WR,WR,True,17.7,13.05,False
17,True,11,Dez (Bryant) Nuts,4239934,AJ Dillon,RB,BE,False,10.1,10.57,False
17,True,11,Dez (Bryant) Nuts,3117256,Dalton Schultz,TE,TE,True,21.1,7.99,False
17,True,11,Dez (Bryant) Nuts,3925347,Damien Harris,RB,BE,False,6.4,6.71,False
17,True,11,Dez (Bryant) Nuts,4360438,Brandon Aiyuk,WR,WR,True,22.2,10.29,False
17,True,11,Dez (Bryant) Nuts,12483,Matthew Stafford,QB,IR,False,0.0,0.0,False
17,True,11,Dez (Bryant) Nuts,4039359,Darrell Henderson Jr.,RB,BE,False,0.0,0.0,False
17,True,11,Dez (Bryant) Nuts,4035434,Devin White,LB,DP,True,9.0,8.31,False
17,True,11,Dez (Bryant) Nuts,12731,Ryan Succop,K,K,True,2.0,7.95,False
17,True,11,Dez (Bryant) Nuts,3046779,Jared Goff,QB,QB,True,22.4,18.27,False
17,True,11,Dez (Bryant) Nuts,3915486,Tyler Conklin,TE,BE,False,11.0,6.9,False
17,True,11,Dez (Bryant) Nuts,-16007,Broncos D/ST,D/ST,D/ST,True,5.0,2.75,False
17,True,11,Dez (Bryant) Nuts,2991662,Mack Hollins,WR,BE,False,5.5,5.78,False
17,True,11,Dez (Bryant) Nuts,-16023,Steelers D/ST,D/ST,BE,False,8.0,6.26,False
17,True,11,Dez (Bryant) Nuts,8439,Aaron Rodgers,QB,BE,False,16.56,16.99,False
17,True,6,SWIFT Kick In The Balls ,4259545,D'Andre Swift,RB,RB,True,25.7,11.31,False
17,True,6,SWIFT Kick In The Balls ,15847,Travis Kelce,TE,TE,True,7.8,13.62,False
17,True,6,SWIFT Kick In The Balls ,4239993,Tee Higgins,WR,WR,True,0.0,11.56,False
17,True,6,SWIFT Kick In The Balls ,3915416,DJ Moore,WR,WR,True,20.7,10.15,False
17,True,6,SWIFT Kick In The Balls ,3915511,Joe Burrow,QB,QB,True,0.0,20.43,False
17,True,6,SWIFT Kick In The Balls ,15807,Cordarrelle Patterson,RB,RB/WR/TE,True,17.4,10.14,False
17,True,6,SWIFT Kick In The Balls ,3045144,Tyler Boyd,WR,BE,False,0.0,6.08,False
17,True,6,SWIFT Kick In The Balls ,3128724,Isaiah McKenzie,WR,BE,False,0.0,6.25,False
17,True,6,SWIFT Kick In The Balls ,16720,C.J. Mosley,LB,DP,True,9.0,9.43,False
17,True,6,SWIFT Kick In The Balls ,4240455,Deon Jackson,RB,BE,False,1.0,5.15,False
17,True,6,SWIFT Kick In The Balls ,3121410,Parris Campbell,WR,BE,False,6.8,6.96,False
17,True,6,SWIFT Kick In The Balls ,17427,Cairo Santos,K,BE,False,4.0,7.74,False
17,True,6,SWIFT Kick In The Balls ,4035004,Mecole Hardman,WR,IR,False,0.0,0.0,False
17,True,6,SWIFT Kick In The Balls ,4427728,Zonovan Knight,RB,RB,True,5.4,11.05,False
17,True,6,SWIFT Kick In The Balls ,16339,Brandon McManus,K,K,True,7.0,7.69,False
17,True,6,SWIFT Kick In The Balls ,-16013,Raiders D/ST,D/ST,D/ST,True,-6.0,4.21,False
17,True,6,SWIFT Kick In The Balls ,3042778,Corey Davis,WR,BE,False,9.0,8.4,False
17,True,6,SWIFT Kick In The Balls ,4361409,Jahan Dotson,WR,BE,False,5.2,8.86,False
17,True,3,Jim Ward's Ole Dick Necks,3068267,Austin Ekeler,RB,RB,True,30.1,15.15,False
17,True,3,Jim Ward's Ole Dick Necks,3126486,Deebo Samuel,WR,BE,False,0.0,0.0,False
17,True,3,Jim Ward's Ole Dick Necks,4240021,Cam Akers,RB,RB,True,13.8,13.23,False
17,True,3,Jim Ward's Ole Dick Necks,3116165,Chris Godwin,WR,WR,True,17.5,11.73,False
17,True,3,Jim Ward's Ole Dick Necks,3059915,Kareem Hunt,RB,BE,False,0.4,5.49,False
17,True,3,Jim Ward's Ole Dick Necks,3120348,JuJu Smith-Schuster,WR,WR,True,3.1,9.87,False
17,True,3,Jim Ward's Ole Dick Necks,2573401,Tyler Higbee,TE,TE,True,2.6,7.52,False
17,True,3,Jim Ward's Ole Dick Necks,14880,Kirk Cousins,QB,QB,True,7.9,19.02,False
17,True,3,Jim Ward's Ole Dick Necks,3121544,T.J. Edwards,LB,DP,True,11.0,9.06,False
17,True,3,Jim Ward's Ole Dick Necks,12460,Graham Gano,K,K,True,9.0,8.06,False
17,True,3,Jim Ward's Ole Dick Necks,16790,Jarvis Landry,WR,BE,False,0.0,0.0,False
17,True,3,Jim Ward's Ole Dick Necks,-16012,Chiefs D/ST,D/ST,BE,False,8.0,6.77,False
17,True,3,Jim Ward's Ole Dick Necks,3122840,Deshaun Watson,QB,BE,False,21.86,14.89,False
17,True,3,Jim Ward's Ole Dick Necks,4697815,Rachaad White,RB,BE,False,7.3,8.81,False
17,True,3,Jim Ward's Ole Dick Necks,4569987,Jaylen Warren,RB,BE,False,11.3,4.92,False
17,True,3,Jim Ward's Ole Dick Necks,4241457,Najee Harris,RB,RB/WR/TE,True,19.3,11.37,False
17,True,3,Jim Ward's Ole Dick Necks,-16005,Browns D/ST,D/ST,D/ST,True,14.0,5.21,False
17,True,1,T's Diddy ,4362628,Ja'Marr Chase,WR,WR,True,0.0,17.03,False
17,True,1,T's Diddy ,2976212,Stefon Diggs,WR,WR,True,0.0,13.76,False
17,True,1,T's Diddy ,4239996,Travis Etienne Jr.,RB,RB,True,21.5,15.06,False
17,True,1,T's Diddy ,4241985,J.K. Dobbins,RB,RB/WR/TE,True,9.3,8.85,False
17,True,1,T's Diddy ,4569173,Rhamondre Stevenson,RB,RB,True,6.1,12.88,False
17,True,1,T's Diddy ,4043130,Jordyn Brooks,LB,DP,True,4.0,10.78,False
17,True,1,T's Diddy ,3051909,Daniel Carlson,K,K,True,12.0,7.7,False
17,True,1,T's Diddy ,4360310,Trevor Lawrence,QB,BE,False,4.48,18.55,False
17,True,1,T's Diddy ,3917792,Daniel Jones,QB,QB,True,36.18,17.34,False
17,True,1,T's Diddy ,4258195,Donovan Peoples-Jones,WR,BE,False,7.8,7.14,False
17,True,1,T's Diddy ,-16028,Commanders D/ST,D/ST,BE,False,5.0,6.12,False
17,True,1,T's Diddy ,3843945,Foster Moreau,TE,BE,False,7.0,1.72,False
17,True,1,T's Diddy ,3059722,Zay Jones,WR,BE,False,3.9,10.36,False
17,True,1,T's Diddy ,3121023,Dallas Goedert,TE,TE,True,6.0,8.17,False
17,True,1,T's Diddy ,4361370,Chris Olave,WR,BE,False,6.2,9.46,False
17,True,1,T's Diddy ,-16033,Ravens D/ST,D/ST,D/ST,True,2.0,6.9,False
17,True,1,T's Diddy ,4360635,Chigoziem Okonkwo,TE,BE,False,3.9,4.93,False
17,True,12,Rule  #76,3054850,Alvin Kamara,RB,RB/WR/TE,True,8.5,12.76,False
17,True,12,Rule  #76,4035687,Michael Pittman Jr.,WR,BE,False,13.1,10.19,False
17,True,12,Rule  #76,4372016,Jaylen Waddle,WR,WR,True,6.7,11.42,False
17,True,12,Rule  #76,3916387,Lamar Jackson,QB,BE,False,0.0,0.0,False
17,True,12,Rule  #76,3128390,Allen Lazard,WR,BE,False,8.4,9.88,False
17,True,12,Rule  #76,15835,Zach Ertz,TE,IR,False,0.0,0.0,False
17,True,12,Rule  #76,4240657,Michael Carter,RB,BE,False,2.5,8.0,False
17,True,12,Rule  #76,15920,Latavius Murray,RB,RB,True,9.2,10.01,False
17,True,12,Rule  #76,4241416,Chuba Hubbard,RB,BE,False,8.0,7.81,False
17,True,12,Rule  #76,3924365,Hayden Hurst,TE,BE,False,0.0,6.1,False
17,True,12,Rule  #76,4241474,Brian Robinson Jr.,RB,RB,True,8.7,13.82,False
17,True,12,Rule  #76,-16015,Dolphins D/ST,D/ST,D/ST,True,6.0,6.31,False
17,True,12,Rule  #76,3930066,Van Jefferson,WR,BE,False,9.2,5.9,False
17,True,12,Rule  #76,4362759,Nick Bolton,LB,DP,True,9.0,9.08,False
17,True,12,Rule  #76,4360234,Evan McPherson,K,K,True,0.0,8.18,False
17,True,12,Rule  #76,15795,DeAndre Hopkins,WR,WR,True,0.0,0.0,False
17,True,12,Rule  #76,4036131,Noah Fant,TE,TE,True,5.0,6.52,False
17,True,12,Rule  #76,14876,Ryan Tannehill,QB,QB,True,0.0,0.0,False
