week,is_playoff,team_id,team_name,player_id,player_name,position,slot,started,points,projected_points,on_bye
1,False,6,This Year Will  Be A Brees ,3916387,Lamar Jackson,QB,QB,True,19.0,22.27,False
1,False,6,This Year Will  Be A Brees ,4242335,Jonathan Taylor,RB,RB,True,14.6,14.36,False
1,False,6,This Year Will  Be A Brees ,4035538,David Montgomery,RB,RB,True,18.3,13.47,False
1,False,6,This Year Will  Be A Brees ,3116406,Tyreek Hill,WR,WR,True,31.6,15.35,False
1,False,6,This Year Will  Be A Brees ,2577327,Tyler Lockett,WR,WR,True,24.0,11.7,False
1,False,6,This Year Will  Be A Brees ,16813,Logan Thomas,TE,TE,True,10.5,8.51,False
1,False,6,This Year Will  Be A Brees ,16733,Odell Beckham Jr.,WR,RB/WR/TE,True,0.0,0.0,False
1,False,6,This Year Will  Be A Brees ,-16023,Steelers D/ST,D/ST,D/ST,True,13.0,5.07,False
1,False,6,This Year Will  Be A Brees ,15683,Justin Tucker,K,K,True,11.0,8.14,False
1,False,6,This Year Will  Be A Brees ,4035434,Devin White,LB,DP,True,10.0,10.27,False
1,False,6,This Year Will  Be A Brees ,3052876,William Fuller V,WR,BE,False,0.0,0.0,False
1,False,6,This Year Will  Be A Brees ,3916148,Tony Pollard,RB,BE,False,6.3,5.32,False
1,False,6,This Year Will  Be A Brees ,16913,James White,RB,BE,False,9.1,6.95,False
1,False,6,This Year Will  Be A Brees ,12537,Jared Cook,TE,BE,False,8.1,5.9,False
1,False,6,This Year Will  Be A Brees ,13994,Cam Newton,QB,BE,False,0.0,0.0,False
1,False,6,This Year Will  Be A Brees ,3134353,Tim Patrick,WR,BE,False,11.9,3.71,False
1,False,6,This Year Will  Be A Brees ,4035403,Denzel Mims,WR,BE,False,4.5,6.09,False
1,False,10,Maitland Tiburon,3917315,Kyler Murray,QB,QB,True,33.56,22.17,False
1,False,10,Maitland Tiburon,4242214,Clyde Edwards-Helaire,RB,RB,True,8.7,12.22,False
1,False,10,Maitland Tiburon,4047365,Josh Jacobs,RB,RB,True,16.5,12.09,False
1,False,10,Maitland Tiburon,16800,Davante Adams,WR,WR,True,8.1,16.37,False
1,False,10,Maitland Tiburon,3120348,JuJu Smith-Schuster,WR,WR,True,7.2,9.86,False
1,False,10,Maitland Tiburon,4360248,Kyle Pitts,TE,TE,True,5.1,8.98,False
1,False,10,Maitland Tiburon,4241463,Jerry Jeudy,WR,RB/WR/TE,True,10.2,10.13,False
1,False,10,Maitland Tiburon,-16033,Ravens D/ST,D/ST,D/ST,True,-1.0,5.86,False
1,False,10,Maitland Tiburon,4249087,Matt Gay,K,K,True,12.0,8.51,False
1,False,10,Maitland Tiburon,4239934,AJ Dillon,RB,BE,False,3.1,7.58,False
1,False,10,Maitland Tiburon,3121427,Curtis Samuel,WR,BE,False,0.0,0.0,False
1,False,10,Maitland Tiburon,15072,Marvin Jones Jr.,WR,BE,False,16.2,9.79,False
1,False,10,Maitland Tiburon,14924,T.Y. Hilton,WR,IR,False,0.0,0.0,False
1,False,10,Maitland Tiburon,4241479,Tua Tagovailoa,QB,BE,False,16.18,16.36,False
1,False,10,Maitland Tiburon,4241416,Chuba Hubbard,RB,BE,False,1.4,3.22,False
1,False,10,Maitland Tiburon,4372485,Rondale Moore,WR,BE,False,8.8,5.36,False
1,False,10,Maitland Tiburon,3050073,Foyesade Oluokun,LB,DP,True,8.0,9.01,False
1,False,10,Maitland Tiburon,3045138,Mike Williams,WR,BE,False,18.2,9.06,False
1,False,13,Dak in a Box,2577417,Dak Prescott,QB,QB,True,27.42,20.84,False
1,False,13,Dak in a Box,3117251,Christian McCaffrey,RB,RB,True,23.2,18.84,False
1,False,13,Dak in a Box,3919596,Chris Carson,RB,RB,True,11.2,11.68,False
1,False,13,Dak in a Box,16799,Allen Robinson II,WR,WR,True,6.5,11.68,False
1,False,13,Dak in a Box,15880,Robert Woods,WR,WR,True,10.9,11.47,False
1,False,13,Dak in a Box,4036131,Noah Fant,TE,TE,True,9.2,7.17,False
1,False,13,Dak in a Box,3025433,Mike Davis,RB,BE,False,8.7,12.86,False
1,False,13,Dak in a Box,-16011,Colts D/ST,D/ST,D/ST,True,3.0,5.39,False
1,False,13,Dak in a Box,14993,Greg Zuerlein,K,K,True,10.0,7.59,False
1,False,13,Dak in a Box,3138826,Fred Warner,LB,DP,True,11.0,8.52,False
1,False,13,Dak in a Box,3045144,Tyler Boyd,WR,BE,False,4.7,9.79,False
1,False,13,Dak in a Box,2576414,Raheem Mostert,RB,RB/WR/TE,True,2.0,12.88,False
1,False,13,Dak in a Box,3121023,Dallas Goedert,TE,BE,False,12.2,7.78,False
1,False,13,Dak in a Box,11237,Matt Ryan,QB,BE,False,7.36,16.53,False
1,False,13,Dak in a Box,2576623,DeVante Parker,WR,BE,False,10.1,9.44,False
1,False,13,Dak in a Box,3115378,Russell Gage,WR,BE,False,0.0,7.24,False
1,False,13,Dak in a Box,15920,Latavius Murray,RB,BE,False,8.8,6.19,False
1,False,5,Kissin Cousins ,3915511,Joe Burrow,QB,QB,True,18.64,16.36,False
1,False,5,Kissin Cousins ,3059915,Kareem Hunt,RB,RB,True,15.6,9.61,False
1,False,5,Kissin Cousins ,4052042,James Robinson,RB,RB,True,8.9,14.21,False
1,False,5,Kissin Cousins ,4047650,DK Metcalf,WR,WR,True,14.0,13.76,False
1,False,5,Kissin Cousins ,4360438,Brandon Aiyuk,WR,WR,True,0.0,11.71,False
1,False,5,Kissin Cousins ,15847,Travis Kelce,TE,TE,True,22.6,14.85,False
1,False,5,Kissin Cousins ,3042778,Corey Davis,WR,RB/WR/TE,True,24.2,10.02,False
1,False,5,Kissin Cousins ,-16027,Buccaneers D/ST,D/ST,D/ST,True,-3.0,4.51,False
1,False,5,Kissin Cousins ,3049899,Younghoe Koo,K,K,True,6.0,7.74,False
1,False,5,Kissin Cousins ,2976316,Michael Thomas,WR,IR,False,0.0,0.0,False
1,False,5,Kissin Cousins ,4048244,Alexander Mattison,RB,BE,False,1.1,6.16,False
1,False,5,Kissin Cousins ,4241475,Henry Ruggs III,WR,BE,False,5.6,8.51,False
1,False,5,Kissin Cousins ,3917792,Daniel Jones,QB,BE,False,21.38,14.83,False
1,False,5,Kissin Cousins ,3121410,Parris Campbell,WR,BE,False,2.9,8.23,False
1,False,5,Kissin Cousins ,16777,Carlos Hyde,RB,BE,False,6.8,6.14,False
1,False,5,Kissin Cousins ,3043275,Austin Hooper,TE,BE,False,4.2,6.74,False
1,False,5,Kissin Cousins ,3047566,Myles Jack,LB,DP,True,9.0,7.91,False
1,False,1,"Here Kittle, Kittle",14881,Russell Wilson,QB,QB,True,27.06,19.06,False
1,False,1,"Here Kittle, Kittle",3128720,Nick Chubb,RB,RB,True,21.1,14.15,False
1,False,1,"Here Kittle, Kittle",4360294,Antonio Gibson,RB,RB,True,10.3,14.6,False
1,False,1,"Here Kittle, Kittle",3116165,Chris Godwin,WR,WR,True,20.0,11.44,False
1,False,1,"Here Kittle, Kittle",15818,Keenan Allen,WR,WR,True,14.5,11.68,False
1,False,1,"Here Kittle, Kittle",4241478,DeVonta Smith,WR,RB/WR/TE,True,16.1,9.87,False
1,False,1,"Here Kittle, Kittle",3040151,George Kittle,TE,TE,True,9.8,11.77,False
1,False,1,"Here Kittle, Kittle",2576434,Melvin Gordon III,RB,BE,False,19.3,8.61,False
1,False,1,"Here Kittle, Kittle",3056362,Darius Leonard,LB,DP,True,7.0,10.55,False
1,False,1,"Here Kittle, Kittle",3126486,Deebo Samuel,WR,BE,False,27.4,10.48,False
1,False,1,"Here Kittle, Kittle",-16017,Patriots D/ST,D/ST,D/ST,True,7.0,6.64,False
1,False,1,"Here Kittle, Kittle",3128451,Tre'Quan Smith,WR,IR,False,0.0,0.0,False
1,False,1,"Here Kittle, Kittle",8664,Ryan Fitzpatrick,QB,BE,False,0.72,17.67,False
1,False,1,"Here Kittle, Kittle",3128721,Sony Michel,RB,BE,False,0.2,7.62,False
1,False,1,"Here Kittle, Kittle",4239993,Tee Higgins,WR,BE,False,13.8,10.26,False
1,False,1,"Here Kittle, Kittle",15825,Le'Veon Bell,RB,BE,False,0.0,1.86,False
1,False,1,"Here Kittle, Kittle",12460,Graham Gano,K,K,True,1.0,7.81,False
1,False,1,"Here Kittle, Kittle",3916433,Jakobi Meyers,WR,BE,False,7.4,8.51,False
1,False,9,Tonie's Tigers,14876,Ryan Tannehill,QB,BE,False,14.18,18.26,False
1,False,9,Tonie's Tigers,3042519,Aaron Jones,RB,RB,True,3.2,13.34,False
1,False,9,Tonie's Tigers,4039359,Darrell Henderson Jr.,RB,RB,True,15.2,11.91,False
1,False,9,Tonie's Tigers,3925357,Calvin Ridley,WR,WR,True,7.6,13.3,False
1,False,9,Tonie's Tigers,3915416,DJ Moore,WR,WR,True,12.4,11.14,False
1,False,9,Tonie's Tigers,2573401,Tyler Higbee,TE,TE,True,9.3,6.44,False
1,False,9,Tonie's Tigers,4361579,Javonte Williams,RB,BE,False,4.6,7.75,False
1,False,9,Tonie's Tigers,14979,Bobby Wagner,LB,DP,True,13.0,8.85,False
1,False,9,Tonie's Tigers,2330,Tom Brady,QB,QB,True,27.16,21.54,False
1,False,9,Tonie's Tigers,2979843,Kenyan Drake,RB,BE,False,9.5,8.47,False
1,False,9,Tonie's Tigers,16790,Jarvis Landry,WR,RB/WR/TE,True,16.9,11.17,False
1,False,9,Tonie's Tigers,2572861,J.D. McKissic,RB,BE,False,0.8,7.62,False
1,False,9,Tonie's Tigers,3046439,Hunter Henry,TE,BE,False,4.6,5.98,False
1,False,9,Tonie's Tigers,15349,Cole Beasley,WR,BE,False,10.0,7.73,False
1,False,9,Tonie's Tigers,2971618,Nelson Agholor,WR,BE,False,15.7,7.37,False
1,False,9,Tonie's Tigers,2998120,Josh Lambo,K,K,True,2.0,7.88,False
1,False,9,Tonie's Tigers,-16016,Vikings D/ST,D/ST,D/ST,True,4.0,6.93,False
1,False,3,Jim Ward's Ole Dick Necks,4038941,Justin Herbert,QB,QB,True,13.38,17.8,False
1,False,3,Jim Ward's Ole Dick Necks,3054850,Alvin Kamara,RB,RB,True,16.6,15.11,False
1,False,3,Jim Ward's Ole Dick Necks,4259545,D'Andre Swift,RB,BE,False,20.4,11.63,False
1,False,3,Jim Ward's Ole Dick Necks,4047646,A.J. Brown,WR,WR,True,14.9,13.71,False
1,False,3,Jim Ward's Ole Dick Necks,16731,Brandin Cooks,WR,WR,True,15.7,10.18,False
1,False,3,Jim Ward's Ole Dick Necks,2576925,Darren Waller,TE,TE,True,21.5,11.36,False
1,False,3,Jim Ward's Ole Dick Necks,3119195,Chase Edmonds,RB,RB,True,13.6,11.14,False
1,False,3,Jim Ward's Ole Dick Necks,-16012,Chiefs D/ST,D/ST,D/ST,True,0.0,4.33,False
1,False,3,Jim Ward's Ole Dick Necks,3917232,Tyler Bass,K,K,True,11.0,7.79,False
1,False,3,Jim Ward's Ole Dick Necks,3916430,Nyheim Hines,RB,BE,False,11.2,7.84,False
1,False,3,Jim Ward's Ole Dick Necks,4243160,Laviska Shenault Jr.,WR,BE,False,9.4,9.81,False
1,False,3,Jim Ward's Ole Dick Necks,4360310,Trevor Lawrence,QB,BE,False,19.08,17.84,False
1,False,3,Jim Ward's Ole Dick Necks,4035004,Mecole Hardman,WR,BE,False,3.4,7.91,False
1,False,3,Jim Ward's Ole Dick Necks,4241372,Marquise Brown,WR,RB/WR/TE,True,16.4,10.18,False
1,False,3,Jim Ward's Ole Dick Necks,4241802,Jalen Reagor,WR,BE,False,13.9,8.51,False
1,False,3,Jim Ward's Ole Dick Necks,3115375,Darrel Williams,RB,BE,False,0.4,3.93,False
1,False,3,Jim Ward's Ole Dick Necks,2510863,Eric Kendricks,LB,DP,True,15.0,9.01,False
1,False,2,Zeke -A Virus,3918298,Josh Allen,QB,QB,True,17.2,21.6,False
1,False,2,Zeke -A Virus,3051392,Ezekiel Elliott,RB,RB,True,4.9,12.83,False
1,False,2,Zeke -A Virus,4241985,J.K. Dobbins,RB,IR,False,0.0,0.0,False
1,False,2,Zeke -A Virus,16737,Mike Evans,WR,WR,True,4.9,12.69,False
1,False,2,Zeke -A Virus,2977187,Cooper Kupp,WR,WR,True,20.3,10.79,False
1,False,2,Zeke -A Virus,2975674,Robert Tonyan,TE,TE,True,1.8,7.25,False
1,False,2,Zeke -A Virus,3115394,DJ Chark Jr.,WR,BE,False,16.1,9.94,False
1,False,2,Zeke -A Virus,-16014,Rams D/ST,D/ST,D/ST,True,8.0,7.62,False
1,False,2,Zeke -A Virus,3055899,Harrison Butker,K,K,True,10.0,8.89,False
1,False,2,Zeke -A Virus,3051750,Zach Cunningham,LB,DP,True,6.0,9.51,False
1,False,2,Zeke -A Virus,13934,Antonio Brown,WR,RB/WR/TE,True,21.2,9.46,False
1,False,2,Zeke -A Virus,3052117,Phillip Lindsay,RB,BE,False,8.5,7.56,False
1,False,2,Zeke -A Virus,2979477,Tevin Coleman,RB,RB,True,2.4,7.74,False
1,False,2,Zeke -A Virus,2976592,Sterling Shepard,WR,BE,False,20.8,8.03,False
1,False,2,Zeke -A Virus,3123944,Qadree Ollison,RB,BE,False,0.0,0.0,False
1,False,2,Zeke -A Virus,16725,Sammy Watkins,WR,BE,False,11.6,7.93,False
1,False,2,Zeke -A Virus,2576980,Marcus Mariota,QB,BE,False,3.1,0.27,False
1,False,11,Dez (Bryant) Nuts,12483,Matthew Stafford,QB,QB,True,24.34,16.89,False
1,False,11,Dez (Bryant) Nuts,3929630,Saquon Barkley,RB,RB,True,3.2,12.23,False
1,False,11,Dez (Bryant) Nuts,4241457,Najee Harris,RB,RB,True,5.4,13.23,False
1,False,11,Dez (Bryant) Nuts,4241389,CeeDee Lamb,WR,WR,True,19.9,12.22,False
1,False,11,Dez (Bryant) Nuts,3932905,Diontae Johnson,WR,WR,True,12.1,10.64,False
1,False,11,Dez (Bryant) Nuts,3116365,Mark Andrews,TE,BE,False,3.5,10.17,False
1,False,11,Dez (Bryant) Nuts,3925347,Damien Harris,RB,BE,False,10.7,10.7,False
1,False,11,Dez (Bryant) Nuts,-16007,Broncos D/ST,D/ST,D/ST,True,7.0,7.66,False
1,False,11,Dez (Bryant) Nuts,16339,Brandon McManus,K,K,True,9.0,7.8,False
1,False,11,Dez (Bryant) Nuts,3915189,Roquan Smith,LB,DP,True,11.0,9.52,False
1,False,11,Dez (Bryant) Nuts,2574808,Robby Anderson,WR,RB/WR/TE,True,12.2,10.46,False
1,False,11,Dez (Bryant) Nuts,3115364,Leonard Fournette,RB,BE,False,9.4,8.89,False
1,False,11,Dez (Bryant) Nuts,13983,A.J. Green,WR,BE,False,3.5,7.21,False
1,False,11,Dez (Bryant) Nuts,3043080,O.J. Howard,TE,BE,False,0.0,5.03,False
1,False,11,Dez (Bryant) Nuts,5536,Ben Roethlisberger,QB,BE,False,12.02,16.34,False
1,False,11,Dez (Bryant) Nuts,4036348,Michael Gallup,WR,BE,False,5.6,10.45,False
1,False,11,Dez (Bryant) Nuts,4241464,Mac Jones,QB,BE,False,15.24,15.09,False
1,False,8,SCLSU Mud Dogs,3139477,Patrick Mahomes,QB,QB,True,33.28,22.19,False
1,False,8,SCLSU Mud Dogs,3116593,Dalvin Cook,RB,RB,True,17.4,19.02,False
1,False,8,SCLSU Mud Dogs,3116385,Joe Mixon,RB,RB/WR/TE,True,23.0,13.06,False
1,False,8,SCLSU Mud Dogs,3121422,Terry McLaurin,WR,WR,True,8.2,12.37,False
1,False,8,SCLSU Mud Dogs,13982,Julio Jones,WR,WR,True,4.4,11.12,False
1,False,8,SCLSU Mud Dogs,3116164,Mike Gesicki,TE,TE,True,1.0,6.69,False
1,False,8,SCLSU Mud Dogs,2974858,Kenny Golladay,WR,BE,False,8.4,9.96,False
1,False,8,SCLSU Mud Dogs,-16028,Commanders D/ST,D/ST,D/ST,True,1.0,5.98,False
1,False,8,SCLSU Mud Dogs,3127287,Budda Baker,S,DP,True,8.0,7.84,False
1,False,8,SCLSU Mud Dogs,4362628,Ja'Marr Chase,WR,BE,False,18.4,8.53,False
1,False,8,SCLSU Mud Dogs,3912550,Ronald Jones II,RB,RB,True,-0.6,8.59,False
1,False,8,SCLSU Mud Dogs,4241401,Trey Sermon,RB,BE,False,0.0,0.0,False
1,False,8,SCLSU Mud Dogs,4035687,Michael Pittman Jr.,WR,BE,False,4.4,9.14,False
1,False,8,SCLSU Mud Dogs,13229,Rob Gronkowski,TE,BE,False,25.0,6.5,False
1,False,8,SCLSU Mud Dogs,10636,Mason Crosby,K,K,True,3.0,7.36,False
1,False,8,SCLSU Mud Dogs,4240657,Michael Carter,RB,BE,False,2.5,7.13,False
1,False,8,SCLSU Mud Dogs,4035676,Zack Moss,RB,BE,False,0.0,0.0,False
1,False,12,Rule  #76,8439,Aaron Rodgers,QB,QB,True,1.32,19.08,False
1,False,12,Rule  #76,3043078,Derrick Henry,RB,RB,True,9.2,16.53,False
1,False,12,Rule  #76,4045163,Miles Sanders,RB,RB,True,15.3,13.05,False
1,False,12,Rule  #76,15795,DeAndre Hopkins,WR,WR,True,23.3,14.38,False
1,False,12,Rule  #76,4262921,Justin Jefferson,WR,WR,True,10.04,12.83,False
1,False,12,Rule  #76,4040980,Irv Smith Jr.,TE,IR,False,0.0,0.0,False
1,False,12,Rule  #76,-16025,49ers D/ST,D/ST,D/ST,True,7.0,6.71,False
1,False,12,Rule  #76,3886818,Myles Gaskin,RB,BE,False,10.1,9.57,False
1,False,12,Rule  #76,3124679,Jason Sanders,K,K,True,6.0,7.82,False
1,False,12,Rule  #76,2978273,Blake Martinez,LB,DP,True,9.0,9.6,False
1,False,12,Rule  #76,3045147,James Conner,RB,BE,False,5.3,8.34,False
1,False,12,Rule  #76,4040761,Devin Singletary,RB,BE,False,9.5,9.02,False
1,False,12,Rule  #76,2570986,Malcolm Brown,RB,BE,False,1.6,5.84,False
1,False,12,Rule  #76,4569173,Rhamondre Stevenson,RB,BE,False,-0.4,5.17,False
1,False,12,Rule  #76,4035170,Marquez Callaway,WR,BE,False,1.9,9.28,False
1,False,12,Rule  #76,4372414,Elijah Moore,WR,BE,False,0.2,8.76,False
1,False,12,Rule  #76,3054212,Jonnu Smith,TE,TE,True,7.3,7.3,False
1,False,12,Rule  #76,3895827,Ty'Son Williams,RB,RB/WR/TE,True,16.9,10.32,False
1,False,4,Hurts So Good,4040715,Jalen Hurts,QB,QB,True,28.76,19.65,False
1,False,4,Hurts So Good,3068267,Austin Ekeler,RB,RB,True,11.7,12.72,False
1,False,4,Hurts So Good,2976212,Stefon Diggs,WR,WR,True,11.4,13.87,False
1,False,4,Hurts So Good,2976499,Amari Cooper,WR,WR,True,32.4,12.15,False
1,False,4,Hurts So Good,4036133,T.J. Hockenson,TE,TE,True,21.7,9.24,False
1,False,4,Hurts So Good,16460,Adam Thielen,WR,RB/WR/TE,True,25.7,12.05,False
1,False,4,Hurts So Good,-16002,Bills D/ST,D/ST,D/ST,True,4.0,5.68,False
1,False,4,Hurts So Good,2473037,Jason Myers,K,K,True,4.0,8.04,False
1,False,4,Hurts So Good,3115373,Jamal Adams,S,DP,True,6.0,7.29,False
1,False,4,Hurts So Good,4046692,Chase Claypool,WR,BE,False,8.5,10.23,False
1,False,4,Hurts So Good,3128429,Courtland Sutton,WR,BE,False,1.9,9.91,False
1,False,4,Hurts So Good,2980453,Jamaal Williams,RB,RB,True,21.0,7.77,False
1,False,4,Hurts So Good,4372016,Jaylen Waddle,WR,BE,False,14.1,8.76,False
1,False,4,Hurts So Good,3052587,Baker Mayfield,QB,BE,False,12.64,17.57,False
1,False,4,Hurts So Good,15826,Giovani Bernard,RB,BE,False,2.2,5.65,False
1,False,4,Hurts So Good,2969939,Jameis Winston,QB,BE,False,29.62,14.88,False
1,False,4,Hurts So Good,17359,Damien Williams,RB,BE,False,6.0,6.1,False
2,False,10,Maitland Tiburon,3917315,Kyler Murray,QB,QB,True,33.1,21.47,False
2,False,10,Maitland Tiburon,4242214,Clyde Edwards-Helaire,RB,RB,True,2.6,12.87,False
2,False,10,Maitland Tiburon,4047365,Josh Jacobs,RB,BE,False,0.0,0.0,False
2,False,10,Maitland Tiburon,16800,Davante Adams,WR,WR,True,16.1,15.04,False
2,False,10,Maitland Tiburon,3120348,JuJu Smith-Schuster,WR,WR,True,13.4,11.09,False
2,False,10,Maitland Tiburon,4360248,Kyle Pitts,TE,TE,True,9.8,8.99,False
2,False,10,Maitland Tiburon,4241463,Jerry Jeudy,WR,BE,False,0.0,0.0,False
2,False,10,Maitland Tiburon,-16033,Ravens D/ST,D/ST,BE,False,0.0,3.68,False
2,False,10,Maitland Tiburon,4249087,Matt Gay,K,K,True,9.0,8.39,False
2,False,10,Maitland Tiburon,4239934,AJ Dillon,RB,RB,True,3.1,8.87,False
2,False,10,Maitland Tiburon,15072,Marvin Jones Jr.,WR,BE,False,14.5,10.34,False
2,False,10,Maitland Tiburon,14924,T.Y. Hilton,WR,IR,False,0.0,0.0,False
2,False,10,Maitland Tiburon,4241479,Tua Tagovailoa,QB,BE,False,0.52,16.33,False
2,False,10,Maitland Tiburon,4241416,Chuba Hubbard,RB,BE,False,1.0,2.28,False
2,False,10,Maitland Tiburon,4372485,Rondale Moore,WR,BE,False,20.9,4.3,False
2,False,10,Maitland Tiburon,3050073,Foyesade Oluokun,LB,DP,True,11.0,9.55,False
2,False,10,Maitland Tiburon,3045138,Mike Williams,WR,RB/WR/TE,True,18.6,10.72,False
2,False,10,Maitland Tiburon,-16018,Saints D/ST,D/ST,D/ST,True,5.0,7.5,False
2,False,5,Kissin Cousins ,3915511,Joe Burrow,QB,QB,True,10.28,16.97,False
2,False,5,Kissin Cousins ,3059915,Kareem Hunt,RB,RB,True,5.8,11.4,False
2,False,5,Kissin Cousins ,4052042,James Robinson,RB,RB,True,7.9,11.25,False
2,False,5,Kissin Cousins ,4047650,DK Metcalf,WR,WR,True,8.3,14.37,False
2,False,5,Kissin Cousins ,4360438,Brandon Aiyuk,WR,BE,False,1.1,7.94,False
2,False,5,Kissin Cousins ,15847,Travis Kelce,TE,TE,True,21.4,16.5,False
2,False,5,Kissin Cousins ,3042778,Corey Davis,WR,WR,True,1.8,10.25,False
2,False,5,Kissin Cousins ,-16027,Buccaneers D/ST,D/ST,D/ST,True,19.0,6.98,False
2,False,5,Kissin Cousins ,3049899,Younghoe Koo,K,K,True,5.0,7.27,False
2,False,5,Kissin Cousins ,2976316,Michael Thomas,WR,IR,False,0.0,0.0,False
2,False,5,Kissin Cousins ,4048244,Alexander Mattison,RB,BE,False,3.3,3.6,False
2,False,5,Kissin Cousins ,4241475,Henry Ruggs III,WR,BE,False,20.0,7.89,False
2,False,5,Kissin Cousins ,3917792,Daniel Jones,QB,BE,False,29.46,15.69,False
2,False,5,Kissin Cousins ,16777,Carlos Hyde,RB,BE,False,0.7,6.76,False
2,False,5,Kissin Cousins ,3043275,Austin Hooper,TE,BE,False,6.5,5.59,False
2,False,5,Kissin Cousins ,4371733,Kenneth Gainwell,RB,RB/WR/TE,True,6.2,7.34,False
2,False,5,Kissin Cousins ,2978313,Shaq Thompson,LB,DP,True,4.0,7.64,False
2,False,5,Kissin Cousins ,3930066,Van Jefferson,WR,BE,False,1.9,7.62,False
2,False,9,Tonie's Tigers,14876,Ryan Tannehill,QB,BE,False,14.58,17.29,False
2,False,9,Tonie's Tigers,3042519,Aaron Jones,RB,RB,True,38.5,15.46,False
2,False,9,Tonie's Tigers,4039359,Darrell Henderson Jr.,RB,RB,True,15.7,13.53,False
2,False,9,Tonie's Tigers,3925357,Calvin Ridley,WR,WR,True,15.8,14.62,False
2,False,9,Tonie's Tigers,3915416,DJ Moore,WR,WR,True,17.9,10.48,False
2,False,9,Tonie's Tigers,2573401,Tyler Higbee,TE,TE,True,1.3,7.52,False
2,False,9,Tonie's Tigers,4361579,Javonte Williams,RB,BE,False,7.9,10.23,False
2,False,9,Tonie's Tigers,14979,Bobby Wagner,LB,DP,True,22.0,8.98,False
2,False,9,Tonie's Tigers,2330,Tom Brady,QB,QB,True,29.64,21.09,False
2,False,9,Tonie's Tigers,2979843,Kenyan Drake,RB,RB/WR/TE,True,8.0,12.81,False
2,False,9,Tonie's Tigers,16790,Jarvis Landry,WR,BE,False,1.4,11.42,False
2,False,9,Tonie's Tigers,2572861,J.D. McKissic,RB,BE,False,17.8,6.39,False
2,False,9,Tonie's Tigers,3046439,Hunter Henry,TE,BE,False,5.2,6.15,False
2,False,9,Tonie's Tigers,15349,Cole Beasley,WR,BE,False,5.6,9.18,False
2,False,9,Tonie's Tigers,2971618,Nelson Agholor,WR,BE,False,3.6,8.19,False
2,False,9,Tonie's Tigers,2998120,Josh Lambo,K,K,True,-1.0,7.19,False
2,False,9,Tonie's Tigers,-16004,Bengals D/ST,D/ST,D/ST,True,8.0,6.4,False
2,False,6,This Year Will  Be A Brees ,3916387,Lamar Jackson,QB,QB,True,32.26,21.83,False
2,False,6,This Year Will  Be A Brees ,4242335,Jonathan Taylor,RB,RB,True,5.8,16.03,False
2,False,6,This Year Will  Be A Brees ,4035538,David Montgomery,RB,RB,True,9.4,15.03,False
2,False,6,This Year Will  Be A Brees ,3116406,Tyreek Hill,WR,WR,True,4.4,17.42,False
2,False,6,This Year Will  Be A Brees ,2577327,Tyler Lockett,WR,WR,True,27.8,12.79,False
2,False,6,This Year Will  Be A Brees ,16813,Logan Thomas,TE,TE,True,7.0,8.22,False
2,False,6,This Year Will  Be A Brees ,16733,Odell Beckham Jr.,WR,IR,False,0.0,0.0,False
2,False,6,This Year Will  Be A Brees ,-16023,Steelers D/ST,D/ST,D/ST,True,-1.0,6.25,False
2,False,6,This Year Will  Be A Brees ,15683,Justin Tucker,K,K,True,7.0,8.52,False
2,False,6,This Year Will  Be A Brees ,4035434,Devin White,LB,DP,True,6.0,9.58,False
2,False,6,This Year Will  Be A Brees ,3052876,William Fuller V,WR,BE,False,0.0,0.0,False
2,False,6,This Year Will  Be A Brees ,3916148,Tony Pollard,RB,BE,False,22.5,6.26,False
2,False,6,This Year Will  Be A Brees ,16913,James White,RB,BE,False,15.5,8.46,False
2,False,6,This Year Will  Be A Brees ,12537,Jared Cook,TE,BE,False,4.3,8.25,False
2,False,6,This Year Will  Be A Brees ,3134353,Tim Patrick,WR,BE,False,11.2,7.9,False
2,False,6,This Year Will  Be A Brees ,4035403,Denzel Mims,WR,BE,False,0.0,0.0,False
2,False,6,This Year Will  Be A Brees ,13295,Emmanuel Sanders,WR,RB/WR/TE,True,5.8,8.65,False
2,False,6,This Year Will  Be A Brees ,2978109,Zach Pascal,WR,BE,False,12.3,7.39,False
2,False,1,"Here Kittle, Kittle",14881,Russell Wilson,QB,QB,True,23.32,21.25,False
2,False,1,"Here Kittle, Kittle",3128720,Nick Chubb,RB,RB,True,17.3,16.89,False
2,False,1,"Here Kittle, Kittle",4360294,Antonio Gibson,RB,RB,True,8.3,15.67,False
2,False,1,"Here Kittle, Kittle",3116165,Chris Godwin,WR,WR,True,14.2,11.76,False
2,False,1,"Here Kittle, Kittle",15818,Keenan Allen,WR,WR,True,13.8,13.41,False
2,False,1,"Here Kittle, Kittle",4241478,DeVonta Smith,WR,RB/WR/TE,True,2.6,10.63,False
2,False,1,"Here Kittle, Kittle",3040151,George Kittle,TE,TE,True,3.7,11.19,False
2,False,1,"Here Kittle, Kittle",2576434,Melvin Gordon III,RB,BE,False,7.9,11.24,False
2,False,1,"Here Kittle, Kittle",3056362,Darius Leonard,LB,DP,True,6.0,10.1,False
2,False,1,"Here Kittle, Kittle",3126486,Deebo Samuel,WR,BE,False,13.1,11.88,False
2,False,1,"Here Kittle, Kittle",-16017,Patriots D/ST,D/ST,D/ST,True,16.0,6.91,False
2,False,1,"Here Kittle, Kittle",8664,Ryan Fitzpatrick,QB,IR,False,0.0,0.0,False
2,False,1,"Here Kittle, Kittle",3128721,Sony Michel,RB,BE,False,4.6,6.02,False
2,False,1,"Here Kittle, Kittle",4239993,Tee Higgins,WR,BE,False,15.0,10.58,False
2,False,1,"Here Kittle, Kittle",15825,Le'Veon Bell,RB,BE,False,0.0,0.0,False
2,False,1,"Here Kittle, Kittle",3916433,Jakobi Meyers,WR,BE,False,5.8,10.32,False
2,False,1,"Here Kittle, Kittle",3150744,Chase McLaughlin,K,K,True,7.0,8.24,False
2,False,13,Dak in a Box,2577417,Dak Prescott,QB,QB,True,8.48,20.25,False
2,False,13,Dak in a Box,3117251,Christian McCaffrey,RB,RB,True,22.2,18.61,False
2,False,13,Dak in a Box,3919596,Chris Carson,RB,RB,True,15.1,15.89,False
2,False,13,Dak in a Box,16799,Allen Robinson II,WR,WR,True,9.4,12.54,False
2,False,13,Dak in a Box,15880,Robert Woods,WR,WR,True,9.5,11.81,False
2,False,13,Dak in a Box,4036131,Noah Fant,TE,TE,True,11.3,8.45,False
2,False,13,Dak in a Box,3025433,Mike Davis,RB,BE,False,9.8,11.18,False
2,False,13,Dak in a Box,-16011,Colts D/ST,D/ST,BE,False,10.0,5.23,False
2,False,13,Dak in a Box,14993,Greg Zuerlein,K,K,True,10.0,7.27,False
2,False,13,Dak in a Box,3138826,Fred Warner,LB,DP,True,7.0,9.1,False
2,False,13,Dak in a Box,3045144,Tyler Boyd,WR,BE,False,10.8,9.31,False
2,False,13,Dak in a Box,2576414,Raheem Mostert,RB,IR,False,0.0,0.0,False
2,False,13,Dak in a Box,3121023,Dallas Goedert,TE,BE,False,3.4,7.54,False
2,False,13,Dak in a Box,11237,Matt Ryan,QB,BE,False,16.3,16.64,False
2,False,13,Dak in a Box,2576623,DeVante Parker,WR,BE,False,6.7,10.13,False
2,False,13,Dak in a Box,15920,Latavius Murray,RB,BE,False,9.6,6.76,False
2,False,13,Dak in a Box,4241555,Elijah Mitchell,RB,RB/WR/TE,True,6.3,11.54,False
2,False,13,Dak in a Box,-16005,Browns D/ST,D/ST,D/ST,True,5.0,7.3,False
2,False,2,Zeke -A Virus,3918298,Josh Allen,QB,QB,True,16.66,23.12,False
2,False,2,Zeke -A Virus,3051392,Ezekiel Elliott,RB,RB,True,16.7,15.0,False
2,False,2,Zeke -A Virus,4241985,J.K. Dobbins,RB,IR,False,0.0,0.0,False
2,False,2,Zeke -A Virus,16737,Mike Evans,WR,WR,True,22.0,11.6,False
2,False,2,Zeke -A Virus,2977187,Cooper Kupp,WR,WR,True,32.3,12.04,False
2,False,2,Zeke -A Virus,2975674,Robert Tonyan,TE,TE,True,12.7,7.26,False
2,False,2,Zeke -A Virus,3115394,DJ Chark Jr.,WR,BE,False,2.4,9.69,False
2,False,2,Zeke -A Virus,-16014,Rams D/ST,D/ST,D/ST,True,6.0,6.91,False
2,False,2,Zeke -A Virus,3055899,Harrison Butker,K,K,True,5.0,8.65,False
2,False,2,Zeke -A Virus,3051750,Zach Cunningham,LB,DP,True,7.0,9.45,False
2,False,2,Zeke -A Virus,13934,Antonio Brown,WR,RB/WR/TE,True,2.2,9.91,False
2,False,2,Zeke -A Virus,3052117,Phillip Lindsay,RB,RB,True,8.9,4.93,False
2,False,2,Zeke -A Virus,2979477,Tevin Coleman,RB,BE,False,2.4,6.0,False
2,False,2,Zeke -A Virus,2976592,Sterling Shepard,WR,BE,False,13.0,9.4,False
2,False,2,Zeke -A Virus,3123944,Qadree Ollison,RB,BE,False,0.0,0.0,False
2,False,2,Zeke -A Virus,16725,Sammy Watkins,WR,BE,False,6.4,8.84,False
2,False,2,Zeke -A Virus,2576980,Marcus Mariota,QB,BE,False,0.0,0.0,False
2,False,8,SCLSU Mud Dogs,3139477,Patrick Mahomes,QB,QB,True,24.02,23.91,False
2,False,8,SCLSU Mud Dogs,3116593,Dalvin Cook,RB,RB,True,15.8,18.43,False
2,False,8,SCLSU Mud Dogs,3116385,Joe Mixon,RB,RB,True,8.6,14.35,False
2,False,8,SCLSU Mud Dogs,3121422,Terry McLaurin,WR,WR,True,23.2,12.0,False
2,False,8,SCLSU Mud Dogs,13982,Julio Jones,WR,RB/WR/TE,True,15.8,10.84,False
2,False,8,SCLSU Mud Dogs,3116164,Mike Gesicki,TE,BE,False,5.6,5.69,False
2,False,8,SCLSU Mud Dogs,2974858,Kenny Golladay,WR,BE,False,5.3,10.3,False
2,False,8,SCLSU Mud Dogs,-16028,Commanders D/ST,D/ST,D/ST,True,2.0,7.42,False
2,False,8,SCLSU Mud Dogs,3127287,Budda Baker,S,DP,True,8.0,7.83,False
2,False,8,SCLSU Mud Dogs,4362628,Ja'Marr Chase,WR,WR,True,12.4,10.9,False
2,False,8,SCLSU Mud Dogs,3912550,Ronald Jones II,RB,BE,False,4.1,7.12,False
2,False,8,SCLSU Mud Dogs,4241401,Trey Sermon,RB,BE,False,0.8,3.29,False
2,False,8,SCLSU Mud Dogs,4035687,Michael Pittman Jr.,WR,BE,False,16.3,8.58,False
2,False,8,SCLSU Mud Dogs,13229,Rob Gronkowski,TE,TE,True,17.9,8.31,False
2,False,8,SCLSU Mud Dogs,10636,Mason Crosby,K,K,True,5.0,7.21,False
2,False,8,SCLSU Mud Dogs,4240657,Michael Carter,RB,BE,False,9.8,5.71,False
2,False,8,SCLSU Mud Dogs,4046676,Tony Jones Jr.,RB,BE,False,0.7,6.88,False
2,False,4,Hurts So Good,4040715,Jalen Hurts,QB,QB,True,21.8,18.92,False
2,False,4,Hurts So Good,3068267,Austin Ekeler,RB,RB,True,18.0,15.11,False
2,False,4,Hurts So Good,2976212,Stefon Diggs,WR,WR,True,15.0,13.91,False
2,False,4,Hurts So Good,2976499,Amari Cooper,WR,WR,True,3.9,12.86,False
2,False,4,Hurts So Good,4036133,T.J. Hockenson,TE,TE,True,16.6,9.24,False
2,False,4,Hurts So Good,16460,Adam Thielen,WR,RB/WR/TE,True,12.9,12.22,False
2,False,4,Hurts So Good,-16002,Bills D/ST,D/ST,D/ST,True,19.0,7.09,False
2,False,4,Hurts So Good,2473037,Jason Myers,K,K,True,6.0,8.26,False
2,False,4,Hurts So Good,3115373,Jamal Adams,S,DP,True,8.0,6.31,False
2,False,4,Hurts So Good,4046692,Chase Claypool,WR,BE,False,8.2,11.14,False
2,False,4,Hurts So Good,3128429,Courtland Sutton,WR,BE,False,20.4,11.29,False
2,False,4,Hurts So Good,2980453,Jamaal Williams,RB,RB,True,5.2,8.27,False
2,False,4,Hurts So Good,4372016,Jaylen Waddle,WR,BE,False,5.8,10.32,False
2,False,4,Hurts So Good,3052587,Baker Mayfield,QB,BE,False,17.52,18.05,False
2,False,4,Hurts So Good,15826,Giovani Bernard,RB,BE,False,2.6,4.02,False
2,False,4,Hurts So Good,2969939,Jameis Winston,QB,BE,False,9.34,16.3,False
2,False,4,Hurts So Good,17359,Damien Williams,RB,BE,False,2.4,7.75,False
2,False,3,Jim Ward's Ole Dick Necks,4038941,Justin Herbert,QB,QB,True,14.72,21.01,False
2,False,3,Jim Ward's Ole Dick Necks,3054850,Alvin Kamara,RB,RB,True,5.0,17.15,False
2,False,3,Jim Ward's Ole Dick Necks,4259545,D'Andre Swift,RB,RB/WR/TE,True,9.8,12.87,False
2,False,3,Jim Ward's Ole Dick Necks,4047646,A.J. Brown,WR,WR,True,5.8,12.92,False
2,False,3,Jim Ward's Ole Dick Necks,16731,Brandin Cooks,WR,WR,True,18.3,11.16,False
2,False,3,Jim Ward's Ole Dick Necks,2576925,Darren Waller,TE,TE,True,9.0,13.46,False
2,False,3,Jim Ward's Ole Dick Necks,3119195,Chase Edmonds,RB,RB,True,10.0,12.41,False
2,False,3,Jim Ward's Ole Dick Necks,-16012,Chiefs D/ST,D/ST,D/ST,True,3.0,5.13,False
2,False,3,Jim Ward's Ole Dick Necks,3917232,Tyler Bass,K,K,True,4.0,7.85,False
2,False,3,Jim Ward's Ole Dick Necks,3916430,Nyheim Hines,RB,BE,False,2.7,9.34,False
2,False,3,Jim Ward's Ole Dick Necks,4243160,Laviska Shenault Jr.,WR,BE,False,1.7,9.13,False
2,False,3,Jim Ward's Ole Dick Necks,4360310,Trevor Lawrence,QB,BE,False,6.82,14.29,False
2,False,3,Jim Ward's Ole Dick Necks,4035004,Mecole Hardman,WR,BE,False,8.0,8.51,False
2,False,3,Jim Ward's Ole Dick Necks,4241372,Marquise Brown,WR,BE,False,20.3,9.74,False
2,False,3,Jim Ward's Ole Dick Necks,4241802,Jalen Reagor,WR,BE,False,1.5,9.01,False
2,False,3,Jim Ward's Ole Dick Necks,3115375,Darrel Williams,RB,BE,False,5.8,3.99,False
2,False,3,Jim Ward's Ole Dick Necks,2510863,Eric Kendricks,LB,DP,True,11.0,8.93,False
2,False,12,Rule  #76,8439,Aaron Rodgers,QB,QB,True,26.8,20.54,False
2,False,12,Rule  #76,3043078,Derrick Henry,RB,RB,True,44.7,17.68,False
2,False,12,Rule  #76,4045163,Miles Sanders,RB,RB,True,6.4,13.33,False
2,False,12,Rule  #76,15795,DeAndre Hopkins,WR,WR,True,13.4,13.87,False
2,False,12,Rule  #76,4262921,Justin Jefferson,WR,WR,True,15.5,12.7,False
2,False,12,Rule  #76,4040980,Irv Smith Jr.,TE,IR,False,0.0,0.0,False
2,False,12,Rule  #76,-16025,49ers D/ST,D/ST,D/ST,True,7.0,5.44,False
2,False,12,Rule  #76,3886818,Myles Gaskin,RB,BE,False,6.6,9.26,False
2,False,12,Rule  #76,3124679,Jason Sanders,K,K,True,0.0,7.85,False
2,False,12,Rule  #76,2978273,Blake Martinez,LB,DP,True,12.0,9.69,False
2,False,12,Rule  #76,3045147,James Conner,RB,BE,False,2.6,10.12,False
2,False,12,Rule  #76,4040761,Devin Singletary,RB,BE,False,16.1,11.26,False
2,False,12,Rule  #76,2570986,Malcolm Brown,RB,BE,False,2.1,3.67,False
2,False,12,Rule  #76,4569173,Rhamondre Stevenson,RB,BE,False,0.0,0.0,False
2,False,12,Rule  #76,4035170,Marquez Callaway,WR,BE,False,1.8,9.12,False
2,False,12,Rule  #76,4372414,Elijah Moore,WR,BE,False,8.7,6.48,False
2,False,12,Rule  #76,3054212,Jonnu Smith,TE,TE,True,4.8,7.07,False
2,False,12,Rule  #76,3895827,Ty'Son Williams,RB,RB/WR/TE,True,10.3,9.67,False
2,False,11,Dez (Bryant) Nuts,12483,Matthew Stafford,QB,QB,True,17.22,17.14,False
2,False,11,Dez (Bryant) Nuts,3929630,Saquon Barkley,RB,RB,True,7.9,12.51,False
2,False,11,Dez (Bryant) Nuts,4241457,Najee Harris,RB,RB,True,16.6,17.05,False
2,False,11,Dez (Bryant) Nuts,4241389,CeeDee Lamb,WR,WR,True,13.4,12.13,False
2,False,11,Dez (Bryant) Nuts,3932905,Diontae Johnson,WR,WR,True,15.0,11.3,False
2,False,11,Dez (Bryant) Nuts,3116365,Mark Andrews,TE,TE,True,9.2,9.97,False
2,False,11,Dez (Bryant) Nuts,3925347,Damien Harris,RB,BE,False,12.9,11.71,False
2,False,11,Dez (Bryant) Nuts,-16007,Broncos D/ST,D/ST,D/ST,True,11.0,7.13,False
2,False,11,Dez (Bryant) Nuts,16339,Brandon McManus,K,K,True,13.0,8.16,False
2,False,11,Dez (Bryant) Nuts,3915189,Roquan Smith,LB,DP,True,19.0,8.7,False
2,False,11,Dez (Bryant) Nuts,2574808,Robby Anderson,WR,BE,False,5.3,10.34,False
2,False,11,Dez (Bryant) Nuts,3115364,Leonard Fournette,RB,RB/WR/TE,True,9.6,12.0,False
2,False,11,Dez (Bryant) Nuts,13983,A.J. Green,WR,BE,False,11.9,7.43,False
2,False,11,Dez (Bryant) Nuts,3043080,O.J. Howard,TE,BE,False,2.6,1.8,False
2,False,11,Dez (Bryant) Nuts,5536,Ben Roethlisberger,QB,BE,False,13.8,18.22,False
2,False,11,Dez (Bryant) Nuts,4036348,Michael Gallup,WR,IR,False,0.0,0.0,False
2,False,11,Dez (Bryant) Nuts,4241464,Mac Jones,QB,BE,False,7.44,16.33,False
2,False,11,Dez (Bryant) Nuts,3116689,Cole Holcomb,LB,BE,False,6.0,9.13,False
3,False,9,Tonie's Tigers,14876,Ryan Tannehill,QB,BE,False,22.48,16.91,False
3,False,9,Tonie's Tigers,3042519,Aaron Jones,RB,RB,True,16.6,15.38,False
3,False,9,Tonie's Tigers,4039359,Darrell Henderson Jr.,RB,BE,False,0.0,0.0,False
3,False,9,Tonie's Tigers,3925357,Calvin Ridley,WR,WR,True,10.1,13.1,False
3,False,9,Tonie's Tigers,3915416,DJ Moore,WR,WR,True,16.5,12.31,False
3,False,9,Tonie's Tigers,2573401,Tyler Higbee,TE,TE,True,12.5,9.16,False
3,False,9,Tonie's Tigers,4361579,Javonte Williams,RB,BE,False,11.7,8.28,False
3,False,9,Tonie's Tigers,14979,Bobby Wagner,LB,DP,True,11.0,9.38,False
3,False,9,Tonie's Tigers,2330,Tom Brady,QB,QB,True,28.68,19.79,False
3,False,9,Tonie's Tigers,2979843,Kenyan Drake,RB,RB,True,7.2,12.43,False
3,False,9,Tonie's Tigers,16790,Jarvis Landry,WR,IR,False,0.0,0.0,False
3,False,9,Tonie's Tigers,2572861,J.D. McKissic,RB,BE,False,4.8,7.45,False
3,False,9,Tonie's Tigers,3046439,Hunter Henry,TE,BE,False,6.1,5.71,False
3,False,9,Tonie's Tigers,15349,Cole Beasley,WR,RB/WR/TE,True,15.3,8.36,False
3,False,9,Tonie's Tigers,2971618,Nelson Agholor,WR,BE,False,2.7,7.19,False
3,False,9,Tonie's Tigers,2998120,Josh Lambo,K,K,True,1.0,7.17,False
3,False,9,Tonie's Tigers,13981,Mark Ingram II,RB,BE,False,2.5,9.41,False
3,False,9,Tonie's Tigers,-16013,Raiders D/ST,D/ST,D/ST,True,4.0,6.71,False
3,False,10,Maitland Tiburon,3917315,Kyler Murray,QB,QB,True,18.54,24.92,False
3,False,10,Maitland Tiburon,4242214,Clyde Edwards-Helaire,RB,RB,True,15.9,13.43,False
3,False,10,Maitland Tiburon,4047365,Josh Jacobs,RB,BE,False,0.0,0.0,False
3,False,10,Maitland Tiburon,16800,Davante Adams,WR,WR,True,25.2,16.22,False
3,False,10,Maitland Tiburon,3120348,JuJu Smith-Schuster,WR,BE,False,4.0,11.5,False
3,False,10,Maitland Tiburon,4360248,Kyle Pitts,TE,TE,True,4.5,8.48,False
3,False,10,Maitland Tiburon,4241463,Jerry Jeudy,WR,BE,False,0.0,0.0,False
3,False,10,Maitland Tiburon,-16033,Ravens D/ST,D/ST,BE,False,5.0,6.12,False
3,False,10,Maitland Tiburon,4249087,Matt Gay,K,K,True,11.0,8.34,False
3,False,10,Maitland Tiburon,4239934,AJ Dillon,RB,BE,False,3.6,5.66,False
3,False,10,Maitland Tiburon,15072,Marvin Jones Jr.,WR,RB/WR/TE,True,9.2,12.03,False
3,False,10,Maitland Tiburon,14924,T.Y. Hilton,WR,IR,False,0.0,0.0,False
3,False,10,Maitland Tiburon,4372485,Rondale Moore,WR,BE,False,1.4,10.46,False
3,False,10,Maitland Tiburon,3050073,Foyesade Oluokun,LB,DP,True,14.0,8.93,False
3,False,10,Maitland Tiburon,3045138,Mike Williams,WR,WR,True,29.7,12.17,False
3,False,10,Maitland Tiburon,-16018,Saints D/ST,D/ST,D/ST,True,19.0,6.83,False
3,False,10,Maitland Tiburon,15807,Cordarrelle Patterson,RB,RB,True,13.2,9.33,False
3,False,10,Maitland Tiburon,16728,Teddy Bridgewater,QB,BE,False,11.8,18.13,False
3,False,5,Kissin Cousins ,3915511,Joe Burrow,QB,BE,False,17.58,15.05,False
3,False,5,Kissin Cousins ,3059915,Kareem Hunt,RB,RB,True,24.5,9.93,False
3,False,5,Kissin Cousins ,4052042,James Robinson,RB,RB,True,22.4,11.7,False
3,False,5,Kissin Cousins ,4047650,DK Metcalf,WR,WR,True,19.7,14.81,False
3,False,5,Kissin Cousins ,4360438,Brandon Aiyuk,WR,BE,False,12.5,6.5,False
3,False,5,Kissin Cousins ,15847,Travis Kelce,TE,TE,True,13.9,14.86,False
3,False,5,Kissin Cousins ,3042778,Corey Davis,WR,BE,False,6.6,9.48,False
3,False,5,Kissin Cousins ,-16027,Buccaneers D/ST,D/ST,D/ST,True,-3.0,4.84,False
3,False,5,Kissin Cousins ,3049899,Younghoe Koo,K,K,True,6.0,7.55,False
3,False,5,Kissin Cousins ,2976316,Michael Thomas,WR,IR,False,0.0,0.0,False
3,False,5,Kissin Cousins ,4048244,Alexander Mattison,RB,RB/WR/TE,True,20.1,15.42,False
3,False,5,Kissin Cousins ,4241475,Henry Ruggs III,WR,BE,False,10.5,9.55,False
3,False,5,Kissin Cousins ,3917792,Daniel Jones,QB,QB,True,16.54,19.34,False
3,False,5,Kissin Cousins ,4371733,Kenneth Gainwell,RB,BE,False,4.9,7.41,False
3,False,5,Kissin Cousins ,2971816,Nick Vigil,LB,DP,True,8.0,7.7,False
3,False,5,Kissin Cousins ,4035793,Quintez Cephus,WR,WR,True,1.3,8.48,False
3,False,5,Kissin Cousins ,3895856,Christian Kirk,WR,BE,False,13.9,5.95,False
3,False,5,Kissin Cousins ,3051902,Peyton Barber,RB,BE,False,21.7,9.84,False
3,False,1,"Here Kittle, Kittle",14881,Russell Wilson,QB,QB,True,16.62,21.47,False
3,False,1,"Here Kittle, Kittle",3128720,Nick Chubb,RB,RB,True,8.4,15.87,False
3,False,1,"Here Kittle, Kittle",4360294,Antonio Gibson,RB,RB,True,16.9,13.04,False
3,False,1,"Here Kittle, Kittle",3116165,Chris Godwin,WR,WR,True,16.6,11.92,False
3,False,1,"Here Kittle, Kittle",15818,Keenan Allen,WR,WR,True,15.0,13.26,False
3,False,1,"Here Kittle, Kittle",4241478,DeVonta Smith,WR,BE,False,4.3,10.24,False
3,False,1,"Here Kittle, Kittle",3040151,George Kittle,TE,TE,True,14.6,10.85,False
3,False,1,"Here Kittle, Kittle",2576434,Melvin Gordon III,RB,BE,False,14.6,9.93,False
3,False,1,"Here Kittle, Kittle",3056362,Darius Leonard,LB,DP,True,8.0,9.78,False
3,False,1,"Here Kittle, Kittle",3126486,Deebo Samuel,WR,RB/WR/TE,True,7.7,12.52,False
3,False,1,"Here Kittle, Kittle",-16017,Patriots D/ST,D/ST,D/ST,True,5.0,6.69,False
3,False,1,"Here Kittle, Kittle",3128721,Sony Michel,RB,BE,False,9.4,12.81,False
3,False,1,"Here Kittle, Kittle",4239993,Tee Higgins,WR,BE,False,0.0,0.0,False
3,False,1,"Here Kittle, Kittle",15825,Le'Veon Bell,RB,BE,False,0.0,0.0,False
3,False,1,"Here Kittle, Kittle",3916433,Jakobi Meyers,WR,BE,False,13.9,9.31,False
3,False,1,"Here Kittle, Kittle",3051909,Daniel Carlson,K,K,True,13.0,8.84,False
3,False,1,"Here Kittle, Kittle",16757,Derek Carr,QB,BE,False,21.24,18.64,False
3,False,6,This Year Will  Be A Brees ,3916387,Lamar Jackson,QB,QB,True,19.28,23.69,False
3,False,6,This Year Will  Be A Brees ,4242335,Jonathan Taylor,RB,RB,True,7.7,15.98,False
3,False,6,This Year Will  Be A Brees ,4035538,David Montgomery,RB,RB,True,6.5,13.32,False
3,False,6,This Year Will  Be A Brees ,3116406,Tyreek Hill,WR,WR,True,7.2,15.79,False
3,False,6,This Year Will  Be A Brees ,2577327,Tyler Lockett,WR,WR,True,5.1,14.8,False
3,False,6,This Year Will  Be A Brees ,16813,Logan Thomas,TE,TE,True,10.2,7.95,False
3,False,6,This Year Will  Be A Brees ,16733,Odell Beckham Jr.,WR,IR,False,11.2,10.38,False
3,False,6,This Year Will  Be A Brees ,-16023,Steelers D/ST,D/ST,D/ST,True,4.0,7.17,False
3,False,6,This Year Will  Be A Brees ,15683,Justin Tucker,K,K,True,16.0,7.85,False
3,False,6,This Year Will  Be A Brees ,4035434,Devin White,LB,DP,True,7.0,8.71,False
3,False,6,This Year Will  Be A Brees ,3052876,William Fuller V,WR,BE,False,5.5,9.02,False
3,False,6,This Year Will  Be A Brees ,3916148,Tony Pollard,RB,BE,False,7.0,7.85,False
3,False,6,This Year Will  Be A Brees ,16913,James White,RB,RB/WR/TE,True,0.6,8.97,False
3,False,6,This Year Will  Be A Brees ,12537,Jared Cook,TE,BE,False,3.7,7.95,False
3,False,6,This Year Will  Be A Brees ,3134353,Tim Patrick,WR,BE,False,12.3,7.7,False
3,False,6,This Year Will  Be A Brees ,4035403,Denzel Mims,WR,BE,False,0.0,0.0,False
3,False,6,This Year Will  Be A Brees ,13295,Emmanuel Sanders,WR,BE,False,23.9,8.82,False
3,False,6,This Year Will  Be A Brees ,2978109,Zach Pascal,WR,BE,False,4.1,8.43,False
3,False,13,Dak in a Box,2577417,Dak Prescott,QB,QB,True,20.12,19.46,False
3,False,13,Dak in a Box,3117251,Christian McCaffrey,RB,RB,True,5.0,22.88,False
3,False,13,Dak in a Box,3919596,Chris Carson,RB,RB,True,15.2,15.43,False
3,False,13,Dak in a Box,16799,Allen Robinson II,WR,WR,True,3.7,12.12,False
3,False,13,Dak in a Box,15880,Robert Woods,WR,WR,True,5.3,12.74,False
3,False,13,Dak in a Box,4036131,Noah Fant,TE,TE,True,2.5,8.7,False
3,False,13,Dak in a Box,3025433,Mike Davis,RB,BE,False,9.0,11.93,False
3,False,13,Dak in a Box,14993,Greg Zuerlein,K,K,True,5.0,7.77,False
3,False,13,Dak in a Box,3138826,Fred Warner,LB,DP,True,9.0,8.19,False
3,False,13,Dak in a Box,3045144,Tyler Boyd,WR,RB/WR/TE,True,11.6,10.68,False
3,False,13,Dak in a Box,3121023,Dallas Goedert,TE,BE,False,7.6,6.8,False
3,False,13,Dak in a Box,11237,Matt Ryan,QB,BE,False,15.62,16.13,False
3,False,13,Dak in a Box,2576623,DeVante Parker,WR,BE,False,6.2,9.43,False
3,False,13,Dak in a Box,15920,Latavius Murray,RB,BE,False,2.8,6.92,False
3,False,13,Dak in a Box,4241555,Elijah Mitchell,RB,BE,False,0.0,0.0,False
3,False,13,Dak in a Box,-16029,Panthers D/ST,D/ST,D/ST,True,10.0,7.73,False
3,False,13,Dak in a Box,-16011,Colts D/ST,D/ST,BE,False,6.0,4.84,False
3,False,4,Hurts So Good,4040715,Jalen Hurts,QB,QB,True,20.54,20.91,False
3,False,4,Hurts So Good,3068267,Austin Ekeler,RB,RB,True,19.7,15.18,False
3,False,4,Hurts So Good,2976212,Stefon Diggs,WR,WR,True,9.2,14.35,False
3,False,4,Hurts So Good,2976499,Amari Cooper,WR,WR,True,4.1,13.74,False
3,False,4,Hurts So Good,4036133,T.J. Hockenson,TE,TE,True,2.0,11.29,False
3,False,4,Hurts So Good,16460,Adam Thielen,WR,RB/WR/TE,True,14.0,12.6,False
3,False,4,Hurts So Good,-16002,Bills D/ST,D/ST,D/ST,True,9.0,7.27,False
3,False,4,Hurts So Good,2473037,Jason Myers,K,K,True,6.0,7.49,False
3,False,4,Hurts So Good,3115373,Jamal Adams,S,DP,True,12.0,6.13,False
3,False,4,Hurts So Good,4046692,Chase Claypool,WR,BE,False,14.1,12.05,False
3,False,4,Hurts So Good,3128429,Courtland Sutton,WR,BE,False,6.2,12.25,False
3,False,4,Hurts So Good,2980453,Jamaal Williams,RB,RB,True,13.7,8.19,False
3,False,4,Hurts So Good,4372016,Jaylen Waddle,WR,BE,False,11.8,9.03,False
3,False,4,Hurts So Good,3052587,Baker Mayfield,QB,BE,False,16.94,15.7,False
3,False,4,Hurts So Good,15826,Giovani Bernard,RB,BE,False,15.6,2.87,False
3,False,4,Hurts So Good,2969939,Jameis Winston,QB,BE,False,13.52,14.21,False
3,False,4,Hurts So Good,17359,Damien Williams,RB,BE,False,2.0,5.97,False
3,False,2,Zeke -A Virus,3918298,Josh Allen,QB,QB,True,37.22,21.71,False
3,False,2,Zeke -A Virus,3051392,Ezekiel Elliott,RB,RB,True,25.1,14.23,False
3,False,2,Zeke -A Virus,16737,Mike Evans,WR,WR,True,14.6,12.38,False
3,False,2,Zeke -A Virus,2977187,Cooper Kupp,WR,WR,True,26.1,15.07,False
3,False,2,Zeke -A Virus,2975674,Robert Tonyan,TE,TE,True,1.1,7.32,False
3,False,2,Zeke -A Virus,3115394,DJ Chark Jr.,WR,RB/WR/TE,True,12.4,10.3,False
3,False,2,Zeke -A Virus,-16014,Rams D/ST,D/ST,D/ST,True,0.0,4.33,False
3,False,2,Zeke -A Virus,3055899,Harrison Butker,K,K,True,6.0,9.01,False
3,False,2,Zeke -A Virus,3051750,Zach Cunningham,LB,DP,True,14.0,8.58,False
3,False,2,Zeke -A Virus,13934,Antonio Brown,WR,BE,False,0.0,0.0,False
3,False,2,Zeke -A Virus,3052117,Phillip Lindsay,RB,RB,True,0.5,4.34,False
3,False,2,Zeke -A Virus,2979477,Tevin Coleman,RB,BE,False,0.0,0.0,False
3,False,2,Zeke -A Virus,2976592,Sterling Shepard,WR,BE,False,2.6,11.17,False
3,False,2,Zeke -A Virus,16725,Sammy Watkins,WR,BE,False,8.8,9.4,False
3,False,8,SCLSU Mud Dogs,3139477,Patrick Mahomes,QB,QB,True,22.9,23.23,False
3,False,8,SCLSU Mud Dogs,3116593,Dalvin Cook,RB,BE,False,0.0,0.0,False
3,False,8,SCLSU Mud Dogs,3116385,Joe Mixon,RB,RB,True,9.9,15.36,False
3,False,8,SCLSU Mud Dogs,3121422,Terry McLaurin,WR,WR,True,9.2,12.44,False
3,False,8,SCLSU Mud Dogs,13982,Julio Jones,WR,RB/WR/TE,True,7.2,11.29,False
3,False,8,SCLSU Mud Dogs,3116164,Mike Gesicki,TE,BE,False,13.6,6.07,False
3,False,8,SCLSU Mud Dogs,2974858,Kenny Golladay,WR,BE,False,9.4,10.1,False
3,False,8,SCLSU Mud Dogs,-16028,Commanders D/ST,D/ST,D/ST,True,-8.0,5.15,False
3,False,8,SCLSU Mud Dogs,3127287,Budda Baker,S,DP,True,6.0,7.79,False
3,False,8,SCLSU Mud Dogs,4362628,Ja'Marr Chase,WR,WR,True,21.5,11.98,False
3,False,8,SCLSU Mud Dogs,3912550,Ronald Jones II,RB,BE,False,1.1,5.7,False
3,False,8,SCLSU Mud Dogs,4241401,Trey Sermon,RB,RB,True,10.4,11.19,False
3,False,8,SCLSU Mud Dogs,4035687,Michael Pittman Jr.,WR,BE,False,10.3,10.55,False
3,False,8,SCLSU Mud Dogs,13229,Rob Gronkowski,TE,TE,True,7.5,10.1,False
3,False,8,SCLSU Mud Dogs,10636,Mason Crosby,K,K,True,17.0,6.72,False
3,False,8,SCLSU Mud Dogs,4240657,Michael Carter,RB,BE,False,3.9,7.6,False
3,False,8,SCLSU Mud Dogs,4046676,Tony Jones Jr.,RB,BE,False,3.2,4.95,False
3,False,12,Rule  #76,8439,Aaron Rodgers,QB,QB,True,18.54,19.04,False
3,False,12,Rule  #76,3043078,Derrick Henry,RB,RB,True,17.9,19.29,False
3,False,12,Rule  #76,4045163,Miles Sanders,RB,RB,True,7.0,12.6,False
3,False,12,Rule  #76,15795,DeAndre Hopkins,WR,WR,True,3.6,13.95,False
3,False,12,Rule  #76,4262921,Justin Jefferson,WR,WR,True,22.3,13.09,False
3,False,12,Rule  #76,4040980,Irv Smith Jr.,TE,IR,False,0.0,0.0,False
3,False,12,Rule  #76,-16025,49ers D/ST,D/ST,BE,False,-1.0,5.39,False
3,False,12,Rule  #76,3886818,Myles Gaskin,RB,BE,False,8.9,9.48,False
3,False,12,Rule  #76,2978273,Blake Martinez,LB,DP,True,2.0,9.3,False
3,False,12,Rule  #76,3045147,James Conner,RB,BE,False,17.8,8.28,False
3,False,12,Rule  #76,4040761,Devin Singletary,RB,BE,False,3.1,9.94,False
3,False,12,Rule  #76,2570986,Malcolm Brown,RB,BE,False,9.1,3.16,False
3,False,12,Rule  #76,4035170,Marquez Callaway,WR,BE,False,12.1,8.09,False
3,False,12,Rule  #76,4372414,Elijah Moore,WR,BE,False,3.7,7.53,False
3,False,12,Rule  #76,3054212,Jonnu Smith,TE,TE,True,0.9,6.9,False
3,False,12,Rule  #76,3895827,Ty'Son Williams,RB,RB/WR/TE,True,2.2,11.98,False
3,False,12,Rule  #76,11122,Matt Prater,K,K,True,6.0,7.62,False
3,False,12,Rule  #76,-16010,Titans D/ST,D/ST,D/ST,True,5.0,6.06,False
3,False,3,Jim Ward's Ole Dick Necks,4038941,Justin Herbert,QB,QB,True,30.84,20.33,False
3,False,3,Jim Ward's Ole Dick Necks,3054850,Alvin Kamara,RB,RB,True,19.3,16.69,False
3,False,3,Jim Ward's Ole Dick Necks,4259545,D'Andre Swift,RB,BE,False,20.2,12.46,False
3,False,3,Jim Ward's Ole Dick Necks,4047646,A.J. Brown,WR,WR,True,0.3,12.67,False
3,False,3,Jim Ward's Ole Dick Necks,16731,Brandin Cooks,WR,RB/WR/TE,True,16.2,11.44,False
3,False,3,Jim Ward's Ole Dick Necks,2576925,Darren Waller,TE,TE,True,7.9,13.65,False
3,False,3,Jim Ward's Ole Dick Necks,3119195,Chase Edmonds,RB,RB,True,11.0,12.64,False
3,False,3,Jim Ward's Ole Dick Necks,3917232,Tyler Bass,K,K,True,14.0,8.21,False
3,False,3,Jim Ward's Ole Dick Necks,3916430,Nyheim Hines,RB,BE,False,16.4,8.4,False
3,False,3,Jim Ward's Ole Dick Necks,4243160,Laviska Shenault Jr.,WR,BE,False,6.8,8.95,False
3,False,3,Jim Ward's Ole Dick Necks,4360310,Trevor Lawrence,QB,BE,False,7.46,16.58,False
3,False,3,Jim Ward's Ole Dick Necks,4035004,Mecole Hardman,WR,BE,False,12.0,8.7,False
3,False,3,Jim Ward's Ole Dick Necks,4241372,Marquise Brown,WR,WR,True,7.8,12.36,False
3,False,3,Jim Ward's Ole Dick Necks,4241802,Jalen Reagor,WR,BE,False,8.8,9.76,False
3,False,3,Jim Ward's Ole Dick Necks,3115375,Darrel Williams,RB,BE,False,4.9,4.1,False
3,False,3,Jim Ward's Ole Dick Necks,2510863,Eric Kendricks,LB,DP,True,13.0,8.3,False
3,False,3,Jim Ward's Ole Dick Necks,-16022,Cardinals D/ST,D/ST,D/ST,True,16.0,7.23,False
3,False,11,Dez (Bryant) Nuts,12483,Matthew Stafford,QB,QB,True,29.52,19.39,False
3,False,11,Dez (Bryant) Nuts,3929630,Saquon Barkley,RB,RB,True,18.4,15.54,False
3,False,11,Dez (Bryant) Nuts,4241457,Najee Harris,RB,RB,True,22.2,15.82,False
3,False,11,Dez (Bryant) Nuts,4241389,CeeDee Lamb,WR,WR,True,8.0,14.02,False
3,False,11,Dez (Bryant) Nuts,3932905,Diontae Johnson,WR,BE,False,0.0,0.0,False
3,False,11,Dez (Bryant) Nuts,3116365,Mark Andrews,TE,TE,True,13.4,9.83,False
3,False,11,Dez (Bryant) Nuts,3925347,Damien Harris,RB,BE,False,2.1,11.94,False
3,False,11,Dez (Bryant) Nuts,-16007,Broncos D/ST,D/ST,D/ST,True,17.0,7.87,False
3,False,11,Dez (Bryant) Nuts,16339,Brandon McManus,K,K,True,16.0,8.21,False
3,False,11,Dez (Bryant) Nuts,3915189,Roquan Smith,LB,DP,True,10.0,8.55,False
3,False,11,Dez (Bryant) Nuts,2574808,Robby Anderson,WR,BE,False,1.3,10.29,False
3,False,11,Dez (Bryant) Nuts,3115364,Leonard Fournette,RB,RB/WR/TE,True,4.9,11.85,False
3,False,11,Dez (Bryant) Nuts,13983,A.J. Green,WR,BE,False,14.7,7.59,False
3,False,11,Dez (Bryant) Nuts,5536,Ben Roethlisberger,QB,BE,False,13.22,17.12,False
3,False,11,Dez (Bryant) Nuts,4036348,Michael Gallup,WR,IR,False,0.0,0.0,False
3,False,11,Dez (Bryant) Nuts,4241464,Mac Jones,QB,BE,False,11.6,13.19,False
3,False,11,Dez (Bryant) Nuts,3116689,Cole Holcomb,LB,BE,False,15.0,8.64,False
3,False,11,Dez (Bryant) Nuts,3916566,K.J. Osborn,WR,WR,True,3.6,9.27,False
4,False,10,Maitland Tiburon,3917315,Kyler Murray,QB,QB,True,22.62,22.09,False
4,False,10,Maitland Tiburon,4242214,Clyde Edwards-Helaire,RB,RB,True,18.4,12.49,False
4,False,10,Maitland Tiburon,4047365,Josh Jacobs,RB,BE,False,8.2,12.46,False
4,False,10,Maitland Tiburon,16800,Davante Adams,WR,WR,True,9.4,16.81,False
4,False,10,Maitland Tiburon,3120348,JuJu Smith-Schuster,WR,BE,False,2.1,11.36,False
4,False,10,Maitland Tiburon,4360248,Kyle Pitts,TE,TE,True,7.0,7.75,False
4,False,10,Maitland Tiburon,4241463,Jerry Jeudy,WR,BE,False,0.0,0.0,False
4,False,10,Maitland Tiburon,-16033,Ravens D/ST,D/ST,BE,False,12.0,5.37,False
4,False,10,Maitland Tiburon,4249087,Matt Gay,K,K,True,8.0,8.47,False
4,False,10,Maitland Tiburon,4239934,AJ Dillon,RB,BE,False,10.2,5.3,False
4,False,10,Maitland Tiburon,15072,Marvin Jones Jr.,WR,RB/WR/TE,True,3.9,11.78,False
4,False,10,Maitland Tiburon,14924,T.Y. Hilton,WR,IR,False,0.0,0.0,False
4,False,10,Maitland Tiburon,4372485,Rondale Moore,WR,BE,False,5.2,7.81,False
4,False,10,Maitland Tiburon,3050073,Foyesade Oluokun,LB,DP,True,14.0,8.74,False
4,False,10,Maitland Tiburon,3045138,Mike Williams,WR,WR,True,1.6,13.66,False
4,False,10,Maitland Tiburon,-16018,Saints D/ST,D/ST,D/ST,True,-3.0,7.36,False
4,False,10,Maitland Tiburon,15807,Cordarrelle Patterson,RB,RB,True,32.1,10.69,False
4,False,10,Maitland Tiburon,16728,Teddy Bridgewater,QB,BE,False,6.8,17.0,False
4,False,1,"Here Kittle, Kittle",14881,Russell Wilson,QB,QB,True,22.56,20.92,False
4,False,1,"Here Kittle, Kittle",3128720,Nick Chubb,RB,RB,True,11.0,15.74,False
4,False,1,"Here Kittle, Kittle",4360294,Antonio Gibson,RB,RB,True,14.5,14.38,False
4,False,1,"Here Kittle, Kittle",3116165,Chris Godwin,WR,WR,True,7.0,12.34,False
4,False,1,"Here Kittle, Kittle",15818,Keenan Allen,WR,WR,True,7.1,14.33,False
4,False,1,"Here Kittle, Kittle",4241478,DeVonta Smith,WR,BE,False,15.7,10.85,False
4,False,1,"Here Kittle, Kittle",3040151,George Kittle,TE,TE,True,6.0,11.59,False
4,False,1,"Here Kittle, Kittle",2576434,Melvin Gordon III,RB,BE,False,7.7,11.05,False
4,False,1,"Here Kittle, Kittle",3056362,Darius Leonard,LB,DP,True,10.0,9.08,False
4,False,1,"Here Kittle, Kittle",3126486,Deebo Samuel,WR,RB/WR/TE,True,31.7,13.67,False
4,False,1,"Here Kittle, Kittle",-16017,Patriots D/ST,D/ST,BE,False,0.0,3.9,False
4,False,1,"Here Kittle, Kittle",3128721,Sony Michel,RB,BE,False,-0.9,6.11,False
4,False,1,"Here Kittle, Kittle",4239993,Tee Higgins,WR,BE,False,0.0,0.0,False
4,False,1,"Here Kittle, Kittle",3916433,Jakobi Meyers,WR,BE,False,12.8,11.21,False
4,False,1,"Here Kittle, Kittle",3051909,Daniel Carlson,K,K,True,1.0,8.16,False
4,False,1,"Here Kittle, Kittle",16757,Derek Carr,QB,BE,False,14.44,18.14,False
4,False,1,"Here Kittle, Kittle",-16004,Bengals D/ST,D/ST,D/ST,True,1.0,7.94,False
4,False,13,Dak in a Box,2577417,Dak Prescott,QB,QB,True,27.02,18.37,False
4,False,13,Dak in a Box,3117251,Christian McCaffrey,RB,BE,False,0.0,0.0,False
4,False,13,Dak in a Box,3919596,Chris Carson,RB,RB,True,3.6,14.17,False
4,False,13,Dak in a Box,16799,Allen Robinson II,WR,WR,True,7.8,11.34,False
4,False,13,Dak in a Box,15880,Robert Woods,WR,RB/WR/TE,True,12.8,11.35,False
4,False,13,Dak in a Box,4036131,Noah Fant,TE,TE,True,13.6,8.11,False
4,False,13,Dak in a Box,3025433,Mike Davis,RB,RB,True,9.6,11.92,False
4,False,13,Dak in a Box,14993,Greg Zuerlein,K,K,True,6.0,8.34,False
4,False,13,Dak in a Box,3138826,Fred Warner,LB,DP,True,9.0,7.77,False
4,False,13,Dak in a Box,3045144,Tyler Boyd,WR,WR,True,16.3,11.64,False
4,False,13,Dak in a Box,3121023,Dallas Goedert,TE,BE,False,14.1,7.03,False
4,False,13,Dak in a Box,2576623,DeVante Parker,WR,BE,False,15.7,8.68,False
4,False,13,Dak in a Box,15920,Latavius Murray,RB,BE,False,11.9,5.06,False
4,False,13,Dak in a Box,4241555,Elijah Mitchell,RB,BE,False,0.0,0.0,False
4,False,13,Dak in a Box,-16011,Colts D/ST,D/ST,D/ST,True,10.0,6.02,False
4,False,13,Dak in a Box,3135321,Hunter Renfrow,WR,BE,False,13.5,9.65,False
4,False,13,Dak in a Box,3121427,Curtis Samuel,WR,BE,False,3.9,8.4,False
4,False,9,Tonie's Tigers,14876,Ryan Tannehill,QB,BE,False,18.82,16.11,False
4,False,9,Tonie's Tigers,3042519,Aaron Jones,RB,RB,True,9.4,16.12,False
4,False,9,Tonie's Tigers,4039359,Darrell Henderson Jr.,RB,RB,True,14.1,13.54,False
4,False,9,Tonie's Tigers,3925357,Calvin Ridley,WR,WR,True,11.5,13.71,False
4,False,9,Tonie's Tigers,3915416,DJ Moore,WR,WR,True,29.9,13.48,False
4,False,9,Tonie's Tigers,2573401,Tyler Higbee,TE,TE,True,5.6,7.43,False
4,False,9,Tonie's Tigers,4361579,Javonte Williams,RB,BE,False,7.4,9.47,False
4,False,9,Tonie's Tigers,14979,Bobby Wagner,LB,DP,True,10.0,8.79,False
4,False,9,Tonie's Tigers,2330,Tom Brady,QB,QB,True,11.06,20.04,False
4,False,9,Tonie's Tigers,2979843,Kenyan Drake,RB,BE,False,0.2,8.86,False
4,False,9,Tonie's Tigers,16790,Jarvis Landry,WR,IR,False,0.0,0.0,False
4,False,9,Tonie's Tigers,2572861,J.D. McKissic,RB,BE,False,14.4,7.02,False
4,False,9,Tonie's Tigers,3046439,Hunter Henry,TE,BE,False,11.2,6.58,False
4,False,9,Tonie's Tigers,15349,Cole Beasley,WR,RB/WR/TE,True,2.6,9.74,False
4,False,9,Tonie's Tigers,2971618,Nelson Agholor,WR,BE,False,8.4,7.7,False
4,False,9,Tonie's Tigers,2998120,Josh Lambo,K,K,True,0.0,0.0,False
4,False,9,Tonie's Tigers,-16013,Raiders D/ST,D/ST,D/ST,True,0.0,4.11,False
4,False,9,Tonie's Tigers,15705,Josh Gordon,WR,BE,False,0.0,0.0,False
4,False,6,This Year Will  Be A Brees ,3916387,Lamar Jackson,QB,QB,True,19.44,19.08,False
4,False,6,This Year Will  Be A Brees ,4242335,Jonathan Taylor,RB,RB,True,18.9,14.95,False
4,False,6,This Year Will  Be A Brees ,4035538,David Montgomery,RB,RB,True,22.6,14.71,False
4,False,6,This Year Will  Be A Brees ,3116406,Tyreek Hill,WR,WR,True,42.1,15.08,False
4,False,6,This Year Will  Be A Brees ,2577327,Tyler Lockett,WR,WR,True,4.4,13.94,False
4,False,6,This Year Will  Be A Brees ,16813,Logan Thomas,TE,TE,True,0.0,7.36,False
4,False,6,This Year Will  Be A Brees ,16733,Odell Beckham Jr.,WR,IR,False,4.1,11.63,False
4,False,6,This Year Will  Be A Brees ,-16023,Steelers D/ST,D/ST,D/ST,True,4.0,4.7,False
4,False,6,This Year Will  Be A Brees ,15683,Justin Tucker,K,K,True,13.0,8.01,False
4,False,6,This Year Will  Be A Brees ,3052876,William Fuller V,WR,BE,False,1.1,8.61,False
4,False,6,This Year Will  Be A Brees ,3916148,Tony Pollard,RB,BE,False,6.7,7.5,False
4,False,6,This Year Will  Be A Brees ,16913,James White,RB,BE,False,0.0,0.0,False
4,False,6,This Year Will  Be A Brees ,3134353,Tim Patrick,WR,RB/WR/TE,True,5.4,9.68,False
4,False,6,This Year Will  Be A Brees ,4035403,Denzel Mims,WR,BE,False,0.0,2.3,False
4,False,6,This Year Will  Be A Brees ,13295,Emmanuel Sanders,WR,BE,False,10.6,9.24,False
4,False,6,This Year Will  Be A Brees ,2978109,Zach Pascal,WR,BE,False,6.4,8.14,False
4,False,5,Kissin Cousins ,3915511,Joe Burrow,QB,BE,False,22.32,17.53,False
4,False,5,Kissin Cousins ,3059915,Kareem Hunt,RB,RB,True,15.6,11.24,False
4,False,5,Kissin Cousins ,4052042,James Robinson,RB,RB,True,20.1,13.33,False
4,False,5,Kissin Cousins ,4047650,DK Metcalf,WR,WR,True,14.5,15.83,False
4,False,5,Kissin Cousins ,4360438,Brandon Aiyuk,WR,BE,False,2.0,8.6,False
4,False,5,Kissin Cousins ,15847,Travis Kelce,TE,TE,True,4.3,14.84,False
4,False,5,Kissin Cousins ,3042778,Corey Davis,WR,WR,True,19.1,10.67,False
4,False,5,Kissin Cousins ,-16027,Buccaneers D/ST,D/ST,D/ST,True,11.0,6.79,False
4,False,5,Kissin Cousins ,3049899,Younghoe Koo,K,K,True,6.0,7.5,False
4,False,5,Kissin Cousins ,2976316,Michael Thomas,WR,IR,False,0.0,0.0,False
4,False,5,Kissin Cousins ,4048244,Alexander Mattison,RB,BE,False,2.0,3.22,False
4,False,5,Kissin Cousins ,4241475,Henry Ruggs III,WR,BE,False,7.5,9.72,False
4,False,5,Kissin Cousins ,3917792,Daniel Jones,QB,BE,False,26.78,16.63,False
4,False,5,Kissin Cousins ,4371733,Kenneth Gainwell,RB,BE,False,17.9,7.67,False
4,False,5,Kissin Cousins ,2971816,Nick Vigil,LB,DP,True,4.0,7.39,False
4,False,5,Kissin Cousins ,3895856,Christian Kirk,WR,RB/WR/TE,True,1.0,8.41,False
4,False,5,Kissin Cousins ,3051902,Peyton Barber,RB,BE,False,0.0,1.4,False
4,False,5,Kissin Cousins ,14880,Kirk Cousins,QB,QB,True,10.12,17.82,False
4,False,2,Zeke -A Virus,3918298,Josh Allen,QB,QB,True,21.02,24.91,False
4,False,2,Zeke -A Virus,3051392,Ezekiel Elliott,RB,RB,True,20.3,13.77,False
4,False,2,Zeke -A Virus,16737,Mike Evans,WR,WR,True,11.0,12.23,False
4,False,2,Zeke -A Virus,2977187,Cooper Kupp,WR,WR,True,8.9,15.7,False
4,False,2,Zeke -A Virus,2975674,Robert Tonyan,TE,TE,True,1.8,6.61,False
4,False,2,Zeke -A Virus,3115394,DJ Chark Jr.,WR,RB/WR/TE,True,0.0,9.75,False
4,False,2,Zeke -A Virus,-16014,Rams D/ST,D/ST,D/ST,True,-5.0,4.71,False
4,False,2,Zeke -A Virus,3055899,Harrison Butker,K,K,True,6.0,8.03,False
4,False,2,Zeke -A Virus,3051750,Zach Cunningham,LB,BE,False,0.0,0.0,False
4,False,2,Zeke -A Virus,13934,Antonio Brown,WR,BE,False,9.8,9.2,False
4,False,2,Zeke -A Virus,3052117,Phillip Lindsay,RB,BE,False,-0.1,3.62,False
4,False,2,Zeke -A Virus,2976592,Sterling Shepard,WR,BE,False,0.0,0.0,False
4,False,2,Zeke -A Virus,16725,Sammy Watkins,WR,BE,False,6.9,9.37,False
4,False,2,Zeke -A Virus,4241416,Chuba Hubbard,RB,RB,True,8.1,12.82,False
4,False,2,Zeke -A Virus,3915507,Jerome Baker,LB,DP,True,4.0,8.06,False
4,False,12,Rule  #76,8439,Aaron Rodgers,QB,QB,True,24.12,19.07,False
4,False,12,Rule  #76,3043078,Derrick Henry,RB,RB,True,24.7,19.9,False
4,False,12,Rule  #76,4045163,Miles Sanders,RB,RB,True,6.2,12.95,False
4,False,12,Rule  #76,15795,DeAndre Hopkins,WR,WR,True,8.7,13.13,False
4,False,12,Rule  #76,4262921,Justin Jefferson,WR,WR,True,17.4,14.32,False
4,False,12,Rule  #76,4040980,Irv Smith Jr.,TE,IR,False,0.0,0.0,False
4,False,12,Rule  #76,-16025,49ers D/ST,D/ST,BE,False,4.0,4.4,False
4,False,12,Rule  #76,3886818,Myles Gaskin,RB,RB/WR/TE,True,0.3,11.27,False
4,False,12,Rule  #76,3045147,James Conner,RB,BE,False,19.6,6.86,False
4,False,12,Rule  #76,4040761,Devin Singletary,RB,BE,False,9.1,9.25,False
4,False,12,Rule  #76,2570986,Malcolm Brown,RB,BE,False,3.2,5.85,False
4,False,12,Rule  #76,4035170,Marquez Callaway,WR,BE,False,8.4,8.31,False
4,False,12,Rule  #76,4372414,Elijah Moore,WR,BE,False,0.0,0.0,False
4,False,12,Rule  #76,3054212,Jonnu Smith,TE,TE,True,8.9,6.7,False
4,False,12,Rule  #76,3895827,Ty'Son Williams,RB,BE,False,0.0,0.0,False
4,False,12,Rule  #76,11122,Matt Prater,K,K,True,15.0,7.56,False
4,False,12,Rule  #76,-16010,Titans D/ST,D/ST,D/ST,True,2.0,7.07,False
4,False,12,Rule  #76,16767,Christian Kirksey,LB,DP,True,7.0,8.26,False
4,False,11,Dez (Bryant) Nuts,12483,Matthew Stafford,QB,QB,True,19.3,19.41,False
4,False,11,Dez (Bryant) Nuts,3929630,Saquon Barkley,RB,RB,True,27.1,13.63,False
4,False,11,Dez (Bryant) Nuts,4241457,Najee Harris,RB,RB,True,18.1,14.96,False
4,False,11,Dez (Bryant) Nuts,4241389,CeeDee Lamb,WR,WR,True,2.3,13.07,False
4,False,11,Dez (Bryant) Nuts,3932905,Diontae Johnson,WR,WR,True,20.7,12.63,False
4,False,11,Dez (Bryant) Nuts,3116365,Mark Andrews,TE,TE,True,9.2,9.24,False
4,False,11,Dez (Bryant) Nuts,3925347,Damien Harris,RB,BE,False,3.6,9.9,False
4,False,11,Dez (Bryant) Nuts,-16007,Broncos D/ST,D/ST,D/ST,True,0.0,6.41,False
4,False,11,Dez (Bryant) Nuts,16339,Brandon McManus,K,K,True,1.0,8.71,False
4,False,11,Dez (Bryant) Nuts,3915189,Roquan Smith,LB,DP,True,12.0,8.27,False
4,False,11,Dez (Bryant) Nuts,2574808,Robby Anderson,WR,BE,False,7.4,9.54,False
4,False,11,Dez (Bryant) Nuts,3115364,Leonard Fournette,RB,RB/WR/TE,True,15.4,12.18,False
4,False,11,Dez (Bryant) Nuts,13983,A.J. Green,WR,BE,False,15.2,7.83,False
4,False,11,Dez (Bryant) Nuts,5536,Ben Roethlisberger,QB,BE,False,9.28,16.83,False
4,False,11,Dez (Bryant) Nuts,4036348,Michael Gallup,WR,IR,False,0.0,0.0,False
4,False,11,Dez (Bryant) Nuts,4241464,Mac Jones,QB,BE,False,16.9,14.77,False
4,False,11,Dez (Bryant) Nuts,3116689,Cole Holcomb,LB,BE,False,11.0,8.55,False
4,False,11,Dez (Bryant) Nuts,3916566,K.J. Osborn,WR,BE,False,5.1,6.89,False
4,False,4,Hurts So Good,4040715,Jalen Hurts,QB,QB,True,28.18,22.16,False
4,False,4,Hurts So Good,3068267,Austin Ekeler,RB,RB,True,28.0,15.22,False
4,False,4,Hurts So Good,2976212,Stefon Diggs,WR,WR,True,14.9,14.3,False
4,False,4,Hurts So Good,2976499,Amari Cooper,WR,WR,True,14.4,12.55,False
4,False,4,Hurts So Good,4036133,T.J. Hockenson,TE,TE,True,6.2,9.52,False
4,False,4,Hurts So Good,16460,Adam Thielen,WR,RB/WR/TE,True,6.1,12.66,False
4,False,4,Hurts So Good,-16002,Bills D/ST,D/ST,D/ST,True,21.0,7.65,False
4,False,4,Hurts So Good,2473037,Jason Myers,K,K,True,4.0,7.39,False
4,False,4,Hurts So Good,3115373,Jamal Adams,S,DP,True,6.0,6.26,False
4,False,4,Hurts So Good,4046692,Chase Claypool,WR,BE,False,0.0,0.0,False
4,False,4,Hurts So Good,3128429,Courtland Sutton,WR,BE,False,6.2,11.39,False
4,False,4,Hurts So Good,2980453,Jamaal Williams,RB,RB,True,6.6,9.29,False
4,False,4,Hurts So Good,4372016,Jaylen Waddle,WR,BE,False,4.8,8.9,False
4,False,4,Hurts So Good,3052587,Baker Mayfield,QB,BE,False,9.3,17.18,False
4,False,4,Hurts So Good,15826,Giovani Bernard,RB,BE,False,0.0,0.0,False
4,False,4,Hurts So Good,2969939,Jameis Winston,QB,BE,False,13.04,15.01,False
4,False,4,Hurts So Good,17359,Damien Williams,RB,BE,False,14.0,5.76,False
4,False,3,Jim Ward's Ole Dick Necks,4038941,Justin Herbert,QB,QB,True,21.28,20.77,False
4,False,3,Jim Ward's Ole Dick Necks,3054850,Alvin Kamara,RB,RB,True,12.0,19.23,False
4,False,3,Jim Ward's Ole Dick Necks,4259545,D'Andre Swift,RB,RB/WR/TE,True,6.9,14.16,False
4,False,3,Jim Ward's Ole Dick Necks,4047646,A.J. Brown,WR,BE,False,0.0,0.0,False
4,False,3,Jim Ward's Ole Dick Necks,16731,Brandin Cooks,WR,WR,True,8.2,12.32,False
4,False,3,Jim Ward's Ole Dick Necks,2576925,Darren Waller,TE,TE,True,14.0,13.45,False
4,False,3,Jim Ward's Ole Dick Necks,3119195,Chase Edmonds,RB,RB,True,15.9,11.99,False
4,False,3,Jim Ward's Ole Dick Necks,3917232,Tyler Bass,K,K,True,16.0,7.84,False
4,False,3,Jim Ward's Ole Dick Necks,3916430,Nyheim Hines,RB,BE,False,0.1,9.41,False
4,False,3,Jim Ward's Ole Dick Necks,4243160,Laviska Shenault Jr.,WR,BE,False,14.0,8.51,False
4,False,3,Jim Ward's Ole Dick Necks,4035004,Mecole Hardman,WR,BE,False,5.1,8.75,False
4,False,3,Jim Ward's Ole Dick Necks,4241372,Marquise Brown,WR,WR,True,17.1,10.72,False
4,False,3,Jim Ward's Ole Dick Necks,4241802,Jalen Reagor,WR,BE,False,2.6,9.4,False
4,False,3,Jim Ward's Ole Dick Necks,3115375,Darrel Williams,RB,BE,False,12.8,4.86,False
4,False,3,Jim Ward's Ole Dick Necks,2510863,Eric Kendricks,LB,DP,True,10.0,8.14,False
4,False,3,Jim Ward's Ole Dick Necks,-16022,Cardinals D/ST,D/ST,D/ST,True,1.0,4.33,False
4,False,3,Jim Ward's Ole Dick Necks,2565969,Taylor Heinicke,QB,BE,False,27.9,17.29,False
4,False,8,SCLSU Mud Dogs,3139477,Patrick Mahomes,QB,QB,True,31.72,23.17,False
4,False,8,SCLSU Mud Dogs,3116593,Dalvin Cook,RB,RB,True,5.4,19.07,False
4,False,8,SCLSU Mud Dogs,3116385,Joe Mixon,RB,RB,True,13.2,18.37,False
4,False,8,SCLSU Mud Dogs,3121422,Terry McLaurin,WR,WR,True,27.3,12.49,False
4,False,8,SCLSU Mud Dogs,13982,Julio Jones,WR,BE,False,0.0,0.0,False
4,False,8,SCLSU Mud Dogs,3116164,Mike Gesicki,TE,TE,True,14.2,6.32,False
4,False,8,SCLSU Mud Dogs,2974858,Kenny Golladay,WR,BE,False,15.6,10.4,False
4,False,8,SCLSU Mud Dogs,-16028,Commanders D/ST,D/ST,D/ST,True,5.0,5.53,False
4,False,8,SCLSU Mud Dogs,4362628,Ja'Marr Chase,WR,WR,True,10.7,12.95,False
4,False,8,SCLSU Mud Dogs,3912550,Ronald Jones II,RB,BE,False,8.5,7.38,False
4,False,8,SCLSU Mud Dogs,4241401,Trey Sermon,RB,BE,False,8.9,12.75,False
4,False,8,SCLSU Mud Dogs,4035687,Michael Pittman Jr.,WR,BE,False,8.9,10.59,False
4,False,8,SCLSU Mud Dogs,13229,Rob Gronkowski,TE,BE,False,0.0,0.0,False
4,False,8,SCLSU Mud Dogs,4240657,Michael Carter,RB,BE,False,9.9,10.22,False
4,False,8,SCLSU Mud Dogs,4035676,Zack Moss,RB,RB/WR/TE,True,12.1,9.55,False
4,False,8,SCLSU Mud Dogs,3134310,Kenny Young,LB,DP,True,5.0,8.23,False
4,False,8,SCLSU Mud Dogs,12731,Ryan Succop,K,K,True,14.0,8.15,False
5,False,13,Dak in a Box,2577417,Dak Prescott,QB,QB,True,20.68,22.05,False
5,False,13,Dak in a Box,3117251,Christian McCaffrey,RB,BE,False,0.0,0.0,False
5,False,13,Dak in a Box,3919596,Chris Carson,RB,BE,False,0.0,0.0,False
5,False,13,Dak in a Box,16799,Allen Robinson II,WR,BE,False,5.2,10.53,False
5,False,13,Dak in a Box,15880,Robert Woods,WR,WR,True,21.0,10.93,False
5,False,13,Dak in a Box,4036131,Noah Fant,TE,TE,True,3.5,8.64,False
5,False,13,Dak in a Box,3025433,Mike Davis,RB,RB,True,11.1,10.4,False
5,False,13,Dak in a Box,14993,Greg Zuerlein,K,K,True,14.0,8.42,False
5,False,13,Dak in a Box,3138826,Fred Warner,LB,DP,True,9.0,8.14,False
5,False,13,Dak in a Box,3045144,Tyler Boyd,WR,WR,True,4.4,10.02,False
5,False,13,Dak in a Box,3121023,Dallas Goedert,TE,BE,False,3.8,6.35,False
5,False,13,Dak in a Box,2576623,DeVante Parker,WR,BE,False,0.0,0.0,False
5,False,13,Dak in a Box,15920,Latavius Murray,RB,BE,False,4.0,10.22,False
5,False,13,Dak in a Box,4241555,Elijah Mitchell,RB,RB/WR/TE,True,7.2,9.2,False
5,False,13,Dak in a Box,-16011,Colts D/ST,D/ST,BE,False,-3.0,4.65,False
5,False,13,Dak in a Box,-16001,Falcons D/ST,D/ST,D/ST,True,6.0,7.03,False
5,False,13,Dak in a Box,3046409,Alex Collins,RB,RB,True,8.2,12.36,False
5,False,10,Maitland Tiburon,3917315,Kyler Murray,QB,QB,True,13.66,23.83,False
5,False,10,Maitland Tiburon,4242214,Clyde Edwards-Helaire,RB,BE,False,2.9,10.35,False
5,False,10,Maitland Tiburon,4047365,Josh Jacobs,RB,RB,True,14.7,13.71,False
5,False,10,Maitland Tiburon,16800,Davante Adams,WR,WR,True,32.1,17.98,False
5,False,10,Maitland Tiburon,3120348,JuJu Smith-Schuster,WR,BE,False,0.6,9.05,False
5,False,10,Maitland Tiburon,4360248,Kyle Pitts,TE,BE,False,22.4,8.7,False
5,False,10,Maitland Tiburon,4241463,Jerry Jeudy,WR,IR,False,0.0,0.0,False
5,False,10,Maitland Tiburon,-16033,Ravens D/ST,D/ST,D/ST,True,0.0,6.47,False
5,False,10,Maitland Tiburon,4249087,Matt Gay,K,K,True,9.0,8.34,False
5,False,10,Maitland Tiburon,4239934,AJ Dillon,RB,BE,False,15.9,5.73,False
5,False,10,Maitland Tiburon,15072,Marvin Jones Jr.,WR,RB/WR/TE,True,3.0,11.72,False
5,False,10,Maitland Tiburon,3050073,Foyesade Oluokun,LB,DP,True,5.0,8.54,False
5,False,10,Maitland Tiburon,3045138,Mike Williams,WR,WR,True,32.5,12.4,False
5,False,10,Maitland Tiburon,-16018,Saints D/ST,D/ST,BE,False,5.0,5.73,False
5,False,10,Maitland Tiburon,15807,Cordarrelle Patterson,RB,RB,True,14.9,11.66,False
5,False,10,Maitland Tiburon,16728,Teddy Bridgewater,QB,BE,False,18.62,15.69,False
5,False,10,Maitland Tiburon,3117256,Dalton Schultz,TE,TE,True,10.9,7.36,False
5,False,10,Maitland Tiburon,3135321,Hunter Renfrow,WR,BE,False,8.6,9.86,False
5,False,1,"Here Kittle, Kittle",14881,Russell Wilson,QB,QB,True,9.08,21.86,False
5,False,1,"Here Kittle, Kittle",3128720,Nick Chubb,RB,RB,True,23.5,14.27,False
5,False,1,"Here Kittle, Kittle",4360294,Antonio Gibson,RB,RB,True,20.2,11.96,False
5,False,1,"Here Kittle, Kittle",3116165,Chris Godwin,WR,WR,True,10.5,12.51,False
5,False,1,"Here Kittle, Kittle",15818,Keenan Allen,WR,WR,True,10.5,13.24,False
5,False,1,"Here Kittle, Kittle",4241478,DeVonta Smith,WR,BE,False,11.2,10.63,False
5,False,1,"Here Kittle, Kittle",3040151,George Kittle,TE,IR,False,0.0,0.0,False
5,False,1,"Here Kittle, Kittle",2576434,Melvin Gordon III,RB,BE,False,5.3,10.47,False
5,False,1,"Here Kittle, Kittle",3056362,Darius Leonard,LB,DP,True,15.0,8.97,False
5,False,1,"Here Kittle, Kittle",3126486,Deebo Samuel,WR,RB/WR/TE,True,14.6,14.07,False
5,False,1,"Here Kittle, Kittle",-16017,Patriots D/ST,D/ST,D/ST,True,4.0,7.57,False
5,False,1,"Here Kittle, Kittle",3128721,Sony Michel,RB,BE,False,11.0,4.26,False
5,False,1,"Here Kittle, Kittle",4239993,Tee Higgins,WR,BE,False,7.7,11.49,False
5,False,1,"Here Kittle, Kittle",3916433,Jakobi Meyers,WR,BE,False,7.6,11.0,False
5,False,1,"Here Kittle, Kittle",3051909,Daniel Carlson,K,K,True,3.0,8.47,False
5,False,1,"Here Kittle, Kittle",16757,Derek Carr,QB,BE,False,7.24,17.83,False
5,False,1,"Here Kittle, Kittle",3930086,Dawson Knox,TE,TE,True,19.2,8.14,False
5,False,6,This Year Will  Be A Brees ,3916387,Lamar Jackson,QB,QB,True,41.88,22.68,False
5,False,6,This Year Will  Be A Brees ,4242335,Jonathan Taylor,RB,RB,True,30.4,12.84,False
5,False,6,This Year Will  Be A Brees ,4035538,David Montgomery,RB,BE,False,0.0,0.0,False
5,False,6,This Year Will  Be A Brees ,3116406,Tyreek Hill,WR,WR,True,11.3,16.28,False
5,False,6,This Year Will  Be A Brees ,2577327,Tyler Lockett,WR,WR,True,9.2,13.57,False
5,False,6,This Year Will  Be A Brees ,16813,Logan Thomas,TE,BE,False,0.0,0.0,False
5,False,6,This Year Will  Be A Brees ,16733,Odell Beckham Jr.,WR,BE,False,3.0,10.79,False
5,False,6,This Year Will  Be A Brees ,-16023,Steelers D/ST,D/ST,D/ST,True,3.0,6.11,False
5,False,6,This Year Will  Be A Brees ,15683,Justin Tucker,K,K,True,3.0,9.19,False
5,False,6,This Year Will  Be A Brees ,3052876,William Fuller V,WR,IR,False,0.0,0.0,False
5,False,6,This Year Will  Be A Brees ,3916148,Tony Pollard,RB,RB,True,12.3,8.58,False
5,False,6,This Year Will  Be A Brees ,16913,James White,RB,BE,False,0.0,0.0,False
5,False,6,This Year Will  Be A Brees ,3134353,Tim Patrick,WR,RB/WR/TE,True,12.4,9.34,False
5,False,6,This Year Will  Be A Brees ,13295,Emmanuel Sanders,WR,BE,False,18.9,10.26,False
5,False,6,This Year Will  Be A Brees ,2978109,Zach Pascal,WR,BE,False,6.3,8.11,False
5,False,6,This Year Will  Be A Brees ,2579621,Denzel Perryman,LB,DP,True,13.0,7.97,False
5,False,6,This Year Will  Be A Brees ,3116389,Samaje Perine,RB,BE,False,16.3,6.8,False
5,False,6,This Year Will  Be A Brees ,12537,Jared Cook,TE,TE,True,3.4,8.26,False
5,False,9,Tonie's Tigers,14876,Ryan Tannehill,QB,BE,False,13.98,18.36,False
5,False,9,Tonie's Tigers,3042519,Aaron Jones,RB,RB,True,12.9,14.89,False
5,False,9,Tonie's Tigers,4039359,Darrell Henderson Jr.,RB,RB,True,16.4,14.85,False
5,False,9,Tonie's Tigers,3925357,Calvin Ridley,WR,BE,False,0.0,0.0,False
5,False,9,Tonie's Tigers,3915416,DJ Moore,WR,WR,True,8.3,14.81,False
5,False,9,Tonie's Tigers,2573401,Tyler Higbee,TE,TE,True,8.4,8.81,False
5,False,9,Tonie's Tigers,4361579,Javonte Williams,RB,RB/WR/TE,True,10.1,9.09,False
5,False,9,Tonie's Tigers,14979,Bobby Wagner,LB,DP,True,4.0,8.29,False
5,False,9,Tonie's Tigers,2330,Tom Brady,QB,QB,True,37.74,23.04,False
5,False,9,Tonie's Tigers,2979843,Kenyan Drake,RB,BE,False,1.1,7.7,False
5,False,9,Tonie's Tigers,16790,Jarvis Landry,WR,IR,False,0.0,0.0,False
5,False,9,Tonie's Tigers,2572861,J.D. McKissic,RB,BE,False,1.2,6.79,False
5,False,9,Tonie's Tigers,3046439,Hunter Henry,TE,BE,False,16.5,5.81,False
5,False,9,Tonie's Tigers,15349,Cole Beasley,WR,WR,True,1.0,9.65,False
5,False,9,Tonie's Tigers,2971618,Nelson Agholor,WR,BE,False,4.7,7.02,False
5,False,9,Tonie's Tigers,2998120,Josh Lambo,K,K,True,0.0,0.0,False
5,False,9,Tonie's Tigers,-16013,Raiders D/ST,D/ST,D/ST,True,4.0,7.41,False
5,False,9,Tonie's Tigers,15705,Josh Gordon,WR,BE,False,1.6,3.88,False
5,False,5,Kissin Cousins ,3059915,Kareem Hunt,RB,RB,True,23.4,11.58,False
5,False,5,Kissin Cousins ,4052042,James Robinson,RB,RB,True,21.2,14.35,False
5,False,5,Kissin Cousins ,4047650,DK Metcalf,WR,WR,True,24.3,16.1,False
5,False,5,Kissin Cousins ,4360438,Brandon Aiyuk,WR,BE,False,4.2,7.21,False
5,False,5,Kissin Cousins ,15847,Travis Kelce,TE,TE,True,14.7,14.43,False
5,False,5,Kissin Cousins ,3042778,Corey Davis,WR,WR,True,6.5,9.96,False
5,False,5,Kissin Cousins ,-16027,Buccaneers D/ST,D/ST,D/ST,True,8.0,7.31,False
5,False,5,Kissin Cousins ,3049899,Younghoe Koo,K,K,True,12.0,7.43,False
5,False,5,Kissin Cousins ,2976316,Michael Thomas,WR,IR,False,0.0,0.0,False
5,False,5,Kissin Cousins ,4048244,Alexander Mattison,RB,BE,False,22.8,17.7,False
5,False,5,Kissin Cousins ,4241475,Henry Ruggs III,WR,RB/WR/TE,True,6.6,9.71,False
5,False,5,Kissin Cousins ,3917792,Daniel Jones,QB,BE,False,4.82,19.59,False
5,False,5,Kissin Cousins ,4371733,Kenneth Gainwell,RB,BE,False,2.9,7.07,False
5,False,5,Kissin Cousins ,3895856,Christian Kirk,WR,BE,False,7.5,6.38,False
5,False,5,Kissin Cousins ,14880,Kirk Cousins,QB,QB,True,13.4,19.75,False
5,False,5,Kissin Cousins ,3918330,Logan Wilson,LB,DP,True,7.0,6.49,False
5,False,5,Kissin Cousins ,3912547,Sam Darnold,QB,BE,False,6.08,19.21,False
5,False,5,Kissin Cousins ,15478,Brandon Bolden,RB,BE,False,5.1,6.96,False
5,False,11,Dez (Bryant) Nuts,12483,Matthew Stafford,QB,QB,True,16.5,21.91,False
5,False,11,Dez (Bryant) Nuts,3929630,Saquon Barkley,RB,RB,True,0.9,14.4,False
5,False,11,Dez (Bryant) Nuts,4241457,Najee Harris,RB,RB,True,21.2,14.67,False
5,False,11,Dez (Bryant) Nuts,4241389,CeeDee Lamb,WR,WR,True,16.8,12.33,False
5,False,11,Dez (Bryant) Nuts,3932905,Diontae Johnson,WR,WR,True,14.2,12.84,False
5,False,11,Dez (Bryant) Nuts,3116365,Mark Andrews,TE,TE,True,36.2,9.53,False
5,False,11,Dez (Bryant) Nuts,3925347,Damien Harris,RB,BE,False,9.8,10.61,False
5,False,11,Dez (Bryant) Nuts,-16007,Broncos D/ST,D/ST,D/ST,True,2.0,7.17,False
5,False,11,Dez (Bryant) Nuts,16339,Brandon McManus,K,K,True,7.0,7.67,False
5,False,11,Dez (Bryant) Nuts,3915189,Roquan Smith,LB,DP,True,10.0,8.64,False
5,False,11,Dez (Bryant) Nuts,2574808,Robby Anderson,WR,BE,False,4.0,9.96,False
5,False,11,Dez (Bryant) Nuts,3115364,Leonard Fournette,RB,RB/WR/TE,True,19.0,12.35,False
5,False,11,Dez (Bryant) Nuts,13983,A.J. Green,WR,BE,False,1.8,8.16,False
5,False,11,Dez (Bryant) Nuts,5536,Ben Roethlisberger,QB,BE,False,16.02,13.21,False
5,False,11,Dez (Bryant) Nuts,4036348,Michael Gallup,WR,IR,False,0.0,0.0,False
5,False,11,Dez (Bryant) Nuts,4241464,Mac Jones,QB,BE,False,11.54,15.47,False
5,False,11,Dez (Bryant) Nuts,3116689,Cole Holcomb,LB,BE,False,9.0,7.63,False
5,False,11,Dez (Bryant) Nuts,3916566,K.J. Osborn,WR,BE,False,2.9,8.0,False
5,False,2,Zeke -A Virus,3918298,Josh Allen,QB,QB,True,36.5,26.13,False
5,False,2,Zeke -A Virus,3051392,Ezekiel Elliott,RB,RB,True,25.2,16.92,False
5,False,2,Zeke -A Virus,16737,Mike Evans,WR,WR,True,26.3,13.88,False
5,False,2,Zeke -A Virus,2977187,Cooper Kupp,WR,WR,True,12.7,19.62,False
5,False,2,Zeke -A Virus,2975674,Robert Tonyan,TE,TE,True,1.3,7.26,False
5,False,2,Zeke -A Virus,-16014,Rams D/ST,D/ST,D/ST,True,6.0,4.36,False
5,False,2,Zeke -A Virus,3055899,Harrison Butker,K,K,True,10.0,8.71,False
5,False,2,Zeke -A Virus,3051750,Zach Cunningham,LB,DP,True,3.0,8.08,False
5,False,2,Zeke -A Virus,13934,Antonio Brown,WR,RB/WR/TE,True,27.9,11.46,False
5,False,2,Zeke -A Virus,3052117,Phillip Lindsay,RB,BE,False,1.9,5.47,False
5,False,2,Zeke -A Virus,2976592,Sterling Shepard,WR,BE,False,0.0,0.0,False
5,False,2,Zeke -A Virus,16725,Sammy Watkins,WR,BE,False,4.5,8.36,False
5,False,2,Zeke -A Virus,4241416,Chuba Hubbard,RB,RB,True,15.9,12.74,False
5,False,2,Zeke -A Virus,3915507,Jerome Baker,LB,BE,False,9.0,7.56,False
5,False,2,Zeke -A Virus,4035886,Khalil Herbert,RB,BE,False,7.5,4.67,False
5,False,12,Rule  #76,8439,Aaron Rodgers,QB,QB,True,19.76,19.38,False
5,False,12,Rule  #76,3043078,Derrick Henry,RB,RB,True,31.0,20.56,False
5,False,12,Rule  #76,4045163,Miles Sanders,RB,RB,True,7.6,10.27,False
5,False,12,Rule  #76,15795,DeAndre Hopkins,WR,WR,True,17.7,12.47,False
5,False,12,Rule  #76,4262921,Justin Jefferson,WR,WR,True,15.9,14.29,False
5,False,12,Rule  #76,4040980,Irv Smith Jr.,TE,IR,False,0.0,0.0,False
5,False,12,Rule  #76,-16025,49ers D/ST,D/ST,BE,False,5.0,4.22,False
5,False,12,Rule  #76,3886818,Myles Gaskin,RB,BE,False,26.9,7.21,False
5,False,12,Rule  #76,3045147,James Conner,RB,RB/WR/TE,True,10.2,12.36,False
5,False,12,Rule  #76,4040761,Devin Singletary,RB,BE,False,2.8,8.42,False
5,False,12,Rule  #76,4035170,Marquez Callaway,WR,BE,False,22.5,8.35,False
5,False,12,Rule  #76,4372414,Elijah Moore,WR,BE,False,0.0,8.06,False
5,False,12,Rule  #76,3054212,Jonnu Smith,TE,BE,False,4.2,6.51,False
5,False,12,Rule  #76,3895827,Ty'Son Williams,RB,BE,False,3.1,0.0,False
5,False,12,Rule  #76,11122,Matt Prater,K,K,True,4.0,8.37,False
5,False,12,Rule  #76,-16010,Titans D/ST,D/ST,D/ST,True,7.0,5.88,False
5,False,12,Rule  #76,16767,Christian Kirksey,LB,DP,True,10.0,7.79,False
5,False,12,Rule  #76,15835,Zach Ertz,TE,TE,True,1.2,5.45,False
5,False,3,Jim Ward's Ole Dick Necks,4038941,Justin Herbert,QB,QB,True,42.82,19.21,False
5,False,3,Jim Ward's Ole Dick Necks,3054850,Alvin Kamara,RB,RB,True,27.7,19.44,False
5,False,3,Jim Ward's Ole Dick Necks,4259545,D'Andre Swift,RB,RB,True,19.4,14.29,False
5,False,3,Jim Ward's Ole Dick Necks,4047646,A.J. Brown,WR,WR,True,5.3,13.76,False
5,False,3,Jim Ward's Ole Dick Necks,16731,Brandin Cooks,WR,WR,True,3.8,13.01,False
5,False,3,Jim Ward's Ole Dick Necks,2576925,Darren Waller,TE,TE,True,6.5,13.14,False
5,False,3,Jim Ward's Ole Dick Necks,3119195,Chase Edmonds,RB,RB/WR/TE,True,2.9,13.31,False
5,False,3,Jim Ward's Ole Dick Necks,3917232,Tyler Bass,K,K,True,8.0,8.43,False
5,False,3,Jim Ward's Ole Dick Necks,3916430,Nyheim Hines,RB,BE,False,1.8,7.36,False
5,False,3,Jim Ward's Ole Dick Necks,4243160,Laviska Shenault Jr.,WR,BE,False,6.3,9.65,False
5,False,3,Jim Ward's Ole Dick Necks,4035004,Mecole Hardman,WR,BE,False,12.1,6.01,False
5,False,3,Jim Ward's Ole Dick Necks,4241372,Marquise Brown,WR,BE,False,29.0,10.92,False
5,False,3,Jim Ward's Ole Dick Necks,4241802,Jalen Reagor,WR,BE,False,3.9,8.3,False
5,False,3,Jim Ward's Ole Dick Necks,3115375,Darrel Williams,RB,BE,False,6.0,4.71,False
5,False,3,Jim Ward's Ole Dick Necks,2510863,Eric Kendricks,LB,DP,True,10.0,8.16,False
5,False,3,Jim Ward's Ole Dick Necks,-16022,Cardinals D/ST,D/ST,D/ST,True,7.0,6.79,False
5,False,3,Jim Ward's Ole Dick Necks,2565969,Taylor Heinicke,QB,BE,False,9.92,16.49,False
5,False,4,Hurts So Good,4040715,Jalen Hurts,QB,QB,True,22.92,19.32,False
5,False,4,Hurts So Good,3068267,Austin Ekeler,RB,RB,True,30.4,14.66,False
5,False,4,Hurts So Good,2976212,Stefon Diggs,WR,WR,True,7.9,15.6,False
5,False,4,Hurts So Good,2976499,Amari Cooper,WR,WR,True,13.5,12.08,False
5,False,4,Hurts So Good,4036133,T.J. Hockenson,TE,TE,True,3.2,10.21,False
5,False,4,Hurts So Good,16460,Adam Thielen,WR,RB/WR/TE,True,5.0,13.0,False
5,False,4,Hurts So Good,-16002,Bills D/ST,D/ST,D/ST,True,15.0,4.08,False
5,False,4,Hurts So Good,2473037,Jason Myers,K,K,True,4.0,7.25,False
5,False,4,Hurts So Good,3115373,Jamal Adams,S,DP,True,5.0,5.93,False
5,False,4,Hurts So Good,4046692,Chase Claypool,WR,BE,False,21.5,9.98,False
5,False,4,Hurts So Good,3128429,Courtland Sutton,WR,BE,False,21.5,10.45,False
5,False,4,Hurts So Good,2980453,Jamaal Williams,RB,RB,True,7.5,9.55,False
5,False,4,Hurts So Good,4372016,Jaylen Waddle,WR,BE,False,5.3,10.4,False
5,False,4,Hurts So Good,3052587,Baker Mayfield,QB,BE,False,23.0,14.81,False
5,False,4,Hurts So Good,15826,Giovani Bernard,RB,BE,False,10.5,4.01,False
5,False,4,Hurts So Good,2969939,Jameis Winston,QB,BE,False,25.76,15.3,False
5,False,4,Hurts So Good,17359,Damien Williams,RB,BE,False,15.4,12.81,False
5,False,8,SCLSU Mud Dogs,3139477,Patrick Mahomes,QB,QB,True,18.98,21.92,False
5,False,8,SCLSU Mud Dogs,3116593,Dalvin Cook,RB,BE,False,0.0,0.0,False
5,False,8,SCLSU Mud Dogs,3116385,Joe Mixon,RB,RB,True,10.0,12.67,False
5,False,8,SCLSU Mud Dogs,3121422,Terry McLaurin,WR,WR,True,6.6,13.89,False
5,False,8,SCLSU Mud Dogs,13982,Julio Jones,WR,BE,False,0.0,0.0,False
5,False,8,SCLSU Mud Dogs,3116164,Mike Gesicki,TE,TE,True,6.3,8.51,False
5,False,8,SCLSU Mud Dogs,2974858,Kenny Golladay,WR,RB/WR/TE,True,0.0,10.23,False
5,False,8,SCLSU Mud Dogs,-16028,Commanders D/ST,D/ST,D/ST,True,4.0,5.85,False
5,False,8,SCLSU Mud Dogs,4362628,Ja'Marr Chase,WR,WR,True,24.9,12.1,False
5,False,8,SCLSU Mud Dogs,3912550,Ronald Jones II,RB,BE,False,4.1,5.77,False
5,False,8,SCLSU Mud Dogs,4241401,Trey Sermon,RB,BE,False,0.7,4.7,False
5,False,8,SCLSU Mud Dogs,4035687,Michael Pittman Jr.,WR,BE,False,17.9,11.52,False
5,False,8,SCLSU Mud Dogs,13229,Rob Gronkowski,TE,BE,False,0.0,0.0,False
5,False,8,SCLSU Mud Dogs,4240657,Michael Carter,RB,BE,False,14.3,11.2,False
5,False,8,SCLSU Mud Dogs,4035676,Zack Moss,RB,RB,True,10.7,10.66,False
5,False,8,SCLSU Mud Dogs,3134310,Kenny Young,LB,DP,True,4.0,7.45,False
5,False,8,SCLSU Mud Dogs,12731,Ryan Succop,K,K,True,10.0,7.76,False
6,False,10,Maitland Tiburon,3917315,Kyler Murray,QB,QB,True,25.76,22.5,False
6,False,10,Maitland Tiburon,4242214,Clyde Edwards-Helaire,RB,BE,False,0.0,0.0,False
6,False,10,Maitland Tiburon,4047365,Josh Jacobs,RB,RB,True,14.7,12.49,False
6,False,10,Maitland Tiburon,16800,Davante Adams,WR,WR,True,10.9,18.09,False
6,False,10,Maitland Tiburon,4360248,Kyle Pitts,TE,BE,False,0.0,0.0,True
6,False,10,Maitland Tiburon,4241463,Jerry Jeudy,WR,IR,False,0.0,0.0,False
6,False,10,Maitland Tiburon,4239934,AJ Dillon,RB,BE,False,5.9,7.51,False
6,False,10,Maitland Tiburon,15072,Marvin Jones Jr.,WR,RB/WR/TE,True,19.5,9.7,False
6,False,10,Maitland Tiburon,3045138,Mike Williams,WR,WR,True,3.7,15.65,False
6,False,10,Maitland Tiburon,-16018,Saints D/ST,D/ST,BE,False,0.0,0.0,True
6,False,10,Maitland Tiburon,15807,Cordarrelle Patterson,RB,BE,False,0.0,0.0,True
6,False,10,Maitland Tiburon,3117256,Dalton Schultz,TE,TE,True,10.4,9.0,False
6,False,10,Maitland Tiburon,3135321,Hunter Renfrow,WR,BE,False,5.1,10.13,False
6,False,10,Maitland Tiburon,3122866,Devontae Booker,RB,RB,True,8.9,13.12,False
6,False,10,Maitland Tiburon,-16006,Cowboys D/ST,D/ST,D/ST,True,13.0,7.14,False
6,False,10,Maitland Tiburon,4035434,Devin White,LB,DP,True,5.0,7.71,False
6,False,10,Maitland Tiburon,2573079,Carson Wentz,QB,BE,False,17.02,17.18,False
6,False,10,Maitland Tiburon,17372,Chris Boswell,K,K,True,13.0,8.65,False
6,False,2,Zeke -A Virus,3918298,Josh Allen,QB,QB,True,28.72,25.45,False
6,False,2,Zeke -A Virus,3051392,Ezekiel Elliott,RB,RB,True,15.4,14.94,False
6,False,2,Zeke -A Virus,16737,Mike Evans,WR,WR,True,3.7,14.2,False
6,False,2,Zeke -A Virus,2977187,Cooper Kupp,WR,WR,True,30.5,18.77,False
6,False,2,Zeke -A Virus,2975674,Robert Tonyan,TE,TE,True,2.0,6.02,False
6,False,2,Zeke -A Virus,-16014,Rams D/ST,D/ST,D/ST,True,17.0,4.59,False
6,False,2,Zeke -A Virus,3055899,Harrison Butker,K,K,True,9.0,7.11,False
6,False,2,Zeke -A Virus,3051750,Zach Cunningham,LB,DP,True,4.0,6.18,False
6,False,2,Zeke -A Virus,13934,Antonio Brown,WR,RB/WR/TE,True,19.8,11.73,False
6,False,2,Zeke -A Virus,3052117,Phillip Lindsay,RB,BE,False,6.4,3.87,False
6,False,2,Zeke -A Virus,2976592,Sterling Shepard,WR,BE,False,14.6,11.72,False
6,False,2,Zeke -A Virus,16725,Sammy Watkins,WR,BE,False,0.0,0.0,False
6,False,2,Zeke -A Virus,4241416,Chuba Hubbard,RB,RB,True,13.0,14.59,False
6,False,2,Zeke -A Virus,3915507,Jerome Baker,LB,BE,False,8.0,7.13,False
6,False,2,Zeke -A Virus,4035886,Khalil Herbert,RB,BE,False,18.2,12.72,False
6,False,6,This Year Will  Be A Brees ,3916387,Lamar Jackson,QB,QB,True,11.78,23.78,False
6,False,6,This Year Will  Be A Brees ,4242335,Jonathan Taylor,RB,RB,True,28.3,14.9,False
6,False,6,This Year Will  Be A Brees ,4035538,David Montgomery,RB,BE,False,0.0,0.0,False
6,False,6,This Year Will  Be A Brees ,3116406,Tyreek Hill,WR,WR,True,19.1,18.33,False
6,False,6,This Year Will  Be A Brees ,2577327,Tyler Lockett,WR,WR,True,4.5,13.11,False
6,False,6,This Year Will  Be A Brees ,16813,Logan Thomas,TE,BE,False,0.0,0.0,False
6,False,6,This Year Will  Be A Brees ,16733,Odell Beckham Jr.,WR,BE,False,10.4,10.35,False
6,False,6,This Year Will  Be A Brees ,-16023,Steelers D/ST,D/ST,D/ST,True,7.0,6.56,False
6,False,6,This Year Will  Be A Brees ,15683,Justin Tucker,K,K,True,12.0,9.11,False
6,False,6,This Year Will  Be A Brees ,3052876,William Fuller V,WR,IR,False,0.0,0.0,False
6,False,6,This Year Will  Be A Brees ,3916148,Tony Pollard,RB,RB,True,8.8,9.08,False
6,False,6,This Year Will  Be A Brees ,16913,James White,RB,BE,False,0.0,0.0,False
6,False,6,This Year Will  Be A Brees ,3134353,Tim Patrick,WR,RB/WR/TE,True,11.7,9.86,False
6,False,6,This Year Will  Be A Brees ,13295,Emmanuel Sanders,WR,BE,False,11.6,10.6,False
6,False,6,This Year Will  Be A Brees ,2978109,Zach Pascal,WR,BE,False,0.0,6.71,False
6,False,6,This Year Will  Be A Brees ,2579621,Denzel Perryman,LB,DP,True,14.0,8.13,False
6,False,6,This Year Will  Be A Brees ,3116389,Samaje Perine,RB,BE,False,0.0,0.0,False
6,False,6,This Year Will  Be A Brees ,12537,Jared Cook,TE,TE,True,11.5,8.2,False
6,False,3,Jim Ward's Ole Dick Necks,4038941,Justin Herbert,QB,QB,True,11.0,24.25,False
6,False,3,Jim Ward's Ole Dick Necks,3054850,Alvin Kamara,RB,BE,False,0.0,0.0,True
6,False,3,Jim Ward's Ole Dick Necks,4259545,D'Andre Swift,RB,RB,True,15.2,14.13,False
6,False,3,Jim Ward's Ole Dick Necks,4047646,A.J. Brown,WR,WR,True,12.6,11.67,False
6,False,3,Jim Ward's Ole Dick Necks,16731,Brandin Cooks,WR,WR,True,13.4,13.36,False
6,False,3,Jim Ward's Ole Dick Necks,2576925,Darren Waller,TE,TE,True,8.4,12.23,False
6,False,3,Jim Ward's Ole Dick Necks,3119195,Chase Edmonds,RB,BE,False,6.5,11.99,False
6,False,3,Jim Ward's Ole Dick Necks,3917232,Tyler Bass,K,K,True,13.0,8.23,False
6,False,3,Jim Ward's Ole Dick Necks,3916430,Nyheim Hines,RB,BE,False,2.7,6.77,False
6,False,3,Jim Ward's Ole Dick Necks,4243160,Laviska Shenault Jr.,WR,BE,False,8.4,8.96,False
6,False,3,Jim Ward's Ole Dick Necks,4035004,Mecole Hardman,WR,BE,False,6.8,8.53,False
6,False,3,Jim Ward's Ole Dick Necks,4241372,Marquise Brown,WR,RB/WR/TE,True,5.5,12.08,False
6,False,3,Jim Ward's Ole Dick Necks,4241802,Jalen Reagor,WR,BE,False,0.0,8.54,False
6,False,3,Jim Ward's Ole Dick Necks,3115375,Darrel Williams,RB,RB,True,23.4,11.76,False
6,False,3,Jim Ward's Ole Dick Necks,2510863,Eric Kendricks,LB,DP,True,9.0,8.26,False
6,False,3,Jim Ward's Ole Dick Necks,-16022,Cardinals D/ST,D/ST,D/ST,True,14.0,5.11,False
6,False,3,Jim Ward's Ole Dick Necks,2565969,Taylor Heinicke,QB,BE,False,9.28,20.31,False
6,False,5,Kissin Cousins ,3059915,Kareem Hunt,RB,RB,True,9.3,19.63,False
6,False,5,Kissin Cousins ,4052042,James Robinson,RB,RB,True,17.6,15.61,False
6,False,5,Kissin Cousins ,4047650,DK Metcalf,WR,WR,True,9.8,14.56,False
6,False,5,Kissin Cousins ,4360438,Brandon Aiyuk,WR,BE,False,0.0,0.0,True
6,False,5,Kissin Cousins ,15847,Travis Kelce,TE,TE,True,13.9,15.82,False
6,False,5,Kissin Cousins ,3042778,Corey Davis,WR,BE,False,0.0,0.0,True
6,False,5,Kissin Cousins ,-16027,Buccaneers D/ST,D/ST,D/ST,True,6.0,5.82,False
6,False,5,Kissin Cousins ,2976316,Michael Thomas,WR,IR,False,0.0,0.0,True
6,False,5,Kissin Cousins ,4048244,Alexander Mattison,RB,BE,False,1.0,3.46,False
6,False,5,Kissin Cousins ,4241475,Henry Ruggs III,WR,WR,True,17.2,9.0,False
6,False,5,Kissin Cousins ,3917792,Daniel Jones,QB,QB,True,4.08,19.29,False
6,False,5,Kissin Cousins ,4371733,Kenneth Gainwell,RB,BE,False,0.6,7.99,False
6,False,5,Kissin Cousins ,3895856,Christian Kirk,WR,RB/WR/TE,True,16.0,7.28,False
6,False,5,Kissin Cousins ,14880,Kirk Cousins,QB,BE,False,29.52,15.34,False
6,False,5,Kissin Cousins ,3918330,Logan Wilson,LB,DP,True,8.0,6.45,False
6,False,5,Kissin Cousins ,3912547,Sam Darnold,QB,BE,False,15.08,16.74,False
6,False,5,Kissin Cousins ,10621,Nick Folk,K,K,True,3.0,9.33,False
6,False,5,Kissin Cousins ,-16029,Panthers D/ST,D/ST,BE,False,2.0,5.57,False
6,False,8,SCLSU Mud Dogs,3139477,Patrick Mahomes,QB,QB,True,22.98,26.03,False
6,False,8,SCLSU Mud Dogs,3116593,Dalvin Cook,RB,RB,True,21.3,16.49,False
6,False,8,SCLSU Mud Dogs,3116385,Joe Mixon,RB,RB,True,23.8,16.57,False
6,False,8,SCLSU Mud Dogs,3121422,Terry McLaurin,WR,WR,True,4.8,15.41,False
6,False,8,SCLSU Mud Dogs,13982,Julio Jones,WR,BE,False,7.4,9.87,False
6,False,8,SCLSU Mud Dogs,3116164,Mike Gesicki,TE,TE,True,15.5,8.92,False
6,False,8,SCLSU Mud Dogs,2974858,Kenny Golladay,WR,BE,False,0.0,0.0,False
6,False,8,SCLSU Mud Dogs,4362628,Ja'Marr Chase,WR,WR,True,12.7,12.98,False
6,False,8,SCLSU Mud Dogs,3912550,Ronald Jones II,RB,BE,False,3.4,5.21,False
6,False,8,SCLSU Mud Dogs,4241401,Trey Sermon,RB,BE,False,0.0,0.0,True
6,False,8,SCLSU Mud Dogs,4035687,Michael Pittman Jr.,WR,BE,False,4.8,11.12,False
6,False,8,SCLSU Mud Dogs,13229,Rob Gronkowski,TE,BE,False,0.0,0.0,False
6,False,8,SCLSU Mud Dogs,4240657,Michael Carter,RB,BE,False,0.0,0.0,True
6,False,8,SCLSU Mud Dogs,4035676,Zack Moss,RB,BE,False,4.9,11.3,False
6,False,8,SCLSU Mud Dogs,3134310,Kenny Young,LB,DP,True,5.0,5.25,False
6,False,8,SCLSU Mud Dogs,12731,Ryan Succop,K,K,True,4.0,7.86,False
6,False,8,SCLSU Mud Dogs,-16015,Dolphins D/ST,D/ST,D/ST,True,3.0,5.36,False
6,False,9,Tonie's Tigers,14876,Ryan Tannehill,QB,BE,False,12.94,15.6,False
6,False,9,Tonie's Tigers,3042519,Aaron Jones,RB,RB,True,19.0,14.9,False
6,False,9,Tonie's Tigers,4039359,Darrell Henderson Jr.,RB,RB,True,23.7,15.17,False
6,False,9,Tonie's Tigers,3925357,Calvin Ridley,WR,BE,False,0.0,0.0,True
6,False,9,Tonie's Tigers,3915416,DJ Moore,WR,WR,True,9.4,14.21,False
6,False,9,Tonie's Tigers,2573401,Tyler Higbee,TE,BE,False,6.1,7.91,False
6,False,9,Tonie's Tigers,4361579,Javonte Williams,RB,RB/WR/TE,True,9.3,9.66,False
6,False,9,Tonie's Tigers,14979,Bobby Wagner,LB,DP,True,14.0,7.55,False
6,False,9,Tonie's Tigers,2330,Tom Brady,QB,QB,True,17.98,23.09,False
6,False,9,Tonie's Tigers,2979843,Kenyan Drake,RB,BE,False,20.3,4.86,False
6,False,9,Tonie's Tigers,16790,Jarvis Landry,WR,IR,False,0.0,0.0,False
6,False,9,Tonie's Tigers,2572861,J.D. McKissic,RB,BE,False,15.0,6.83,False
6,False,9,Tonie's Tigers,3046439,Hunter Henry,TE,TE,True,9.5,7.5,False
6,False,9,Tonie's Tigers,15349,Cole Beasley,WR,WR,True,18.3,8.77,False
6,False,9,Tonie's Tigers,2971618,Nelson Agholor,WR,BE,False,3.3,6.64,False
6,False,9,Tonie's Tigers,15705,Josh Gordon,WR,BE,False,0.0,5.03,False
6,False,9,Tonie's Tigers,10636,Mason Crosby,K,K,True,6.0,8.1,False
6,False,9,Tonie's Tigers,-16016,Vikings D/ST,D/ST,D/ST,True,9.0,6.04,False
6,False,4,Hurts So Good,4040715,Jalen Hurts,QB,QB,True,25.0,21.39,False
6,False,4,Hurts So Good,3068267,Austin Ekeler,RB,RB,True,7.5,17.65,False
6,False,4,Hurts So Good,2976212,Stefon Diggs,WR,WR,True,19.4,14.41,False
6,False,4,Hurts So Good,2976499,Amari Cooper,WR,WR,True,8.0,11.62,False
6,False,4,Hurts So Good,4036133,T.J. Hockenson,TE,TE,True,12.4,8.77,False
6,False,4,Hurts So Good,16460,Adam Thielen,WR,RB/WR/TE,True,24.3,11.42,False
6,False,4,Hurts So Good,-16002,Bills D/ST,D/ST,D/ST,True,0.0,6.62,False
6,False,4,Hurts So Good,2473037,Jason Myers,K,K,True,11.0,6.51,False
6,False,4,Hurts So Good,3115373,Jamal Adams,S,DP,True,6.0,5.64,False
6,False,4,Hurts So Good,4046692,Chase Claypool,WR,BE,False,2.7,12.14,False
6,False,4,Hurts So Good,3128429,Courtland Sutton,WR,BE,False,19.4,11.05,False
6,False,4,Hurts So Good,2980453,Jamaal Williams,RB,RB,True,1.4,9.0,False
6,False,4,Hurts So Good,4372016,Jaylen Waddle,WR,BE,False,24.0,9.46,False
6,False,4,Hurts So Good,3052587,Baker Mayfield,QB,BE,False,12.16,15.12,False
6,False,4,Hurts So Good,15826,Giovani Bernard,RB,BE,False,2.4,3.79,False
6,False,4,Hurts So Good,2969939,Jameis Winston,QB,BE,False,0.0,0.0,True
6,False,4,Hurts So Good,17359,Damien Williams,RB,BE,False,0.0,0.0,False
6,False,1,"Here Kittle, Kittle",14881,Russell Wilson,QB,BE,False,0.0,0.0,False
6,False,1,"Here Kittle, Kittle",3128720,Nick Chubb,RB,BE,False,0.0,0.0,False
6,False,1,"Here Kittle, Kittle",4360294,Antonio Gibson,RB,RB,True,4.4,14.84,False
6,False,1,"Here Kittle, Kittle",3116165,Chris Godwin,WR,WR,True,6.8,12.31,False
6,False,1,"Here Kittle, Kittle",15818,Keenan Allen,WR,WR,True,7.5,14.42,False
6,False,1,"Here Kittle, Kittle",4241478,DeVonta Smith,WR,BE,False,4.1,11.77,False
6,False,1,"Here Kittle, Kittle",3040151,George Kittle,TE,IR,False,0.0,0.0,True
6,False,1,"Here Kittle, Kittle",2576434,Melvin Gordon III,RB,RB,True,8.8,10.36,False
6,False,1,"Here Kittle, Kittle",3056362,Darius Leonard,LB,DP,True,11.0,8.02,False
6,False,1,"Here Kittle, Kittle",3126486,Deebo Samuel,WR,BE,False,0.0,0.0,True
6,False,1,"Here Kittle, Kittle",-16017,Patriots D/ST,D/ST,BE,False,-4.0,3.47,False
6,False,1,"Here Kittle, Kittle",3128721,Sony Michel,RB,BE,False,4.2,4.74,False
6,False,1,"Here Kittle, Kittle",4239993,Tee Higgins,WR,RB/WR/TE,True,5.9,11.25,False
6,False,1,"Here Kittle, Kittle",3916433,Jakobi Meyers,WR,BE,False,8.9,11.56,False
6,False,1,"Here Kittle, Kittle",3930086,Dawson Knox,TE,TE,True,6.0,9.24,False
6,False,1,"Here Kittle, Kittle",-16004,Bengals D/ST,D/ST,D/ST,True,8.0,6.56,False
6,False,1,"Here Kittle, Kittle",3915511,Joe Burrow,QB,QB,True,22.84,18.27,False
6,False,1,"Here Kittle, Kittle",4249087,Matt Gay,K,K,True,8.0,8.65,False
6,False,12,Rule  #76,8439,Aaron Rodgers,QB,QB,True,23.7,18.77,False
6,False,12,Rule  #76,3043078,Derrick Henry,RB,RB,True,34.6,16.66,False
6,False,12,Rule  #76,4045163,Miles Sanders,RB,RB,True,7.6,10.7,False
6,False,12,Rule  #76,15795,DeAndre Hopkins,WR,WR,True,19.0,13.51,False
6,False,12,Rule  #76,4262921,Justin Jefferson,WR,WR,True,10.0,13.27,False
6,False,12,Rule  #76,4040980,Irv Smith Jr.,TE,IR,False,0.0,0.0,False
6,False,12,Rule  #76,-16025,49ers D/ST,D/ST,BE,False,0.0,0.0,True
6,False,12,Rule  #76,3886818,Myles Gaskin,RB,RB/WR/TE,True,2.4,11.01,False
6,False,12,Rule  #76,3045147,James Conner,RB,BE,False,7.6,9.96,False
6,False,12,Rule  #76,4040761,Devin Singletary,RB,BE,False,6.8,7.85,False
6,False,12,Rule  #76,4035170,Marquez Callaway,WR,BE,False,0.0,0.0,True
6,False,12,Rule  #76,4372414,Elijah Moore,WR,BE,False,0.0,0.0,True
6,False,12,Rule  #76,3054212,Jonnu Smith,TE,BE,False,1.4,6.17,False
6,False,12,Rule  #76,3895827,Ty'Son Williams,RB,BE,False,0.0,0.0,False
6,False,12,Rule  #76,11122,Matt Prater,K,K,True,15.0,8.39,False
6,False,12,Rule  #76,16767,Christian Kirksey,LB,DP,True,4.0,7.16,False
6,False,12,Rule  #76,15835,Zach Ertz,TE,TE,True,10.9,8.43,False
6,False,12,Rule  #76,-16009,Packers D/ST,D/ST,D/ST,True,9.0,6.09,False
6,False,13,Dak in a Box,2577417,Dak Prescott,QB,QB,True,26.8,19.52,False
6,False,13,Dak in a Box,3117251,Christian McCaffrey,RB,BE,False,0.0,0.0,False
6,False,13,Dak in a Box,3919596,Chris Carson,RB,IR,False,0.0,0.0,False
6,False,13,Dak in a Box,16799,Allen Robinson II,WR,RB/WR/TE,True,7.3,9.59,False
6,False,13,Dak in a Box,15880,Robert Woods,WR,WR,True,11.1,12.39,False
6,False,13,Dak in a Box,4036131,Noah Fant,TE,TE,True,22.2,8.08,False
6,False,13,Dak in a Box,3025433,Mike Davis,RB,BE,False,0.0,0.0,True
6,False,13,Dak in a Box,14993,Greg Zuerlein,K,K,True,12.0,8.69,False
6,False,13,Dak in a Box,3138826,Fred Warner,LB,DP,True,0.0,0.0,True
6,False,13,Dak in a Box,3045144,Tyler Boyd,WR,BE,False,1.2,8.86,False
6,False,13,Dak in a Box,3121023,Dallas Goedert,TE,BE,False,0.0,0.0,False
6,False,13,Dak in a Box,2576623,DeVante Parker,WR,BE,False,0.0,0.0,False
6,False,13,Dak in a Box,15920,Latavius Murray,RB,RB,True,13.6,8.69,False
6,False,13,Dak in a Box,4241555,Elijah Mitchell,RB,BE,False,0.0,0.0,True
6,False,13,Dak in a Box,-16011,Colts D/ST,D/ST,D/ST,True,11.0,6.69,False
6,False,13,Dak in a Box,3046409,Alex Collins,RB,RB,True,16.3,10.62,False
6,False,13,Dak in a Box,4240600,Kadarius Toney,WR,WR,True,5.1,11.58,False
6,False,13,Dak in a Box,4372485,Rondale Moore,WR,BE,False,4.1,7.78,False
6,False,11,Dez (Bryant) Nuts,12483,Matthew Stafford,QB,QB,True,25.24,21.39,False
6,False,11,Dez (Bryant) Nuts,3929630,Saquon Barkley,RB,BE,False,0.0,0.0,False
6,False,11,Dez (Bryant) Nuts,4241457,Najee Harris,RB,RB,True,21.7,19.97,False
6,False,11,Dez (Bryant) Nuts,4241389,CeeDee Lamb,WR,WR,True,31.6,11.96,False
6,False,11,Dez (Bryant) Nuts,3932905,Diontae Johnson,WR,WR,True,14.1,12.71,False
6,False,11,Dez (Bryant) Nuts,3116365,Mark Andrews,TE,TE,True,15.3,12.1,False
6,False,11,Dez (Bryant) Nuts,3925347,Damien Harris,RB,BE,False,17.3,7.97,False
6,False,11,Dez (Bryant) Nuts,-16007,Broncos D/ST,D/ST,D/ST,True,-2.0,5.53,False
6,False,11,Dez (Bryant) Nuts,16339,Brandon McManus,K,K,True,6.0,8.36,False
6,False,11,Dez (Bryant) Nuts,3915189,Roquan Smith,LB,DP,True,12.0,7.96,False
6,False,11,Dez (Bryant) Nuts,2574808,Robby Anderson,WR,RB/WR/TE,True,8.6,9.14,False
6,False,11,Dez (Bryant) Nuts,3115364,Leonard Fournette,RB,RB,True,27.7,12.56,False
6,False,11,Dez (Bryant) Nuts,13983,A.J. Green,WR,BE,False,16.4,7.33,False
6,False,11,Dez (Bryant) Nuts,5536,Ben Roethlisberger,QB,BE,False,10.86,15.54,False
6,False,11,Dez (Bryant) Nuts,4036348,Michael Gallup,WR,IR,False,0.0,0.0,False
6,False,11,Dez (Bryant) Nuts,4241464,Mac Jones,QB,BE,False,14.76,14.44,False
6,False,11,Dez (Bryant) Nuts,3116689,Cole Holcomb,LB,BE,False,14.0,7.66,False
6,False,11,Dez (Bryant) Nuts,3916566,K.J. Osborn,WR,BE,False,16.8,5.63,False
7,False,2,Zeke -A Virus,3918298,Josh Allen,QB,BE,False,0.0,0.0,True
7,False,2,Zeke -A Virus,3051392,Ezekiel Elliott,RB,BE,False,0.0,0.0,True
7,False,2,Zeke -A Virus,16737,Mike Evans,WR,WR,True,28.6,13.53,False
7,False,2,Zeke -A Virus,2977187,Cooper Kupp,WR,WR,True,32.6,19.39,False
7,False,2,Zeke -A Virus,2975674,Robert Tonyan,TE,TE,True,14.3,7.03,False
7,False,2,Zeke -A Virus,-16014,Rams D/ST,D/ST,D/ST,True,3.0,5.93,False
7,False,2,Zeke -A Virus,3055899,Harrison Butker,K,K,True,3.0,6.84,False
7,False,2,Zeke -A Virus,3051750,Zach Cunningham,LB,DP,True,1.0,3.46,False
7,False,2,Zeke -A Virus,13934,Antonio Brown,WR,BE,False,0.0,0.0,False
7,False,2,Zeke -A Virus,2976592,Sterling Shepard,WR,BE,False,0.0,0.0,False
7,False,2,Zeke -A Virus,16725,Sammy Watkins,WR,BE,False,0.0,0.0,False
7,False,2,Zeke -A Virus,4241416,Chuba Hubbard,RB,RB,True,7.6,15.03,False
7,False,2,Zeke -A Virus,3915507,Jerome Baker,LB,BE,False,1.0,8.31,False
7,False,2,Zeke -A Virus,4035886,Khalil Herbert,RB,RB/WR/TE,True,15.8,8.97,False
7,False,2,Zeke -A Virus,16757,Derek Carr,QB,QB,True,19.02,18.52,False
7,False,2,Zeke -A Virus,3139602,D'Ernest Johnson,RB,RB,True,23.8,13.41,False
7,False,6,This Year Will  Be A Brees ,3916387,Lamar Jackson,QB,QB,True,23.08,23.04,False
7,False,6,This Year Will  Be A Brees ,4242335,Jonathan Taylor,RB,RB,True,16.5,15.09,False
7,False,6,This Year Will  Be A Brees ,4035538,David Montgomery,RB,BE,False,0.0,0.0,False
7,False,6,This Year Will  Be A Brees ,3116406,Tyreek Hill,WR,WR,True,9.7,18.46,False
7,False,6,This Year Will  Be A Brees ,2577327,Tyler Lockett,WR,WR,True,2.2,10.85,False
7,False,6,This Year Will  Be A Brees ,16733,Odell Beckham Jr.,WR,BE,False,3.3,9.57,False
7,False,6,This Year Will  Be A Brees ,-16023,Steelers D/ST,D/ST,BE,False,0.0,0.0,True
7,False,6,This Year Will  Be A Brees ,15683,Justin Tucker,K,K,True,6.0,9.46,False
7,False,6,This Year Will  Be A Brees ,3052876,William Fuller V,WR,IR,False,0.0,0.0,False
7,False,6,This Year Will  Be A Brees ,3916148,Tony Pollard,RB,BE,False,0.0,0.0,True
7,False,6,This Year Will  Be A Brees ,3134353,Tim Patrick,WR,RB/WR/TE,True,2.6,8.69,False
7,False,6,This Year Will  Be A Brees ,13295,Emmanuel Sanders,WR,BE,False,0.0,0.0,True
7,False,6,This Year Will  Be A Brees ,2579621,Denzel Perryman,LB,DP,True,8.0,8.65,False
7,False,6,This Year Will  Be A Brees ,3116389,Samaje Perine,RB,BE,False,14.0,4.14,False
7,False,6,This Year Will  Be A Brees ,12537,Jared Cook,TE,BE,False,0.0,0.0,True
7,False,6,This Year Will  Be A Brees ,3051806,Ricky Seals-Jones,TE,TE,True,8.1,7.26,False
7,False,6,This Year Will  Be A Brees ,13981,Mark Ingram II,RB,RB,True,4.2,6.71,False
7,False,6,This Year Will  Be A Brees ,-16013,Raiders D/ST,D/ST,D/ST,True,5.0,4.83,False
7,False,3,Jim Ward's Ole Dick Necks,4038941,Justin Herbert,QB,BE,False,0.0,0.0,True
7,False,3,Jim Ward's Ole Dick Necks,3054850,Alvin Kamara,RB,RB,True,28.9,21.52,False
7,False,3,Jim Ward's Ole Dick Necks,4259545,D'Andre Swift,RB,RB/WR/TE,True,24.4,14.72,False
7,False,3,Jim Ward's Ole Dick Necks,4047646,A.J. Brown,WR,WR,True,23.3,12.33,False
7,False,3,Jim Ward's Ole Dick Necks,16731,Brandin Cooks,WR,WR,True,4.6,14.02,False
7,False,3,Jim Ward's Ole Dick Necks,2576925,Darren Waller,TE,BE,False,0.0,0.0,False
7,False,3,Jim Ward's Ole Dick Necks,3119195,Chase Edmonds,RB,BE,False,10.5,12.13,False
7,False,3,Jim Ward's Ole Dick Necks,3917232,Tyler Bass,K,BE,False,0.0,0.0,True
7,False,3,Jim Ward's Ole Dick Necks,4243160,Laviska Shenault Jr.,WR,BE,False,0.0,0.0,True
7,False,3,Jim Ward's Ole Dick Necks,4035004,Mecole Hardman,WR,BE,False,3.8,9.35,False
7,False,3,Jim Ward's Ole Dick Necks,4241372,Marquise Brown,WR,BE,False,16.5,11.31,False
7,False,3,Jim Ward's Ole Dick Necks,3115375,Darrel Williams,RB,RB,True,6.5,12.96,False
7,False,3,Jim Ward's Ole Dick Necks,-16022,Cardinals D/ST,D/ST,D/ST,True,11.0,7.62,False
7,False,3,Jim Ward's Ole Dick Necks,2565969,Taylor Heinicke,QB,QB,True,20.22,17.31,False
7,False,3,Jim Ward's Ole Dick Necks,3049899,Younghoe Koo,K,K,True,12.0,7.31,False
7,False,3,Jim Ward's Ole Dick Necks,2976545,Deion Jones,LB,DP,True,17.0,8.18,False
7,False,3,Jim Ward's Ole Dick Necks,2998565,Mo Alie-Cox,TE,TE,True,10.0,5.39,False
7,False,5,Kissin Cousins ,3059915,Kareem Hunt,RB,BE,False,0.0,0.0,False
7,False,5,Kissin Cousins ,4052042,James Robinson,RB,BE,False,0.0,0.0,True
7,False,5,Kissin Cousins ,4047650,DK Metcalf,WR,WR,True,16.6,12.69,False
7,False,5,Kissin Cousins ,4360438,Brandon Aiyuk,WR,BE,False,1.4,6.4,False
7,False,5,Kissin Cousins ,15847,Travis Kelce,TE,TE,True,10.0,15.96,False
7,False,5,Kissin Cousins ,3042778,Corey Davis,WR,RB/WR/TE,True,12.7,9.61,False
7,False,5,Kissin Cousins ,-16027,Buccaneers D/ST,D/ST,D/ST,True,18.0,6.92,False
7,False,5,Kissin Cousins ,2976316,Michael Thomas,WR,IR,False,0.0,0.0,False
7,False,5,Kissin Cousins ,4048244,Alexander Mattison,RB,BE,False,0.0,0.0,True
7,False,5,Kissin Cousins ,4241475,Henry Ruggs III,WR,WR,True,5.1,9.17,False
7,False,5,Kissin Cousins ,4371733,Kenneth Gainwell,RB,RB,True,12.1,6.82,False
7,False,5,Kissin Cousins ,3895856,Christian Kirk,WR,BE,False,13.0,7.3,False
7,False,5,Kissin Cousins ,14880,Kirk Cousins,QB,BE,False,0.0,0.0,True
7,False,5,Kissin Cousins ,3918330,Logan Wilson,LB,DP,True,7.0,8.56,False
7,False,5,Kissin Cousins ,3912547,Sam Darnold,QB,QB,True,2.48,17.74,False
7,False,5,Kissin Cousins ,10621,Nick Folk,K,K,True,14.0,9.02,False
7,False,5,Kissin Cousins ,3122840,Deshaun Watson,QB,BE,False,0.0,0.0,False
7,False,5,Kissin Cousins ,16944,Devonta Freeman,RB,RB,True,11.4,6.58,False
7,False,8,SCLSU Mud Dogs,3139477,Patrick Mahomes,QB,QB,True,7.74,26.15,False
7,False,8,SCLSU Mud Dogs,3116593,Dalvin Cook,RB,BE,False,0.0,0.0,True
7,False,8,SCLSU Mud Dogs,3116385,Joe Mixon,RB,RB,True,11.9,14.91,False
7,False,8,SCLSU Mud Dogs,3121422,Terry McLaurin,WR,WR,True,21.7,13.17,False
7,False,8,SCLSU Mud Dogs,13982,Julio Jones,WR,BE,False,4.8,9.87,False
7,False,8,SCLSU Mud Dogs,3116164,Mike Gesicki,TE,TE,True,18.0,9.29,False
7,False,8,SCLSU Mud Dogs,2974858,Kenny Golladay,WR,BE,False,0.0,0.0,False
7,False,8,SCLSU Mud Dogs,4362628,Ja'Marr Chase,WR,WR,True,30.1,13.72,False
7,False,8,SCLSU Mud Dogs,4241401,Trey Sermon,RB,BE,False,0.0,2.3,False
7,False,8,SCLSU Mud Dogs,4035687,Michael Pittman Jr.,WR,RB/WR/TE,True,18.5,10.42,False
7,False,8,SCLSU Mud Dogs,13229,Rob Gronkowski,TE,BE,False,0.0,0.0,False
7,False,8,SCLSU Mud Dogs,4240657,Michael Carter,RB,RB,True,12.4,11.59,False
7,False,8,SCLSU Mud Dogs,4035676,Zack Moss,RB,BE,False,0.0,0.0,True
7,False,8,SCLSU Mud Dogs,12731,Ryan Succop,K,K,True,7.0,8.16,False
7,False,8,SCLSU Mud Dogs,-16033,Ravens D/ST,D/ST,D/ST,True,-6.0,5.69,False
7,False,8,SCLSU Mud Dogs,4569173,Rhamondre Stevenson,RB,BE,False,0.0,0.0,False
7,False,8,SCLSU Mud Dogs,3915171,Tae Crowder,LB,DP,True,6.0,9.38,False
7,False,9,Tonie's Tigers,14876,Ryan Tannehill,QB,BE,False,19.4,19.4,False
7,False,9,Tonie's Tigers,3042519,Aaron Jones,RB,RB,True,6.4,16.34,False
7,False,9,Tonie's Tigers,4039359,Darrell Henderson Jr.,RB,RB,True,7.9,16.97,False
7,False,9,Tonie's Tigers,3925357,Calvin Ridley,WR,WR,True,11.6,15.28,False
7,False,9,Tonie's Tigers,3915416,DJ Moore,WR,WR,True,10.3,14.53,False
7,False,9,Tonie's Tigers,2573401,Tyler Higbee,TE,BE,False,7.1,7.9,False
7,False,9,Tonie's Tigers,4361579,Javonte Williams,RB,BE,False,14.2,9.42,False
7,False,9,Tonie's Tigers,14979,Bobby Wagner,LB,DP,True,7.0,9.33,False
7,False,9,Tonie's Tigers,2330,Tom Brady,QB,QB,True,24.44,21.35,False
7,False,9,Tonie's Tigers,2979843,Kenyan Drake,RB,BE,False,15.4,6.51,False
7,False,9,Tonie's Tigers,16790,Jarvis Landry,WR,RB/WR/TE,True,6.2,9.6,False
7,False,9,Tonie's Tigers,2572861,J.D. McKissic,RB,BE,False,7.6,7.77,False
7,False,9,Tonie's Tigers,3046439,Hunter Henry,TE,TE,True,9.3,6.28,False
7,False,9,Tonie's Tigers,15349,Cole Beasley,WR,BE,False,0.0,0.0,True
7,False,9,Tonie's Tigers,15705,Josh Gordon,WR,BE,False,0.0,3.23,False
7,False,9,Tonie's Tigers,10636,Mason Crosby,K,K,True,5.0,8.39,False
7,False,9,Tonie's Tigers,-16029,Panthers D/ST,D/ST,D/ST,True,2.0,5.47,False
7,False,4,Hurts So Good,4040715,Jalen Hurts,QB,QB,True,23.54,22.39,False
7,False,4,Hurts So Good,3068267,Austin Ekeler,RB,BE,False,0.0,0.0,True
7,False,4,Hurts So Good,2976212,Stefon Diggs,WR,BE,False,0.0,0.0,True
7,False,4,Hurts So Good,2976499,Amari Cooper,WR,BE,False,0.0,0.0,True
7,False,4,Hurts So Good,4036133,T.J. Hockenson,TE,TE,True,7.8,9.02,False
7,False,4,Hurts So Good,16460,Adam Thielen,WR,BE,False,0.0,0.0,True
7,False,4,Hurts So Good,-16002,Bills D/ST,D/ST,BE,False,0.0,0.0,True
7,False,4,Hurts So Good,2473037,Jason Myers,K,K,True,4.0,7.43,False
7,False,4,Hurts So Good,3115373,Jamal Adams,S,DP,True,2.0,6.16,False
7,False,4,Hurts So Good,4046692,Chase Claypool,WR,BE,False,0.0,0.0,True
7,False,4,Hurts So Good,3128429,Courtland Sutton,WR,WR,True,9.3,13.02,False
7,False,4,Hurts So Good,2980453,Jamaal Williams,RB,RB,True,5.7,7.35,False
7,False,4,Hurts So Good,4372016,Jaylen Waddle,WR,WR,True,12.8,11.36,False
7,False,4,Hurts So Good,2969939,Jameis Winston,QB,BE,False,16.88,16.32,False
7,False,4,Hurts So Good,3122672,Royce Freeman,RB,RB,True,2.4,5.73,False
7,False,4,Hurts So Good,-16020,Jets D/ST,D/ST,D/ST,True,-11.0,5.81,False
7,False,4,Hurts So Good,4040655,Darnell Mooney,WR,RB/WR/TE,True,5.9,9.83,False
7,False,1,"Here Kittle, Kittle",14881,Russell Wilson,QB,BE,False,0.0,0.0,False
7,False,1,"Here Kittle, Kittle",3128720,Nick Chubb,RB,BE,False,0.0,0.0,False
7,False,1,"Here Kittle, Kittle",4360294,Antonio Gibson,RB,RB,True,6.6,11.76,False
7,False,1,"Here Kittle, Kittle",3116165,Chris Godwin,WR,WR,True,21.1,12.77,False
7,False,1,"Here Kittle, Kittle",15818,Keenan Allen,WR,BE,False,0.0,0.0,True
7,False,1,"Here Kittle, Kittle",4241478,DeVonta Smith,WR,BE,False,8.6,10.22,False
7,False,1,"Here Kittle, Kittle",3040151,George Kittle,TE,IR,False,0.0,0.0,False
7,False,1,"Here Kittle, Kittle",2576434,Melvin Gordon III,RB,RB,True,10.2,9.6,False
7,False,1,"Here Kittle, Kittle",3056362,Darius Leonard,LB,DP,True,9.0,9.57,False
7,False,1,"Here Kittle, Kittle",3126486,Deebo Samuel,WR,WR,True,17.5,14.73,False
7,False,1,"Here Kittle, Kittle",-16017,Patriots D/ST,D/ST,D/ST,True,13.0,6.83,False
7,False,1,"Here Kittle, Kittle",4239993,Tee Higgins,WR,RB/WR/TE,True,9.7,11.26,False
7,False,1,"Here Kittle, Kittle",3916433,Jakobi Meyers,WR,BE,False,6.9,10.03,False
7,False,1,"Here Kittle, Kittle",3930086,Dawson Knox,TE,BE,False,0.0,0.0,True
7,False,1,"Here Kittle, Kittle",3915511,Joe Burrow,QB,QB,True,26.64,18.71,False
7,False,1,"Here Kittle, Kittle",4249087,Matt Gay,K,K,True,9.0,8.32,False
7,False,1,"Here Kittle, Kittle",3120303,Ross Dwelley,TE,TE,True,1.0,4.67,False
7,False,1,"Here Kittle, Kittle",17359,Damien Williams,RB,BE,False,1.3,8.66,False
7,False,12,Rule  #76,8439,Aaron Rodgers,QB,QB,True,24.66,21.86,False
7,False,12,Rule  #76,3043078,Derrick Henry,RB,RB,True,15.4,23.85,False
7,False,12,Rule  #76,4045163,Miles Sanders,RB,RB,True,3.2,11.95,False
7,False,12,Rule  #76,15795,DeAndre Hopkins,WR,WR,True,14.8,12.12,False
7,False,12,Rule  #76,4262921,Justin Jefferson,WR,BE,False,0.0,0.0,True
7,False,12,Rule  #76,4040980,Irv Smith Jr.,TE,IR,False,0.0,0.0,True
7,False,12,Rule  #76,-16025,49ers D/ST,D/ST,BE,False,6.0,5.63,False
7,False,12,Rule  #76,3886818,Myles Gaskin,RB,BE,False,15.7,9.7,False
7,False,12,Rule  #76,3045147,James Conner,RB,RB/WR/TE,True,12.4,12.96,False
7,False,12,Rule  #76,4040761,Devin Singletary,RB,BE,False,0.0,0.0,True
7,False,12,Rule  #76,4035170,Marquez Callaway,WR,WR,True,4.7,8.5,False
7,False,12,Rule  #76,4372414,Elijah Moore,WR,BE,False,10.7,5.35,False
7,False,12,Rule  #76,3054212,Jonnu Smith,TE,BE,False,6.7,5.12,False
7,False,12,Rule  #76,3895827,Ty'Son Williams,RB,BE,False,4.4,4.81,False
7,False,12,Rule  #76,11122,Matt Prater,K,K,True,7.0,9.14,False
7,False,12,Rule  #76,16767,Christian Kirksey,LB,DP,True,8.0,8.45,False
7,False,12,Rule  #76,15835,Zach Ertz,TE,TE,True,14.5,5.88,False
7,False,12,Rule  #76,-16009,Packers D/ST,D/ST,D/ST,True,10.0,4.71,False
7,False,13,Dak in a Box,2577417,Dak Prescott,QB,BE,False,0.0,0.0,True
7,False,13,Dak in a Box,3117251,Christian McCaffrey,RB,BE,False,0.0,0.0,False
7,False,13,Dak in a Box,3919596,Chris Carson,RB,IR,False,0.0,0.0,False
7,False,13,Dak in a Box,16799,Allen Robinson II,WR,WR,True,3.6,9.98,False
7,False,13,Dak in a Box,15880,Robert Woods,WR,WR,True,12.0,12.1,False
7,False,13,Dak in a Box,4036131,Noah Fant,TE,BE,False,6.4,9.44,False
7,False,13,Dak in a Box,3025433,Mike Davis,RB,RB,True,1.0,10.78,False
7,False,13,Dak in a Box,3138826,Fred Warner,LB,DP,True,10.0,8.48,False
7,False,13,Dak in a Box,3045144,Tyler Boyd,WR,BE,False,5.9,8.36,False
7,False,13,Dak in a Box,3121023,Dallas Goedert,TE,TE,True,10.5,8.97,False
7,False,13,Dak in a Box,2576623,DeVante Parker,WR,BE,False,0.0,0.0,False
7,False,13,Dak in a Box,15920,Latavius Murray,RB,BE,False,0.0,0.0,False
7,False,13,Dak in a Box,4241555,Elijah Mitchell,RB,RB,True,16.7,12.94,False
7,False,13,Dak in a Box,-16011,Colts D/ST,D/ST,D/ST,True,12.0,4.96,False
7,False,13,Dak in a Box,3046409,Alex Collins,RB,RB/WR/TE,True,4.9,9.08,False
7,False,13,Dak in a Box,4240600,Kadarius Toney,WR,BE,False,0.0,0.0,False
7,False,13,Dak in a Box,11237,Matt Ryan,QB,QB,True,17.44,19.63,False
7,False,13,Dak in a Box,4046184,Brian Johnson,K,K,True,7.0,6.54,False
7,False,11,Dez (Bryant) Nuts,12483,Matthew Stafford,QB,QB,True,27.16,22.33,False
7,False,11,Dez (Bryant) Nuts,3929630,Saquon Barkley,RB,BE,False,0.0,0.0,False
7,False,11,Dez (Bryant) Nuts,4241457,Najee Harris,RB,BE,False,0.0,0.0,True
7,False,11,Dez (Bryant) Nuts,4241389,CeeDee Lamb,WR,BE,False,0.0,0.0,True
7,False,11,Dez (Bryant) Nuts,3932905,Diontae Johnson,WR,BE,False,0.0,0.0,True
7,False,11,Dez (Bryant) Nuts,3116365,Mark Andrews,TE,TE,True,6.3,12.02,False
7,False,11,Dez (Bryant) Nuts,3925347,Damien Harris,RB,RB,True,24.3,11.1,False
7,False,11,Dez (Bryant) Nuts,-16007,Broncos D/ST,D/ST,D/ST,True,3.0,4.82,False
7,False,11,Dez (Bryant) Nuts,16339,Brandon McManus,K,K,True,2.0,8.37,False
7,False,11,Dez (Bryant) Nuts,3915189,Roquan Smith,LB,DP,True,13.0,10.29,False
7,False,11,Dez (Bryant) Nuts,2574808,Robby Anderson,WR,WR,True,2.9,9.64,False
7,False,11,Dez (Bryant) Nuts,3115364,Leonard Fournette,RB,RB,True,16.0,14.95,False
7,False,11,Dez (Bryant) Nuts,13983,A.J. Green,WR,WR,True,8.1,7.35,False
7,False,11,Dez (Bryant) Nuts,5536,Ben Roethlisberger,QB,BE,False,0.0,0.0,True
7,False,11,Dez (Bryant) Nuts,4036348,Michael Gallup,WR,IR,False,0.0,0.0,True
7,False,11,Dez (Bryant) Nuts,4241464,Mac Jones,QB,BE,False,22.18,14.11,False
7,False,11,Dez (Bryant) Nuts,3916566,K.J. Osborn,WR,BE,False,0.0,0.0,True
7,False,11,Dez (Bryant) Nuts,4374302,Amon-Ra St. Brown,WR,RB/WR/TE,True,0.0,9.04,False
7,False,10,Maitland Tiburon,3917315,Kyler Murray,QB,QB,True,21.44,24.51,False
7,False,10,Maitland Tiburon,4242214,Clyde Edwards-Helaire,RB,BE,False,0.0,0.0,False
7,False,10,Maitland Tiburon,4047365,Josh Jacobs,RB,RB,True,14.3,15.0,False
7,False,10,Maitland Tiburon,16800,Davante Adams,WR,WR,True,16.6,19.42,False
7,False,10,Maitland Tiburon,4360248,Kyle Pitts,TE,TE,True,19.8,10.69,False
7,False,10,Maitland Tiburon,4241463,Jerry Jeudy,WR,IR,False,0.0,0.0,False
7,False,10,Maitland Tiburon,4239934,AJ Dillon,RB,BE,False,-0.7,8.34,False
7,False,10,Maitland Tiburon,15072,Marvin Jones Jr.,WR,BE,False,0.0,0.0,True
7,False,10,Maitland Tiburon,3045138,Mike Williams,WR,BE,False,0.0,0.0,True
7,False,10,Maitland Tiburon,-16018,Saints D/ST,D/ST,D/ST,True,10.0,6.15,False
7,False,10,Maitland Tiburon,15807,Cordarrelle Patterson,RB,RB,True,13.1,14.46,False
7,False,10,Maitland Tiburon,3117256,Dalton Schultz,TE,BE,False,0.0,0.0,True
7,False,10,Maitland Tiburon,3135321,Hunter Renfrow,WR,WR,True,9.3,10.32,False
7,False,10,Maitland Tiburon,3122866,Devontae Booker,RB,RB/WR/TE,True,13.6,11.78,False
7,False,10,Maitland Tiburon,-16006,Cowboys D/ST,D/ST,BE,False,0.0,0.0,True
7,False,10,Maitland Tiburon,2573079,Carson Wentz,QB,BE,False,20.3,14.44,False
7,False,10,Maitland Tiburon,3050073,Foyesade Oluokun,LB,DP,True,15.0,9.66,False
7,False,10,Maitland Tiburon,3051909,Daniel Carlson,K,K,True,9.0,9.06,False
8,False,5,Kissin Cousins ,3059915,Kareem Hunt,RB,BE,False,0.0,0.0,False
8,False,5,Kissin Cousins ,4052042,James Robinson,RB,RB,True,4.4,15.45,False
8,False,5,Kissin Cousins ,4047650,DK Metcalf,WR,WR,True,19.3,12.51,False
8,False,5,Kissin Cousins ,4360438,Brandon Aiyuk,WR,BE,False,8.5,6.16,False
8,False,5,Kissin Cousins ,15847,Travis Kelce,TE,TE,True,2.7,14.24,False
8,False,5,Kissin Cousins ,3042778,Corey Davis,WR,BE,False,0.0,0.0,False
8,False,5,Kissin Cousins ,-16027,Buccaneers D/ST,D/ST,D/ST,True,-1.0,6.24,False
8,False,5,Kissin Cousins ,2976316,Michael Thomas,WR,IR,False,0.0,0.0,False
8,False,5,Kissin Cousins ,4048244,Alexander Mattison,RB,BE,False,1.0,3.14,False
8,False,5,Kissin Cousins ,4241475,Henry Ruggs III,WR,BE,False,0.0,0.0,True
8,False,5,Kissin Cousins ,4371733,Kenneth Gainwell,RB,RB,True,2.7,10.72,False
8,False,5,Kissin Cousins ,3895856,Christian Kirk,WR,WR,True,6.6,9.22,False
8,False,5,Kissin Cousins ,14880,Kirk Cousins,QB,QB,True,13.16,18.36,False
8,False,5,Kissin Cousins ,10621,Nick Folk,K,K,True,15.0,8.16,False
8,False,5,Kissin Cousins ,3122840,Deshaun Watson,QB,BE,False,0.0,0.0,False
8,False,5,Kissin Cousins ,16944,Devonta Freeman,RB,BE,False,0.0,0.0,True
8,False,5,Kissin Cousins ,2510863,Eric Kendricks,LB,DP,True,8.0,9.51,False
8,False,5,Kissin Cousins ,2973405,Kalif Raymond,WR,RB/WR/TE,True,0.0,8.37,False
8,False,2,Zeke -A Virus,3918298,Josh Allen,QB,QB,True,29.46,26.59,False
8,False,2,Zeke -A Virus,3051392,Ezekiel Elliott,RB,RB,True,9.3,12.34,False
8,False,2,Zeke -A Virus,16737,Mike Evans,WR,WR,True,11.8,12.43,False
8,False,2,Zeke -A Virus,2977187,Cooper Kupp,WR,WR,True,21.0,20.07,False
8,False,2,Zeke -A Virus,2975674,Robert Tonyan,TE,TE,True,6.4,8.21,False
8,False,2,Zeke -A Virus,-16014,Rams D/ST,D/ST,D/ST,True,7.0,7.87,False
8,False,2,Zeke -A Virus,3055899,Harrison Butker,K,K,True,8.0,7.67,False
8,False,2,Zeke -A Virus,3051750,Zach Cunningham,LB,BE,False,4.0,2.65,False
8,False,2,Zeke -A Virus,13934,Antonio Brown,WR,BE,False,0.0,0.0,False
8,False,2,Zeke -A Virus,2976592,Sterling Shepard,WR,BE,False,4.5,11.52,False
8,False,2,Zeke -A Virus,16725,Sammy Watkins,WR,BE,False,0.0,0.0,True
8,False,2,Zeke -A Virus,4241416,Chuba Hubbard,RB,RB,True,13.6,13.95,False
8,False,2,Zeke -A Virus,3915507,Jerome Baker,LB,BE,False,0.0,0.0,False
8,False,2,Zeke -A Virus,4035886,Khalil Herbert,RB,RB/WR/TE,True,7.8,13.2,False
8,False,2,Zeke -A Virus,16757,Derek Carr,QB,BE,False,0.0,0.0,True
8,False,2,Zeke -A Virus,3139602,D'Ernest Johnson,RB,BE,False,9.4,7.33,False
8,False,2,Zeke -A Virus,3116689,Cole Holcomb,LB,DP,True,9.0,9.1,False
8,False,9,Tonie's Tigers,14876,Ryan Tannehill,QB,BE,False,21.2,17.7,False
8,False,9,Tonie's Tigers,3042519,Aaron Jones,RB,RB,True,20.5,13.56,False
8,False,9,Tonie's Tigers,4039359,Darrell Henderson Jr.,RB,RB,True,21.8,17.19,False
8,False,9,Tonie's Tigers,3925357,Calvin Ridley,WR,BE,False,0.0,0.0,False
8,False,9,Tonie's Tigers,3915416,DJ Moore,WR,WR,True,7.9,14.55,False
8,False,9,Tonie's Tigers,2573401,Tyler Higbee,TE,BE,False,4.0,8.22,False
8,False,9,Tonie's Tigers,4361579,Javonte Williams,RB,BE,False,5.8,9.45,False
8,False,9,Tonie's Tigers,14979,Bobby Wagner,LB,DP,True,14.0,9.38,False
8,False,9,Tonie's Tigers,2330,Tom Brady,QB,QB,True,25.2,20.95,False
8,False,9,Tonie's Tigers,2979843,Kenyan Drake,RB,BE,False,0.0,0.0,True
8,False,9,Tonie's Tigers,16790,Jarvis Landry,WR,RB/WR/TE,True,7.5,9.47,False
8,False,9,Tonie's Tigers,2572861,J.D. McKissic,RB,BE,False,14.3,7.64,False
8,False,9,Tonie's Tigers,3046439,Hunter Henry,TE,TE,True,3.8,6.29,False
8,False,9,Tonie's Tigers,15349,Cole Beasley,WR,WR,True,16.0,9.85,False
8,False,9,Tonie's Tigers,10636,Mason Crosby,K,K,True,6.0,8.23,False
8,False,9,Tonie's Tigers,-16029,Panthers D/ST,D/ST,D/ST,True,12.0,5.17,False
8,False,9,Tonie's Tigers,10452,Adrian Peterson,RB,BE,False,0.0,0.0,True
8,False,3,Jim Ward's Ole Dick Necks,4038941,Justin Herbert,QB,QB,True,13.82,20.86,False
8,False,3,Jim Ward's Ole Dick Necks,3054850,Alvin Kamara,RB,RB,True,15.1,18.33,False
8,False,3,Jim Ward's Ole Dick Necks,4259545,D'Andre Swift,RB,RB/WR/TE,True,5.6,17.71,False
8,False,3,Jim Ward's Ole Dick Necks,4047646,A.J. Brown,WR,WR,True,26.5,13.23,False
8,False,3,Jim Ward's Ole Dick Necks,16731,Brandin Cooks,WR,WR,True,17.3,12.11,False
8,False,3,Jim Ward's Ole Dick Necks,2576925,Darren Waller,TE,BE,False,0.0,0.0,True
8,False,3,Jim Ward's Ole Dick Necks,3119195,Chase Edmonds,RB,BE,False,14.4,12.33,False
8,False,3,Jim Ward's Ole Dick Necks,3917232,Tyler Bass,K,K,True,10.0,8.43,False
8,False,3,Jim Ward's Ole Dick Necks,4243160,Laviska Shenault Jr.,WR,BE,False,4.1,8.05,False
8,False,3,Jim Ward's Ole Dick Necks,4035004,Mecole Hardman,WR,BE,False,8.8,6.94,False
8,False,3,Jim Ward's Ole Dick Necks,4241372,Marquise Brown,WR,BE,False,0.0,0.0,True
8,False,3,Jim Ward's Ole Dick Necks,3115375,Darrel Williams,RB,RB,True,14.0,13.51,False
8,False,3,Jim Ward's Ole Dick Necks,-16022,Cardinals D/ST,D/ST,D/ST,True,1.0,6.13,False
8,False,3,Jim Ward's Ole Dick Necks,2565969,Taylor Heinicke,QB,BE,False,11.8,16.67,False
8,False,3,Jim Ward's Ole Dick Necks,3049899,Younghoe Koo,K,BE,False,9.0,7.91,False
8,False,3,Jim Ward's Ole Dick Necks,2976545,Deion Jones,LB,DP,True,16.0,9.17,False
8,False,3,Jim Ward's Ole Dick Necks,2998565,Mo Alie-Cox,TE,TE,True,1.0,6.13,False
8,False,1,"Here Kittle, Kittle",14881,Russell Wilson,QB,BE,False,0.0,0.0,False
8,False,1,"Here Kittle, Kittle",3128720,Nick Chubb,RB,RB,True,7.4,16.35,False
8,False,1,"Here Kittle, Kittle",4360294,Antonio Gibson,RB,RB,True,6.9,11.57,False
8,False,1,"Here Kittle, Kittle",3116165,Chris Godwin,WR,WR,True,24.0,14.01,False
8,False,1,"Here Kittle, Kittle",15818,Keenan Allen,WR,RB/WR/TE,True,16.7,12.2,False
8,False,1,"Here Kittle, Kittle",4241478,DeVonta Smith,WR,BE,False,2.0,10.71,False
8,False,1,"Here Kittle, Kittle",3040151,George Kittle,TE,IR,False,0.0,0.0,False
8,False,1,"Here Kittle, Kittle",2576434,Melvin Gordon III,RB,BE,False,17.7,10.29,False
8,False,1,"Here Kittle, Kittle",3056362,Darius Leonard,LB,DP,True,8.0,9.92,False
8,False,1,"Here Kittle, Kittle",3126486,Deebo Samuel,WR,WR,True,20.1,15.55,False
8,False,1,"Here Kittle, Kittle",-16017,Patriots D/ST,D/ST,BE,False,12.0,3.75,False
8,False,1,"Here Kittle, Kittle",4239993,Tee Higgins,WR,BE,False,11.7,11.59,False
8,False,1,"Here Kittle, Kittle",3916433,Jakobi Meyers,WR,BE,False,7.6,10.36,False
8,False,1,"Here Kittle, Kittle",3930086,Dawson Knox,TE,BE,False,0.0,0.0,False
8,False,1,"Here Kittle, Kittle",3915511,Joe Burrow,QB,QB,True,21.26,19.04,False
8,False,1,"Here Kittle, Kittle",4249087,Matt Gay,K,K,True,9.0,8.04,False
8,False,1,"Here Kittle, Kittle",-16004,Bengals D/ST,D/ST,D/ST,True,1.0,7.41,False
8,False,1,"Here Kittle, Kittle",4212989,Dan Arnold,TE,TE,True,10.8,5.79,False
8,False,8,SCLSU Mud Dogs,3139477,Patrick Mahomes,QB,QB,True,14.0,23.89,False
8,False,8,SCLSU Mud Dogs,3116593,Dalvin Cook,RB,RB,True,7.8,18.41,False
8,False,8,SCLSU Mud Dogs,3116385,Joe Mixon,RB,RB,True,23.1,13.93,False
8,False,8,SCLSU Mud Dogs,3121422,Terry McLaurin,WR,RB/WR/TE,True,5.0,12.72,False
8,False,8,SCLSU Mud Dogs,13982,Julio Jones,WR,BE,False,0.0,0.0,False
8,False,8,SCLSU Mud Dogs,3116164,Mike Gesicki,TE,TE,True,8.3,8.63,False
8,False,8,SCLSU Mud Dogs,2974858,Kenny Golladay,WR,BE,False,0.0,0.0,False
8,False,8,SCLSU Mud Dogs,4362628,Ja'Marr Chase,WR,WR,True,11.6,14.53,False
8,False,8,SCLSU Mud Dogs,4241401,Trey Sermon,RB,BE,False,0.0,0.0,False
8,False,8,SCLSU Mud Dogs,4035687,Michael Pittman Jr.,WR,WR,True,25.6,11.15,False
8,False,8,SCLSU Mud Dogs,13229,Rob Gronkowski,TE,BE,False,0.0,9.32,False
8,False,8,SCLSU Mud Dogs,4240657,Michael Carter,RB,BE,False,27.7,11.06,False
8,False,8,SCLSU Mud Dogs,4035676,Zack Moss,RB,BE,False,8.8,11.48,False
8,False,8,SCLSU Mud Dogs,12731,Ryan Succop,K,K,True,3.0,7.54,False
8,False,8,SCLSU Mud Dogs,4569173,Rhamondre Stevenson,RB,BE,False,3.6,0.0,False
8,False,8,SCLSU Mud Dogs,3915171,Tae Crowder,LB,DP,True,7.0,9.17,False
8,False,8,SCLSU Mud Dogs,-16001,Falcons D/ST,D/ST,D/ST,True,2.0,6.24,False
8,False,13,Dak in a Box,2577417,Dak Prescott,QB,BE,False,0.0,0.0,False
8,False,13,Dak in a Box,3117251,Christian McCaffrey,RB,BE,False,0.0,0.0,False
8,False,13,Dak in a Box,3919596,Chris Carson,RB,IR,False,0.0,0.0,False
8,False,13,Dak in a Box,16799,Allen Robinson II,WR,BE,False,3.6,7.8,False
8,False,13,Dak in a Box,15880,Robert Woods,WR,WR,True,19.2,10.67,False
8,False,13,Dak in a Box,4036131,Noah Fant,TE,BE,False,1.8,9.15,False
8,False,13,Dak in a Box,3025433,Mike Davis,RB,BE,False,9.1,7.69,False
8,False,13,Dak in a Box,3138826,Fred Warner,LB,DP,True,8.0,8.31,False
8,False,13,Dak in a Box,3045144,Tyler Boyd,WR,BE,False,17.24,8.34,False
8,False,13,Dak in a Box,3121023,Dallas Goedert,TE,TE,True,10.2,8.36,False
8,False,13,Dak in a Box,4241555,Elijah Mitchell,RB,RB,True,19.7,12.85,False
8,False,13,Dak in a Box,-16011,Colts D/ST,D/ST,D/ST,True,6.0,4.56,False
8,False,13,Dak in a Box,3046409,Alex Collins,RB,RB,True,4.4,10.01,False
8,False,13,Dak in a Box,4240600,Kadarius Toney,WR,RB/WR/TE,True,5.36,11.61,False
8,False,13,Dak in a Box,14993,Greg Zuerlein,K,K,True,7.0,6.68,False
8,False,13,Dak in a Box,14053,Randall Cobb,WR,WR,True,15.0,10.01,False
8,False,13,Dak in a Box,3917792,Daniel Jones,QB,QB,True,16.08,19.89,False
8,False,13,Dak in a Box,4360939,Rashod Bateman,WR,BE,False,0.0,0.0,True
8,False,4,Hurts So Good,4040715,Jalen Hurts,QB,QB,True,11.22,23.5,False
8,False,4,Hurts So Good,3068267,Austin Ekeler,RB,RB,True,21.4,15.67,False
8,False,4,Hurts So Good,2976212,Stefon Diggs,WR,RB/WR/TE,True,12.5,15.29,False
8,False,4,Hurts So Good,2976499,Amari Cooper,WR,BE,False,22.2,9.83,False
8,False,4,Hurts So Good,4036133,T.J. Hockenson,TE,TE,True,13.9,9.19,False
8,False,4,Hurts So Good,16460,Adam Thielen,WR,WR,True,16.8,13.13,False
8,False,4,Hurts So Good,-16002,Bills D/ST,D/ST,D/ST,True,13.0,7.62,False
8,False,4,Hurts So Good,2473037,Jason Myers,K,K,True,7.0,8.06,False
8,False,4,Hurts So Good,3115373,Jamal Adams,S,DP,True,10.0,6.07,False
8,False,4,Hurts So Good,4046692,Chase Claypool,WR,BE,False,8.1,10.86,False
8,False,4,Hurts So Good,3128429,Courtland Sutton,WR,WR,True,5.0,12.92,False
8,False,4,Hurts So Good,2980453,Jamaal Williams,RB,RB,True,0.0,0.0,False
8,False,4,Hurts So Good,4372016,Jaylen Waddle,WR,BE,False,4.9,9.96,False
8,False,4,Hurts So Good,2969939,Jameis Winston,QB,BE,False,10.24,16.61,False
8,False,4,Hurts So Good,3122672,Royce Freeman,RB,BE,False,2.5,5.09,False
8,False,4,Hurts So Good,-16020,Jets D/ST,D/ST,BE,False,4.0,4.95,False
8,False,4,Hurts So Good,4040655,Darnell Mooney,WR,BE,False,10.4,8.07,False
8,False,10,Maitland Tiburon,3917315,Kyler Murray,QB,QB,True,9.06,21.77,False
8,False,10,Maitland Tiburon,4242214,Clyde Edwards-Helaire,RB,BE,False,0.0,0.0,False
8,False,10,Maitland Tiburon,4047365,Josh Jacobs,RB,BE,False,0.0,0.0,True
8,False,10,Maitland Tiburon,16800,Davante Adams,WR,BE,False,0.0,0.0,False
8,False,10,Maitland Tiburon,4360248,Kyle Pitts,TE,TE,True,3.3,11.51,False
8,False,10,Maitland Tiburon,4241463,Jerry Jeudy,WR,IR,False,5.9,10.94,False
8,False,10,Maitland Tiburon,4239934,AJ Dillon,RB,BE,False,8.8,6.43,False
8,False,10,Maitland Tiburon,15072,Marvin Jones Jr.,WR,WR,True,6.0,10.28,False
8,False,10,Maitland Tiburon,3045138,Mike Williams,WR,WR,True,2.9,13.64,False
8,False,10,Maitland Tiburon,-16018,Saints D/ST,D/ST,BE,False,12.0,3.57,False
8,False,10,Maitland Tiburon,15807,Cordarrelle Patterson,RB,RB,True,15.7,14.36,False
8,False,10,Maitland Tiburon,3117256,Dalton Schultz,TE,BE,False,2.1,6.81,False
8,False,10,Maitland Tiburon,3135321,Hunter Renfrow,WR,BE,False,0.0,0.0,True
8,False,10,Maitland Tiburon,3122866,Devontae Booker,RB,RB,True,16.0,12.08,False
8,False,10,Maitland Tiburon,-16006,Cowboys D/ST,D/ST,D/ST,True,4.0,3.54,False
8,False,10,Maitland Tiburon,3050073,Foyesade Oluokun,LB,DP,True,16.0,10.69,False
8,False,10,Maitland Tiburon,15091,Randy Bullock,K,K,True,12.0,8.2,False
8,False,10,Maitland Tiburon,2508176,David Johnson,RB,RB/WR/TE,True,0.8,8.62,False
8,False,12,Rule  #76,8439,Aaron Rodgers,QB,QB,True,15.66,17.99,False
8,False,12,Rule  #76,3043078,Derrick Henry,RB,RB,True,6.8,21.88,False
8,False,12,Rule  #76,4045163,Miles Sanders,RB,BE,False,0.0,0.0,False
8,False,12,Rule  #76,15795,DeAndre Hopkins,WR,WR,True,7.6,12.62,False
8,False,12,Rule  #76,4262921,Justin Jefferson,WR,WR,True,3.1,14.51,False
8,False,12,Rule  #76,4040980,Irv Smith Jr.,TE,IR,False,0.0,0.0,False
8,False,12,Rule  #76,-16025,49ers D/ST,D/ST,D/ST,True,6.0,7.38,False
8,False,12,Rule  #76,3886818,Myles Gaskin,RB,BE,False,7.0,8.46,False
8,False,12,Rule  #76,3045147,James Conner,RB,RB/WR/TE,True,14.2,9.66,False
8,False,12,Rule  #76,4040761,Devin Singletary,RB,RB,True,3.4,8.17,False
8,False,12,Rule  #76,4035170,Marquez Callaway,WR,BE,False,4.5,8.48,False
8,False,12,Rule  #76,4372414,Elijah Moore,WR,BE,False,11.1,7.61,False
8,False,12,Rule  #76,3054212,Jonnu Smith,TE,BE,False,2.3,5.73,False
8,False,12,Rule  #76,11122,Matt Prater,K,K,True,3.0,8.58,False
8,False,12,Rule  #76,16767,Christian Kirksey,LB,DP,True,5.0,7.88,False
8,False,12,Rule  #76,15835,Zach Ertz,TE,TE,True,6.2,6.69,False
8,False,12,Rule  #76,-16009,Packers D/ST,D/ST,BE,False,8.0,3.99,False
8,False,12,Rule  #76,3051439,Boston Scott,RB,BE,False,18.0,5.18,False
8,False,6,This Year Will  Be A Brees ,3916387,Lamar Jackson,QB,BE,False,0.0,0.0,True
8,False,6,This Year Will  Be A Brees ,4242335,Jonathan Taylor,RB,RB,True,19.7,15.62,False
8,False,6,This Year Will  Be A Brees ,4035538,David Montgomery,RB,IR,False,0.0,0.0,False
8,False,6,This Year Will  Be A Brees ,3116406,Tyreek Hill,WR,WR,True,21.4,17.06,False
8,False,6,This Year Will  Be A Brees ,2577327,Tyler Lockett,WR,WR,True,20.2,10.41,False
8,False,6,This Year Will  Be A Brees ,16733,Odell Beckham Jr.,WR,BE,False,1.1,9.33,False
8,False,6,This Year Will  Be A Brees ,-16023,Steelers D/ST,D/ST,D/ST,True,9.0,5.16,False
8,False,6,This Year Will  Be A Brees ,15683,Justin Tucker,K,BE,False,0.0,0.0,True
8,False,6,This Year Will  Be A Brees ,3916148,Tony Pollard,RB,RB,True,4.2,7.52,False
8,False,6,This Year Will  Be A Brees ,3134353,Tim Patrick,WR,BE,False,7.9,7.07,False
8,False,6,This Year Will  Be A Brees ,13295,Emmanuel Sanders,WR,RB/WR/TE,True,0.0,11.81,False
8,False,6,This Year Will  Be A Brees ,2579621,Denzel Perryman,LB,BE,False,0.0,0.0,True
8,False,6,This Year Will  Be A Brees ,3116389,Samaje Perine,RB,BE,False,2.6,8.77,False
8,False,6,This Year Will  Be A Brees ,3051806,Ricky Seals-Jones,TE,TE,True,2.2,7.29,False
8,False,6,This Year Will  Be A Brees ,13981,Mark Ingram II,RB,BE,False,6.2,4.2,False
8,False,6,This Year Will  Be A Brees ,3040180,De'Vondre Campbell,LB,DP,True,9.0,9.88,False
8,False,6,This Year Will  Be A Brees ,12460,Graham Gano,K,K,True,5.0,8.54,False
8,False,6,This Year Will  Be A Brees ,2573079,Carson Wentz,QB,QB,True,18.34,17.6,False
8,False,11,Dez (Bryant) Nuts,12483,Matthew Stafford,QB,QB,True,24.2,21.81,False
8,False,11,Dez (Bryant) Nuts,3929630,Saquon Barkley,RB,BE,False,0.0,0.0,False
8,False,11,Dez (Bryant) Nuts,4241457,Najee Harris,RB,RB,True,19.5,18.68,False
8,False,11,Dez (Bryant) Nuts,4241389,CeeDee Lamb,WR,WR,True,14.2,10.45,False
8,False,11,Dez (Bryant) Nuts,3932905,Diontae Johnson,WR,WR,True,12.8,12.89,False
8,False,11,Dez (Bryant) Nuts,3116365,Mark Andrews,TE,BE,False,0.0,0.0,True
8,False,11,Dez (Bryant) Nuts,3925347,Damien Harris,RB,RB/WR/TE,True,14.0,12.42,False
8,False,11,Dez (Bryant) Nuts,-16007,Broncos D/ST,D/ST,D/ST,True,16.0,5.34,False
8,False,11,Dez (Bryant) Nuts,16339,Brandon McManus,K,K,True,5.0,8.41,False
8,False,11,Dez (Bryant) Nuts,3915189,Roquan Smith,LB,DP,True,6.0,9.69,False
8,False,11,Dez (Bryant) Nuts,2574808,Robby Anderson,WR,BE,False,0.0,10.11,False
8,False,11,Dez (Bryant) Nuts,3115364,Leonard Fournette,RB,RB,True,5.8,13.4,False
8,False,11,Dez (Bryant) Nuts,13983,A.J. Green,WR,BE,False,7.5,8.66,False
8,False,11,Dez (Bryant) Nuts,5536,Ben Roethlisberger,QB,BE,False,14.64,14.64,False
8,False,11,Dez (Bryant) Nuts,4036348,Michael Gallup,WR,IR,False,0.0,0.0,False
8,False,11,Dez (Bryant) Nuts,4241464,Mac Jones,QB,BE,False,11.68,15.59,False
8,False,11,Dez (Bryant) Nuts,3916566,K.J. Osborn,WR,BE,False,2.0,7.79,False
8,False,11,Dez (Bryant) Nuts,12537,Jared Cook,TE,TE,True,3.5,7.29,False
9,False,2,Zeke -A Virus,3918298,Josh Allen,QB,QB,True,10.56,26.3,False
9,False,2,Zeke -A Virus,3051392,Ezekiel Elliott,RB,RB,True,11.1,16.28,False
9,False,2,Zeke -A Virus,16737,Mike Evans,WR,BE,False,0.0,0.0,True
9,False,2,Zeke -A Virus,2977187,Cooper Kupp,WR,WR,True,15.0,19.5,False
9,False,2,Zeke -A Virus,-16014,Rams D/ST,D/ST,D/ST,True,8.0,5.69,False
9,False,2,Zeke -A Virus,3055899,Harrison Butker,K,K,True,9.0,7.26,False
9,False,2,Zeke -A Virus,3051750,Zach Cunningham,LB,BE,False,8.0,7.54,False
9,False,2,Zeke -A Virus,13934,Antonio Brown,WR,BE,False,0.0,0.0,True
9,False,2,Zeke -A Virus,2976592,Sterling Shepard,WR,BE,False,0.0,0.0,False
9,False,2,Zeke -A Virus,16725,Sammy Watkins,WR,BE,False,0.0,0.0,False
9,False,2,Zeke -A Virus,4241416,Chuba Hubbard,RB,RB,True,4.1,4.57,False
9,False,2,Zeke -A Virus,3915507,Jerome Baker,LB,DP,True,9.0,7.32,False
9,False,2,Zeke -A Virus,4035886,Khalil Herbert,RB,RB/WR/TE,True,1.3,9.92,False
9,False,2,Zeke -A Virus,3139602,D'Ernest Johnson,RB,BE,False,1.6,6.32,False
9,False,2,Zeke -A Virus,3116689,Cole Holcomb,LB,BE,False,0.0,0.0,True
9,False,2,Zeke -A Virus,4361411,Pat Freiermuth,TE,TE,True,18.8,7.08,False
9,False,2,Zeke -A Virus,2982828,Tajae Sharpe,WR,WR,True,1.7,7.98,False
9,False,9,Tonie's Tigers,14876,Ryan Tannehill,QB,QB,True,14.02,18.23,False
9,False,9,Tonie's Tigers,3042519,Aaron Jones,RB,RB,True,5.3,15.55,False
9,False,9,Tonie's Tigers,4039359,Darrell Henderson Jr.,RB,RB,True,7.3,16.12,False
9,False,9,Tonie's Tigers,3925357,Calvin Ridley,WR,IR,False,0.0,0.0,False
9,False,9,Tonie's Tigers,3915416,DJ Moore,WR,WR,True,6.1,12.77,False
9,False,9,Tonie's Tigers,2573401,Tyler Higbee,TE,TE,True,7.6,7.67,False
9,False,9,Tonie's Tigers,4361579,Javonte Williams,RB,BE,False,11.1,8.97,False
9,False,9,Tonie's Tigers,14979,Bobby Wagner,LB,BE,False,0.0,0.0,True
9,False,9,Tonie's Tigers,2330,Tom Brady,QB,BE,False,0.0,0.0,True
9,False,9,Tonie's Tigers,2979843,Kenyan Drake,RB,BE,False,13.0,5.66,False
9,False,9,Tonie's Tigers,16790,Jarvis Landry,WR,RB/WR/TE,True,2.6,11.01,False
9,False,9,Tonie's Tigers,2572861,J.D. McKissic,RB,BE,False,0.0,0.0,True
9,False,9,Tonie's Tigers,3046439,Hunter Henry,TE,BE,False,8.9,5.22,False
9,False,9,Tonie's Tigers,15349,Cole Beasley,WR,WR,True,7.3,10.42,False
9,False,9,Tonie's Tigers,10636,Mason Crosby,K,K,True,-1.0,7.83,False
9,False,9,Tonie's Tigers,-16029,Panthers D/ST,D/ST,D/ST,True,8.0,5.62,False
9,False,9,Tonie's Tigers,10452,Adrian Peterson,RB,BE,False,9.1,8.23,False
9,False,9,Tonie's Tigers,3047566,Myles Jack,LB,DP,True,7.0,8.74,False
9,False,3,Jim Ward's Ole Dick Necks,4038941,Justin Herbert,QB,QB,True,31.64,20.78,False
9,False,3,Jim Ward's Ole Dick Necks,3054850,Alvin Kamara,RB,RB,True,18.4,16.95,False
9,False,3,Jim Ward's Ole Dick Necks,4259545,D'Andre Swift,RB,BE,False,0.0,0.0,True
9,False,3,Jim Ward's Ole Dick Necks,4047646,A.J. Brown,WR,RB/WR/TE,True,7.7,15.16,False
9,False,3,Jim Ward's Ole Dick Necks,16731,Brandin Cooks,WR,WR,True,8.6,11.87,False
9,False,3,Jim Ward's Ole Dick Necks,2576925,Darren Waller,TE,TE,True,12.7,11.94,False
9,False,3,Jim Ward's Ole Dick Necks,3119195,Chase Edmonds,RB,RB,True,0.3,11.93,False
9,False,3,Jim Ward's Ole Dick Necks,3917232,Tyler Bass,K,K,True,7.0,8.14,False
9,False,3,Jim Ward's Ole Dick Necks,4243160,Laviska Shenault Jr.,WR,BE,False,4.0,6.96,False
9,False,3,Jim Ward's Ole Dick Necks,4035004,Mecole Hardman,WR,BE,False,3.5,7.84,False
9,False,3,Jim Ward's Ole Dick Necks,4241372,Marquise Brown,WR,WR,True,16.1,12.64,False
9,False,3,Jim Ward's Ole Dick Necks,3115375,Darrel Williams,RB,BE,False,9.2,11.0,False
9,False,3,Jim Ward's Ole Dick Necks,-16022,Cardinals D/ST,D/ST,D/ST,True,12.0,5.88,False
9,False,3,Jim Ward's Ole Dick Necks,2565969,Taylor Heinicke,QB,BE,False,0.0,0.0,True
9,False,3,Jim Ward's Ole Dick Necks,3049899,Younghoe Koo,K,BE,False,9.0,7.34,False
9,False,3,Jim Ward's Ole Dick Necks,2976545,Deion Jones,LB,DP,True,10.0,9.04,False
9,False,3,Jim Ward's Ole Dick Necks,4038818,Bryan Edwards,WR,BE,False,0.0,8.85,False
9,False,1,"Here Kittle, Kittle",14881,Russell Wilson,QB,IR,False,0.0,0.0,True
9,False,1,"Here Kittle, Kittle",3128720,Nick Chubb,RB,RB,True,29.3,15.21,False
9,False,1,"Here Kittle, Kittle",4360294,Antonio Gibson,RB,BE,False,0.0,0.0,True
9,False,1,"Here Kittle, Kittle",3116165,Chris Godwin,WR,BE,False,0.0,0.0,True
9,False,1,"Here Kittle, Kittle",15818,Keenan Allen,WR,RB/WR/TE,True,16.4,12.11,False
9,False,1,"Here Kittle, Kittle",4241478,DeVonta Smith,WR,BE,False,20.1,9.15,False
9,False,1,"Here Kittle, Kittle",3040151,George Kittle,TE,TE,True,17.1,7.1,False
9,False,1,"Here Kittle, Kittle",2576434,Melvin Gordon III,RB,RB,True,16.5,9.12,False
9,False,1,"Here Kittle, Kittle",3056362,Darius Leonard,LB,DP,True,9.0,9.1,False
9,False,1,"Here Kittle, Kittle",3126486,Deebo Samuel,WR,WR,True,8.8,14.58,False
9,False,1,"Here Kittle, Kittle",-16017,Patriots D/ST,D/ST,D/ST,True,19.0,6.11,False
9,False,1,"Here Kittle, Kittle",4239993,Tee Higgins,WR,WR,True,10.8,11.45,False
9,False,1,"Here Kittle, Kittle",3916433,Jakobi Meyers,WR,BE,False,1.3,9.49,False
9,False,1,"Here Kittle, Kittle",3930086,Dawson Knox,TE,BE,False,0.0,0.0,False
9,False,1,"Here Kittle, Kittle",3915511,Joe Burrow,QB,QB,True,7.38,19.25,False
9,False,1,"Here Kittle, Kittle",4249087,Matt Gay,K,K,True,12.0,8.42,False
9,False,1,"Here Kittle, Kittle",4212989,Dan Arnold,TE,BE,False,8.0,6.64,False
9,False,8,SCLSU Mud Dogs,3139477,Patrick Mahomes,QB,QB,True,10.44,21.98,False
9,False,8,SCLSU Mud Dogs,3116593,Dalvin Cook,RB,RB,True,13.7,16.33,False
9,False,8,SCLSU Mud Dogs,3116385,Joe Mixon,RB,RB/WR/TE,True,25.5,14.42,False
9,False,8,SCLSU Mud Dogs,3121422,Terry McLaurin,WR,BE,False,0.0,0.0,True
9,False,8,SCLSU Mud Dogs,13982,Julio Jones,WR,BE,False,5.5,9.68,False
9,False,8,SCLSU Mud Dogs,3116164,Mike Gesicki,TE,TE,True,7.4,8.75,False
9,False,8,SCLSU Mud Dogs,2974858,Kenny Golladay,WR,BE,False,3.8,8.95,False
9,False,8,SCLSU Mud Dogs,4362628,Ja'Marr Chase,WR,WR,True,5.9,14.6,False
9,False,8,SCLSU Mud Dogs,4035687,Michael Pittman Jr.,WR,WR,True,14.9,12.36,False
9,False,8,SCLSU Mud Dogs,13229,Rob Gronkowski,TE,BE,False,0.0,0.0,True
9,False,8,SCLSU Mud Dogs,4240657,Michael Carter,RB,RB,True,9.1,13.32,False
9,False,8,SCLSU Mud Dogs,4035676,Zack Moss,RB,BE,False,3.4,11.74,False
9,False,8,SCLSU Mud Dogs,4569173,Rhamondre Stevenson,RB,BE,False,11.6,5.0,False
9,False,8,SCLSU Mud Dogs,3915171,Tae Crowder,LB,DP,True,9.0,8.51,False
9,False,8,SCLSU Mud Dogs,15920,Latavius Murray,RB,BE,False,0.0,0.0,False
9,False,8,SCLSU Mud Dogs,3051909,Daniel Carlson,K,K,True,9.0,7.88,False
9,False,8,SCLSU Mud Dogs,-16012,Chiefs D/ST,D/ST,D/ST,True,10.0,5.4,False
9,False,13,Dak in a Box,2577417,Dak Prescott,QB,QB,True,18.88,20.98,False
9,False,13,Dak in a Box,3117251,Christian McCaffrey,RB,RB,True,12.6,17.0,False
9,False,13,Dak in a Box,3919596,Chris Carson,RB,IR,False,0.0,0.0,True
9,False,13,Dak in a Box,16799,Allen Robinson II,WR,BE,False,8.8,7.53,False
9,False,13,Dak in a Box,15880,Robert Woods,WR,WR,True,13.9,11.69,False
9,False,13,Dak in a Box,4036131,Noah Fant,TE,BE,False,0.0,0.0,False
9,False,13,Dak in a Box,3025433,Mike Davis,RB,BE,False,2.3,9.01,False
9,False,13,Dak in a Box,3138826,Fred Warner,LB,DP,True,13.0,8.81,False
9,False,13,Dak in a Box,3045144,Tyler Boyd,WR,BE,False,1.6,9.16,False
9,False,13,Dak in a Box,3121023,Dallas Goedert,TE,TE,True,5.8,7.99,False
9,False,13,Dak in a Box,4241555,Elijah Mitchell,RB,RB,True,10.4,11.41,False
9,False,13,Dak in a Box,-16011,Colts D/ST,D/ST,D/ST,True,0.0,5.89,False
9,False,13,Dak in a Box,3046409,Alex Collins,RB,BE,False,0.0,0.0,True
9,False,13,Dak in a Box,4240600,Kadarius Toney,WR,WR,True,1.2,9.11,False
9,False,13,Dak in a Box,14993,Greg Zuerlein,K,K,True,0.0,9.04,False
9,False,13,Dak in a Box,4360939,Rashod Bateman,WR,BE,False,7.7,8.19,False
9,False,13,Dak in a Box,3127586,Jeremy McNichols,RB,RB/WR/TE,True,5.0,8.79,False
9,False,13,Dak in a Box,4040655,Darnell Mooney,WR,BE,False,19.1,8.09,False
9,False,4,Hurts So Good,4040715,Jalen Hurts,QB,QB,True,16.68,21.6,False
9,False,4,Hurts So Good,3068267,Austin Ekeler,RB,RB,True,9.7,16.16,False
9,False,4,Hurts So Good,2976212,Stefon Diggs,WR,RB/WR/TE,True,11.5,14.13,False
9,False,4,Hurts So Good,2976499,Amari Cooper,WR,WR,True,4.7,13.15,False
9,False,4,Hurts So Good,4036133,T.J. Hockenson,TE,BE,False,0.0,0.0,True
9,False,4,Hurts So Good,16460,Adam Thielen,WR,WR,True,7.6,13.67,False
9,False,4,Hurts So Good,-16002,Bills D/ST,D/ST,D/ST,True,9.0,7.33,False
9,False,4,Hurts So Good,2473037,Jason Myers,K,BE,False,0.0,0.0,True
9,False,4,Hurts So Good,3115373,Jamal Adams,S,BE,False,0.0,0.0,True
9,False,4,Hurts So Good,4046692,Chase Claypool,WR,BE,False,5.8,9.96,False
9,False,4,Hurts So Good,3128429,Courtland Sutton,WR,BE,False,3.4,11.18,False
9,False,4,Hurts So Good,2980453,Jamaal Williams,RB,BE,False,0.0,0.0,True
9,False,4,Hurts So Good,4372016,Jaylen Waddle,WR,BE,False,13.3,10.84,False
9,False,4,Hurts So Good,4243315,Salvon Ahmed,RB,RB,True,0.6,7.45,False
9,False,4,Hurts So Good,3915486,Tyler Conklin,TE,TE,True,7.0,7.13,False
9,False,4,Hurts So Good,16720,C.J. Mosley,LB,DP,True,10.0,8.68,False
9,False,4,Hurts So Good,3975763,Greg Joseph,K,K,True,7.0,9.28,False
9,False,10,Maitland Tiburon,3917315,Kyler Murray,QB,BE,False,0.0,0.0,False
9,False,10,Maitland Tiburon,4242214,Clyde Edwards-Helaire,RB,IR,False,0.0,0.0,False
9,False,10,Maitland Tiburon,4047365,Josh Jacobs,RB,RB,True,11.5,14.59,False
9,False,10,Maitland Tiburon,16800,Davante Adams,WR,WR,True,8.2,15.38,False
9,False,10,Maitland Tiburon,4360248,Kyle Pitts,TE,TE,True,7.7,11.55,False
9,False,10,Maitland Tiburon,4241463,Jerry Jeudy,WR,WR,True,9.9,10.2,False
9,False,10,Maitland Tiburon,4239934,AJ Dillon,RB,BE,False,11.0,7.1,False
9,False,10,Maitland Tiburon,15072,Marvin Jones Jr.,WR,BE,False,3.6,8.77,False
9,False,10,Maitland Tiburon,3045138,Mike Williams,WR,BE,False,6.8,12.89,False
9,False,10,Maitland Tiburon,-16018,Saints D/ST,D/ST,BE,False,1.0,6.2,False
9,False,10,Maitland Tiburon,15807,Cordarrelle Patterson,RB,RB,True,16.6,13.12,False
9,False,10,Maitland Tiburon,3117256,Dalton Schultz,TE,BE,False,8.4,8.66,False
9,False,10,Maitland Tiburon,3135321,Hunter Renfrow,WR,BE,False,14.4,10.16,False
9,False,10,Maitland Tiburon,3122866,Devontae Booker,RB,RB/WR/TE,True,13.7,13.36,False
9,False,10,Maitland Tiburon,-16006,Cowboys D/ST,D/ST,D/ST,True,0.0,6.4,False
9,False,10,Maitland Tiburon,3050073,Foyesade Oluokun,LB,DP,True,9.0,9.93,False
9,False,10,Maitland Tiburon,15091,Randy Bullock,K,K,True,4.0,7.68,False
9,False,10,Maitland Tiburon,16757,Derek Carr,QB,QB,True,10.34,17.73,False
9,False,12,Rule  #76,8439,Aaron Rodgers,QB,BE,False,0.0,0.0,False
9,False,12,Rule  #76,3043078,Derrick Henry,RB,IR,False,0.0,0.0,False
9,False,12,Rule  #76,4045163,Miles Sanders,RB,BE,False,0.0,0.0,False
9,False,12,Rule  #76,15795,DeAndre Hopkins,WR,BE,False,0.0,0.0,False
9,False,12,Rule  #76,4262921,Justin Jefferson,WR,WR,True,15.5,14.52,False
9,False,12,Rule  #76,-16025,49ers D/ST,D/ST,D/ST,True,-2.0,6.19,False
9,False,12,Rule  #76,3886818,Myles Gaskin,RB,RB,True,12.7,12.4,False
9,False,12,Rule  #76,3045147,James Conner,RB,RB/WR/TE,True,37.8,9.11,False
9,False,12,Rule  #76,4040761,Devin Singletary,RB,BE,False,10.4,7.92,False
9,False,12,Rule  #76,4035170,Marquez Callaway,WR,WR,True,10.0,8.09,False
9,False,12,Rule  #76,4372414,Elijah Moore,WR,BE,False,23.9,8.43,False
9,False,12,Rule  #76,3054212,Jonnu Smith,TE,BE,False,1.3,5.11,False
9,False,12,Rule  #76,11122,Matt Prater,K,K,True,7.0,7.58,False
9,False,12,Rule  #76,15835,Zach Ertz,TE,TE,True,4.2,6.73,False
9,False,12,Rule  #76,-16009,Packers D/ST,D/ST,BE,False,6.0,3.92,False
9,False,12,Rule  #76,3051439,Boston Scott,RB,RB,True,4.0,9.6,False
9,False,12,Rule  #76,11237,Matt Ryan,QB,QB,True,28.52,15.65,False
9,False,12,Rule  #76,3918330,Logan Wilson,LB,DP,True,8.0,8.31,False
9,False,6,This Year Will  Be A Brees ,3916387,Lamar Jackson,QB,BE,False,30.64,23.96,False
9,False,6,This Year Will  Be A Brees ,4242335,Jonathan Taylor,RB,RB,True,33.0,17.84,False
9,False,6,This Year Will  Be A Brees ,4035538,David Montgomery,RB,IR,False,9.0,7.78,False
9,False,6,This Year Will  Be A Brees ,3116406,Tyreek Hill,WR,WR,True,5.3,16.92,False
9,False,6,This Year Will  Be A Brees ,2577327,Tyler Lockett,WR,BE,False,0.0,0.0,True
9,False,6,This Year Will  Be A Brees ,-16023,Steelers D/ST,D/ST,D/ST,True,4.0,7.58,False
9,False,6,This Year Will  Be A Brees ,15683,Justin Tucker,K,BE,False,10.0,8.52,False
9,False,6,This Year Will  Be A Brees ,3916148,Tony Pollard,RB,RB,True,4.8,8.14,False
9,False,6,This Year Will  Be A Brees ,3134353,Tim Patrick,WR,WR,True,16.5,7.33,False
9,False,6,This Year Will  Be A Brees ,13295,Emmanuel Sanders,WR,RB/WR/TE,True,8.5,10.49,False
9,False,6,This Year Will  Be A Brees ,2579621,Denzel Perryman,LB,BE,False,10.0,8.83,False
9,False,6,This Year Will  Be A Brees ,3051806,Ricky Seals-Jones,TE,BE,False,0.0,0.0,True
9,False,6,This Year Will  Be A Brees ,13981,Mark Ingram II,RB,BE,False,8.9,4.64,False
9,False,6,This Year Will  Be A Brees ,3040180,De'Vondre Campbell,LB,DP,True,7.0,10.31,False
9,False,6,This Year Will  Be A Brees ,12460,Graham Gano,K,K,True,11.0,8.63,False
9,False,6,This Year Will  Be A Brees ,2573079,Carson Wentz,QB,QB,True,24.18,18.44,False
9,False,6,This Year Will  Be A Brees ,3051876,Evan Engram,TE,TE,True,11.3,5.74,False
9,False,11,Dez (Bryant) Nuts,12483,Matthew Stafford,QB,QB,True,13.06,21.29,False
9,False,11,Dez (Bryant) Nuts,3929630,Saquon Barkley,RB,BE,False,0.0,0.0,False
9,False,11,Dez (Bryant) Nuts,4241457,Najee Harris,RB,RB,True,15.3,19.79,False
9,False,11,Dez (Bryant) Nuts,4241389,CeeDee Lamb,WR,WR,True,3.3,13.33,False
9,False,11,Dez (Bryant) Nuts,3932905,Diontae Johnson,WR,WR,True,9.2,13.21,False
9,False,11,Dez (Bryant) Nuts,3116365,Mark Andrews,TE,TE,True,6.9,10.92,False
9,False,11,Dez (Bryant) Nuts,3925347,Damien Harris,RB,RB,True,9.8,11.82,False
9,False,11,Dez (Bryant) Nuts,-16007,Broncos D/ST,D/ST,D/ST,True,9.0,2.57,False
9,False,11,Dez (Bryant) Nuts,16339,Brandon McManus,K,K,True,12.0,7.41,False
9,False,11,Dez (Bryant) Nuts,3915189,Roquan Smith,LB,DP,True,14.0,9.69,False
9,False,11,Dez (Bryant) Nuts,2574808,Robby Anderson,WR,BE,False,0.7,7.51,False
9,False,11,Dez (Bryant) Nuts,3115364,Leonard Fournette,RB,BE,False,0.0,0.0,True
9,False,11,Dez (Bryant) Nuts,13983,A.J. Green,WR,BE,False,0.0,0.0,False
9,False,11,Dez (Bryant) Nuts,5536,Ben Roethlisberger,QB,BE,False,16.2,14.28,False
9,False,11,Dez (Bryant) Nuts,4036348,Michael Gallup,WR,IR,False,0.0,0.0,False
9,False,11,Dez (Bryant) Nuts,4241464,Mac Jones,QB,BE,False,6.96,13.68,False
9,False,11,Dez (Bryant) Nuts,3916566,K.J. Osborn,WR,BE,False,2.5,7.55,False
9,False,11,Dez (Bryant) Nuts,12537,Jared Cook,TE,RB/WR/TE,True,8.8,7.78,False
9,False,5,Kissin Cousins ,3059915,Kareem Hunt,RB,BE,False,0.0,0.0,False
9,False,5,Kissin Cousins ,4052042,James Robinson,RB,BE,False,0.0,0.0,False
9,False,5,Kissin Cousins ,4047650,DK Metcalf,WR,BE,False,0.0,0.0,True
9,False,5,Kissin Cousins ,15847,Travis Kelce,TE,TE,True,15.3,13.08,False
9,False,5,Kissin Cousins ,3042778,Corey Davis,WR,BE,False,0.0,0.0,False
9,False,5,Kissin Cousins ,-16027,Buccaneers D/ST,D/ST,BE,False,0.0,0.0,True
9,False,5,Kissin Cousins ,4048244,Alexander Mattison,RB,BE,False,0.8,3.01,False
9,False,5,Kissin Cousins ,4371733,Kenneth Gainwell,RB,RB,True,6.3,6.47,False
9,False,5,Kissin Cousins ,3895856,Christian Kirk,WR,WR,True,13.42,10.07,False
9,False,5,Kissin Cousins ,14880,Kirk Cousins,QB,QB,True,21.58,18.67,False
9,False,5,Kissin Cousins ,10621,Nick Folk,K,K,True,5.0,8.63,False
9,False,5,Kissin Cousins ,2510863,Eric Kendricks,LB,DP,True,18.0,9.45,False
9,False,5,Kissin Cousins ,3915411,Ty Johnson,RB,RB/WR/TE,True,11.1,7.35,False
9,False,5,Kissin Cousins ,3930066,Van Jefferson,WR,WR,True,5.6,9.64,False
9,False,5,Kissin Cousins ,-16015,Dolphins D/ST,D/ST,D/ST,True,18.0,5.31,False
9,False,5,Kissin Cousins ,3051381,Mike White,QB,BE,False,7.8,15.39,False
9,False,5,Kissin Cousins ,2508176,David Johnson,RB,RB,True,5.5,6.89,False
10,False,1,"Here Kittle, Kittle",14881,Russell Wilson,QB,QB,True,5.64,17.88,False
10,False,1,"Here Kittle, Kittle",3128720,Nick Chubb,RB,BE,False,0.0,0.0,False
10,False,1,"Here Kittle, Kittle",4360294,Antonio Gibson,RB,RB,True,20.8,9.3,False
10,False,1,"Here Kittle, Kittle",3116165,Chris Godwin,WR,WR,True,9.2,14.47,False
10,False,1,"Here Kittle, Kittle",15818,Keenan Allen,WR,RB/WR/TE,True,14.8,13.07,False
10,False,1,"Here Kittle, Kittle",4241478,DeVonta Smith,WR,BE,False,21.6,9.51,False
10,False,1,"Here Kittle, Kittle",3040151,George Kittle,TE,TE,True,13.5,11.27,False
10,False,1,"Here Kittle, Kittle",2576434,Melvin Gordon III,RB,RB,True,8.8,11.43,False
10,False,1,"Here Kittle, Kittle",3056362,Darius Leonard,LB,DP,True,6.0,8.75,False
10,False,1,"Here Kittle, Kittle",3126486,Deebo Samuel,WR,WR,True,27.8,13.93,False
10,False,1,"Here Kittle, Kittle",-16017,Patriots D/ST,D/ST,D/ST,True,12.0,5.45,False
10,False,1,"Here Kittle, Kittle",4239993,Tee Higgins,WR,BE,False,0.0,0.0,True
10,False,1,"Here Kittle, Kittle",3930086,Dawson Knox,TE,BE,False,2.2,9.43,False
10,False,1,"Here Kittle, Kittle",3915511,Joe Burrow,QB,BE,False,0.0,0.0,True
10,False,1,"Here Kittle, Kittle",4249087,Matt Gay,K,K,True,4.0,8.14,False
10,False,1,"Here Kittle, Kittle",4212989,Dan Arnold,TE,BE,False,11.2,8.53,False
10,False,1,"Here Kittle, Kittle",15478,Brandon Bolden,RB,BE,False,8.5,6.44,False
10,False,2,Zeke -A Virus,3918298,Josh Allen,QB,QB,True,20.94,27.37,False
10,False,2,Zeke -A Virus,3051392,Ezekiel Elliott,RB,RB,True,19.26,15.77,False
10,False,2,Zeke -A Virus,16737,Mike Evans,WR,RB/WR/TE,True,13.2,15.11,False
10,False,2,Zeke -A Virus,2977187,Cooper Kupp,WR,WR,True,17.7,20.03,False
10,False,2,Zeke -A Virus,-16014,Rams D/ST,D/ST,D/ST,True,1.0,5.46,False
10,False,2,Zeke -A Virus,3055899,Harrison Butker,K,K,True,11.0,7.27,False
10,False,2,Zeke -A Virus,3051750,Zach Cunningham,LB,BE,False,0.0,0.0,True
10,False,2,Zeke -A Virus,13934,Antonio Brown,WR,BE,False,0.0,0.0,False
10,False,2,Zeke -A Virus,2976592,Sterling Shepard,WR,BE,False,0.0,0.0,True
10,False,2,Zeke -A Virus,4241416,Chuba Hubbard,RB,BE,False,8.7,2.52,False
10,False,2,Zeke -A Virus,3915507,Jerome Baker,LB,BE,False,4.0,8.5,False
10,False,2,Zeke -A Virus,4035886,Khalil Herbert,RB,BE,False,0.0,0.0,True
10,False,2,Zeke -A Virus,3139602,D'Ernest Johnson,RB,RB,True,19.2,16.1,False
10,False,2,Zeke -A Virus,3116689,Cole Holcomb,LB,DP,True,5.0,9.64,False
10,False,2,Zeke -A Virus,4361411,Pat Freiermuth,TE,TE,True,3.6,7.76,False
10,False,2,Zeke -A Virus,2982828,Tajae Sharpe,WR,BE,False,0.5,7.23,False
10,False,2,Zeke -A Virus,4360438,Brandon Aiyuk,WR,WR,True,4.1,9.27,False
10,False,13,Dak in a Box,2577417,Dak Prescott,QB,QB,True,26.34,21.52,False
10,False,13,Dak in a Box,3117251,Christian McCaffrey,RB,RB,True,22.1,18.24,False
10,False,13,Dak in a Box,3919596,Chris Carson,RB,IR,False,0.0,0.0,False
10,False,13,Dak in a Box,16799,Allen Robinson II,WR,BE,False,0.0,0.0,True
10,False,13,Dak in a Box,4036131,Noah Fant,TE,BE,False,8.4,8.71,False
10,False,13,Dak in a Box,3025433,Mike Davis,RB,BE,False,1.8,9.1,False
10,False,13,Dak in a Box,3138826,Fred Warner,LB,DP,True,8.0,9.05,False
10,False,13,Dak in a Box,3121023,Dallas Goedert,TE,TE,True,3.8,8.62,False
10,False,13,Dak in a Box,4241555,Elijah Mitchell,RB,RB/WR/TE,True,9.1,12.84,False
10,False,13,Dak in a Box,-16011,Colts D/ST,D/ST,D/ST,True,14.0,5.59,False
10,False,13,Dak in a Box,3046409,Alex Collins,RB,RB,True,5.4,8.35,False
10,False,13,Dak in a Box,4240600,Kadarius Toney,WR,BE,False,0.0,0.0,True
10,False,13,Dak in a Box,4360939,Rashod Bateman,WR,WR,True,11.0,8.39,False
10,False,13,Dak in a Box,4040655,Darnell Mooney,WR,BE,False,0.0,0.0,True
10,False,13,Dak in a Box,16733,Odell Beckham Jr.,WR,BE,False,3.8,8.76,False
10,False,13,Dak in a Box,3930066,Van Jefferson,WR,WR,True,6.9,10.32,False
10,False,13,Dak in a Box,15091,Randy Bullock,K,K,True,11.0,8.14,False
10,False,13,Dak in a Box,-16005,Browns D/ST,D/ST,BE,False,-6.0,5.36,False
10,False,3,Jim Ward's Ole Dick Necks,4038941,Justin Herbert,QB,QB,True,12.0,20.5,False
10,False,3,Jim Ward's Ole Dick Necks,3054850,Alvin Kamara,RB,BE,False,0.0,0.0,False
10,False,3,Jim Ward's Ole Dick Necks,4259545,D'Andre Swift,RB,RB,True,15.0,16.68,False
10,False,3,Jim Ward's Ole Dick Necks,4047646,A.J. Brown,WR,WR,True,2.8,14.09,False
10,False,3,Jim Ward's Ole Dick Necks,16731,Brandin Cooks,WR,BE,False,0.0,0.0,True
10,False,3,Jim Ward's Ole Dick Necks,2576925,Darren Waller,TE,TE,True,4.4,12.58,False
10,False,3,Jim Ward's Ole Dick Necks,3119195,Chase Edmonds,RB,BE,False,0.0,0.0,False
10,False,3,Jim Ward's Ole Dick Necks,3917232,Tyler Bass,K,K,True,9.0,8.23,False
10,False,3,Jim Ward's Ole Dick Necks,4243160,Laviska Shenault Jr.,WR,BE,False,3.6,7.81,False
10,False,3,Jim Ward's Ole Dick Necks,4035004,Mecole Hardman,WR,RB/WR/TE,True,4.0,8.14,False
10,False,3,Jim Ward's Ole Dick Necks,4241372,Marquise Brown,WR,WR,True,6.7,13.16,False
10,False,3,Jim Ward's Ole Dick Necks,3115375,Darrel Williams,RB,RB,True,24.9,12.27,False
10,False,3,Jim Ward's Ole Dick Necks,-16022,Cardinals D/ST,D/ST,D/ST,True,3.0,7.18,False
10,False,3,Jim Ward's Ole Dick Necks,2565969,Taylor Heinicke,QB,BE,False,15.74,16.57,False
10,False,3,Jim Ward's Ole Dick Necks,3049899,Younghoe Koo,K,BE,False,3.0,7.65,False
10,False,3,Jim Ward's Ole Dick Necks,2976545,Deion Jones,LB,DP,True,5.0,10.0,False
10,False,3,Jim Ward's Ole Dick Necks,4038818,Bryan Edwards,WR,BE,False,16.3,6.93,False
10,False,10,Maitland Tiburon,3917315,Kyler Murray,QB,BE,False,0.0,0.0,False
10,False,10,Maitland Tiburon,4242214,Clyde Edwards-Helaire,RB,IR,False,0.0,0.0,False
10,False,10,Maitland Tiburon,4047365,Josh Jacobs,RB,RB,True,6.1,15.01,False
10,False,10,Maitland Tiburon,16800,Davante Adams,WR,WR,True,11.3,17.38,False
10,False,10,Maitland Tiburon,4360248,Kyle Pitts,TE,TE,True,9.0,12.1,False
10,False,10,Maitland Tiburon,4241463,Jerry Jeudy,WR,BE,False,8.1,10.69,False
10,False,10,Maitland Tiburon,4239934,AJ Dillon,RB,BE,False,25.8,7.56,False
10,False,10,Maitland Tiburon,15072,Marvin Jones Jr.,WR,BE,False,4.5,9.47,False
10,False,10,Maitland Tiburon,3045138,Mike Williams,WR,RB/WR/TE,True,5.3,12.46,False
10,False,10,Maitland Tiburon,-16018,Saints D/ST,D/ST,D/ST,True,4.0,5.9,False
10,False,10,Maitland Tiburon,15807,Cordarrelle Patterson,RB,RB,True,4.4,15.4,False
10,False,10,Maitland Tiburon,3117256,Dalton Schultz,TE,BE,False,1.9,8.28,False
10,False,10,Maitland Tiburon,3135321,Hunter Renfrow,WR,WR,True,14.1,10.68,False
10,False,10,Maitland Tiburon,3122866,Devontae Booker,RB,BE,False,0.0,0.0,True
10,False,10,Maitland Tiburon,-16006,Cowboys D/ST,D/ST,BE,False,22.0,4.68,False
10,False,10,Maitland Tiburon,3050073,Foyesade Oluokun,LB,DP,True,14.0,10.72,False
10,False,10,Maitland Tiburon,16757,Derek Carr,QB,QB,True,18.24,18.7,False
10,False,10,Maitland Tiburon,17372,Chris Boswell,K,K,True,12.0,8.1,False
10,False,8,SCLSU Mud Dogs,3139477,Patrick Mahomes,QB,QB,True,36.24,20.66,False
10,False,8,SCLSU Mud Dogs,3116593,Dalvin Cook,RB,RB/WR/TE,True,19.3,17.44,False
10,False,8,SCLSU Mud Dogs,3116385,Joe Mixon,RB,BE,False,0.0,0.0,True
10,False,8,SCLSU Mud Dogs,3121422,Terry McLaurin,WR,WR,True,9.9,13.24,False
10,False,8,SCLSU Mud Dogs,13982,Julio Jones,WR,BE,False,0.0,0.0,False
10,False,8,SCLSU Mud Dogs,3116164,Mike Gesicki,TE,TE,True,0.0,9.47,False
10,False,8,SCLSU Mud Dogs,2974858,Kenny Golladay,WR,BE,False,0.0,0.0,True
10,False,8,SCLSU Mud Dogs,4362628,Ja'Marr Chase,WR,BE,False,0.0,0.0,True
10,False,8,SCLSU Mud Dogs,4035687,Michael Pittman Jr.,WR,WR,True,9.6,11.95,False
10,False,8,SCLSU Mud Dogs,13229,Rob Gronkowski,TE,BE,False,0.0,0.0,False
10,False,8,SCLSU Mud Dogs,4240657,Michael Carter,RB,RB,True,16.2,12.31,False
10,False,8,SCLSU Mud Dogs,4035676,Zack Moss,RB,BE,False,9.7,12.16,False
10,False,8,SCLSU Mud Dogs,4569173,Rhamondre Stevenson,RB,BE,False,25.4,10.81,False
10,False,8,SCLSU Mud Dogs,3051909,Daniel Carlson,K,K,True,2.0,8.58,False
10,False,8,SCLSU Mud Dogs,16944,Devonta Freeman,RB,RB,True,7.3,9.44,False
10,False,8,SCLSU Mud Dogs,-16033,Ravens D/ST,D/ST,D/ST,True,4.0,6.75,False
10,False,8,SCLSU Mud Dogs,4035434,Devin White,LB,DP,True,22.0,8.44,False
10,False,6,This Year Will  Be A Brees ,3916387,Lamar Jackson,QB,QB,True,15.42,25.75,False
10,False,6,This Year Will  Be A Brees ,4242335,Jonathan Taylor,RB,RB,True,21.6,17.59,False
10,False,6,This Year Will  Be A Brees ,4035538,David Montgomery,RB,BE,False,0.0,0.0,True
10,False,6,This Year Will  Be A Brees ,3116406,Tyreek Hill,WR,WR,True,24.0,16.12,False
10,False,6,This Year Will  Be A Brees ,2577327,Tyler Lockett,WR,WR,True,3.3,12.16,False
10,False,6,This Year Will  Be A Brees ,-16023,Steelers D/ST,D/ST,D/ST,True,5.0,6.52,False
10,False,6,This Year Will  Be A Brees ,15683,Justin Tucker,K,K,True,4.0,8.2,False
10,False,6,This Year Will  Be A Brees ,3916148,Tony Pollard,RB,RB,True,12.8,7.14,False
10,False,6,This Year Will  Be A Brees ,3134353,Tim Patrick,WR,BE,False,2.9,6.73,False
10,False,6,This Year Will  Be A Brees ,13295,Emmanuel Sanders,WR,RB/WR/TE,True,6.1,10.16,False
10,False,6,This Year Will  Be A Brees ,2579621,Denzel Perryman,LB,DP,True,11.0,9.92,False
10,False,6,This Year Will  Be A Brees ,13981,Mark Ingram II,RB,BE,False,18.8,12.17,False
10,False,6,This Year Will  Be A Brees ,12460,Graham Gano,K,BE,False,0.0,0.0,True
10,False,6,This Year Will  Be A Brees ,2573079,Carson Wentz,QB,BE,False,7.1,18.33,False
10,False,6,This Year Will  Be A Brees ,3051876,Evan Engram,TE,BE,False,0.0,0.0,True
10,False,6,This Year Will  Be A Brees ,3916430,Nyheim Hines,RB,BE,False,3.9,7.91,False
10,False,6,This Year Will  Be A Brees ,3051806,Ricky Seals-Jones,TE,TE,True,4.5,6.89,False
10,False,4,Hurts So Good,4040715,Jalen Hurts,QB,QB,True,18.62,19.52,False
10,False,4,Hurts So Good,3068267,Austin Ekeler,RB,RB,True,13.4,16.6,False
10,False,4,Hurts So Good,2976212,Stefon Diggs,WR,RB/WR/TE,True,26.2,13.97,False
10,False,4,Hurts So Good,2976499,Amari Cooper,WR,WR,True,7.1,12.04,False
10,False,4,Hurts So Good,4036133,T.J. Hockenson,TE,TE,True,0.0,9.83,False
10,False,4,Hurts So Good,16460,Adam Thielen,WR,BE,False,9.0,11.93,False
10,False,4,Hurts So Good,-16002,Bills D/ST,D/ST,D/ST,True,11.0,7.67,False
10,False,4,Hurts So Good,3115373,Jamal Adams,S,BE,False,13.0,6.2,False
10,False,4,Hurts So Good,4046692,Chase Claypool,WR,BE,False,0.0,0.0,False
10,False,4,Hurts So Good,3128429,Courtland Sutton,WR,BE,False,3.9,10.25,False
10,False,4,Hurts So Good,2980453,Jamaal Williams,RB,BE,False,0.0,0.0,False
10,False,4,Hurts So Good,4372016,Jaylen Waddle,WR,WR,True,8.1,11.56,False
10,False,4,Hurts So Good,3915486,Tyler Conklin,TE,BE,False,14.6,7.44,False
10,False,4,Hurts So Good,16720,C.J. Mosley,LB,DP,True,7.0,9.38,False
10,False,4,Hurts So Good,3975763,Greg Joseph,K,K,True,10.0,8.38,False
10,False,4,Hurts So Good,15825,Le'Veon Bell,RB,BE,False,0.1,6.43,False
10,False,4,Hurts So Good,3127586,Jeremy McNichols,RB,RB,True,1.3,8.06,False
10,False,5,Kissin Cousins ,3059915,Kareem Hunt,RB,BE,False,0.0,0.0,False
10,False,5,Kissin Cousins ,4052042,James Robinson,RB,RB,True,16.4,13.8,False
10,False,5,Kissin Cousins ,4047650,DK Metcalf,WR,WR,True,4.1,13.56,False
10,False,5,Kissin Cousins ,15847,Travis Kelce,TE,TE,True,15.9,13.12,False
10,False,5,Kissin Cousins ,3042778,Corey Davis,WR,BE,False,9.8,9.11,False
10,False,5,Kissin Cousins ,-16027,Buccaneers D/ST,D/ST,D/ST,True,6.0,6.88,False
10,False,5,Kissin Cousins ,4048244,Alexander Mattison,RB,BE,False,4.5,3.21,False
10,False,5,Kissin Cousins ,3895856,Christian Kirk,WR,WR,True,9.3,8.63,False
10,False,5,Kissin Cousins ,14880,Kirk Cousins,QB,QB,True,17.46,17.6,False
10,False,5,Kissin Cousins ,10621,Nick Folk,K,K,True,9.0,9.08,False
10,False,5,Kissin Cousins ,2510863,Eric Kendricks,LB,DP,True,12.0,9.46,False
10,False,5,Kissin Cousins ,3915411,Ty Johnson,RB,BE,False,6.3,5.17,False
10,False,5,Kissin Cousins ,3051381,Mike White,QB,BE,False,2.04,12.95,False
10,False,5,Kissin Cousins ,3060022,Jordan Howard,RB,RB,True,8.3,7.99,False
10,False,5,Kissin Cousins ,4258195,Donovan Peoples-Jones,WR,RB/WR/TE,True,2.1,7.43,False
10,False,5,Kissin Cousins ,15826,Giovani Bernard,RB,BE,False,1.3,3.47,False
10,False,5,Kissin Cousins ,2574808,Robby Anderson,WR,BE,False,11.7,6.18,False
10,False,12,Rule  #76,8439,Aaron Rodgers,QB,QB,True,10.48,19.44,False
10,False,12,Rule  #76,3043078,Derrick Henry,RB,IR,False,0.0,0.0,False
10,False,12,Rule  #76,4045163,Miles Sanders,RB,BE,False,0.0,0.0,False
10,False,12,Rule  #76,15795,DeAndre Hopkins,WR,BE,False,0.0,0.0,False
10,False,12,Rule  #76,4262921,Justin Jefferson,WR,WR,True,18.4,13.54,False
10,False,12,Rule  #76,-16025,49ers D/ST,D/ST,BE,False,17.0,3.29,False
10,False,12,Rule  #76,3886818,Myles Gaskin,RB,RB,True,5.0,12.11,False
10,False,12,Rule  #76,3045147,James Conner,RB,RB/WR/TE,True,13.9,15.71,False
10,False,12,Rule  #76,4040761,Devin Singletary,RB,BE,False,11.4,8.27,False
10,False,12,Rule  #76,4035170,Marquez Callaway,WR,BE,False,10.7,8.15,False
10,False,12,Rule  #76,4372414,Elijah Moore,WR,WR,True,12.9,8.3,False
10,False,12,Rule  #76,3054212,Jonnu Smith,TE,BE,False,0.0,0.0,False
10,False,12,Rule  #76,11122,Matt Prater,K,K,True,5.0,7.77,False
10,False,12,Rule  #76,15835,Zach Ertz,TE,TE,True,6.6,5.79,False
10,False,12,Rule  #76,-16009,Packers D/ST,D/ST,D/ST,True,14.0,5.31,False
10,False,12,Rule  #76,3051439,Boston Scott,RB,RB,True,11.5,7.2,False
10,False,12,Rule  #76,11237,Matt Ryan,QB,BE,False,0.68,17.73,False
10,False,12,Rule  #76,4035462,Isaiah Simmons,LB,DP,True,8.0,8.52,False
10,False,9,Tonie's Tigers,14876,Ryan Tannehill,QB,BE,False,18.62,16.98,False
10,False,9,Tonie's Tigers,3042519,Aaron Jones,RB,RB,True,10.6,15.33,False
10,False,9,Tonie's Tigers,4039359,Darrell Henderson Jr.,RB,RB,True,6.1,14.37,False
10,False,9,Tonie's Tigers,3925357,Calvin Ridley,WR,IR,False,0.0,0.0,False
10,False,9,Tonie's Tigers,3915416,DJ Moore,WR,WR,True,4.4,12.3,False
10,False,9,Tonie's Tigers,2573401,Tyler Higbee,TE,TE,True,9.5,8.32,False
10,False,9,Tonie's Tigers,4361579,Javonte Williams,RB,RB/WR/TE,True,5.9,10.38,False
10,False,9,Tonie's Tigers,14979,Bobby Wagner,LB,DP,True,8.0,9.63,False
10,False,9,Tonie's Tigers,2330,Tom Brady,QB,QB,True,13.0,25.19,False
10,False,9,Tonie's Tigers,2979843,Kenyan Drake,RB,BE,False,4.1,7.1,False
10,False,9,Tonie's Tigers,16790,Jarvis Landry,WR,BE,False,4.6,10.65,False
10,False,9,Tonie's Tigers,2572861,J.D. McKissic,RB,BE,False,5.9,7.6,False
10,False,9,Tonie's Tigers,3046439,Hunter Henry,TE,BE,False,17.7,6.79,False
10,False,9,Tonie's Tigers,15349,Cole Beasley,WR,WR,True,2.5,10.59,False
10,False,9,Tonie's Tigers,10636,Mason Crosby,K,K,True,4.0,8.38,False
10,False,9,Tonie's Tigers,10452,Adrian Peterson,RB,BE,False,2.5,9.19,False
10,False,9,Tonie's Tigers,3047566,Myles Jack,LB,BE,False,4.0,7.9,False
10,False,9,Tonie's Tigers,-16010,Titans D/ST,D/ST,D/ST,True,5.0,5.68,False
10,False,11,Dez (Bryant) Nuts,12483,Matthew Stafford,QB,QB,True,9.82,21.3,False
10,False,11,Dez (Bryant) Nuts,3929630,Saquon Barkley,RB,BE,False,0.0,0.0,True
10,False,11,Dez (Bryant) Nuts,4241457,Najee Harris,RB,RB,True,15.3,19.67,False
10,False,11,Dez (Bryant) Nuts,4241389,CeeDee Lamb,WR,WR,True,25.6,12.67,False
10,False,11,Dez (Bryant) Nuts,3932905,Diontae Johnson,WR,WR,True,9.8,12.98,False
10,False,11,Dez (Bryant) Nuts,3116365,Mark Andrews,TE,TE,True,15.3,11.18,False
10,False,11,Dez (Bryant) Nuts,3925347,Damien Harris,RB,BE,False,0.0,0.0,False
10,False,11,Dez (Bryant) Nuts,-16007,Broncos D/ST,D/ST,D/ST,True,3.0,4.93,False
10,False,11,Dez (Bryant) Nuts,16339,Brandon McManus,K,K,True,6.0,8.26,False
10,False,11,Dez (Bryant) Nuts,3915189,Roquan Smith,LB,BE,False,0.0,0.0,True
10,False,11,Dez (Bryant) Nuts,3115364,Leonard Fournette,RB,RB,True,13.2,15.19,False
10,False,11,Dez (Bryant) Nuts,13983,A.J. Green,WR,BE,False,0.9,7.76,False
10,False,11,Dez (Bryant) Nuts,5536,Ben Roethlisberger,QB,BE,False,0.0,0.0,False
10,False,11,Dez (Bryant) Nuts,4036348,Michael Gallup,WR,IR,False,5.7,7.94,False
10,False,11,Dez (Bryant) Nuts,4241464,Mac Jones,QB,BE,False,19.92,14.45,False
10,False,11,Dez (Bryant) Nuts,12537,Jared Cook,TE,BE,False,1.5,7.72,False
10,False,11,Dez (Bryant) Nuts,4361423,Micah Parsons,LB,DP,True,10.0,8.28,False
10,False,11,Dez (Bryant) Nuts,3061612,Jamal Agnew,WR,RB/WR/TE,True,13.9,8.07,False
11,False,2,Zeke -A Virus,3918298,Josh Allen,QB,QB,True,16.16,24.95,False
11,False,2,Zeke -A Virus,3051392,Ezekiel Elliott,RB,RB,True,9.8,15.58,False
11,False,2,Zeke -A Virus,16737,Mike Evans,WR,WR,True,17.3,12.88,False
11,False,2,Zeke -A Virus,2977187,Cooper Kupp,WR,BE,False,0.0,0.0,True
11,False,2,Zeke -A Virus,-16014,Rams D/ST,D/ST,BE,False,0.0,0.0,True
11,False,2,Zeke -A Virus,3055899,Harrison Butker,K,K,True,8.0,8.21,False
11,False,2,Zeke -A Virus,3051750,Zach Cunningham,LB,BE,False,13.0,9.16,False
11,False,2,Zeke -A Virus,13934,Antonio Brown,WR,IR,False,0.0,0.0,False
11,False,2,Zeke -A Virus,2976592,Sterling Shepard,WR,BE,False,0.0,0.0,False
11,False,2,Zeke -A Virus,4241416,Chuba Hubbard,RB,BE,False,0.0,2.3,False
11,False,2,Zeke -A Virus,3915507,Jerome Baker,LB,BE,False,6.0,7.65,False
11,False,2,Zeke -A Virus,3139602,D'Ernest Johnson,RB,RB,True,2.6,7.75,False
11,False,2,Zeke -A Virus,3116689,Cole Holcomb,LB,DP,True,10.0,9.45,False
11,False,2,Zeke -A Virus,4361411,Pat Freiermuth,TE,TE,True,9.1,8.86,False
11,False,2,Zeke -A Virus,2982828,Tajae Sharpe,WR,BE,False,3.1,6.33,False
11,False,2,Zeke -A Virus,4360438,Brandon Aiyuk,WR,WR,True,18.0,9.57,False
11,False,2,Zeke -A Virus,-16029,Panthers D/ST,D/ST,D/ST,True,4.0,6.76,False
11,False,2,Zeke -A Virus,14924,T.Y. Hilton,WR,RB/WR/TE,True,3.6,7.5,False
11,False,13,Dak in a Box,2577417,Dak Prescott,QB,QB,True,2.64,21.8,False
11,False,13,Dak in a Box,3117251,Christian McCaffrey,RB,RB,True,21.4,20.81,False
11,False,13,Dak in a Box,3919596,Chris Carson,RB,IR,False,0.0,0.0,False
11,False,13,Dak in a Box,16799,Allen Robinson II,WR,BE,False,0.0,0.0,False
11,False,13,Dak in a Box,4036131,Noah Fant,TE,BE,False,0.0,0.0,True
11,False,13,Dak in a Box,3025433,Mike Davis,RB,BE,False,3.6,9.38,False
11,False,13,Dak in a Box,3138826,Fred Warner,LB,DP,True,9.0,8.83,False
11,False,13,Dak in a Box,3121023,Dallas Goedert,TE,TE,True,8.7,8.87,False
11,False,13,Dak in a Box,4241555,Elijah Mitchell,RB,BE,False,0.0,0.0,False
11,False,13,Dak in a Box,3046409,Alex Collins,RB,RB,True,3.6,10.84,False
11,False,13,Dak in a Box,4240600,Kadarius Toney,WR,RB/WR/TE,True,7.5,9.52,False
11,False,13,Dak in a Box,4360939,Rashod Bateman,WR,WR,True,4.4,9.14,False
11,False,13,Dak in a Box,4040655,Darnell Mooney,WR,WR,True,20.6,9.05,False
11,False,13,Dak in a Box,16733,Odell Beckham Jr.,WR,BE,False,0.0,0.0,True
11,False,13,Dak in a Box,3930066,Van Jefferson,WR,BE,False,0.0,0.0,True
11,False,13,Dak in a Box,15091,Randy Bullock,K,K,True,1.0,8.1,False
11,False,13,Dak in a Box,-16005,Browns D/ST,D/ST,D/ST,True,9.0,7.23,False
11,False,13,Dak in a Box,3916433,Jakobi Meyers,WR,BE,False,5.9,8.79,False
11,False,3,Jim Ward's Ole Dick Necks,4038941,Justin Herbert,QB,QB,True,34.28,19.31,False
11,False,3,Jim Ward's Ole Dick Necks,3054850,Alvin Kamara,RB,BE,False,0.0,0.0,False
11,False,3,Jim Ward's Ole Dick Necks,4259545,D'Andre Swift,RB,RB,True,21.1,15.77,False
11,False,3,Jim Ward's Ole Dick Necks,4047646,A.J. Brown,WR,WR,True,7.3,13.85,False
11,False,3,Jim Ward's Ole Dick Necks,16731,Brandin Cooks,WR,WR,True,2.8,12.58,False
11,False,3,Jim Ward's Ole Dick Necks,2576925,Darren Waller,TE,TE,True,15.1,11.91,False
11,False,3,Jim Ward's Ole Dick Necks,3119195,Chase Edmonds,RB,BE,False,0.0,0.0,False
11,False,3,Jim Ward's Ole Dick Necks,3917232,Tyler Bass,K,K,True,-1.0,8.42,False
11,False,3,Jim Ward's Ole Dick Necks,4243160,Laviska Shenault Jr.,WR,BE,False,5.5,7.61,False
11,False,3,Jim Ward's Ole Dick Necks,4035004,Mecole Hardman,WR,BE,False,3.5,7.45,False
11,False,3,Jim Ward's Ole Dick Necks,4241372,Marquise Brown,WR,BE,False,0.0,0.0,False
11,False,3,Jim Ward's Ole Dick Necks,3115375,Darrel Williams,RB,RB,True,3.1,8.52,False
11,False,3,Jim Ward's Ole Dick Necks,-16022,Cardinals D/ST,D/ST,D/ST,True,9.0,6.34,False
11,False,3,Jim Ward's Ole Dick Necks,2565969,Taylor Heinicke,QB,BE,False,23.14,14.92,False
11,False,3,Jim Ward's Ole Dick Necks,3049899,Younghoe Koo,K,BE,False,-1.0,7.42,False
11,False,3,Jim Ward's Ole Dick Necks,2976545,Deion Jones,LB,DP,True,5.0,9.38,False
11,False,3,Jim Ward's Ole Dick Necks,4038818,Bryan Edwards,WR,RB/WR/TE,True,0.0,7.82,False
11,False,10,Maitland Tiburon,3917315,Kyler Murray,QB,BE,False,0.0,0.0,False
11,False,10,Maitland Tiburon,4242214,Clyde Edwards-Helaire,RB,IR,False,14.6,9.1,False
11,False,10,Maitland Tiburon,4047365,Josh Jacobs,RB,RB,True,8.6,12.72,False
11,False,10,Maitland Tiburon,16800,Davante Adams,WR,WR,True,27.0,17.36,False
11,False,10,Maitland Tiburon,4360248,Kyle Pitts,TE,TE,True,4.4,10.08,False
11,False,10,Maitland Tiburon,4241463,Jerry Jeudy,WR,BE,False,0.0,0.0,True
11,False,10,Maitland Tiburon,4239934,AJ Dillon,RB,RB,True,12.7,15.61,False
11,False,10,Maitland Tiburon,15072,Marvin Jones Jr.,WR,BE,False,7.2,8.2,False
11,False,10,Maitland Tiburon,3045138,Mike Williams,WR,RB/WR/TE,True,18.2,10.55,False
11,False,10,Maitland Tiburon,-16018,Saints D/ST,D/ST,D/ST,True,3.0,5.19,False
11,False,10,Maitland Tiburon,15807,Cordarrelle Patterson,RB,BE,False,0.0,0.0,False
11,False,10,Maitland Tiburon,3117256,Dalton Schultz,TE,BE,False,8.3,7.73,False
11,False,10,Maitland Tiburon,3135321,Hunter Renfrow,WR,WR,True,5.5,11.35,False
11,False,10,Maitland Tiburon,-16006,Cowboys D/ST,D/ST,BE,False,6.0,3.66,False
11,False,10,Maitland Tiburon,3050073,Foyesade Oluokun,LB,DP,True,12.0,10.62,False
11,False,10,Maitland Tiburon,16757,Derek Carr,QB,QB,True,8.6,18.34,False
11,False,10,Maitland Tiburon,17372,Chris Boswell,K,K,True,14.0,8.22,False
11,False,10,Maitland Tiburon,3116389,Samaje Perine,RB,BE,False,4.6,5.99,False
11,False,8,SCLSU Mud Dogs,3139477,Patrick Mahomes,QB,QB,True,7.5,22.15,False
11,False,8,SCLSU Mud Dogs,3116593,Dalvin Cook,RB,RB,True,21.0,16.67,False
11,False,8,SCLSU Mud Dogs,3116385,Joe Mixon,RB,RB/WR/TE,True,24.3,14.46,False
11,False,8,SCLSU Mud Dogs,3121422,Terry McLaurin,WR,WR,True,18.8,11.57,False
11,False,8,SCLSU Mud Dogs,13982,Julio Jones,WR,IR,False,0.0,0.0,False
11,False,8,SCLSU Mud Dogs,3116164,Mike Gesicki,TE,TE,True,7.5,9.83,False
11,False,8,SCLSU Mud Dogs,2974858,Kenny Golladay,WR,BE,False,1.7,9.93,False
11,False,8,SCLSU Mud Dogs,4362628,Ja'Marr Chase,WR,WR,True,11.5,15.42,False
11,False,8,SCLSU Mud Dogs,4035687,Michael Pittman Jr.,WR,BE,False,3.3,11.35,False
11,False,8,SCLSU Mud Dogs,13229,Rob Gronkowski,TE,BE,False,10.1,9.2,False
11,False,8,SCLSU Mud Dogs,4240657,Michael Carter,RB,RB,True,7.0,13.92,False
11,False,8,SCLSU Mud Dogs,4035676,Zack Moss,RB,BE,False,0.5,9.46,False
11,False,8,SCLSU Mud Dogs,4569173,Rhamondre Stevenson,RB,BE,False,8.0,7.77,False
11,False,8,SCLSU Mud Dogs,3051909,Daniel Carlson,K,K,True,8.0,8.37,False
11,False,8,SCLSU Mud Dogs,16944,Devonta Freeman,RB,BE,False,17.0,6.39,False
11,False,8,SCLSU Mud Dogs,-16033,Ravens D/ST,D/ST,D/ST,True,7.0,7.27,False
11,False,8,SCLSU Mud Dogs,4035434,Devin White,LB,DP,True,8.0,8.98,False
11,False,8,SCLSU Mud Dogs,3045144,Tyler Boyd,WR,BE,False,9.3,8.7,False
11,False,6,This Year Will  Be A Brees ,3916387,Lamar Jackson,QB,QB,True,0.0,0.0,False
11,False,6,This Year Will  Be A Brees ,4242335,Jonathan Taylor,RB,RB,True,51.9,15.67,False
11,False,6,This Year Will  Be A Brees ,4035538,David Montgomery,RB,RB/WR/TE,True,7.2,14.21,False
11,False,6,This Year Will  Be A Brees ,3116406,Tyreek Hill,WR,WR,True,15.5,17.79,False
11,False,6,This Year Will  Be A Brees ,2577327,Tyler Lockett,WR,WR,True,13.5,11.26,False
11,False,6,This Year Will  Be A Brees ,-16023,Steelers D/ST,D/ST,BE,False,-3.0,3.75,False
11,False,6,This Year Will  Be A Brees ,15683,Justin Tucker,K,K,True,11.0,7.04,False
11,False,6,This Year Will  Be A Brees ,3916148,Tony Pollard,RB,RB,True,8.0,7.69,False
11,False,6,This Year Will  Be A Brees ,3134353,Tim Patrick,WR,BE,False,0.0,0.0,True
11,False,6,This Year Will  Be A Brees ,13295,Emmanuel Sanders,WR,BE,False,4.1,9.24,False
11,False,6,This Year Will  Be A Brees ,2579621,Denzel Perryman,LB,DP,True,12.0,9.79,False
11,False,6,This Year Will  Be A Brees ,13981,Mark Ingram II,RB,BE,False,12.3,13.43,False
11,False,6,This Year Will  Be A Brees ,12460,Graham Gano,K,BE,False,4.0,7.99,False
11,False,6,This Year Will  Be A Brees ,2573079,Carson Wentz,QB,BE,False,10.04,15.32,False
11,False,6,This Year Will  Be A Brees ,3051876,Evan Engram,TE,TE,True,2.2,6.59,False
11,False,6,This Year Will  Be A Brees ,3916430,Nyheim Hines,RB,BE,False,3.1,6.33,False
11,False,6,This Year Will  Be A Brees ,-16015,Dolphins D/ST,D/ST,D/ST,True,4.0,6.47,False
11,False,4,Hurts So Good,4040715,Jalen Hurts,QB,QB,True,30.78,19.78,False
11,False,4,Hurts So Good,3068267,Austin Ekeler,RB,RB,True,38.5,16.58,False
11,False,4,Hurts So Good,2976212,Stefon Diggs,WR,RB/WR/TE,True,16.3,14.74,False
11,False,4,Hurts So Good,2976499,Amari Cooper,WR,BE,False,0.0,0.0,False
11,False,4,Hurts So Good,4036133,T.J. Hockenson,TE,TE,True,8.1,8.35,False
11,False,4,Hurts So Good,16460,Adam Thielen,WR,WR,True,18.2,11.49,False
11,False,4,Hurts So Good,-16002,Bills D/ST,D/ST,D/ST,True,-4.0,6.39,False
11,False,4,Hurts So Good,3115373,Jamal Adams,S,BE,False,8.0,6.82,False
11,False,4,Hurts So Good,4046692,Chase Claypool,WR,BE,False,11.9,10.63,False
11,False,4,Hurts So Good,3128429,Courtland Sutton,WR,BE,False,0.0,0.0,True
11,False,4,Hurts So Good,2980453,Jamaal Williams,RB,RB,True,1.1,8.42,False
11,False,4,Hurts So Good,4372016,Jaylen Waddle,WR,WR,True,17.6,12.18,False
11,False,4,Hurts So Good,3915486,Tyler Conklin,TE,BE,False,5.0,7.46,False
11,False,4,Hurts So Good,16720,C.J. Mosley,LB,DP,True,8.0,8.92,False
11,False,4,Hurts So Good,3975763,Greg Joseph,K,K,True,10.0,8.84,False
11,False,4,Hurts So Good,15825,Le'Veon Bell,RB,BE,False,0.0,0.0,False
11,False,4,Hurts So Good,3127586,Jeremy McNichols,RB,BE,False,0.0,0.0,False
11,False,5,Kissin Cousins ,3059915,Kareem Hunt,RB,IR,False,0.0,0.0,False
11,False,5,Kissin Cousins ,4052042,James Robinson,RB,RB,True,10.8,14.88,False
11,False,5,Kissin Cousins ,4047650,DK Metcalf,WR,WR,True,5.1,12.57,False
11,False,5,Kissin Cousins ,15847,Travis Kelce,TE,TE,True,16.3,13.95,False
11,False,5,Kissin Cousins ,3042778,Corey Davis,WR,RB/WR/TE,True,5.0,9.92,False
11,False,5,Kissin Cousins ,-16027,Buccaneers D/ST,D/ST,D/ST,True,13.0,6.45,False
11,False,5,Kissin Cousins ,4048244,Alexander Mattison,RB,BE,False,0.5,3.61,False
11,False,5,Kissin Cousins ,3895856,Christian Kirk,WR,WR,True,3.5,11.07,False
11,False,5,Kissin Cousins ,14880,Kirk Cousins,QB,QB,True,25.24,16.45,False
11,False,5,Kissin Cousins ,10621,Nick Folk,K,K,True,16.0,8.42,False
11,False,5,Kissin Cousins ,2510863,Eric Kendricks,LB,DP,True,11.0,9.34,False
11,False,5,Kissin Cousins ,3915411,Ty Johnson,RB,BE,False,1.8,6.6,False
11,False,5,Kissin Cousins ,3060022,Jordan Howard,RB,BE,False,6.3,4.47,False
11,False,5,Kissin Cousins ,2574808,Robby Anderson,WR,BE,False,5.5,7.86,False
11,False,5,Kissin Cousins ,15920,Latavius Murray,RB,BE,False,4.3,7.39,False
11,False,5,Kissin Cousins ,13994,Cam Newton,QB,BE,False,26.16,15.9,False
11,False,5,Kissin Cousins ,3045523,Kendrick Bourne,WR,BE,False,6.9,8.34,False
11,False,5,Kissin Cousins ,3122976,Jeff Wilson Jr.,RB,RB,True,6.3,11.85,False
11,False,12,Rule  #76,8439,Aaron Rodgers,QB,QB,True,33.5,18.1,False
11,False,12,Rule  #76,3043078,Derrick Henry,RB,IR,False,0.0,0.0,False
11,False,12,Rule  #76,4045163,Miles Sanders,RB,RB,True,7.4,9.69,False
11,False,12,Rule  #76,15795,DeAndre Hopkins,WR,BE,False,0.0,0.0,False
11,False,12,Rule  #76,4262921,Justin Jefferson,WR,WR,True,33.2,14.04,False
11,False,12,Rule  #76,-16025,49ers D/ST,D/ST,D/ST,True,12.0,6.17,False
11,False,12,Rule  #76,3886818,Myles Gaskin,RB,RB,True,17.1,14.61,False
11,False,12,Rule  #76,3045147,James Conner,RB,RB/WR/TE,True,18.4,15.06,False
11,False,12,Rule  #76,4040761,Devin Singletary,RB,BE,False,5.8,6.35,False
11,False,12,Rule  #76,4035170,Marquez Callaway,WR,BE,False,9.1,8.05,False
11,False,12,Rule  #76,4372414,Elijah Moore,WR,WR,True,25.6,8.55,False
11,False,12,Rule  #76,3054212,Jonnu Smith,TE,BE,False,2.2,5.17,False
11,False,12,Rule  #76,11122,Matt Prater,K,K,True,5.0,7.39,False
11,False,12,Rule  #76,15835,Zach Ertz,TE,TE,True,24.8,6.78,False
11,False,12,Rule  #76,-16009,Packers D/ST,D/ST,BE,False,-2.0,3.7,False
11,False,12,Rule  #76,3051439,Boston Scott,RB,BE,False,2.8,3.81,False
11,False,12,Rule  #76,11237,Matt Ryan,QB,BE,False,2.12,14.44,False
11,False,12,Rule  #76,4035462,Isaiah Simmons,LB,DP,True,8.0,7.34,False
11,False,9,Tonie's Tigers,14876,Ryan Tannehill,QB,BE,False,10.22,19.0,False
11,False,9,Tonie's Tigers,3042519,Aaron Jones,RB,RB,True,0.0,0.0,False
11,False,9,Tonie's Tigers,4039359,Darrell Henderson Jr.,RB,BE,False,0.0,0.0,True
11,False,9,Tonie's Tigers,3925357,Calvin Ridley,WR,IR,False,0.0,0.0,False
11,False,9,Tonie's Tigers,3915416,DJ Moore,WR,WR,True,13.5,11.81,False
11,False,9,Tonie's Tigers,2573401,Tyler Higbee,TE,TE,True,0.0,0.0,True
11,False,9,Tonie's Tigers,4361579,Javonte Williams,RB,RB/WR/TE,True,0.0,0.0,True
11,False,9,Tonie's Tigers,14979,Bobby Wagner,LB,DP,True,15.0,9.82,False
11,False,9,Tonie's Tigers,2330,Tom Brady,QB,QB,True,19.28,21.74,False
11,False,9,Tonie's Tigers,2979843,Kenyan Drake,RB,RB,True,3.4,7.74,False
11,False,9,Tonie's Tigers,16790,Jarvis Landry,WR,BE,False,13.2,9.96,False
11,False,9,Tonie's Tigers,2572861,J.D. McKissic,RB,BE,False,5.5,7.22,False
11,False,9,Tonie's Tigers,3046439,Hunter Henry,TE,BE,False,3.5,6.36,False
11,False,9,Tonie's Tigers,15349,Cole Beasley,WR,WR,True,4.3,8.57,False
11,False,9,Tonie's Tigers,10636,Mason Crosby,K,K,True,8.0,7.6,False
11,False,9,Tonie's Tigers,10452,Adrian Peterson,RB,BE,False,5.4,10.54,False
11,False,9,Tonie's Tigers,3047566,Myles Jack,LB,BE,False,12.0,7.49,False
11,False,9,Tonie's Tigers,-16010,Titans D/ST,D/ST,D/ST,True,3.0,7.26,False
11,False,11,Dez (Bryant) Nuts,12483,Matthew Stafford,QB,BE,False,0.0,0.0,True
11,False,11,Dez (Bryant) Nuts,4241457,Najee Harris,RB,RB,True,14.4,18.44,False
11,False,11,Dez (Bryant) Nuts,4241389,CeeDee Lamb,WR,WR,True,2.9,14.45,False
11,False,11,Dez (Bryant) Nuts,3932905,Diontae Johnson,WR,WR,True,19.6,12.85,False
11,False,11,Dez (Bryant) Nuts,3116365,Mark Andrews,TE,TE,True,12.3,10.46,False
11,False,11,Dez (Bryant) Nuts,3925347,Damien Harris,RB,BE,False,7.0,11.82,False
11,False,11,Dez (Bryant) Nuts,-16007,Broncos D/ST,D/ST,D/ST,True,0.0,0.0,True
11,False,11,Dez (Bryant) Nuts,16339,Brandon McManus,K,BE,False,0.0,0.0,True
11,False,11,Dez (Bryant) Nuts,3915189,Roquan Smith,LB,BE,False,17.0,10.4,False
11,False,11,Dez (Bryant) Nuts,3115364,Leonard Fournette,RB,RB,True,10.4,15.31,False
11,False,11,Dez (Bryant) Nuts,4036348,Michael Gallup,WR,BE,False,6.9,10.68,False
11,False,11,Dez (Bryant) Nuts,4241464,Mac Jones,QB,QB,True,11.38,16.06,False
11,False,11,Dez (Bryant) Nuts,4361423,Micah Parsons,LB,DP,True,10.0,9.22,False
11,False,11,Dez (Bryant) Nuts,3061612,Jamal Agnew,WR,BE,False,3.5,7.66,False
11,False,11,Dez (Bryant) Nuts,4241478,DeVonta Smith,WR,RB/WR/TE,True,8.1,9.91,False
11,False,11,Dez (Bryant) Nuts,2576434,Melvin Gordon III,RB,BE,False,0.0,0.0,True
11,False,11,Dez (Bryant) Nuts,17427,Cairo Santos,K,K,True,0.0,7.71,False
11,False,1,"Here Kittle, Kittle",14881,Russell Wilson,QB,BE,False,8.48,16.49,False
11,False,1,"Here Kittle, Kittle",3128720,Nick Chubb,RB,RB,True,21.4,16.57,False
11,False,1,"Here Kittle, Kittle",4360294,Antonio Gibson,RB,RB,True,7.5,11.03,False
11,False,1,"Here Kittle, Kittle",3116165,Chris Godwin,WR,RB/WR/TE,True,16.2,14.67,False
11,False,1,"Here Kittle, Kittle",15818,Keenan Allen,WR,WR,True,15.7,12.7,False
11,False,1,"Here Kittle, Kittle",3040151,George Kittle,TE,TE,True,11.4,11.53,False
11,False,1,"Here Kittle, Kittle",3056362,Darius Leonard,LB,DP,True,5.0,8.82,False
11,False,1,"Here Kittle, Kittle",3126486,Deebo Samuel,WR,WR,True,15.9,15.31,False
11,False,1,"Here Kittle, Kittle",-16017,Patriots D/ST,D/ST,D/ST,True,26.0,6.36,False
11,False,1,"Here Kittle, Kittle",4239993,Tee Higgins,WR,BE,False,3.5,11.93,False
11,False,1,"Here Kittle, Kittle",3930086,Dawson Knox,TE,BE,False,11.0,7.63,False
11,False,1,"Here Kittle, Kittle",3915511,Joe Burrow,QB,QB,True,9.02,18.6,False
11,False,1,"Here Kittle, Kittle",4212989,Dan Arnold,TE,BE,False,0.0,8.27,False
11,False,1,"Here Kittle, Kittle",3125116,D'Onta Foreman,RB,BE,False,4.5,11.74,False
11,False,1,"Here Kittle, Kittle",3043234,Zane Gonzalez,K,K,True,3.0,7.74,False
11,False,1,"Here Kittle, Kittle",3929630,Saquon Barkley,RB,BE,False,8.6,13.73,False
12,False,2,Zeke -A Virus,3918298,Josh Allen,QB,QB,True,26.7,23.65,False
12,False,2,Zeke -A Virus,3051392,Ezekiel Elliott,RB,RB,True,13.9,16.29,False
12,False,2,Zeke -A Virus,16737,Mike Evans,WR,WR,True,3.1,13.6,False
12,False,2,Zeke -A Virus,2977187,Cooper Kupp,WR,WR,True,15.1,18.8,False
12,False,2,Zeke -A Virus,3055899,Harrison Butker,K,BE,False,0.0,0.0,True
12,False,2,Zeke -A Virus,3051750,Zach Cunningham,LB,BE,False,8.0,9.31,False
12,False,2,Zeke -A Virus,13934,Antonio Brown,WR,IR,False,0.0,0.0,False
12,False,2,Zeke -A Virus,2976592,Sterling Shepard,WR,BE,False,0.0,0.0,False
12,False,2,Zeke -A Virus,4241416,Chuba Hubbard,RB,BE,False,0.6,2.36,False
12,False,2,Zeke -A Virus,3915507,Jerome Baker,LB,BE,False,3.0,7.47,False
12,False,2,Zeke -A Virus,3139602,D'Ernest Johnson,RB,BE,False,0.0,0.0,False
12,False,2,Zeke -A Virus,3116689,Cole Holcomb,LB,DP,True,6.0,8.25,False
12,False,2,Zeke -A Virus,4361411,Pat Freiermuth,TE,TE,True,12.0,8.56,False
12,False,2,Zeke -A Virus,4360438,Brandon Aiyuk,WR,RB/WR/TE,True,11.0,10.84,False
12,False,2,Zeke -A Virus,-16029,Panthers D/ST,D/ST,D/ST,True,3.0,6.52,False
12,False,2,Zeke -A Virus,14924,T.Y. Hilton,WR,BE,False,10.8,7.2,False
12,False,2,Zeke -A Virus,9354,Robbie Gould,K,K,True,10.0,7.95,False
12,False,2,Zeke -A Virus,2979477,Tevin Coleman,RB,RB,True,8.0,9.86,False
12,False,10,Maitland Tiburon,3917315,Kyler Murray,QB,BE,False,0.0,0.0,True
12,False,10,Maitland Tiburon,4242214,Clyde Edwards-Helaire,RB,BE,False,0.0,0.0,True
12,False,10,Maitland Tiburon,4047365,Josh Jacobs,RB,RB,True,18.2,11.3,False
12,False,10,Maitland Tiburon,16800,Davante Adams,WR,WR,True,14.4,17.63,False
12,False,10,Maitland Tiburon,4360248,Kyle Pitts,TE,TE,True,4.6,10.0,False
12,False,10,Maitland Tiburon,4241463,Jerry Jeudy,WR,BE,False,3.5,10.53,False
12,False,10,Maitland Tiburon,4239934,AJ Dillon,RB,RB/WR/TE,True,17.5,10.22,False
12,False,10,Maitland Tiburon,15072,Marvin Jones Jr.,WR,BE,False,6.3,8.17,False
12,False,10,Maitland Tiburon,3045138,Mike Williams,WR,BE,False,5.9,11.28,False
12,False,10,Maitland Tiburon,-16018,Saints D/ST,D/ST,BE,False,4.0,3.26,False
12,False,10,Maitland Tiburon,15807,Cordarrelle Patterson,RB,RB,True,26.5,14.36,False
12,False,10,Maitland Tiburon,3117256,Dalton Schultz,TE,BE,False,14.1,9.48,False
12,False,10,Maitland Tiburon,3135321,Hunter Renfrow,WR,WR,True,17.6,10.37,False
12,False,10,Maitland Tiburon,-16006,Cowboys D/ST,D/ST,D/ST,True,0.0,5.28,False
12,False,10,Maitland Tiburon,3050073,Foyesade Oluokun,LB,DP,True,10.0,10.22,False
12,False,10,Maitland Tiburon,17372,Chris Boswell,K,K,True,5.0,7.85,False
12,False,10,Maitland Tiburon,14163,Tyrod Taylor,QB,QB,True,15.32,18.47,False
12,False,3,Jim Ward's Ole Dick Necks,4038941,Justin Herbert,QB,QB,True,19.72,20.6,False
12,False,3,Jim Ward's Ole Dick Necks,3054850,Alvin Kamara,RB,BE,False,0.0,0.0,False
12,False,3,Jim Ward's Ole Dick Necks,4259545,D'Andre Swift,RB,RB,True,2.4,16.81,False
12,False,3,Jim Ward's Ole Dick Necks,4047646,A.J. Brown,WR,BE,False,0.0,0.0,False
12,False,3,Jim Ward's Ole Dick Necks,16731,Brandin Cooks,WR,WR,True,12.0,11.59,False
12,False,3,Jim Ward's Ole Dick Necks,2576925,Darren Waller,TE,TE,True,4.3,12.76,False
12,False,3,Jim Ward's Ole Dick Necks,3119195,Chase Edmonds,RB,IR,False,0.0,0.0,True
12,False,3,Jim Ward's Ole Dick Necks,3917232,Tyler Bass,K,K,True,7.0,7.73,False
12,False,3,Jim Ward's Ole Dick Necks,4243160,Laviska Shenault Jr.,WR,RB/WR/TE,True,5.8,7.87,False
12,False,3,Jim Ward's Ole Dick Necks,4035004,Mecole Hardman,WR,BE,False,0.0,0.0,True
12,False,3,Jim Ward's Ole Dick Necks,4241372,Marquise Brown,WR,BE,False,9.1,12.6,False
12,False,3,Jim Ward's Ole Dick Necks,3115375,Darrel Williams,RB,BE,False,0.0,0.0,True
12,False,3,Jim Ward's Ole Dick Necks,-16022,Cardinals D/ST,D/ST,BE,False,0.0,0.0,True
12,False,3,Jim Ward's Ole Dick Necks,2976545,Deion Jones,LB,BE,False,0.0,0.0,False
12,False,3,Jim Ward's Ole Dick Necks,2508176,David Johnson,RB,RB,True,7.5,9.67,False
12,False,3,Jim Ward's Ole Dick Necks,-16034,Texans D/ST,D/ST,D/ST,True,8.0,7.23,False
12,False,3,Jim Ward's Ole Dick Necks,2576716,Jamison Crowder,WR,WR,True,1.0,8.99,False
12,False,3,Jim Ward's Ole Dick Necks,3040180,De'Vondre Campbell,LB,DP,True,4.0,8.99,False
12,False,6,This Year Will  Be A Brees ,3916387,Lamar Jackson,QB,QB,True,9.4,24.84,False
12,False,6,This Year Will  Be A Brees ,4242335,Jonathan Taylor,RB,RB,True,17.7,19.86,False
12,False,6,This Year Will  Be A Brees ,4035538,David Montgomery,RB,RB,True,8.9,15.28,False
12,False,6,This Year Will  Be A Brees ,3116406,Tyreek Hill,WR,BE,False,0.0,0.0,True
12,False,6,This Year Will  Be A Brees ,2577327,Tyler Lockett,WR,WR,True,11.1,11.77,False
12,False,6,This Year Will  Be A Brees ,-16023,Steelers D/ST,D/ST,BE,False,0.0,5.19,False
12,False,6,This Year Will  Be A Brees ,15683,Justin Tucker,K,K,True,13.0,8.76,False
12,False,6,This Year Will  Be A Brees ,3916148,Tony Pollard,RB,BE,False,16.8,8.94,False
12,False,6,This Year Will  Be A Brees ,3134353,Tim Patrick,WR,BE,False,3.6,7.47,False
12,False,6,This Year Will  Be A Brees ,13295,Emmanuel Sanders,WR,WR,True,5.3,8.57,False
12,False,6,This Year Will  Be A Brees ,2579621,Denzel Perryman,LB,DP,True,7.0,10.71,False
12,False,6,This Year Will  Be A Brees ,13981,Mark Ingram II,RB,RB/WR/TE,True,0.0,0.0,False
12,False,6,This Year Will  Be A Brees ,12460,Graham Gano,K,BE,False,6.0,7.97,False
12,False,6,This Year Will  Be A Brees ,2573079,Carson Wentz,QB,BE,False,20.34,16.82,False
12,False,6,This Year Will  Be A Brees ,3051876,Evan Engram,TE,TE,True,5.2,7.76,False
12,False,6,This Year Will  Be A Brees ,3916430,Nyheim Hines,RB,BE,False,2.4,6.19,False
12,False,6,This Year Will  Be A Brees ,-16015,Dolphins D/ST,D/ST,D/ST,True,25.0,5.74,False
12,False,8,SCLSU Mud Dogs,3139477,Patrick Mahomes,QB,BE,False,0.0,0.0,True
12,False,8,SCLSU Mud Dogs,3116593,Dalvin Cook,RB,RB,True,11.3,16.56,False
12,False,8,SCLSU Mud Dogs,3116385,Joe Mixon,RB,RB,True,30.3,15.69,False
12,False,8,SCLSU Mud Dogs,3121422,Terry McLaurin,WR,RB/WR/TE,True,7.1,12.9,False
12,False,8,SCLSU Mud Dogs,13982,Julio Jones,WR,IR,False,0.0,0.0,False
12,False,8,SCLSU Mud Dogs,3116164,Mike Gesicki,TE,BE,False,3.2,8.59,False
12,False,8,SCLSU Mud Dogs,2974858,Kenny Golladay,WR,BE,False,6.5,10.32,False
12,False,8,SCLSU Mud Dogs,4362628,Ja'Marr Chase,WR,WR,True,5.4,14.87,False
12,False,8,SCLSU Mud Dogs,4035687,Michael Pittman Jr.,WR,WR,True,9.3,11.5,False
12,False,8,SCLSU Mud Dogs,13229,Rob Gronkowski,TE,TE,True,15.8,11.06,False
12,False,8,SCLSU Mud Dogs,4240657,Michael Carter,RB,BE,False,0.0,0.0,False
12,False,8,SCLSU Mud Dogs,4035676,Zack Moss,RB,BE,False,0.0,0.0,False
12,False,8,SCLSU Mud Dogs,4569173,Rhamondre Stevenson,RB,BE,False,4.6,9.37,False
12,False,8,SCLSU Mud Dogs,3051909,Daniel Carlson,K,K,True,21.0,7.21,False
12,False,8,SCLSU Mud Dogs,16944,Devonta Freeman,RB,BE,False,6.5,10.56,False
12,False,8,SCLSU Mud Dogs,-16033,Ravens D/ST,D/ST,D/ST,True,12.0,5.85,False
12,False,8,SCLSU Mud Dogs,4035434,Devin White,LB,DP,True,3.0,8.94,False
12,False,8,SCLSU Mud Dogs,4241479,Tua Tagovailoa,QB,QB,True,13.2,15.49,False
12,False,5,Kissin Cousins ,3059915,Kareem Hunt,RB,RB,True,2.0,10.64,False
12,False,5,Kissin Cousins ,4052042,James Robinson,RB,RB,True,11.0,16.81,False
12,False,5,Kissin Cousins ,4047650,DK Metcalf,WR,WR,True,1.8,12.96,False
12,False,5,Kissin Cousins ,15847,Travis Kelce,TE,BE,False,0.0,0.0,True
12,False,5,Kissin Cousins ,3042778,Corey Davis,WR,BE,False,0.0,0.0,False
12,False,5,Kissin Cousins ,-16027,Buccaneers D/ST,D/ST,D/ST,True,11.0,4.77,False
12,False,5,Kissin Cousins ,4048244,Alexander Mattison,RB,BE,False,9.8,3.59,False
12,False,5,Kissin Cousins ,3895856,Christian Kirk,WR,BE,False,0.0,0.0,True
12,False,5,Kissin Cousins ,14880,Kirk Cousins,QB,QB,True,15.52,17.89,False
12,False,5,Kissin Cousins ,10621,Nick Folk,K,K,True,20.0,9.19,False
12,False,5,Kissin Cousins ,2510863,Eric Kendricks,LB,DP,True,6.0,9.34,False
12,False,5,Kissin Cousins ,3915411,Ty Johnson,RB,RB/WR/TE,True,5.2,9.22,False
12,False,5,Kissin Cousins ,2574808,Robby Anderson,WR,WR,True,2.0,7.97,False
12,False,5,Kissin Cousins ,15920,Latavius Murray,RB,BE,False,1.4,6.96,False
12,False,5,Kissin Cousins ,13994,Cam Newton,QB,BE,False,6.18,18.4,False
12,False,5,Kissin Cousins ,3122976,Jeff Wilson Jr.,RB,BE,False,1.2,6.4,False
12,False,5,Kissin Cousins ,12537,Jared Cook,TE,TE,True,9.5,6.27,False
12,False,4,Hurts So Good,4040715,Jalen Hurts,QB,QB,True,6.86,22.16,False
12,False,4,Hurts So Good,3068267,Austin Ekeler,RB,RB,True,18.9,17.01,False
12,False,4,Hurts So Good,2976212,Stefon Diggs,WR,RB/WR/TE,True,17.9,13.88,False
12,False,4,Hurts So Good,2976499,Amari Cooper,WR,BE,False,0.0,0.0,False
12,False,4,Hurts So Good,4036133,T.J. Hockenson,TE,TE,True,11.0,8.38,False
12,False,4,Hurts So Good,16460,Adam Thielen,WR,WR,True,20.7,12.44,False
12,False,4,Hurts So Good,-16002,Bills D/ST,D/ST,D/ST,True,11.0,6.44,False
12,False,4,Hurts So Good,3115373,Jamal Adams,S,BE,False,11.0,6.9,False
12,False,4,Hurts So Good,4046692,Chase Claypool,WR,BE,False,9.7,11.24,False
12,False,4,Hurts So Good,3128429,Courtland Sutton,WR,BE,False,2.7,8.94,False
12,False,4,Hurts So Good,2980453,Jamaal Williams,RB,RB,True,10.8,7.71,False
12,False,4,Hurts So Good,4372016,Jaylen Waddle,WR,WR,True,24.2,10.9,False
12,False,4,Hurts So Good,3915486,Tyler Conklin,TE,BE,False,3.5,6.85,False
12,False,4,Hurts So Good,16720,C.J. Mosley,LB,DP,True,8.0,8.35,False
12,False,4,Hurts So Good,3975763,Greg Joseph,K,K,True,2.0,8.1,False
12,False,4,Hurts So Good,15825,Le'Veon Bell,RB,BE,False,0.0,0.0,False
12,False,4,Hurts So Good,3127586,Jeremy McNichols,RB,BE,False,0.0,0.0,False
12,False,9,Tonie's Tigers,14876,Ryan Tannehill,QB,BE,False,8.12,14.18,False
12,False,9,Tonie's Tigers,3042519,Aaron Jones,RB,BE,False,2.3,12.32,False
12,False,9,Tonie's Tigers,4039359,Darrell Henderson Jr.,RB,RB,True,15.3,12.76,False
12,False,9,Tonie's Tigers,3925357,Calvin Ridley,WR,IR,False,0.0,0.0,False
12,False,9,Tonie's Tigers,3915416,DJ Moore,WR,WR,True,13.3,11.25,False
12,False,9,Tonie's Tigers,2573401,Tyler Higbee,TE,TE,True,0.8,8.06,False
12,False,9,Tonie's Tigers,4361579,Javonte Williams,RB,RB,True,18.6,10.36,False
12,False,9,Tonie's Tigers,14979,Bobby Wagner,LB,DP,True,14.0,10.25,False
12,False,9,Tonie's Tigers,2330,Tom Brady,QB,QB,True,11.24,22.7,False
12,False,9,Tonie's Tigers,2979843,Kenyan Drake,RB,BE,False,4.0,7.2,False
12,False,9,Tonie's Tigers,16790,Jarvis Landry,WR,RB/WR/TE,True,12.1,10.48,False
12,False,9,Tonie's Tigers,2572861,J.D. McKissic,RB,BE,False,20.1,7.54,False
12,False,9,Tonie's Tigers,3046439,Hunter Henry,TE,BE,False,2.6,6.01,False
12,False,9,Tonie's Tigers,15349,Cole Beasley,WR,WR,True,7.1,9.15,False
12,False,9,Tonie's Tigers,10636,Mason Crosby,K,K,True,12.0,8.3,False
12,False,9,Tonie's Tigers,3047566,Myles Jack,LB,BE,False,8.0,7.75,False
12,False,9,Tonie's Tigers,-16010,Titans D/ST,D/ST,D/ST,True,-2.0,5.33,False
12,False,12,Rule  #76,8439,Aaron Rodgers,QB,QB,True,26.28,19.27,False
12,False,12,Rule  #76,3043078,Derrick Henry,RB,IR,False,0.0,0.0,False
12,False,12,Rule  #76,4045163,Miles Sanders,RB,RB,True,6.9,12.6,False
12,False,12,Rule  #76,15795,DeAndre Hopkins,WR,BE,False,0.0,0.0,True
12,False,12,Rule  #76,4262921,Justin Jefferson,WR,WR,True,11.26,15.58,False
12,False,12,Rule  #76,-16025,49ers D/ST,D/ST,BE,False,5.0,3.75,False
12,False,12,Rule  #76,3886818,Myles Gaskin,RB,RB,True,18.2,12.26,False
12,False,12,Rule  #76,3045147,James Conner,RB,BE,False,0.0,0.0,True
12,False,12,Rule  #76,4040761,Devin Singletary,RB,RB/WR/TE,True,5.3,8.65,False
12,False,12,Rule  #76,4035170,Marquez Callaway,WR,BE,False,3.4,6.75,False
12,False,12,Rule  #76,4372414,Elijah Moore,WR,WR,True,7.3,11.04,False
12,False,12,Rule  #76,15835,Zach Ertz,TE,BE,False,0.0,0.0,True
12,False,12,Rule  #76,3051439,Boston Scott,RB,BE,False,12.2,5.28,False
12,False,12,Rule  #76,3121544,T.J. Edwards,LB,DP,True,7.0,9.67,False
12,False,12,Rule  #76,-16003,Bears D/ST,D/ST,D/ST,True,6.0,6.46,False
12,False,12,Rule  #76,4249087,Matt Gay,K,K,True,8.0,7.86,False
12,False,12,Rule  #76,2574576,C.J. Uzomah,TE,TE,True,2.4,5.56,False
12,False,12,Rule  #76,3052117,Phillip Lindsay,RB,BE,False,4.2,0.47,False
12,False,1,"Here Kittle, Kittle",14881,Russell Wilson,QB,BE,False,19.48,17.78,False
12,False,1,"Here Kittle, Kittle",3128720,Nick Chubb,RB,RB,True,4.9,13.4,False
12,False,1,"Here Kittle, Kittle",4360294,Antonio Gibson,RB,BE,False,20.1,10.93,False
12,False,1,"Here Kittle, Kittle",3116165,Chris Godwin,WR,RB/WR/TE,True,2.7,14.5,False
12,False,1,"Here Kittle, Kittle",15818,Keenan Allen,WR,WR,True,12.0,13.83,False
12,False,1,"Here Kittle, Kittle",3040151,George Kittle,TE,TE,True,1.8,11.53,False
12,False,1,"Here Kittle, Kittle",3056362,Darius Leonard,LB,BE,False,17.0,8.56,False
12,False,1,"Here Kittle, Kittle",3126486,Deebo Samuel,WR,WR,True,20.3,16.06,False
12,False,1,"Here Kittle, Kittle",-16017,Patriots D/ST,D/ST,D/ST,True,12.0,7.25,False
12,False,1,"Here Kittle, Kittle",4239993,Tee Higgins,WR,BE,False,20.4,10.28,False
12,False,1,"Here Kittle, Kittle",3930086,Dawson Knox,TE,BE,False,16.7,8.21,False
12,False,1,"Here Kittle, Kittle",3915511,Joe Burrow,QB,QB,True,16.4,17.83,False
12,False,1,"Here Kittle, Kittle",4212989,Dan Arnold,TE,BE,False,1.4,6.19,False
12,False,1,"Here Kittle, Kittle",3125116,D'Onta Foreman,RB,BE,False,9.7,10.01,False
12,False,1,"Here Kittle, Kittle",3043234,Zane Gonzalez,K,K,True,5.0,7.75,False
12,False,1,"Here Kittle, Kittle",3929630,Saquon Barkley,RB,RB,True,7.3,14.21,False
12,False,1,"Here Kittle, Kittle",4043130,Jordyn Brooks,LB,DP,True,14.0,8.56,False
12,False,11,Dez (Bryant) Nuts,12483,Matthew Stafford,QB,QB,True,21.98,19.2,False
12,False,11,Dez (Bryant) Nuts,4241457,Najee Harris,RB,RB,True,6.2,16.32,False
12,False,11,Dez (Bryant) Nuts,4241389,CeeDee Lamb,WR,BE,False,0.0,0.0,False
12,False,11,Dez (Bryant) Nuts,3932905,Diontae Johnson,WR,WR,True,14.0,13.57,False
12,False,11,Dez (Bryant) Nuts,3116365,Mark Andrews,TE,TE,True,18.5,11.13,False
12,False,11,Dez (Bryant) Nuts,3925347,Damien Harris,RB,BE,False,11.7,9.94,False
12,False,11,Dez (Bryant) Nuts,-16007,Broncos D/ST,D/ST,BE,False,15.0,4.07,False
12,False,11,Dez (Bryant) Nuts,16339,Brandon McManus,K,K,True,4.0,8.45,False
12,False,11,Dez (Bryant) Nuts,3915189,Roquan Smith,LB,DP,True,3.0,10.2,False
12,False,11,Dez (Bryant) Nuts,3115364,Leonard Fournette,RB,RB,True,40.6,13.71,False
12,False,11,Dez (Bryant) Nuts,4036348,Michael Gallup,WR,BE,False,13.1,11.13,False
12,False,11,Dez (Bryant) Nuts,4241464,Mac Jones,QB,BE,False,21.5,14.43,False
12,False,11,Dez (Bryant) Nuts,4361423,Micah Parsons,LB,BE,False,7.0,8.11,False
12,False,11,Dez (Bryant) Nuts,3061612,Jamal Agnew,WR,IR,False,0.0,0.0,False
12,False,11,Dez (Bryant) Nuts,4241478,DeVonta Smith,WR,WR,True,6.2,9.55,False
12,False,11,Dez (Bryant) Nuts,2576434,Melvin Gordon III,RB,RB/WR/TE,True,9.3,11.73,False
12,False,11,Dez (Bryant) Nuts,17427,Cairo Santos,K,BE,False,10.0,7.1,False
12,False,11,Dez (Bryant) Nuts,-16030,Jaguars D/ST,D/ST,D/ST,True,3.0,6.02,False
12,False,13,Dak in a Box,2577417,Dak Prescott,QB,QB,True,25.3,19.94,False
12,False,13,Dak in a Box,3117251,Christian McCaffrey,RB,RB,True,3.5,19.06,False
12,False,13,Dak in a Box,3919596,Chris Carson,RB,IR,False,0.0,0.0,False
12,False,13,Dak in a Box,16799,Allen Robinson II,WR,BE,False,0.0,0.0,False
12,False,13,Dak in a Box,4036131,Noah Fant,TE,BE,False,2.7,8.01,False
12,False,13,Dak in a Box,3138826,Fred Warner,LB,DP,True,3.0,9.27,False
12,False,13,Dak in a Box,3121023,Dallas Goedert,TE,TE,True,0.5,8.49,False
12,False,13,Dak in a Box,4241555,Elijah Mitchell,RB,RB,True,25.3,11.75,False
12,False,13,Dak in a Box,3046409,Alex Collins,RB,BE,False,1.2,9.87,False
12,False,13,Dak in a Box,4240600,Kadarius Toney,WR,BE,False,0.0,0.0,False
12,False,13,Dak in a Box,4360939,Rashod Bateman,WR,WR,True,5.1,8.2,False
12,False,13,Dak in a Box,4040655,Darnell Mooney,WR,WR,True,15.0,10.7,False
12,False,13,Dak in a Box,16733,Odell Beckham Jr.,WR,BE,False,16.6,10.53,False
12,False,13,Dak in a Box,3930066,Van Jefferson,WR,BE,False,16.8,8.98,False
12,False,13,Dak in a Box,3126246,Dontrell Hilliard,RB,BE,False,17.8,9.82,False
12,False,13,Dak in a Box,-16021,Eagles D/ST,D/ST,D/ST,True,6.0,5.98,False
12,False,13,Dak in a Box,14993,Greg Zuerlein,K,K,True,7.0,7.77,False
12,False,13,Dak in a Box,4046676,Tony Jones Jr.,RB,RB/WR/TE,True,2.7,12.59,False
13,False,6,This Year Will  Be A Brees ,3916387,Lamar Jackson,QB,QB,True,17.62,23.64,False
13,False,6,This Year Will  Be A Brees ,4242335,Jonathan Taylor,RB,RB,True,24.3,22.81,False
13,False,6,This Year Will  Be A Brees ,4035538,David Montgomery,RB,RB,True,25.1,12.59,False
13,False,6,This Year Will  Be A Brees ,3116406,Tyreek Hill,WR,WR,True,4.2,16.17,False
13,False,6,This Year Will  Be A Brees ,2577327,Tyler Lockett,WR,WR,True,16.3,11.12,False
13,False,6,This Year Will  Be A Brees ,-16023,Steelers D/ST,D/ST,BE,False,9.0,5.36,False
13,False,6,This Year Will  Be A Brees ,15683,Justin Tucker,K,K,True,7.0,7.72,False
13,False,6,This Year Will  Be A Brees ,3916148,Tony Pollard,RB,RB/WR/TE,True,14.4,9.02,False
13,False,6,This Year Will  Be A Brees ,3134353,Tim Patrick,WR,BE,False,1.4,7.73,False
13,False,6,This Year Will  Be A Brees ,13295,Emmanuel Sanders,WR,BE,False,3.7,7.93,False
13,False,6,This Year Will  Be A Brees ,2579621,Denzel Perryman,LB,DP,True,12.0,11.17,False
13,False,6,This Year Will  Be A Brees ,13981,Mark Ingram II,RB,BE,False,3.1,13.23,False
13,False,6,This Year Will  Be A Brees ,12460,Graham Gano,K,BE,False,10.0,7.37,False
13,False,6,This Year Will  Be A Brees ,2573079,Carson Wentz,QB,BE,False,11.12,17.48,False
13,False,6,This Year Will  Be A Brees ,3916430,Nyheim Hines,RB,BE,False,7.1,5.96,False
13,False,6,This Year Will  Be A Brees ,-16015,Dolphins D/ST,D/ST,D/ST,True,10.0,6.96,False
13,False,6,This Year Will  Be A Brees ,16813,Logan Thomas,TE,TE,True,12.3,7.78,False
13,False,2,Zeke -A Virus,3918298,Josh Allen,QB,QB,True,11.7,21.38,False
13,False,2,Zeke -A Virus,3051392,Ezekiel Elliott,RB,RB,True,5.7,12.94,False
13,False,2,Zeke -A Virus,16737,Mike Evans,WR,WR,True,13.4,12.37,False
13,False,2,Zeke -A Virus,2977187,Cooper Kupp,WR,WR,True,22.9,18.06,False
13,False,2,Zeke -A Virus,3055899,Harrison Butker,K,K,True,13.0,8.05,False
13,False,2,Zeke -A Virus,3051750,Zach Cunningham,LB,BE,False,0.0,0.0,False
13,False,2,Zeke -A Virus,13934,Antonio Brown,WR,IR,False,0.0,0.0,False
13,False,2,Zeke -A Virus,2976592,Sterling Shepard,WR,BE,False,0.0,0.0,False
13,False,2,Zeke -A Virus,4241416,Chuba Hubbard,RB,BE,False,0.0,0.0,True
13,False,2,Zeke -A Virus,3915507,Jerome Baker,LB,BE,False,3.0,6.88,False
13,False,2,Zeke -A Virus,3139602,D'Ernest Johnson,RB,BE,False,0.0,0.0,True
13,False,2,Zeke -A Virus,3116689,Cole Holcomb,LB,DP,True,10.0,8.82,False
13,False,2,Zeke -A Virus,4361411,Pat Freiermuth,TE,TE,True,6.1,8.44,False
13,False,2,Zeke -A Virus,4360438,Brandon Aiyuk,WR,RB/WR/TE,True,7.0,11.96,False
13,False,2,Zeke -A Virus,14924,T.Y. Hilton,WR,BE,False,3.2,6.05,False
13,False,2,Zeke -A Virus,9354,Robbie Gould,K,BE,False,7.0,7.36,False
13,False,2,Zeke -A Virus,2979477,Tevin Coleman,RB,RB,True,9.2,9.86,False
13,False,2,Zeke -A Virus,-16014,Rams D/ST,D/ST,D/ST,True,12.0,6.16,False
13,False,5,Kissin Cousins ,3059915,Kareem Hunt,RB,BE,False,0.0,0.0,True
13,False,5,Kissin Cousins ,4052042,James Robinson,RB,RB,True,2.0,13.55,False
13,False,5,Kissin Cousins ,4047650,DK Metcalf,WR,WR,True,8.5,11.6,False
13,False,5,Kissin Cousins ,15847,Travis Kelce,TE,TE,True,4.2,13.09,False
13,False,5,Kissin Cousins ,3042778,Corey Davis,WR,BE,False,2.5,9.38,False
13,False,5,Kissin Cousins ,-16027,Buccaneers D/ST,D/ST,D/ST,True,9.0,6.87,False
13,False,5,Kissin Cousins ,4048244,Alexander Mattison,RB,RB,True,19.9,16.3,False
13,False,5,Kissin Cousins ,3895856,Christian Kirk,WR,WR,True,0.9,8.11,False
13,False,5,Kissin Cousins ,14880,Kirk Cousins,QB,QB,True,20.2,17.79,False
13,False,5,Kissin Cousins ,10621,Nick Folk,K,K,True,7.0,9.51,False
13,False,5,Kissin Cousins ,2510863,Eric Kendricks,LB,DP,True,0.0,0.0,False
13,False,5,Kissin Cousins ,3915411,Ty Johnson,RB,RB/WR/TE,True,2.5,6.55,False
13,False,5,Kissin Cousins ,2574808,Robby Anderson,WR,BE,False,0.0,0.0,True
13,False,5,Kissin Cousins ,15920,Latavius Murray,RB,BE,False,4.5,6.98,False
13,False,5,Kissin Cousins ,13994,Cam Newton,QB,BE,False,0.0,0.0,True
13,False,5,Kissin Cousins ,3122976,Jeff Wilson Jr.,RB,BE,False,0.0,4.57,False
13,False,5,Kissin Cousins ,12537,Jared Cook,TE,BE,False,4.4,7.29,False
13,False,3,Jim Ward's Ole Dick Necks,4038941,Justin Herbert,QB,QB,True,26.28,22.03,False
13,False,3,Jim Ward's Ole Dick Necks,3054850,Alvin Kamara,RB,BE,False,0.0,0.0,False
13,False,3,Jim Ward's Ole Dick Necks,4259545,D'Andre Swift,RB,BE,False,0.0,0.0,False
13,False,3,Jim Ward's Ole Dick Necks,4047646,A.J. Brown,WR,BE,False,0.0,0.0,True
13,False,3,Jim Ward's Ole Dick Necks,16731,Brandin Cooks,WR,RB/WR/TE,True,6.9,10.57,False
13,False,3,Jim Ward's Ole Dick Necks,2576925,Darren Waller,TE,BE,False,0.0,0.0,False
13,False,3,Jim Ward's Ole Dick Necks,3119195,Chase Edmonds,RB,IR,False,0.0,0.0,False
13,False,3,Jim Ward's Ole Dick Necks,3917232,Tyler Bass,K,K,True,3.0,7.8,False
13,False,3,Jim Ward's Ole Dick Necks,4243160,Laviska Shenault Jr.,WR,WR,True,4.6,8.03,False
13,False,3,Jim Ward's Ole Dick Necks,4035004,Mecole Hardman,WR,BE,False,1.7,4.77,False
13,False,3,Jim Ward's Ole Dick Necks,4241372,Marquise Brown,WR,WR,True,8.0,13.12,False
13,False,3,Jim Ward's Ole Dick Necks,3115375,Darrel Williams,RB,RB,True,10.5,8.71,False
13,False,3,Jim Ward's Ole Dick Necks,-16022,Cardinals D/ST,D/ST,D/ST,True,11.0,6.65,False
13,False,3,Jim Ward's Ole Dick Necks,2508176,David Johnson,RB,BE,False,0.0,0.0,False
13,False,3,Jim Ward's Ole Dick Necks,-16034,Texans D/ST,D/ST,BE,False,1.0,3.74,False
13,False,3,Jim Ward's Ole Dick Necks,2612151,Alex Singleton,LB,DP,True,8.0,10.32,False
13,False,3,Jim Ward's Ole Dick Necks,3912550,Ronald Jones II,RB,RB,True,0.7,4.7,False
13,False,3,Jim Ward's Ole Dick Necks,3843945,Foster Moreau,TE,TE,True,3.9,8.27,False
13,False,9,Tonie's Tigers,14876,Ryan Tannehill,QB,BE,False,0.0,0.0,True
13,False,9,Tonie's Tigers,3042519,Aaron Jones,RB,BE,False,0.0,0.0,True
13,False,9,Tonie's Tigers,4039359,Darrell Henderson Jr.,RB,RB,True,0.0,9.41,False
13,False,9,Tonie's Tigers,3925357,Calvin Ridley,WR,IR,False,0.0,0.0,False
13,False,9,Tonie's Tigers,3915416,DJ Moore,WR,WR,True,0.0,0.0,True
13,False,9,Tonie's Tigers,2573401,Tyler Higbee,TE,TE,True,7.3,7.79,False
13,False,9,Tonie's Tigers,4361579,Javonte Williams,RB,RB,True,26.8,13.32,False
13,False,9,Tonie's Tigers,14979,Bobby Wagner,LB,DP,True,11.0,9.92,False
13,False,9,Tonie's Tigers,2330,Tom Brady,QB,QB,True,28.62,20.89,False
13,False,9,Tonie's Tigers,2979843,Kenyan Drake,RB,RB/WR/TE,True,1.3,8.13,False
13,False,9,Tonie's Tigers,16790,Jarvis Landry,WR,BE,False,0.0,0.0,True
13,False,9,Tonie's Tigers,2572861,J.D. McKissic,RB,BE,False,0.0,0.0,False
13,False,9,Tonie's Tigers,3046439,Hunter Henry,TE,BE,False,0.0,5.74,False
13,False,9,Tonie's Tigers,15349,Cole Beasley,WR,WR,True,1.6,8.94,False
13,False,9,Tonie's Tigers,10636,Mason Crosby,K,BE,False,0.0,0.0,True
13,False,9,Tonie's Tigers,3049916,Matt Breida,RB,BE,False,1.3,6.61,False
13,False,9,Tonie's Tigers,-16012,Chiefs D/ST,D/ST,D/ST,True,13.0,5.68,False
13,False,9,Tonie's Tigers,4046184,Brian Johnson,K,K,True,6.0,7.63,False
13,False,8,SCLSU Mud Dogs,3139477,Patrick Mahomes,QB,QB,True,12.56,20.69,False
13,False,8,SCLSU Mud Dogs,3116593,Dalvin Cook,RB,BE,False,0.0,0.0,False
13,False,8,SCLSU Mud Dogs,3116385,Joe Mixon,RB,RB,True,9.4,19.79,False
13,False,8,SCLSU Mud Dogs,3121422,Terry McLaurin,WR,RB/WR/TE,True,3.7,13.04,False
13,False,8,SCLSU Mud Dogs,13982,Julio Jones,WR,IR,False,0.0,0.0,True
13,False,8,SCLSU Mud Dogs,3116164,Mike Gesicki,TE,BE,False,8.1,7.77,False
13,False,8,SCLSU Mud Dogs,4362628,Ja'Marr Chase,WR,WR,True,8.7,13.68,False
13,False,8,SCLSU Mud Dogs,4035687,Michael Pittman Jr.,WR,WR,True,14.0,10.72,False
13,False,8,SCLSU Mud Dogs,13229,Rob Gronkowski,TE,TE,True,19.8,10.85,False
13,False,8,SCLSU Mud Dogs,4240657,Michael Carter,RB,BE,False,0.0,0.0,False
13,False,8,SCLSU Mud Dogs,4035676,Zack Moss,RB,BE,False,4.3,0.0,False
13,False,8,SCLSU Mud Dogs,4569173,Rhamondre Stevenson,RB,BE,False,7.8,7.85,False
13,False,8,SCLSU Mud Dogs,3051909,Daniel Carlson,K,K,True,11.0,8.43,False
13,False,8,SCLSU Mud Dogs,16944,Devonta Freeman,RB,RB,True,18.2,9.6,False
13,False,8,SCLSU Mud Dogs,-16033,Ravens D/ST,D/ST,D/ST,True,1.0,5.78,False
13,False,8,SCLSU Mud Dogs,4035434,Devin White,LB,DP,True,10.0,8.55,False
13,False,8,SCLSU Mud Dogs,16757,Derek Carr,QB,BE,False,12.36,17.9,False
13,False,8,SCLSU Mud Dogs,4241463,Jerry Jeudy,WR,BE,False,9.7,9.0,False
13,False,1,"Here Kittle, Kittle",14881,Russell Wilson,QB,BE,False,16.74,16.91,False
13,False,1,"Here Kittle, Kittle",3128720,Nick Chubb,RB,BE,False,0.0,0.0,True
13,False,1,"Here Kittle, Kittle",4360294,Antonio Gibson,RB,RB,True,19.6,14.81,False
13,False,1,"Here Kittle, Kittle",3116165,Chris Godwin,WR,WR,True,22.7,12.73,False
13,False,1,"Here Kittle, Kittle",15818,Keenan Allen,WR,WR,True,19.9,14.26,False
13,False,1,"Here Kittle, Kittle",3040151,George Kittle,TE,TE,True,35.1,10.85,False
13,False,1,"Here Kittle, Kittle",3056362,Darius Leonard,LB,BE,False,4.0,8.22,False
13,False,1,"Here Kittle, Kittle",3126486,Deebo Samuel,WR,BE,False,0.0,0.0,False
13,False,1,"Here Kittle, Kittle",-16017,Patriots D/ST,D/ST,BE,False,9.0,4.35,False
13,False,1,"Here Kittle, Kittle",4239993,Tee Higgins,WR,RB/WR/TE,True,24.3,11.36,False
13,False,1,"Here Kittle, Kittle",3930086,Dawson Knox,TE,BE,False,2.4,8.17,False
13,False,1,"Here Kittle, Kittle",3915511,Joe Burrow,QB,QB,True,16.6,18.19,False
13,False,1,"Here Kittle, Kittle",3125116,D'Onta Foreman,RB,BE,False,0.0,0.0,True
13,False,1,"Here Kittle, Kittle",3929630,Saquon Barkley,RB,RB,True,10.4,12.98,False
13,False,1,"Here Kittle, Kittle",4043130,Jordyn Brooks,LB,DP,True,12.0,9.55,False
13,False,1,"Here Kittle, Kittle",11122,Matt Prater,K,K,True,9.0,7.33,False
13,False,1,"Here Kittle, Kittle",-16016,Vikings D/ST,D/ST,D/ST,True,5.0,6.08,False
13,False,4,Hurts So Good,4040715,Jalen Hurts,QB,BE,False,0.0,0.0,False
13,False,4,Hurts So Good,3068267,Austin Ekeler,RB,RB,True,14.9,16.94,False
13,False,4,Hurts So Good,2976212,Stefon Diggs,WR,RB/WR/TE,True,7.1,13.97,False
13,False,4,Hurts So Good,2976499,Amari Cooper,WR,BE,False,5.1,11.97,False
13,False,4,Hurts So Good,4036133,T.J. Hockenson,TE,TE,True,13.9,8.53,False
13,False,4,Hurts So Good,16460,Adam Thielen,WR,WR,True,0.5,12.54,False
13,False,4,Hurts So Good,-16002,Bills D/ST,D/ST,D/ST,True,5.0,5.91,False
13,False,4,Hurts So Good,3115373,Jamal Adams,S,BE,False,4.0,6.76,False
13,False,4,Hurts So Good,4046692,Chase Claypool,WR,BE,False,6.4,10.95,False
13,False,4,Hurts So Good,3128429,Courtland Sutton,WR,BE,False,2.5,7.65,False
13,False,4,Hurts So Good,2980453,Jamaal Williams,RB,RB,True,8.5,13.43,False
13,False,4,Hurts So Good,4372016,Jaylen Waddle,WR,WR,True,13.5,11.39,False
13,False,4,Hurts So Good,3915486,Tyler Conklin,TE,BE,False,9.1,6.14,False
13,False,4,Hurts So Good,16720,C.J. Mosley,LB,DP,True,13.0,8.85,False
13,False,4,Hurts So Good,3975763,Greg Joseph,K,K,True,10.0,7.9,False
13,False,4,Hurts So Good,3127586,Jeremy McNichols,RB,BE,False,0.0,0.0,True
13,False,4,Hurts So Good,4241479,Tua Tagovailoa,QB,QB,True,17.86,16.71,False
13,False,13,Dak in a Box,2577417,Dak Prescott,QB,QB,True,11.22,19.83,False
13,False,13,Dak in a Box,3919596,Chris Carson,RB,IR,False,0.0,0.0,False
13,False,13,Dak in a Box,16799,Allen Robinson II,WR,BE,False,0.0,0.0,False
13,False,13,Dak in a Box,4036131,Noah Fant,TE,BE,False,5.3,7.68,False
13,False,13,Dak in a Box,3121023,Dallas Goedert,TE,TE,True,25.5,9.3,False
13,False,13,Dak in a Box,4241555,Elijah Mitchell,RB,RB,True,15.9,14.41,False
13,False,13,Dak in a Box,3046409,Alex Collins,RB,BE,False,0.0,0.0,False
13,False,13,Dak in a Box,4240600,Kadarius Toney,WR,BE,False,0.0,0.0,False
13,False,13,Dak in a Box,4360939,Rashod Bateman,WR,WR,True,0.0,7.86,False
13,False,13,Dak in a Box,4040655,Darnell Mooney,WR,WR,True,5.2,11.39,False
13,False,13,Dak in a Box,16733,Odell Beckham Jr.,WR,RB/WR/TE,True,9.8,10.66,False
13,False,13,Dak in a Box,3930066,Van Jefferson,WR,BE,False,13.1,10.54,False
13,False,13,Dak in a Box,3126246,Dontrell Hilliard,RB,BE,False,0.0,0.0,True
13,False,13,Dak in a Box,-16021,Eagles D/ST,D/ST,D/ST,True,6.0,7.1,False
13,False,13,Dak in a Box,14993,Greg Zuerlein,K,K,True,11.0,7.21,False
13,False,13,Dak in a Box,4046676,Tony Jones Jr.,RB,BE,False,0.0,0.0,False
13,False,13,Dak in a Box,2976545,Deion Jones,LB,DP,True,8.0,9.44,False
13,False,13,Dak in a Box,15971,Rex Burkhead,RB,RB,True,5.0,10.01,False
13,False,12,Rule  #76,8439,Aaron Rodgers,QB,BE,False,0.0,0.0,True
13,False,12,Rule  #76,3043078,Derrick Henry,RB,IR,False,0.0,0.0,True
13,False,12,Rule  #76,4045163,Miles Sanders,RB,RB,True,15.7,13.48,False
13,False,12,Rule  #76,15795,DeAndre Hopkins,WR,WR,True,10.2,10.97,False
13,False,12,Rule  #76,4262921,Justin Jefferson,WR,WR,True,30.1,14.96,False
13,False,12,Rule  #76,-16025,49ers D/ST,D/ST,BE,False,9.0,5.95,False
13,False,12,Rule  #76,3886818,Myles Gaskin,RB,RB,True,5.9,13.35,False
13,False,12,Rule  #76,3045147,James Conner,RB,RB/WR/TE,True,18.1,17.24,False
13,False,12,Rule  #76,4040761,Devin Singletary,RB,BE,False,3.6,10.21,False
13,False,12,Rule  #76,4035170,Marquez Callaway,WR,BE,False,1.8,6.58,False
13,False,12,Rule  #76,4372414,Elijah Moore,WR,BE,False,17.6,10.2,False
13,False,12,Rule  #76,15835,Zach Ertz,TE,TE,True,1.5,6.71,False
13,False,12,Rule  #76,3051439,Boston Scott,RB,BE,False,0.0,9.88,False
13,False,12,Rule  #76,3121544,T.J. Edwards,LB,DP,True,11.0,10.08,False
13,False,12,Rule  #76,4249087,Matt Gay,K,K,True,15.0,8.08,False
13,False,12,Rule  #76,3052117,Phillip Lindsay,RB,BE,False,0.0,0.0,False
13,False,12,Rule  #76,-16011,Colts D/ST,D/ST,D/ST,True,16.0,6.6,False
13,False,12,Rule  #76,2565969,Taylor Heinicke,QB,QB,True,14.84,17.43,False
13,False,10,Maitland Tiburon,3917315,Kyler Murray,QB,QB,True,30.82,19.1,False
13,False,10,Maitland Tiburon,4242214,Clyde Edwards-Helaire,RB,BE,False,9.7,10.77,False
13,False,10,Maitland Tiburon,4047365,Josh Jacobs,RB,RB/WR/TE,True,19.5,13.25,False
13,False,10,Maitland Tiburon,16800,Davante Adams,WR,BE,False,0.0,0.0,True
13,False,10,Maitland Tiburon,4360248,Kyle Pitts,TE,BE,False,6.8,10.18,False
13,False,10,Maitland Tiburon,4239934,AJ Dillon,RB,BE,False,0.0,0.0,True
13,False,10,Maitland Tiburon,15072,Marvin Jones Jr.,WR,BE,False,2.1,8.22,False
13,False,10,Maitland Tiburon,3045138,Mike Williams,WR,WR,True,13.5,10.67,False
13,False,10,Maitland Tiburon,-16018,Saints D/ST,D/ST,BE,False,2.0,3.43,False
13,False,10,Maitland Tiburon,15807,Cordarrelle Patterson,RB,RB,True,11.1,14.96,False
13,False,10,Maitland Tiburon,3117256,Dalton Schultz,TE,TE,True,6.8,8.11,False
13,False,10,Maitland Tiburon,3135321,Hunter Renfrow,WR,WR,True,14.7,11.21,False
13,False,10,Maitland Tiburon,-16006,Cowboys D/ST,D/ST,D/ST,True,14.0,5.37,False
13,False,10,Maitland Tiburon,3050073,Foyesade Oluokun,LB,DP,True,15.0,10.74,False
13,False,10,Maitland Tiburon,17372,Chris Boswell,K,K,True,9.0,8.18,False
13,False,10,Maitland Tiburon,14163,Tyrod Taylor,QB,BE,False,1.3,16.7,False
13,False,10,Maitland Tiburon,3128721,Sony Michel,RB,RB,True,20.4,9.94,False
13,False,11,Dez (Bryant) Nuts,12483,Matthew Stafford,QB,QB,True,24.0,19.89,False
13,False,11,Dez (Bryant) Nuts,4241457,Najee Harris,RB,RB,True,13.2,15.54,False
13,False,11,Dez (Bryant) Nuts,4241389,CeeDee Lamb,WR,BE,False,16.7,13.5,False
13,False,11,Dez (Bryant) Nuts,3932905,Diontae Johnson,WR,WR,True,26.5,13.59,False
13,False,11,Dez (Bryant) Nuts,3116365,Mark Andrews,TE,TE,True,7.0,12.23,False
13,False,11,Dez (Bryant) Nuts,3925347,Damien Harris,RB,BE,False,17.1,8.45,False
13,False,11,Dez (Bryant) Nuts,-16007,Broncos D/ST,D/ST,D/ST,True,6.0,3.59,False
13,False,11,Dez (Bryant) Nuts,16339,Brandon McManus,K,K,True,4.0,7.34,False
13,False,11,Dez (Bryant) Nuts,3915189,Roquan Smith,LB,DP,True,8.0,10.61,False
13,False,11,Dez (Bryant) Nuts,3115364,Leonard Fournette,RB,RB,True,18.7,16.72,False
13,False,11,Dez (Bryant) Nuts,4036348,Michael Gallup,WR,BE,False,12.1,8.21,False
13,False,11,Dez (Bryant) Nuts,4241464,Mac Jones,QB,BE,False,0.46,13.49,False
13,False,11,Dez (Bryant) Nuts,4361423,Micah Parsons,LB,BE,False,7.0,8.02,False
13,False,11,Dez (Bryant) Nuts,3061612,Jamal Agnew,WR,IR,False,0.0,0.0,False
13,False,11,Dez (Bryant) Nuts,4241478,DeVonta Smith,WR,WR,True,2.5,11.02,False
13,False,11,Dez (Bryant) Nuts,2576434,Melvin Gordon III,RB,RB/WR/TE,True,0.0,0.0,False
13,False,11,Dez (Bryant) Nuts,17427,Cairo Santos,K,BE,False,2.0,6.2,False
13,False,11,Dez (Bryant) Nuts,-16030,Jaguars D/ST,D/ST,BE,False,-5.0,2.91,False
14,False,2,Zeke -A Virus,3918298,Josh Allen,QB,QB,True,35.22,22.74,False
14,False,2,Zeke -A Virus,3051392,Ezekiel Elliott,RB,RB,True,8.5,15.95,False
14,False,2,Zeke -A Virus,16737,Mike Evans,WR,WR,True,18.1,11.86,False
14,False,2,Zeke -A Virus,2977187,Cooper Kupp,WR,WR,True,24.8,17.96,False
14,False,2,Zeke -A Virus,3055899,Harrison Butker,K,K,True,14.0,8.08,False
14,False,2,Zeke -A Virus,13934,Antonio Brown,WR,BE,False,0.0,0.0,False
14,False,2,Zeke -A Virus,2976592,Sterling Shepard,WR,BE,False,3.7,8.87,False
14,False,2,Zeke -A Virus,4241416,Chuba Hubbard,RB,RB,True,9.3,12.81,False
14,False,2,Zeke -A Virus,3915507,Jerome Baker,LB,BE,False,0.0,0.0,True
14,False,2,Zeke -A Virus,3139602,D'Ernest Johnson,RB,BE,False,3.4,0.0,False
14,False,2,Zeke -A Virus,3116689,Cole Holcomb,LB,DP,True,16.0,9.61,False
14,False,2,Zeke -A Virus,4361411,Pat Freiermuth,TE,TE,True,10.2,8.06,False
14,False,2,Zeke -A Virus,4360438,Brandon Aiyuk,WR,RB/WR/TE,True,15.6,9.9,False
14,False,2,Zeke -A Virus,14924,T.Y. Hilton,WR,BE,False,0.0,0.0,True
14,False,2,Zeke -A Virus,9354,Robbie Gould,K,BE,False,7.0,7.36,False
14,False,2,Zeke -A Virus,2979477,Tevin Coleman,RB,BE,False,0.0,0.0,False
14,False,2,Zeke -A Virus,-16010,Titans D/ST,D/ST,D/ST,True,19.0,6.32,False
14,False,5,Kissin Cousins ,3059915,Kareem Hunt,RB,RB/WR/TE,True,2.8,10.15,False
14,False,5,Kissin Cousins ,4052042,James Robinson,RB,RB,True,1.4,12.71,False
14,False,5,Kissin Cousins ,4047650,DK Metcalf,WR,WR,True,6.3,11.18,False
14,False,5,Kissin Cousins ,15847,Travis Kelce,TE,TE,True,4.2,13.29,False
14,False,5,Kissin Cousins ,-16027,Buccaneers D/ST,D/ST,D/ST,True,0.0,4.39,False
14,False,5,Kissin Cousins ,4048244,Alexander Mattison,RB,RB,True,2.7,5.65,False
14,False,5,Kissin Cousins ,3895856,Christian Kirk,WR,WR,True,10.1,7.71,False
14,False,5,Kissin Cousins ,14880,Kirk Cousins,QB,QB,True,14.04,17.79,False
14,False,5,Kissin Cousins ,10621,Nick Folk,K,BE,False,0.0,0.0,True
14,False,5,Kissin Cousins ,2510863,Eric Kendricks,LB,DP,True,13.0,9.69,False
14,False,5,Kissin Cousins ,3915411,Ty Johnson,RB,BE,False,7.7,9.64,False
14,False,5,Kissin Cousins ,2574808,Robby Anderson,WR,BE,False,18.9,7.1,False
14,False,5,Kissin Cousins ,15920,Latavius Murray,RB,BE,False,6.1,5.06,False
14,False,5,Kissin Cousins ,13994,Cam Newton,QB,BE,False,13.82,16.49,False
14,False,5,Kissin Cousins ,3122976,Jeff Wilson Jr.,RB,BE,False,5.6,10.77,False
14,False,5,Kissin Cousins ,12537,Jared Cook,TE,BE,False,7.8,6.12,False
14,False,5,Kissin Cousins ,12731,Ryan Succop,K,K,True,9.0,7.74,False
14,False,3,Jim Ward's Ole Dick Necks,4038941,Justin Herbert,QB,QB,True,24.9,21.18,False
14,False,3,Jim Ward's Ole Dick Necks,3054850,Alvin Kamara,RB,RB,True,22.5,17.15,False
14,False,3,Jim Ward's Ole Dick Necks,4259545,D'Andre Swift,RB,BE,False,0.0,0.0,False
14,False,3,Jim Ward's Ole Dick Necks,4047646,A.J. Brown,WR,BE,False,0.0,0.0,False
14,False,3,Jim Ward's Ole Dick Necks,16731,Brandin Cooks,WR,RB/WR/TE,True,14.1,10.34,False
14,False,3,Jim Ward's Ole Dick Necks,2576925,Darren Waller,TE,BE,False,0.0,0.0,False
14,False,3,Jim Ward's Ole Dick Necks,3119195,Chase Edmonds,RB,BE,False,0.0,0.0,False
14,False,3,Jim Ward's Ole Dick Necks,3917232,Tyler Bass,K,K,True,10.0,7.41,False
14,False,3,Jim Ward's Ole Dick Necks,4243160,Laviska Shenault Jr.,WR,WR,True,5.4,7.53,False
14,False,3,Jim Ward's Ole Dick Necks,4241372,Marquise Brown,WR,WR,True,6.6,12.36,False
14,False,3,Jim Ward's Ole Dick Necks,3115375,Darrel Williams,RB,RB,True,11.4,8.21,False
14,False,3,Jim Ward's Ole Dick Necks,-16022,Cardinals D/ST,D/ST,BE,False,1.0,4.31,False
14,False,3,Jim Ward's Ole Dick Necks,2508176,David Johnson,RB,BE,False,0.0,0.0,False
14,False,3,Jim Ward's Ole Dick Necks,-16009,Packers D/ST,D/ST,D/ST,True,13.0,7.3,False
14,False,3,Jim Ward's Ole Dick Necks,2576336,Ameer Abdullah,RB,BE,False,4.3,6.66,False
14,False,3,Jim Ward's Ole Dick Necks,4039254,Kyzir White,LB,DP,True,10.0,8.32,False
14,False,3,Jim Ward's Ole Dick Necks,3918639,Gerald Everett,TE,TE,True,9.8,6.6,False
14,False,9,Tonie's Tigers,14876,Ryan Tannehill,QB,BE,False,16.54,15.81,False
14,False,9,Tonie's Tigers,3042519,Aaron Jones,RB,RB,True,20.0,14.89,False
14,False,9,Tonie's Tigers,4039359,Darrell Henderson Jr.,RB,BE,False,0.0,0.0,False
14,False,9,Tonie's Tigers,3925357,Calvin Ridley,WR,IR,False,0.0,0.0,False
14,False,9,Tonie's Tigers,3915416,DJ Moore,WR,WR,True,11.4,11.78,False
14,False,9,Tonie's Tigers,2573401,Tyler Higbee,TE,TE,True,0.0,0.0,False
14,False,9,Tonie's Tigers,4361579,Javonte Williams,RB,RB,True,20.8,11.94,False
14,False,9,Tonie's Tigers,14979,Bobby Wagner,LB,DP,True,15.0,9.54,False
14,False,9,Tonie's Tigers,2330,Tom Brady,QB,QB,True,30.12,19.21,False
14,False,9,Tonie's Tigers,2979843,Kenyan Drake,RB,BE,False,0.0,0.0,False
14,False,9,Tonie's Tigers,16790,Jarvis Landry,WR,RB/WR/TE,True,12.6,10.51,False
14,False,9,Tonie's Tigers,2572861,J.D. McKissic,RB,BE,False,0.0,0.0,False
14,False,9,Tonie's Tigers,3046439,Hunter Henry,TE,BE,False,0.0,0.0,True
14,False,9,Tonie's Tigers,15349,Cole Beasley,WR,WR,True,10.9,8.83,False
14,False,9,Tonie's Tigers,10636,Mason Crosby,K,BE,False,9.0,8.17,False
14,False,9,Tonie's Tigers,3049916,Matt Breida,RB,BE,False,1.2,3.98,False
14,False,9,Tonie's Tigers,-16012,Chiefs D/ST,D/ST,D/ST,True,25.0,5.24,False
14,False,9,Tonie's Tigers,4046184,Brian Johnson,K,K,True,0.0,7.82,False
14,False,13,Dak in a Box,2577417,Dak Prescott,QB,QB,True,9.94,19.74,False
14,False,13,Dak in a Box,3919596,Chris Carson,RB,IR,False,0.0,0.0,False
14,False,13,Dak in a Box,16799,Allen Robinson II,WR,BE,False,2.4,8.27,False
14,False,13,Dak in a Box,4036131,Noah Fant,TE,TE,True,7.1,6.8,False
14,False,13,Dak in a Box,3121023,Dallas Goedert,TE,BE,False,0.0,0.0,True
14,False,13,Dak in a Box,4241555,Elijah Mitchell,RB,BE,False,0.0,0.0,False
14,False,13,Dak in a Box,3046409,Alex Collins,RB,BE,False,2.2,8.35,False
14,False,13,Dak in a Box,4240600,Kadarius Toney,WR,BE,False,0.0,0.0,False
14,False,13,Dak in a Box,4360939,Rashod Bateman,WR,BE,False,13.8,4.37,False
14,False,13,Dak in a Box,4040655,Darnell Mooney,WR,WR,True,3.4,10.38,False
14,False,13,Dak in a Box,16733,Odell Beckham Jr.,WR,RB/WR/TE,True,16.7,10.83,False
14,False,13,Dak in a Box,3930066,Van Jefferson,WR,WR,True,13.8,10.55,False
14,False,13,Dak in a Box,3126246,Dontrell Hilliard,RB,RB,True,1.3,8.94,False
14,False,13,Dak in a Box,-16021,Eagles D/ST,D/ST,BE,False,0.0,0.0,True
14,False,13,Dak in a Box,14993,Greg Zuerlein,K,K,True,13.0,7.38,False
14,False,13,Dak in a Box,2976545,Deion Jones,LB,DP,True,6.0,9.36,False
14,False,13,Dak in a Box,15971,Rex Burkhead,RB,RB,True,8.6,9.79,False
14,False,13,Dak in a Box,-16016,Vikings D/ST,D/ST,D/ST,True,5.0,4.83,False
14,False,1,"Here Kittle, Kittle",14881,Russell Wilson,QB,BE,False,21.2,16.62,False
14,False,1,"Here Kittle, Kittle",3128720,Nick Chubb,RB,RB,True,8.0,12.82,False
14,False,1,"Here Kittle, Kittle",4360294,Antonio Gibson,RB,RB,True,3.1,15.02,False
14,False,1,"Here Kittle, Kittle",3116165,Chris Godwin,WR,WR,True,15.5,12.85,False
14,False,1,"Here Kittle, Kittle",15818,Keenan Allen,WR,BE,False,0.0,0.0,False
14,False,1,"Here Kittle, Kittle",3040151,George Kittle,TE,TE,True,27.6,11.56,False
14,False,1,"Here Kittle, Kittle",3056362,Darius Leonard,LB,BE,False,0.0,0.0,True
14,False,1,"Here Kittle, Kittle",3126486,Deebo Samuel,WR,WR,True,12.4,15.68,False
14,False,1,"Here Kittle, Kittle",-16017,Patriots D/ST,D/ST,BE,False,0.0,0.0,True
14,False,1,"Here Kittle, Kittle",4239993,Tee Higgins,WR,RB/WR/TE,True,13.9,11.97,False
14,False,1,"Here Kittle, Kittle",3930086,Dawson Knox,TE,BE,False,16.5,8.62,False
14,False,1,"Here Kittle, Kittle",3915511,Joe Burrow,QB,QB,True,22.22,16.66,False
14,False,1,"Here Kittle, Kittle",3125116,D'Onta Foreman,RB,BE,False,13.2,10.6,False
14,False,1,"Here Kittle, Kittle",3929630,Saquon Barkley,RB,BE,False,17.0,12.2,False
14,False,1,"Here Kittle, Kittle",4043130,Jordyn Brooks,LB,DP,True,10.0,9.35,False
14,False,1,"Here Kittle, Kittle",11122,Matt Prater,K,K,True,16.0,7.77,False
14,False,1,"Here Kittle, Kittle",-16026,Seahawks D/ST,D/ST,D/ST,True,4.0,7.44,False
14,False,4,Hurts So Good,4040715,Jalen Hurts,QB,BE,False,0.0,0.0,True
14,False,4,Hurts So Good,3068267,Austin Ekeler,RB,RB,True,15.4,17.59,False
14,False,4,Hurts So Good,2976212,Stefon Diggs,WR,RB/WR/TE,True,10.9,14.59,False
14,False,4,Hurts So Good,2976499,Amari Cooper,WR,WR,True,13.6,11.41,False
14,False,4,Hurts So Good,4036133,T.J. Hockenson,TE,BE,False,0.0,0.0,False
14,False,4,Hurts So Good,16460,Adam Thielen,WR,IR,False,0.0,0.0,False
14,False,4,Hurts So Good,-16002,Bills D/ST,D/ST,D/ST,True,-4.0,3.56,False
14,False,4,Hurts So Good,3115373,Jamal Adams,S,BE,False,0.0,0.0,False
14,False,4,Hurts So Good,4046692,Chase Claypool,WR,WR,True,13.5,10.67,False
14,False,4,Hurts So Good,3128429,Courtland Sutton,WR,BE,False,1.4,7.08,False
14,False,4,Hurts So Good,2980453,Jamaal Williams,RB,BE,False,0.0,0.0,False
14,False,4,Hurts So Good,4372016,Jaylen Waddle,WR,BE,False,0.0,0.0,True
14,False,4,Hurts So Good,3915486,Tyler Conklin,TE,BE,False,3.0,7.29,False
14,False,4,Hurts So Good,16720,C.J. Mosley,LB,DP,True,17.0,9.17,False
14,False,4,Hurts So Good,3975763,Greg Joseph,K,K,True,12.0,8.48,False
14,False,4,Hurts So Good,3127586,Jeremy McNichols,RB,RB,True,1.6,5.28,False
14,False,4,Hurts So Good,5536,Ben Roethlisberger,QB,QB,True,24.82,16.32,False
14,False,4,Hurts So Good,3043275,Austin Hooper,TE,TE,True,12.5,7.09,False
14,False,8,SCLSU Mud Dogs,3139477,Patrick Mahomes,QB,QB,True,20.32,21.1,False
14,False,8,SCLSU Mud Dogs,3116593,Dalvin Cook,RB,RB,True,34.7,16.79,False
14,False,8,SCLSU Mud Dogs,3116385,Joe Mixon,RB,RB/WR/TE,True,7.8,18.48,False
14,False,8,SCLSU Mud Dogs,3121422,Terry McLaurin,WR,WR,True,0.0,11.66,False
14,False,8,SCLSU Mud Dogs,13982,Julio Jones,WR,IR,False,5.3,8.92,False
14,False,8,SCLSU Mud Dogs,3116164,Mike Gesicki,TE,BE,False,0.0,0.0,True
14,False,8,SCLSU Mud Dogs,4362628,Ja'Marr Chase,WR,WR,True,22.8,12.48,False
14,False,8,SCLSU Mud Dogs,4035687,Michael Pittman Jr.,WR,BE,False,0.0,0.0,True
14,False,8,SCLSU Mud Dogs,13229,Rob Gronkowski,TE,TE,True,8.7,11.53,False
14,False,8,SCLSU Mud Dogs,4240657,Michael Carter,RB,BE,False,0.0,0.0,False
14,False,8,SCLSU Mud Dogs,4569173,Rhamondre Stevenson,RB,BE,False,0.0,0.0,True
14,False,8,SCLSU Mud Dogs,3051909,Daniel Carlson,K,K,True,3.0,8.04,False
14,False,8,SCLSU Mud Dogs,16944,Devonta Freeman,RB,RB,True,9.7,11.07,False
14,False,8,SCLSU Mud Dogs,-16033,Ravens D/ST,D/ST,D/ST,True,4.0,5.7,False
14,False,8,SCLSU Mud Dogs,4035434,Devin White,LB,DP,True,13.0,8.81,False
14,False,8,SCLSU Mud Dogs,16757,Derek Carr,QB,BE,False,10.52,15.89,False
14,False,8,SCLSU Mud Dogs,4241463,Jerry Jeudy,WR,BE,False,7.2,8.15,False
14,False,8,SCLSU Mud Dogs,13981,Mark Ingram II,RB,BE,False,0.0,0.0,False
14,False,12,Rule  #76,8439,Aaron Rodgers,QB,QB,True,29.64,19.18,False
14,False,12,Rule  #76,3043078,Derrick Henry,RB,IR,False,0.0,0.0,False
14,False,12,Rule  #76,4045163,Miles Sanders,RB,BE,False,0.0,0.0,True
14,False,12,Rule  #76,15795,DeAndre Hopkins,WR,WR,True,7.9,11.25,False
14,False,12,Rule  #76,4262921,Justin Jefferson,WR,WR,True,17.0,16.17,False
14,False,12,Rule  #76,-16025,49ers D/ST,D/ST,BE,False,8.0,5.7,False
14,False,12,Rule  #76,3886818,Myles Gaskin,RB,BE,False,0.0,0.0,True
14,False,12,Rule  #76,3045147,James Conner,RB,RB,True,29.0,11.62,False
14,False,12,Rule  #76,4040761,Devin Singletary,RB,RB,True,11.9,7.96,False
14,False,12,Rule  #76,4035170,Marquez Callaway,WR,BE,False,4.4,6.43,False
14,False,12,Rule  #76,4372414,Elijah Moore,WR,BE,False,0.0,0.0,False
14,False,12,Rule  #76,15835,Zach Ertz,TE,BE,False,6.7,6.3,False
14,False,12,Rule  #76,3051439,Boston Scott,RB,BE,False,0.0,0.0,True
14,False,12,Rule  #76,4249087,Matt Gay,K,K,True,14.0,7.82,False
14,False,12,Rule  #76,-16024,Chargers D/ST,D/ST,D/ST,True,6.0,6.39,False
14,False,12,Rule  #76,4258599,Jeremiah Owusu-Koramoah,LB,DP,True,6.0,9.32,False
14,False,12,Rule  #76,3843945,Foster Moreau,TE,TE,True,3.8,6.73,False
14,False,12,Rule  #76,2576716,Jamison Crowder,WR,RB/WR/TE,True,3.4,9.11,False
14,False,10,Maitland Tiburon,3917315,Kyler Murray,QB,QB,True,17.42,20.04,False
14,False,10,Maitland Tiburon,4242214,Clyde Edwards-Helaire,RB,RB/WR/TE,True,17.7,11.87,False
14,False,10,Maitland Tiburon,4047365,Josh Jacobs,RB,RB,True,7.5,13.96,False
14,False,10,Maitland Tiburon,16800,Davante Adams,WR,WR,True,29.1,15.75,False
14,False,10,Maitland Tiburon,4360248,Kyle Pitts,TE,BE,False,8.6,8.2,False
14,False,10,Maitland Tiburon,4239934,AJ Dillon,RB,BE,False,7.1,9.26,False
14,False,10,Maitland Tiburon,15072,Marvin Jones Jr.,WR,BE,False,11.0,7.47,False
14,False,10,Maitland Tiburon,3045138,Mike Williams,WR,BE,False,9.1,12.73,False
14,False,10,Maitland Tiburon,-16018,Saints D/ST,D/ST,D/ST,True,8.0,7.6,False
14,False,10,Maitland Tiburon,15807,Cordarrelle Patterson,RB,RB,True,12.9,13.9,False
14,False,10,Maitland Tiburon,3117256,Dalton Schultz,TE,TE,True,0.9,8.09,False
14,False,10,Maitland Tiburon,3135321,Hunter Renfrow,WR,WR,True,23.2,11.2,False
14,False,10,Maitland Tiburon,-16006,Cowboys D/ST,D/ST,BE,False,24.0,5.89,False
14,False,10,Maitland Tiburon,3050073,Foyesade Oluokun,LB,DP,True,7.0,10.74,False
14,False,10,Maitland Tiburon,17372,Chris Boswell,K,K,True,1.0,7.72,False
14,False,10,Maitland Tiburon,3128721,Sony Michel,RB,BE,False,7.9,13.89,False
14,False,10,Maitland Tiburon,2468609,Taysom Hill,QB,BE,False,26.3,21.1,False
14,False,11,Dez (Bryant) Nuts,12483,Matthew Stafford,QB,QB,True,23.48,18.68,False
14,False,11,Dez (Bryant) Nuts,4241457,Najee Harris,RB,RB,True,24.9,16.24,False
14,False,11,Dez (Bryant) Nuts,4241389,CeeDee Lamb,WR,WR,True,12.1,13.42,False
14,False,11,Dez (Bryant) Nuts,3932905,Diontae Johnson,WR,WR,True,12.8,14.66,False
14,False,11,Dez (Bryant) Nuts,3116365,Mark Andrews,TE,TE,True,23.0,11.93,False
14,False,11,Dez (Bryant) Nuts,3925347,Damien Harris,RB,BE,False,0.0,0.0,True
14,False,11,Dez (Bryant) Nuts,-16007,Broncos D/ST,D/ST,D/ST,True,9.0,6.18,False
14,False,11,Dez (Bryant) Nuts,16339,Brandon McManus,K,K,True,10.0,7.64,False
14,False,11,Dez (Bryant) Nuts,3915189,Roquan Smith,LB,DP,True,9.0,10.27,False
14,False,11,Dez (Bryant) Nuts,3115364,Leonard Fournette,RB,RB,True,21.2,15.36,False
14,False,11,Dez (Bryant) Nuts,4036348,Michael Gallup,WR,BE,False,8.5,9.69,False
14,False,11,Dez (Bryant) Nuts,4241464,Mac Jones,QB,BE,False,0.0,0.0,True
14,False,11,Dez (Bryant) Nuts,4361423,Micah Parsons,LB,BE,False,9.0,8.1,False
14,False,11,Dez (Bryant) Nuts,3061612,Jamal Agnew,WR,IR,False,0.0,0.0,False
14,False,11,Dez (Bryant) Nuts,4241478,DeVonta Smith,WR,BE,False,0.0,0.0,True
14,False,11,Dez (Bryant) Nuts,2576434,Melvin Gordon III,RB,RB/WR/TE,True,23.1,12.05,False
14,False,11,Dez (Bryant) Nuts,17427,Cairo Santos,K,BE,False,14.0,6.19,False
14,False,11,Dez (Bryant) Nuts,-16030,Jaguars D/ST,D/ST,BE,False,6.0,4.85,False
14,False,6,This Year Will  Be A Brees ,3916387,Lamar Jackson,QB,QB,True,1.18,22.21,False
14,False,6,This Year Will  Be A Brees ,4242335,Jonathan Taylor,RB,BE,False,0.0,0.0,True
14,False,6,This Year Will  Be A Brees ,4035538,David Montgomery,RB,RB,True,11.1,12.42,False
14,False,6,This Year Will  Be A Brees ,3116406,Tyreek Hill,WR,WR,True,9.6,16.03,False
14,False,6,This Year Will  Be A Brees ,2577327,Tyler Lockett,WR,WR,True,24.7,10.88,False
14,False,6,This Year Will  Be A Brees ,-16023,Steelers D/ST,D/ST,D/ST,True,-4.0,3.36,False
14,False,6,This Year Will  Be A Brees ,15683,Justin Tucker,K,K,True,15.0,8.07,False
14,False,6,This Year Will  Be A Brees ,3916148,Tony Pollard,RB,BE,False,0.0,0.0,False
14,False,6,This Year Will  Be A Brees ,3134353,Tim Patrick,WR,BE,False,3.1,6.28,False
14,False,6,This Year Will  Be A Brees ,13295,Emmanuel Sanders,WR,BE,False,3.0,8.69,False
14,False,6,This Year Will  Be A Brees ,2579621,Denzel Perryman,LB,BE,False,0.0,0.0,False
14,False,6,This Year Will  Be A Brees ,3916430,Nyheim Hines,RB,BE,False,0.0,0.0,True
14,False,6,This Year Will  Be A Brees ,-16015,Dolphins D/ST,D/ST,BE,False,0.0,0.0,True
14,False,6,This Year Will  Be A Brees ,3115378,Russell Gage,WR,RB/WR/TE,True,8.4,8.28,False
14,False,6,This Year Will  Be A Brees ,4258595,Cole Kmet,TE,TE,True,3.2,6.74,False
14,False,6,This Year Will  Be A Brees ,3123857,Austin Walter,RB,RB,True,0.0,8.74,False
14,False,6,This Year Will  Be A Brees ,3138826,Fred Warner,LB,DP,True,7.0,9.0,False
15,True,8,SCLSU Mud Dogs,3139477,Patrick Mahomes,QB,QB,True,30.6,20.9,False
15,True,8,SCLSU Mud Dogs,3116593,Dalvin Cook,RB,RB/WR/TE,True,10.1,19.68,False
15,True,8,SCLSU Mud Dogs,3116385,Joe Mixon,RB,RB,True,6.5,15.8,False
15,True,8,SCLSU Mud Dogs,3121422,Terry McLaurin,WR,BE,False,6.1,10.35,False
15,True,8,SCLSU Mud Dogs,13982,Julio Jones,WR,BE,False,1.0,9.28,False
15,True,8,SCLSU Mud Dogs,3116164,Mike Gesicki,TE,BE,False,6.8,8.55,False
15,True,8,SCLSU Mud Dogs,4362628,Ja'Marr Chase,WR,WR,True,0.8,12.71,False
15,True,8,SCLSU Mud Dogs,4035687,Michael Pittman Jr.,WR,WR,True,1.2,10.23,False
15,True,8,SCLSU Mud Dogs,13229,Rob Gronkowski,TE,TE,True,3.9,12.39,False
15,True,8,SCLSU Mud Dogs,4240657,Michael Carter,RB,IR,False,2.5,12.19,False
15,True,8,SCLSU Mud Dogs,4569173,Rhamondre Stevenson,RB,RB,True,4.5,12.98,False
15,True,8,SCLSU Mud Dogs,3051909,Daniel Carlson,K,K,True,12.0,7.56,False
15,True,8,SCLSU Mud Dogs,16944,Devonta Freeman,RB,BE,False,2.9,12.83,False
15,True,8,SCLSU Mud Dogs,4035434,Devin White,LB,DP,True,8.0,8.99,False
15,True,8,SCLSU Mud Dogs,16757,Derek Carr,QB,BE,False,10.14,15.42,False
15,True,8,SCLSU Mud Dogs,4241463,Jerry Jeudy,WR,BE,False,0.0,7.94,False
15,True,8,SCLSU Mud Dogs,13981,Mark Ingram II,RB,BE,False,2.8,4.15,False
15,True,8,SCLSU Mud Dogs,-16005,Browns D/ST,D/ST,D/ST,True,7.0,5.14,False
15,True,4,Hurts So Good,4040715,Jalen Hurts,QB,QB,True,27.64,21.49,False
15,True,4,Hurts So Good,3068267,Austin Ekeler,RB,RB,True,16.2,17.06,False
15,True,4,Hurts So Good,2976212,Stefon Diggs,WR,RB/WR/TE,True,12.5,12.73,False
15,True,4,Hurts So Good,2976499,Amari Cooper,WR,WR,True,1.8,11.0,False
15,True,4,Hurts So Good,4036133,T.J. Hockenson,TE,BE,False,0.0,0.0,False
15,True,4,Hurts So Good,16460,Adam Thielen,WR,IR,False,0.0,0.0,False
15,True,4,Hurts So Good,-16002,Bills D/ST,D/ST,D/ST,True,9.0,7.45,False
15,True,4,Hurts So Good,3115373,Jamal Adams,S,BE,False,0.0,0.0,False
15,True,4,Hurts So Good,4046692,Chase Claypool,WR,WR,True,1.9,10.48,False
15,True,4,Hurts So Good,3128429,Courtland Sutton,WR,BE,False,2.2,6.55,False
15,True,4,Hurts So Good,2980453,Jamaal Williams,RB,BE,False,0.0,0.0,False
15,True,4,Hurts So Good,4372016,Jaylen Waddle,WR,BE,False,0.0,0.0,False
15,True,4,Hurts So Good,3915486,Tyler Conklin,TE,TE,True,1.2,6.85,False
15,True,4,Hurts So Good,16720,C.J. Mosley,LB,DP,True,14.0,9.96,False
15,True,4,Hurts So Good,3975763,Greg Joseph,K,K,True,5.0,8.18,False
15,True,4,Hurts So Good,5536,Ben Roethlisberger,QB,BE,False,11.92,15.05,False
15,True,4,Hurts So Good,3043275,Austin Hooper,TE,BE,False,0.0,0.0,False
15,True,4,Hurts So Good,3122672,Royce Freeman,RB,RB,True,0.8,4.72,False
15,True,1,"Here Kittle, Kittle",14881,Russell Wilson,QB,BE,False,4.24,16.72,False
15,True,1,"Here Kittle, Kittle",3128720,Nick Chubb,RB,RB,True,15.8,16.64,False
15,True,1,"Here Kittle, Kittle",4360294,Antonio Gibson,RB,RB,True,15.5,13.43,False
15,True,1,"Here Kittle, Kittle",3116165,Chris Godwin,WR,WR,True,7.9,14.89,False
15,True,1,"Here Kittle, Kittle",15818,Keenan Allen,WR,RB/WR/TE,True,16.8,13.85,False
15,True,1,"Here Kittle, Kittle",3040151,George Kittle,TE,TE,True,12.3,12.29,False
15,True,1,"Here Kittle, Kittle",3056362,Darius Leonard,LB,BE,False,14.0,8.26,False
15,True,1,"Here Kittle, Kittle",3126486,Deebo Samuel,WR,WR,True,16.9,17.81,False
15,True,1,"Here Kittle, Kittle",-16017,Patriots D/ST,D/ST,D/ST,True,5.0,4.65,False
15,True,1,"Here Kittle, Kittle",4239993,Tee Higgins,WR,BE,False,3.3,11.83,False
15,True,1,"Here Kittle, Kittle",3930086,Dawson Knox,TE,BE,False,5.8,9.06,False
15,True,1,"Here Kittle, Kittle",3915511,Joe Burrow,QB,BE,False,12.78,15.36,False
15,True,1,"Here Kittle, Kittle",3125116,D'Onta Foreman,RB,BE,False,14.5,9.97,False
15,True,1,"Here Kittle, Kittle",3929630,Saquon Barkley,RB,BE,False,7.4,12.31,False
15,True,1,"Here Kittle, Kittle",4043130,Jordyn Brooks,LB,DP,True,11.0,9.56,False
15,True,1,"Here Kittle, Kittle",11122,Matt Prater,K,K,True,6.0,7.56,False
15,True,1,"Here Kittle, Kittle",4241479,Tua Tagovailoa,QB,QB,True,13.74,19.62,False
15,True,2,Zeke -A Virus,3918298,Josh Allen,QB,QB,True,20.8,22.71,False
15,True,2,Zeke -A Virus,3051392,Ezekiel Elliott,RB,RB,True,14.7,12.89,False
15,True,2,Zeke -A Virus,16737,Mike Evans,WR,WR,True,1.9,11.8,False
15,True,2,Zeke -A Virus,2977187,Cooper Kupp,WR,WR,True,30.2,19.7,False
15,True,2,Zeke -A Virus,3055899,Harrison Butker,K,K,True,8.0,7.73,False
15,True,2,Zeke -A Virus,13934,Antonio Brown,WR,BE,False,0.0,0.0,False
15,True,2,Zeke -A Virus,2976592,Sterling Shepard,WR,BE,False,3.5,8.46,False
15,True,2,Zeke -A Virus,4241416,Chuba Hubbard,RB,RB,True,4.6,9.47,False
15,True,2,Zeke -A Virus,3915507,Jerome Baker,LB,BE,False,11.0,6.89,False
15,True,2,Zeke -A Virus,3139602,D'Ernest Johnson,RB,BE,False,3.5,6.17,False
15,True,2,Zeke -A Virus,3116689,Cole Holcomb,LB,DP,True,10.0,8.88,False
15,True,2,Zeke -A Virus,4361411,Pat Freiermuth,TE,TE,True,5.7,7.04,False
15,True,2,Zeke -A Virus,4360438,Brandon Aiyuk,WR,RB/WR/TE,True,4.1,11.12,False
15,True,2,Zeke -A Virus,14924,T.Y. Hilton,WR,BE,False,2.4,5.21,False
15,True,2,Zeke -A Virus,9354,Robbie Gould,K,BE,False,7.0,7.52,False
15,True,2,Zeke -A Virus,2979477,Tevin Coleman,RB,BE,False,5.0,5.02,False
15,True,2,Zeke -A Virus,-16010,Titans D/ST,D/ST,D/ST,True,6.0,6.04,False
15,True,12,Rule  #76,8439,Aaron Rodgers,QB,QB,True,23.82,19.57,False
15,True,12,Rule  #76,3043078,Derrick Henry,RB,IR,False,0.0,0.0,False
15,True,12,Rule  #76,4045163,Miles Sanders,RB,BE,False,15.6,10.19,False
15,True,12,Rule  #76,4262921,Justin Jefferson,WR,WR,True,12.7,18.03,False
15,True,12,Rule  #76,-16025,49ers D/ST,D/ST,D/ST,True,10.0,6.65,False
15,True,12,Rule  #76,3886818,Myles Gaskin,RB,RB/WR/TE,True,5.4,12.9,False
15,True,12,Rule  #76,3045147,James Conner,RB,RB,True,9.0,12.26,False
15,True,12,Rule  #76,4040761,Devin Singletary,RB,RB,True,16.1,10.46,False
15,True,12,Rule  #76,4035170,Marquez Callaway,WR,BE,False,14.2,6.25,False
15,True,12,Rule  #76,4372414,Elijah Moore,WR,BE,False,0.0,0.0,False
15,True,12,Rule  #76,15835,Zach Ertz,TE,TE,True,10.4,7.34,False
15,True,12,Rule  #76,3051439,Boston Scott,RB,BE,False,0.0,4.68,False
15,True,12,Rule  #76,4249087,Matt Gay,K,K,True,10.0,8.41,False
15,True,12,Rule  #76,-16024,Chargers D/ST,D/ST,BE,False,-1.0,4.18,False
15,True,12,Rule  #76,4258599,Jeremiah Owusu-Koramoah,LB,BE,False,8.0,7.46,False
15,True,12,Rule  #76,2576716,Jamison Crowder,WR,WR,True,6.5,8.18,False
15,True,12,Rule  #76,3121544,T.J. Edwards,LB,DP,True,6.0,10.33,False
15,True,12,Rule  #76,15478,Brandon Bolden,RB,BE,False,6.9,5.8,False
15,True,6,This Year Will  Be A Brees ,3916387,Lamar Jackson,QB,BE,False,0.0,0.0,False
15,True,6,This Year Will  Be A Brees ,4242335,Jonathan Taylor,RB,RB,True,23.0,20.62,False
15,True,6,This Year Will  Be A Brees ,4035538,David Montgomery,RB,RB,True,8.8,14.22,False
15,True,6,This Year Will  Be A Brees ,3116406,Tyreek Hill,WR,WR,True,26.8,15.46,False
15,True,6,This Year Will  Be A Brees ,2577327,Tyler Lockett,WR,BE,False,0.0,0.0,False
15,True,6,This Year Will  Be A Brees ,15683,Justin Tucker,K,K,True,6.0,7.86,False
15,True,6,This Year Will  Be A Brees ,3916148,Tony Pollard,RB,RB/WR/TE,True,10.2,9.52,False
15,True,6,This Year Will  Be A Brees ,3134353,Tim Patrick,WR,BE,False,11.7,7.02,False
15,True,6,This Year Will  Be A Brees ,13295,Emmanuel Sanders,WR,IR,False,0.0,0.0,False
15,True,6,This Year Will  Be A Brees ,2579621,Denzel Perryman,LB,BE,False,0.0,0.0,False
15,True,6,This Year Will  Be A Brees ,3916430,Nyheim Hines,RB,BE,False,7.3,5.4,False
15,True,6,This Year Will  Be A Brees ,-16015,Dolphins D/ST,D/ST,D/ST,True,10.0,8.84,False
15,True,6,This Year Will  Be A Brees ,3115378,Russell Gage,WR,BE,False,19.1,9.71,False
15,True,6,This Year Will  Be A Brees ,4258595,Cole Kmet,TE,TE,True,10.1,6.75,False
15,True,6,This Year Will  Be A Brees ,3138826,Fred Warner,LB,DP,True,11.0,8.53,False
15,True,6,This Year Will  Be A Brees ,2576623,DeVante Parker,WR,WR,True,15.8,11.48,False
15,True,6,This Year Will  Be A Brees ,3123076,David Njoku,TE,BE,False,4.4,7.19,False
15,True,6,This Year Will  Be A Brees ,4362887,Justin Fields,QB,QB,True,16.9,18.02,False
15,True,10,Maitland Tiburon,3917315,Kyler Murray,QB,QB,True,12.58,20.6,False
15,True,10,Maitland Tiburon,4242214,Clyde Edwards-Helaire,RB,RB/WR/TE,True,8.0,12.03,False
15,True,10,Maitland Tiburon,4047365,Josh Jacobs,RB,RB,True,10.9,14.84,False
15,True,10,Maitland Tiburon,16800,Davante Adams,WR,WR,True,13.4,17.67,False
15,True,10,Maitland Tiburon,4360248,Kyle Pitts,TE,TE,True,9.7,9.14,False
15,True,10,Maitland Tiburon,4239934,AJ Dillon,RB,BE,False,10.0,8.97,False
15,True,10,Maitland Tiburon,15072,Marvin Jones Jr.,WR,BE,False,2.4,7.64,False
15,True,10,Maitland Tiburon,3045138,Mike Williams,WR,BE,False,6.4,11.07,False
15,True,10,Maitland Tiburon,-16018,Saints D/ST,D/ST,BE,False,13.0,2.98,False
15,True,10,Maitland Tiburon,15807,Cordarrelle Patterson,RB,RB,True,3.3,14.52,False
15,True,10,Maitland Tiburon,3117256,Dalton Schultz,TE,BE,False,16.7,7.2,False
15,True,10,Maitland Tiburon,3135321,Hunter Renfrow,WR,WR,True,5.7,11.7,False
15,True,10,Maitland Tiburon,-16006,Cowboys D/ST,D/ST,D/ST,True,13.0,7.75,False
15,True,10,Maitland Tiburon,3050073,Foyesade Oluokun,LB,DP,True,10.0,10.31,False
15,True,10,Maitland Tiburon,17372,Chris Boswell,K,K,True,14.0,7.81,False
15,True,10,Maitland Tiburon,3128721,Sony Michel,RB,BE,False,12.5,7.43,False
15,True,10,Maitland Tiburon,2468609,Taysom Hill,QB,BE,False,9.46,20.11,False
15,True,11,Dez (Bryant) Nuts,12483,Matthew Stafford,QB,QB,True,15.46,20.08,False
15,True,11,Dez (Bryant) Nuts,4241457,Najee Harris,RB,RB,True,3.6,15.67,False
15,True,11,Dez (Bryant) Nuts,4241389,CeeDee Lamb,WR,WR,True,8.0,12.58,False
15,True,11,Dez (Bryant) Nuts,3932905,Diontae Johnson,WR,WR,True,7.3,13.57,False
15,True,11,Dez (Bryant) Nuts,3116365,Mark Andrews,TE,TE,True,30.6,12.75,False
15,True,11,Dez (Bryant) Nuts,3925347,Damien Harris,RB,BE,False,0.0,0.0,False
15,True,11,Dez (Bryant) Nuts,-16007,Broncos D/ST,D/ST,BE,False,6.0,5.57,False
15,True,11,Dez (Bryant) Nuts,16339,Brandon McManus,K,K,True,5.0,7.46,False
15,True,11,Dez (Bryant) Nuts,3915189,Roquan Smith,LB,DP,True,10.0,10.65,False
15,True,11,Dez (Bryant) Nuts,3115364,Leonard Fournette,RB,RB,True,10.2,15.56,False
15,True,11,Dez (Bryant) Nuts,4036348,Michael Gallup,WR,BE,False,4.7,9.68,False
15,True,11,Dez (Bryant) Nuts,4241464,Mac Jones,QB,BE,False,17.16,14.69,False
15,True,11,Dez (Bryant) Nuts,4361423,Micah Parsons,LB,BE,False,1.0,7.66,False
15,True,11,Dez (Bryant) Nuts,3061612,Jamal Agnew,WR,IR,False,0.0,0.0,False
15,True,11,Dez (Bryant) Nuts,4241478,DeVonta Smith,WR,BE,False,5.5,7.77,False
15,True,11,Dez (Bryant) Nuts,2576434,Melvin Gordon III,RB,RB/WR/TE,True,6.6,11.87,False
15,True,11,Dez (Bryant) Nuts,17427,Cairo Santos,K,BE,False,2.0,7.38,False
15,True,11,Dez (Bryant) Nuts,-16030,Jaguars D/ST,D/ST,D/ST,True,4.0,7.32,False
15,True,3,Jim Ward's Ole Dick Necks,4038941,Justin Herbert,QB,QB,True,23.04,21.73,False
15,True,3,Jim Ward's Ole Dick Necks,3054850,Alvin Kamara,RB,RB,True,4.1,15.64,False
15,True,3,Jim Ward's Ole Dick Necks,4259545,D'Andre Swift,RB,BE,False,0.0,0.0,False
15,True,3,Jim Ward's Ole Dick Necks,4047646,A.J. Brown,WR,BE,False,0.0,0.0,False
15,True,3,Jim Ward's Ole Dick Necks,16731,Brandin Cooks,WR,WR,True,25.7,10.39,False
15,True,3,Jim Ward's Ole Dick Necks,2576925,Darren Waller,TE,BE,False,0.0,0.0,False
15,True,3,Jim Ward's Ole Dick Necks,3119195,Chase Edmonds,RB,RB/WR/TE,True,5.3,11.01,False
15,True,3,Jim Ward's Ole Dick Necks,3917232,Tyler Bass,K,K,True,7.0,7.43,False
15,True,3,Jim Ward's Ole Dick Necks,4243160,Laviska Shenault Jr.,WR,BE,False,6.9,7.15,False
15,True,3,Jim Ward's Ole Dick Necks,4241372,Marquise Brown,WR,WR,True,9.3,12.03,False
15,True,3,Jim Ward's Ole Dick Necks,3115375,Darrel Williams,RB,RB,True,1.2,8.39,False
15,True,3,Jim Ward's Ole Dick Necks,-16022,Cardinals D/ST,D/ST,D/ST,True,3.0,7.64,False
15,True,3,Jim Ward's Ole Dick Necks,2508176,David Johnson,RB,BE,False,3.2,6.83,False
15,True,3,Jim Ward's Ole Dick Necks,-16009,Packers D/ST,D/ST,BE,False,-1.0,6.0,False
15,True,3,Jim Ward's Ole Dick Necks,2576336,Ameer Abdullah,RB,BE,False,13.5,6.63,False
15,True,3,Jim Ward's Ole Dick Necks,4039254,Kyzir White,LB,DP,True,9.0,9.04,False
15,True,3,Jim Ward's Ole Dick Necks,3918639,Gerald Everett,TE,TE,True,8.0,6.83,False
15,True,5,Kissin Cousins ,3059915,Kareem Hunt,RB,BE,False,0.0,0.0,False
15,True,5,Kissin Cousins ,4052042,James Robinson,RB,RB,True,16.3,14.59,False
15,True,5,Kissin Cousins ,4047650,DK Metcalf,WR,WR,True,8.2,12.55,False
15,True,5,Kissin Cousins ,15847,Travis Kelce,TE,TE,True,36.1,12.61,False
15,True,5,Kissin Cousins ,-16027,Buccaneers D/ST,D/ST,D/ST,True,7.0,6.84,False
15,True,5,Kissin Cousins ,4048244,Alexander Mattison,RB,BE,False,0.0,0.0,False
15,True,5,Kissin Cousins ,3895856,Christian Kirk,WR,WR,True,19.9,9.78,False
15,True,5,Kissin Cousins ,14880,Kirk Cousins,QB,QB,True,10.48,18.33,False
15,True,5,Kissin Cousins ,10621,Nick Folk,K,K,True,5.0,9.85,False
15,True,5,Kissin Cousins ,2510863,Eric Kendricks,LB,DP,True,7.0,9.42,False
15,True,5,Kissin Cousins ,3915411,Ty Johnson,RB,BE,False,0.0,0.0,False
15,True,5,Kissin Cousins ,2574808,Robby Anderson,WR,BE,False,7.7,7.05,False
15,True,5,Kissin Cousins ,15920,Latavius Murray,RB,BE,False,5.6,4.49,False
15,True,5,Kissin Cousins ,13994,Cam Newton,QB,BE,False,23.34,12.03,False
15,True,5,Kissin Cousins ,3122976,Jeff Wilson Jr.,RB,RB/WR/TE,True,18.9,11.77,False
15,True,5,Kissin Cousins ,3139925,Rashaad Penny,RB,RB,True,5.4,10.07,False
15,True,5,Kissin Cousins ,3051738,Marquez Valdes-Scantling,WR,BE,False,18.3,8.38,False
15,True,13,Dak in a Box,2577417,Dak Prescott,QB,QB,True,10.58,18.15,False
15,True,13,Dak in a Box,3919596,Chris Carson,RB,IR,False,0.0,0.0,False
15,True,13,Dak in a Box,16799,Allen Robinson II,WR,BE,False,0.0,0.0,False
15,True,13,Dak in a Box,4036131,Noah Fant,TE,BE,False,8.2,6.42,False
15,True,13,Dak in a Box,3121023,Dallas Goedert,TE,TE,True,17.0,8.13,False
15,True,13,Dak in a Box,4241555,Elijah Mitchell,RB,BE,False,0.0,0.0,False
15,True,13,Dak in a Box,4240600,Kadarius Toney,WR,BE,False,0.0,0.0,False
15,True,13,Dak in a Box,4360939,Rashod Bateman,WR,WR,True,1.0,8.03,False
15,True,13,Dak in a Box,4040655,Darnell Mooney,WR,WR,True,10.1,10.02,False
15,True,13,Dak in a Box,16733,Odell Beckham Jr.,WR,RB/WR/TE,True,1.2,10.58,False
15,True,13,Dak in a Box,3930066,Van Jefferson,WR,BE,False,4.3,9.18,False
15,True,13,Dak in a Box,3126246,Dontrell Hilliard,RB,RB,True,8.9,7.34,False
15,True,13,Dak in a Box,-16021,Eagles D/ST,D/ST,D/ST,True,5.0,7.82,False
15,True,13,Dak in a Box,14993,Greg Zuerlein,K,K,True,10.0,7.32,False
15,True,13,Dak in a Box,2976545,Deion Jones,LB,DP,True,7.0,8.92,False
15,True,13,Dak in a Box,-16016,Vikings D/ST,D/ST,BE,False,13.0,5.96,False
15,True,13,Dak in a Box,3025433,Mike Davis,RB,RB,True,2.1,6.52,False
15,True,13,Dak in a Box,13983,A.J. Green,WR,BE,False,8.4,9.1,False
15,True,9,Tonie's Tigers,14876,Ryan Tannehill,QB,BE,False,10.92,16.3,False
15,True,9,Tonie's Tigers,3042519,Aaron Jones,RB,RB,True,14.0,12.26,False
15,True,9,Tonie's Tigers,4039359,Darrell Henderson Jr.,RB,BE,False,3.7,11.24,False
15,True,9,Tonie's Tigers,3925357,Calvin Ridley,WR,IR,False,0.0,0.0,False
15,True,9,Tonie's Tigers,3915416,DJ Moore,WR,WR,True,9.8,10.4,False
15,True,9,Tonie's Tigers,2573401,Tyler Higbee,TE,TE,True,0.0,0.0,False
15,True,9,Tonie's Tigers,4361579,Javonte Williams,RB,RB,True,10.1,11.46,False
15,True,9,Tonie's Tigers,14979,Bobby Wagner,LB,DP,True,6.0,9.99,False
15,True,9,Tonie's Tigers,2330,Tom Brady,QB,QB,True,4.76,21.46,False
15,True,9,Tonie's Tigers,2979843,Kenyan Drake,RB,BE,False,0.0,0.0,False
15,True,9,Tonie's Tigers,16790,Jarvis Landry,WR,BE,False,0.0,0.0,False
15,True,9,Tonie's Tigers,2572861,J.D. McKissic,RB,BE,False,0.0,0.0,False
15,True,9,Tonie's Tigers,3046439,Hunter Henry,TE,BE,False,22.7,5.94,False
15,True,9,Tonie's Tigers,15349,Cole Beasley,WR,WR,True,5.5,8.96,False
15,True,9,Tonie's Tigers,10636,Mason Crosby,K,BE,False,7.0,7.7,False
15,True,9,Tonie's Tigers,3049916,Matt Breida,RB,RB/WR/TE,True,0.1,6.52,False
15,True,9,Tonie's Tigers,-16012,Chiefs D/ST,D/ST,D/ST,True,0.0,3.91,False
15,True,9,Tonie's Tigers,4046184,Brian Johnson,K,K,True,5.0,5.97,False
16,True,1,"Here Kittle, Kittle",14881,Russell Wilson,QB,BE,False,16.54,16.18,False
16,True,1,"Here Kittle, Kittle",3128720,Nick Chubb,RB,RB,True,25.9,14.68,False
16,True,1,"Here Kittle, Kittle",4360294,Antonio Gibson,RB,BE,False,12.8,14.82,False
16,True,1,"Here Kittle, Kittle",15818,Keenan Allen,WR,WR,True,5.5,13.63,False
16,True,1,"Here Kittle, Kittle",3040151,George Kittle,TE,TE,True,3.1,12.43,False
16,True,1,"Here Kittle, Kittle",3056362,Darius Leonard,LB,BE,False,0.0,0.0,False
16,True,1,"Here Kittle, Kittle",3126486,Deebo Samuel,WR,WR,True,24.6,15.91,False
16,True,1,"Here Kittle, Kittle",-16017,Patriots D/ST,D/ST,BE,False,-4.0,4.37,False
16,True,1,"Here Kittle, Kittle",4239993,Tee Higgins,WR,RB/WR/TE,True,37.4,10.54,False
16,True,1,"Here Kittle, Kittle",3930086,Dawson Knox,TE,BE,False,8.1,8.73,False
16,True,1,"Here Kittle, Kittle",3915511,Joe Burrow,QB,QB,True,38.1,16.33,False
16,True,1,"Here Kittle, Kittle",3125116,D'Onta Foreman,RB,BE,False,7.7,10.67,False
16,True,1,"Here Kittle, Kittle",3929630,Saquon Barkley,RB,BE,False,3.3,12.19,False
16,True,1,"Here Kittle, Kittle",4043130,Jordyn Brooks,LB,DP,True,9.0,10.28,False
16,True,1,"Here Kittle, Kittle",11122,Matt Prater,K,K,True,2.0,7.96,False
16,True,1,"Here Kittle, Kittle",-16026,Seahawks D/ST,D/ST,D/ST,True,4.0,6.33,False
16,True,1,"Here Kittle, Kittle",3116136,Justin Jackson,RB,RB,True,30.2,12.55,False
16,True,4,Hurts So Good,4040715,Jalen Hurts,QB,QB,True,16.66,21.42,False
16,True,4,Hurts So Good,3068267,Austin Ekeler,RB,BE,False,0.0,0.0,False
16,True,4,Hurts So Good,2976212,Stefon Diggs,WR,RB/WR/TE,True,18.0,12.42,False
16,True,4,Hurts So Good,2976499,Amari Cooper,WR,BE,False,18.0,10.52,False
16,True,4,Hurts So Good,4036133,T.J. Hockenson,TE,IR,False,0.0,0.0,False
16,True,4,Hurts So Good,16460,Adam Thielen,WR,WR,True,5.5,12.45,False
16,True,4,Hurts So Good,-16002,Bills D/ST,D/ST,D/ST,True,7.0,5.75,False
16,True,4,Hurts So Good,4046692,Chase Claypool,WR,BE,False,6.1,9.29,False
16,True,4,Hurts So Good,3128429,Courtland Sutton,WR,BE,False,5.3,5.95,False
16,True,4,Hurts So Good,2980453,Jamaal Williams,RB,RB,True,7.7,9.02,False
16,True,4,Hurts So Good,4372016,Jaylen Waddle,WR,WR,True,20.2,11.13,False
16,True,4,Hurts So Good,3915486,Tyler Conklin,TE,TE,True,6.4,6.52,False
16,True,4,Hurts So Good,16720,C.J. Mosley,LB,DP,True,14.0,9.49,False
16,True,4,Hurts So Good,3975763,Greg Joseph,K,K,True,12.0,8.39,False
16,True,4,Hurts So Good,5536,Ben Roethlisberger,QB,BE,False,6.36,14.51,False
16,True,4,Hurts So Good,3043275,Austin Hooper,TE,BE,False,4.1,5.78,False
16,True,4,Hurts So Good,3122672,Royce Freeman,RB,BE,False,3.4,5.9,False
16,True,4,Hurts So Good,4421446,Craig Reynolds,RB,RB,True,6.6,9.23,False
16,True,6,This Year Will  Be A Brees ,3916387,Lamar Jackson,QB,BE,False,0.0,0.0,False
16,True,6,This Year Will  Be A Brees ,4242335,Jonathan Taylor,RB,RB,True,10.8,19.83,False
16,True,6,This Year Will  Be A Brees ,4035538,David Montgomery,RB,RB,True,20.1,14.63,False
16,True,6,This Year Will  Be A Brees ,3116406,Tyreek Hill,WR,WR,True,2.9,15.24,False
16,True,6,This Year Will  Be A Brees ,2577327,Tyler Lockett,WR,BE,False,4.5,11.31,False
16,True,6,This Year Will  Be A Brees ,15683,Justin Tucker,K,K,True,3.0,6.42,False
16,True,6,This Year Will  Be A Brees ,3916148,Tony Pollard,RB,BE,False,6.0,9.68,False
16,True,6,This Year Will  Be A Brees ,13295,Emmanuel Sanders,WR,BE,False,3.0,8.25,False
16,True,6,This Year Will  Be A Brees ,2579621,Denzel Perryman,LB,DP,True,5.0,10.65,False
16,True,6,This Year Will  Be A Brees ,3916430,Nyheim Hines,RB,BE,False,2.3,6.02,False
16,True,6,This Year Will  Be A Brees ,-16015,Dolphins D/ST,D/ST,D/ST,True,25.0,8.0,False
16,True,6,This Year Will  Be A Brees ,3115378,Russell Gage,WR,BE,False,3.9,9.75,False
16,True,6,This Year Will  Be A Brees ,4258595,Cole Kmet,TE,TE,True,6.9,7.69,False
16,True,6,This Year Will  Be A Brees ,3138826,Fred Warner,LB,BE,False,6.0,9.43,False
16,True,6,This Year Will  Be A Brees ,2576623,DeVante Parker,WR,WR,True,0.0,10.23,False
16,True,6,This Year Will  Be A Brees ,4374302,Amon-Ra St. Brown,WR,RB/WR/TE,True,21.5,9.75,False
16,True,6,This Year Will  Be A Brees ,4360310,Trevor Lawrence,QB,QB,True,12.9,14.97,False
16,True,11,Dez (Bryant) Nuts,12483,Matthew Stafford,QB,QB,True,6.68,20.34,False
16,True,11,Dez (Bryant) Nuts,4241457,Najee Harris,RB,RB,True,13.5,15.38,False
16,True,11,Dez (Bryant) Nuts,4241389,CeeDee Lamb,WR,WR,True,8.4,13.88,False
16,True,11,Dez (Bryant) Nuts,3932905,Diontae Johnson,WR,WR,True,12.1,13.62,False
16,True,11,Dez (Bryant) Nuts,3116365,Mark Andrews,TE,TE,True,22.5,12.13,False
16,True,11,Dez (Bryant) Nuts,3925347,Damien Harris,RB,BE,False,28.3,11.02,False
16,True,11,Dez (Bryant) Nuts,-16007,Broncos D/ST,D/ST,BE,False,9.0,5.27,False
16,True,11,Dez (Bryant) Nuts,16339,Brandon McManus,K,BE,False,9.0,7.1,False
16,True,11,Dez (Bryant) Nuts,3915189,Roquan Smith,LB,DP,True,8.0,9.32,False
16,True,11,Dez (Bryant) Nuts,3115364,Leonard Fournette,RB,IR,False,0.0,0.0,False
16,True,11,Dez (Bryant) Nuts,4036348,Michael Gallup,WR,BE,False,6.3,9.39,False
16,True,11,Dez (Bryant) Nuts,4241464,Mac Jones,QB,BE,False,5.1,13.05,False
16,True,11,Dez (Bryant) Nuts,4241478,DeVonta Smith,WR,BE,False,16.5,7.65,False
16,True,11,Dez (Bryant) Nuts,2576434,Melvin Gordon III,RB,RB,True,0.5,11.81,False
16,True,11,Dez (Bryant) Nuts,-16030,Jaguars D/ST,D/ST,D/ST,True,2.0,6.55,False
16,True,11,Dez (Bryant) Nuts,3912550,Ronald Jones II,RB,RB/WR/TE,True,15.1,12.78,False
16,True,11,Dez (Bryant) Nuts,4360234,Evan McPherson,K,K,True,10.0,7.8,False
16,True,11,Dez (Bryant) Nuts,4035671,Tyler Huntley,QB,BE,False,0.0,0.0,False
16,True,8,SCLSU Mud Dogs,3139477,Patrick Mahomes,QB,QB,True,22.32,20.71,False
16,True,8,SCLSU Mud Dogs,3116593,Dalvin Cook,RB,BE,False,0.0,0.0,False
16,True,8,SCLSU Mud Dogs,3116385,Joe Mixon,RB,RB,True,28.5,16.05,False
16,True,8,SCLSU Mud Dogs,3121422,Terry McLaurin,WR,BE,False,6.5,9.9,False
16,True,8,SCLSU Mud Dogs,13982,Julio Jones,WR,BE,False,1.2,6.82,False
16,True,8,SCLSU Mud Dogs,3116164,Mike Gesicki,TE,BE,False,3.7,8.32,False
16,True,8,SCLSU Mud Dogs,4362628,Ja'Marr Chase,WR,WR,True,16.0,11.43,False
16,True,8,SCLSU Mud Dogs,4035687,Michael Pittman Jr.,WR,WR,True,12.5,11.12,False
16,True,8,SCLSU Mud Dogs,13229,Rob Gronkowski,TE,TE,True,2.8,12.8,False
16,True,8,SCLSU Mud Dogs,4240657,Michael Carter,RB,RB,True,13.4,12.39,False
16,True,8,SCLSU Mud Dogs,4569173,Rhamondre Stevenson,RB,BE,False,0.0,0.0,False
16,True,8,SCLSU Mud Dogs,3051909,Daniel Carlson,K,K,True,6.0,7.19,False
16,True,8,SCLSU Mud Dogs,16944,Devonta Freeman,RB,RB/WR/TE,True,9.0,8.61,False
16,True,8,SCLSU Mud Dogs,4035434,Devin White,LB,DP,True,4.0,8.89,False
16,True,8,SCLSU Mud Dogs,4241463,Jerry Jeudy,WR,BE,False,7.5,6.84,False
16,True,8,SCLSU Mud Dogs,4243537,Gabriel Davis,WR,BE,False,0.0,0.0,False
16,True,8,SCLSU Mud Dogs,-16001,Falcons D/ST,D/ST,D/ST,True,3.0,5.74,False
16,True,10,Maitland Tiburon,3917315,Kyler Murray,QB,QB,True,21.9,20.66,False
16,True,10,Maitland Tiburon,4242214,Clyde Edwards-Helaire,RB,RB/WR/TE,True,9.6,12.05,False
16,True,10,Maitland Tiburon,4047365,Josh Jacobs,RB,RB,True,11.9,13.01,False
16,True,10,Maitland Tiburon,16800,Davante Adams,WR,WR,True,28.4,17.17,False
16,True,10,Maitland Tiburon,4360248,Kyle Pitts,TE,BE,False,13.2,9.21,False
16,True,10,Maitland Tiburon,4239934,AJ Dillon,RB,BE,False,7.1,9.05,False
16,True,10,Maitland Tiburon,15072,Marvin Jones Jr.,WR,BE,False,11.4,7.71,False
16,True,10,Maitland Tiburon,3045138,Mike Williams,WR,BE,False,0.0,0.0,False
16,True,10,Maitland Tiburon,-16018,Saints D/ST,D/ST,BE,False,8.0,5.15,False
16,True,10,Maitland Tiburon,15807,Cordarrelle Patterson,RB,RB,True,7.8,14.69,False
16,True,10,Maitland Tiburon,3117256,Dalton Schultz,TE,TE,True,18.2,8.1,False
16,True,10,Maitland Tiburon,3135321,Hunter Renfrow,WR,WR,True,11.5,11.41,False
16,True,10,Maitland Tiburon,-16006,Cowboys D/ST,D/ST,D/ST,True,26.0,6.96,False
16,True,10,Maitland Tiburon,3050073,Foyesade Oluokun,LB,DP,True,16.0,10.24,False
16,True,10,Maitland Tiburon,17372,Chris Boswell,K,K,True,3.0,7.58,False
16,True,10,Maitland Tiburon,3128721,Sony Michel,RB,BE,False,21.0,9.45,False
16,True,10,Maitland Tiburon,2468609,Taysom Hill,QB,BE,False,0.0,0.0,False
16,True,12,Rule  #76,8439,Aaron Rodgers,QB,QB,True,19.98,19.6,False
16,True,12,Rule  #76,3043078,Derrick Henry,RB,IR,False,0.0,0.0,False
16,True,12,Rule  #76,4045163,Miles Sanders,RB,RB/WR/TE,True,5.3,13.41,False
16,True,12,Rule  #76,4262921,Justin Jefferson,WR,WR,True,15.6,15.43,False
16,True,12,Rule  #76,-16025,49ers D/ST,D/ST,BE,False,6.0,6.06,False
16,True,12,Rule  #76,3886818,Myles Gaskin,RB,BE,False,2.1,9.64,False
16,True,12,Rule  #76,3045147,James Conner,RB,RB,True,0.0,0.0,False
16,True,12,Rule  #76,4040761,Devin Singletary,RB,RB,True,16.3,12.17,False
16,True,12,Rule  #76,4035170,Marquez Callaway,WR,BE,False,6.6,7.31,False
16,True,12,Rule  #76,4372414,Elijah Moore,WR,BE,False,0.0,0.0,False
16,True,12,Rule  #76,15835,Zach Ertz,TE,TE,True,9.4,8.37,False
16,True,12,Rule  #76,3051439,Boston Scott,RB,BE,False,11.1,0.0,False
16,True,12,Rule  #76,4249087,Matt Gay,K,K,True,12.0,7.85,False
16,True,12,Rule  #76,-16024,Chargers D/ST,D/ST,D/ST,True,-5.0,7.2,False
16,True,12,Rule  #76,2576716,Jamison Crowder,WR,WR,True,0.0,0.0,False
16,True,12,Rule  #76,3121544,T.J. Edwards,LB,DP,True,16.0,9.85,False
16,True,12,Rule  #76,15478,Brandon Bolden,RB,BE,False,4.4,5.79,False
16,True,12,Rule  #76,2969962,Duke Johnson,RB,BE,False,3.9,7.49,False
16,True,2,Zeke -A Virus,3918298,Josh Allen,QB,QB,True,30.96,20.35,False
16,True,2,Zeke -A Virus,3051392,Ezekiel Elliott,RB,RB,True,16.7,13.45,False
16,True,2,Zeke -A Virus,16737,Mike Evans,WR,WR,True,0.0,0.0,False
16,True,2,Zeke -A Virus,2977187,Cooper Kupp,WR,WR,True,16.3,20.97,False
16,True,2,Zeke -A Virus,13934,Antonio Brown,WR,BE,False,15.1,11.55,False
16,True,2,Zeke -A Virus,2976592,Sterling Shepard,WR,BE,False,0.0,0.0,False
16,True,2,Zeke -A Virus,4241416,Chuba Hubbard,RB,RB,True,0.9,8.63,False
16,True,2,Zeke -A Virus,3915507,Jerome Baker,LB,BE,False,9.0,6.9,False
16,True,2,Zeke -A Virus,3139602,D'Ernest Johnson,RB,BE,False,7.1,4.91,False
16,True,2,Zeke -A Virus,3116689,Cole Holcomb,LB,DP,True,0.0,0.0,False
16,True,2,Zeke -A Virus,4361411,Pat Freiermuth,TE,TE,True,0.0,0.0,False
16,True,2,Zeke -A Virus,4360438,Brandon Aiyuk,WR,RB/WR/TE,True,12.0,10.3,False
16,True,2,Zeke -A Virus,14924,T.Y. Hilton,WR,BE,False,13.1,6.69,False
16,True,2,Zeke -A Virus,9354,Robbie Gould,K,BE,False,6.0,7.06,False
16,True,2,Zeke -A Virus,2979477,Tevin Coleman,RB,BE,False,6.6,5.53,False
16,True,2,Zeke -A Virus,-16010,Titans D/ST,D/ST,D/ST,True,6.0,4.57,False
16,True,2,Zeke -A Virus,3050478,Jake Elliott,K,K,True,9.0,7.78,False
16,True,5,Kissin Cousins ,3059915,Kareem Hunt,RB,BE,False,0.0,0.0,False
16,True,5,Kissin Cousins ,4052042,James Robinson,RB,RB,True,1.0,15.44,False
16,True,5,Kissin Cousins ,4047650,DK Metcalf,WR,WR,True,11.1,11.08,False
16,True,5,Kissin Cousins ,15847,Travis Kelce,TE,BE,False,0.0,0.0,False
16,True,5,Kissin Cousins ,-16027,Buccaneers D/ST,D/ST,D/ST,True,15.0,7.28,False
16,True,5,Kissin Cousins ,4048244,Alexander Mattison,RB,RB,True,14.5,15.95,False
16,True,5,Kissin Cousins ,3895856,Christian Kirk,WR,WR,True,8.3,11.19,False
16,True,5,Kissin Cousins ,14880,Kirk Cousins,QB,QB,True,16.3,17.2,False
16,True,5,Kissin Cousins ,10621,Nick Folk,K,K,True,3.0,9.01,False
16,True,5,Kissin Cousins ,2510863,Eric Kendricks,LB,DP,True,7.0,9.3,False
16,True,5,Kissin Cousins ,2574808,Robby Anderson,WR,BE,False,8.3,7.97,False
16,True,5,Kissin Cousins ,15920,Latavius Murray,RB,BE,False,2.9,7.73,False
16,True,5,Kissin Cousins ,13994,Cam Newton,QB,BE,False,4.64,11.54,False
16,True,5,Kissin Cousins ,3122976,Jeff Wilson Jr.,RB,RB/WR/TE,True,13.2,12.54,False
16,True,5,Kissin Cousins ,3139925,Rashaad Penny,RB,BE,False,19.5,9.46,False
16,True,5,Kissin Cousins ,3051738,Marquez Valdes-Scantling,WR,BE,False,0.0,0.0,False
16,True,5,Kissin Cousins ,12537,Jared Cook,TE,TE,True,7.9,7.51,False
16,True,13,Dak in a Box,2577417,Dak Prescott,QB,QB,True,31.3,19.23,False
16,True,13,Dak in a Box,3919596,Chris Carson,RB,IR,False,0.0,0.0,False
16,True,13,Dak in a Box,16799,Allen Robinson II,WR,BE,False,0.0,0.0,False
16,True,13,Dak in a Box,4036131,Noah Fant,TE,BE,False,4.5,6.33,False
16,True,13,Dak in a Box,3121023,Dallas Goedert,TE,TE,True,3.8,8.82,False
16,True,13,Dak in a Box,4241555,Elijah Mitchell,RB,BE,False,0.0,0.0,False
16,True,13,Dak in a Box,4240600,Kadarius Toney,WR,WR,True,4.8,7.67,False
16,True,13,Dak in a Box,4360939,Rashod Bateman,WR,BE,False,10.6,6.42,False
16,True,13,Dak in a Box,4040655,Darnell Mooney,WR,WR,True,8.4,10.06,False
16,True,13,Dak in a Box,16733,Odell Beckham Jr.,WR,RB/WR/TE,True,11.7,9.61,False
16,True,13,Dak in a Box,3930066,Van Jefferson,WR,BE,False,2.1,8.3,False
16,True,13,Dak in a Box,3126246,Dontrell Hilliard,RB,BE,False,2.4,6.76,False
16,True,13,Dak in a Box,-16021,Eagles D/ST,D/ST,D/ST,True,18.0,7.84,False
16,True,13,Dak in a Box,14993,Greg Zuerlein,K,K,True,8.0,8.06,False
16,True,13,Dak in a Box,-16016,Vikings D/ST,D/ST,BE,False,4.0,3.24,False
16,True,13,Dak in a Box,3025433,Mike Davis,RB,RB,True,4.0,7.58,False
16,True,13,Dak in a Box,2612151,Alex Singleton,LB,DP,True,20.0,9.92,False
16,True,13,Dak in a Box,15971,Rex Burkhead,RB,RB,True,27.9,8.92,False
16,True,3,Jim Ward's Ole Dick Necks,4038941,Justin Herbert,QB,QB,True,16.94,21.86,False
16,True,3,Jim Ward's Ole Dick Necks,3054850,Alvin Kamara,RB,RB,True,6.9,15.66,False
16,True,3,Jim Ward's Ole Dick Necks,4259545,D'Andre Swift,RB,BE,False,0.0,0.0,False
16,True,3,Jim Ward's Ole Dick Necks,4047646,A.J. Brown,WR,BE,False,26.0,11.58,False
16,True,3,Jim Ward's Ole Dick Necks,16731,Brandin Cooks,WR,BE,False,0.0,0.0,False
16,True,3,Jim Ward's Ole Dick Necks,2576925,Darren Waller,TE,BE,False,0.0,0.0,False
16,True,3,Jim Ward's Ole Dick Necks,3119195,Chase Edmonds,RB,RB/WR/TE,True,22.7,13.2,False
16,True,3,Jim Ward's Ole Dick Necks,3917232,Tyler Bass,K,K,True,9.0,6.9,False
16,True,3,Jim Ward's Ole Dick Necks,4243160,Laviska Shenault Jr.,WR,BE,False,0.0,0.0,False
16,True,3,Jim Ward's Ole Dick Necks,4241372,Marquise Brown,WR,WR,True,6.9,11.06,False
16,True,3,Jim Ward's Ole Dick Necks,3115375,Darrel Williams,RB,RB,True,11.0,8.28,False
16,True,3,Jim Ward's Ole Dick Necks,-16022,Cardinals D/ST,D/ST,BE,False,2.0,4.52,False
16,True,3,Jim Ward's Ole Dick Necks,-16009,Packers D/ST,D/ST,D/ST,True,10.0,5.99,False
16,True,3,Jim Ward's Ole Dick Necks,2576336,Ameer Abdullah,RB,BE,False,2.4,7.02,False
16,True,3,Jim Ward's Ole Dick Necks,4039254,Kyzir White,LB,DP,True,11.0,8.83,False
16,True,3,Jim Ward's Ole Dick Necks,3918639,Gerald Everett,TE,TE,True,14.8,5.63,False
16,True,3,Jim Ward's Ole Dick Necks,3045144,Tyler Boyd,WR,WR,True,16.0,8.73,False
16,True,9,Tonie's Tigers,14876,Ryan Tannehill,QB,BE,False,14.56,15.9,False
16,True,9,Tonie's Tigers,3042519,Aaron Jones,RB,RB,True,11.2,13.21,False
16,True,9,Tonie's Tigers,4039359,Darrell Henderson Jr.,RB,BE,False,1.7,8.85,False
16,True,9,Tonie's Tigers,3925357,Calvin Ridley,WR,IR,False,0.0,0.0,False
16,True,9,Tonie's Tigers,3915416,DJ Moore,WR,WR,True,8.0,11.7,False
16,True,9,Tonie's Tigers,2573401,Tyler Higbee,TE,BE,False,6.6,7.41,False
16,True,9,Tonie's Tigers,4361579,Javonte Williams,RB,RB,True,9.0,12.62,False
16,True,9,Tonie's Tigers,14979,Bobby Wagner,LB,DP,True,12.0,9.94,False
16,True,9,Tonie's Tigers,2330,Tom Brady,QB,QB,True,14.38,19.88,False
16,True,9,Tonie's Tigers,2979843,Kenyan Drake,RB,BE,False,0.0,0.0,False
16,True,9,Tonie's Tigers,2572861,J.D. McKissic,RB,BE,False,0.0,0.0,False
16,True,9,Tonie's Tigers,3046439,Hunter Henry,TE,TE,True,1.4,6.18,False
16,True,9,Tonie's Tigers,15349,Cole Beasley,WR,BE,False,0.0,0.0,False
16,True,9,Tonie's Tigers,10636,Mason Crosby,K,BE,False,6.0,8.15,False
16,True,9,Tonie's Tigers,3049916,Matt Breida,RB,RB/WR/TE,True,0.0,0.0,False
16,True,9,Tonie's Tigers,-16012,Chiefs D/ST,D/ST,D/ST,True,11.0,6.26,False
16,True,9,Tonie's Tigers,4046184,Brian Johnson,K,K,True,0.0,0.0,False
16,True,9,Tonie's Tigers,3916566,K.J. Osborn,WR,BE,False,16.3,5.11,False
17,True,1,"Here Kittle, Kittle",14881,Russell Wilson,QB,BE,False,27.84,16.22,False
17,True,1,"Here Kittle, Kittle",3128720,Nick Chubb,RB,RB,True,5.8,14.96,False
17,True,1,"Here Kittle, Kittle",4360294,Antonio Gibson,RB,BE,False,0.0,0.0,False
17,True,1,"Here Kittle, Kittle",15818,Keenan Allen,WR,WR,True,12.4,13.04,False
17,True,1,"Here Kittle, Kittle",3040151,George Kittle,TE,TE,True,4.0,10.48,False
17,True,1,"Here Kittle, Kittle",3126486,Deebo Samuel,WR,WR,True,15.7,13.94,False
17,True,1,"Here Kittle, Kittle",-16017,Patriots D/ST,D/ST,D/ST,True,13.0,7.08,False
17,True,1,"Here Kittle, Kittle",4239993,Tee Higgins,WR,RB/WR/TE,True,7.7,12.93,False
17,True,1,"Here Kittle, Kittle",3930086,Dawson Knox,TE,BE,False,0.0,9.03,False
17,True,1,"Here Kittle, Kittle",3915511,Joe Burrow,QB,QB,True,34.84,18.13,False
17,True,1,"Here Kittle, Kittle",3125116,D'Onta Foreman,RB,BE,False,19.2,9.38,False
17,True,1,"Here Kittle, Kittle",3929630,Saquon Barkley,RB,BE,False,10.2,11.44,False
17,True,1,"Here Kittle, Kittle",4043130,Jordyn Brooks,LB,DP,True,9.0,10.12,False
17,True,1,"Here Kittle, Kittle",11122,Matt Prater,K,K,True,15.0,6.87,False
17,True,1,"Here Kittle, Kittle",-16026,Seahawks D/ST,D/ST,BE,False,4.0,6.34,False
17,True,1,"Here Kittle, Kittle",3116136,Justin Jackson,RB,BE,False,8.6,4.98,False
17,True,1,"Here Kittle, Kittle",4362452,Jaret Patterson,RB,RB,True,18.3,10.48,False
17,True,6,This Year Will  Be A Brees ,3916387,Lamar Jackson,QB,BE,False,0.0,0.0,False
17,True,6,This Year Will  Be A Brees ,4242335,Jonathan Taylor,RB,RB,True,17.9,23.07,False
17,True,6,This Year Will  Be A Brees ,4035538,David Montgomery,RB,RB,True,19.1,16.31,False
17,True,6,This Year Will  Be A Brees ,3116406,Tyreek Hill,WR,WR,True,7.2,14.26,False
17,True,6,This Year Will  Be A Brees ,2577327,Tyler Lockett,WR,WR,True,10.6,11.24,False
17,True,6,This Year Will  Be A Brees ,15683,Justin Tucker,K,K,True,15.0,7.81,False
17,True,6,This Year Will  Be A Brees ,3916148,Tony Pollard,RB,BE,False,7.3,8.88,False
17,True,6,This Year Will  Be A Brees ,13295,Emmanuel Sanders,WR,BE,False,0.0,0.0,False
17,True,6,This Year Will  Be A Brees ,-16015,Dolphins D/ST,D/ST,D/ST,True,0.0,6.88,False
17,True,6,This Year Will  Be A Brees ,3115378,Russell Gage,WR,BE,False,6.5,8.77,False
17,True,6,This Year Will  Be A Brees ,4258595,Cole Kmet,TE,TE,True,4.0,6.85,False
17,True,6,This Year Will  Be A Brees ,2576623,DeVante Parker,WR,BE,False,6.6,9.67,False
17,True,6,This Year Will  Be A Brees ,4374302,Amon-Ra St. Brown,WR,RB/WR/TE,True,31.4,11.18,False
17,True,6,This Year Will  Be A Brees ,3040180,De'Vondre Campbell,LB,DP,True,8.0,9.69,False
17,True,6,This Year Will  Be A Brees ,16757,Derek Carr,QB,BE,False,10.2,15.29,False
17,True,6,This Year Will  Be A Brees ,2574576,C.J. Uzomah,TE,BE,False,5.2,7.42,False
17,True,6,This Year Will  Be A Brees ,4383351,Trey Lance,QB,QB,True,19.06,17.62,False
17,True,11,Dez (Bryant) Nuts,12483,Matthew Stafford,QB,QB,True,14.26,19.52,False
17,True,11,Dez (Bryant) Nuts,4241457,Najee Harris,RB,RB,True,28.1,16.52,False
17,True,11,Dez (Bryant) Nuts,4241389,CeeDee Lamb,WR,WR,True,6.6,13.44,False
17,True,11,Dez (Bryant) Nuts,3932905,Diontae Johnson,WR,WR,True,13.1,11.92,False
17,True,11,Dez (Bryant) Nuts,3116365,Mark Andrews,TE,TE,True,11.9,13.99,False
17,True,11,Dez (Bryant) Nuts,3925347,Damien Harris,RB,RB,True,17.2,11.0,False
17,True,11,Dez (Bryant) Nuts,-16007,Broncos D/ST,D/ST,BE,False,-1.0,3.45,False
17,True,11,Dez (Bryant) Nuts,16339,Brandon McManus,K,BE,False,10.0,7.3,False
17,True,11,Dez (Bryant) Nuts,3915189,Roquan Smith,LB,DP,True,9.0,10.2,False
17,True,11,Dez (Bryant) Nuts,3115364,Leonard Fournette,RB,IR,False,0.0,0.0,False
17,True,11,Dez (Bryant) Nuts,4036348,Michael Gallup,WR,BE,False,11.1,8.99,False
17,True,11,Dez (Bryant) Nuts,4241464,Mac Jones,QB,BE,False,22.28,13.85,False
17,True,11,Dez (Bryant) Nuts,4241478,DeVonta Smith,WR,BE,False,6.9,9.14,False
17,True,11,Dez (Bryant) Nuts,2576434,Melvin Gordon III,RB,BE,False,8.7,10.83,False
17,True,11,Dez (Bryant) Nuts,3912550,Ronald Jones II,RB,RB/WR/TE,True,3.2,13.92,False
17,True,11,Dez (Bryant) Nuts,4360234,Evan McPherson,K,K,True,11.0,8.23,False
17,True,11,Dez (Bryant) Nuts,4035671,Tyler Huntley,QB,BE,False,11.28,19.61,False
17,True,11,Dez (Bryant) Nuts,-16003,Bears D/ST,D/ST,D/ST,True,21.0,6.44,False
17,True,4,Hurts So Good,4040715,Jalen Hurts,QB,QB,True,12.96,21.11,False
17,True,4,Hurts So Good,3068267,Austin Ekeler,RB,BE,False,18.7,16.07,False
17,True,4,Hurts So Good,2976212,Stefon Diggs,WR,RB/WR/TE,True,7.7,13.22,False
17,True,4,Hurts So Good,2976499,Amari Cooper,WR,WR,True,9.3,11.15,False
17,True,4,Hurts So Good,4036133,T.J. Hockenson,TE,IR,False,0.0,0.0,False
17,True,4,Hurts So Good,16460,Adam Thielen,WR,BE,False,0.0,0.0,False
17,True,4,Hurts So Good,-16002,Bills D/ST,D/ST,D/ST,True,10.0,7.17,False
17,True,4,Hurts So Good,4046692,Chase Claypool,WR,BE,False,3.2,8.31,False
17,True,4,Hurts So Good,3128429,Courtland Sutton,WR,BE,False,7.5,8.67,False
17,True,4,Hurts So Good,2980453,Jamaal Williams,RB,RB,True,11.9,5.36,False
17,True,4,Hurts So Good,4372016,Jaylen Waddle,WR,WR,True,6.2,12.53,False
17,True,4,Hurts So Good,3915486,Tyler Conklin,TE,TE,True,7.2,5.9,False
17,True,4,Hurts So Good,16720,C.J. Mosley,LB,DP,True,13.0,10.37,False
17,True,4,Hurts So Good,3975763,Greg Joseph,K,K,True,6.0,7.0,False
17,True,4,Hurts So Good,5536,Ben Roethlisberger,QB,BE,False,6.82,13.8,False
17,True,4,Hurts So Good,3043275,Austin Hooper,TE,BE,False,4.8,5.52,False
17,True,4,Hurts So Good,3122672,Royce Freeman,RB,BE,False,2.5,6.09,False
17,True,4,Hurts So Good,4421446,Craig Reynolds,RB,RB,True,1.8,4.13,False
17,True,10,Maitland Tiburon,3917315,Kyler Murray,QB,QB,True,22.92,18.77,False
17,True,10,Maitland Tiburon,4242214,Clyde Edwards-Helaire,RB,BE,False,0.0,0.0,False
17,True,10,Maitland Tiburon,4047365,Josh Jacobs,RB,BE,False,16.0,13.0,False
17,True,10,Maitland Tiburon,16800,Davante Adams,WR,WR,True,25.1,17.57,False
17,True,10,Maitland Tiburon,4360248,Kyle Pitts,TE,BE,False,7.9,9.71,False
17,True,10,Maitland Tiburon,4239934,AJ Dillon,RB,RB/WR/TE,True,21.3,9.28,False
17,True,10,Maitland Tiburon,15072,Marvin Jones Jr.,WR,BE,False,5.6,7.01,False
17,True,10,Maitland Tiburon,3045138,Mike Williams,WR,BE,False,13.8,9.79,False
17,True,10,Maitland Tiburon,-16018,Saints D/ST,D/ST,D/ST,True,17.0,7.96,False
17,True,10,Maitland Tiburon,15807,Cordarrelle Patterson,RB,RB,True,6.2,11.39,False
17,True,10,Maitland Tiburon,3117256,Dalton Schultz,TE,TE,True,8.4,9.38,False
17,True,10,Maitland Tiburon,3135321,Hunter Renfrow,WR,WR,True,17.1,10.88,False
17,True,10,Maitland Tiburon,-16006,Cowboys D/ST,D/ST,BE,False,0.0,5.61,False
17,True,10,Maitland Tiburon,3050073,Foyesade Oluokun,LB,DP,True,15.0,10.92,False
17,True,10,Maitland Tiburon,17372,Chris Boswell,K,K,True,17.0,7.7,False
17,True,10,Maitland Tiburon,3128721,Sony Michel,RB,RB,True,17.4,13.35,False
17,True,10,Maitland Tiburon,2468609,Taysom Hill,QB,BE,False,17.38,17.13,False
17,True,2,Zeke -A Virus,3918298,Josh Allen,QB,QB,True,20.9,24.32,False
17,True,2,Zeke -A Virus,3051392,Ezekiel Elliott,RB,RB,True,3.5,13.02,False
17,True,2,Zeke -A Virus,16737,Mike Evans,WR,WR,True,13.7,10.0,False
17,True,2,Zeke -A Virus,2977187,Cooper Kupp,WR,WR,True,18.5,21.6,False
17,True,2,Zeke -A Virus,13934,Antonio Brown,WR,BE,False,4.1,12.89,False
17,True,2,Zeke -A Virus,2976592,Sterling Shepard,WR,BE,False,0.0,0.0,False
17,True,2,Zeke -A Virus,4241416,Chuba Hubbard,RB,RB,True,15.3,6.37,False
17,True,2,Zeke -A Virus,3915507,Jerome Baker,LB,BE,False,9.0,7.38,False
17,True,2,Zeke -A Virus,3139602,D'Ernest Johnson,RB,BE,False,1.9,0.81,False
17,True,2,Zeke -A Virus,3116689,Cole Holcomb,LB,DP,True,11.0,8.95,False
17,True,2,Zeke -A Virus,4361411,Pat Freiermuth,TE,TE,True,5.7,6.51,False
17,True,2,Zeke -A Virus,4360438,Brandon Aiyuk,WR,RB/WR/TE,True,11.4,7.88,False
17,True,2,Zeke -A Virus,14924,T.Y. Hilton,WR,BE,False,11.0,5.28,False
17,True,2,Zeke -A Virus,9354,Robbie Gould,K,BE,False,11.0,7.17,False
17,True,2,Zeke -A Virus,2979477,Tevin Coleman,RB,BE,False,0.0,0.0,False
17,True,2,Zeke -A Virus,-16010,Titans D/ST,D/ST,D/ST,True,14.0,5.74,False
17,True,2,Zeke -A Virus,3050478,Jake Elliott,K,K,True,10.0,7.28,False
17,True,8,SCLSU Mud Dogs,3139477,Patrick Mahomes,QB,QB,True,20.86,20.64,False
17,True,8,SCLSU Mud Dogs,3116593,Dalvin Cook,RB,RB/WR/TE,True,2.8,16.3,False
17,True,8,SCLSU Mud Dogs,3116385,Joe Mixon,RB,RB,True,12.1,15.91,False
17,True,8,SCLSU Mud Dogs,3121422,Terry McLaurin,WR,BE,False,9.6,9.31,False
17,True,8,SCLSU Mud Dogs,13982,Julio Jones,WR,BE,False,0.0,0.0,False
17,True,8,SCLSU Mud Dogs,3116164,Mike Gesicki,TE,BE,False,8.1,8.23,False
17,True,8,SCLSU Mud Dogs,4362628,Ja'Marr Chase,WR,WR,True,50.1,12.45,False
17,True,8,SCLSU Mud Dogs,4035687,Michael Pittman Jr.,WR,WR,True,7.7,10.61,False
17,True,8,SCLSU Mud Dogs,13229,Rob Gronkowski,TE,TE,True,15.0,12.22,False
17,True,8,SCLSU Mud Dogs,4240657,Michael Carter,RB,RB,True,6.8,11.45,False
17,True,8,SCLSU Mud Dogs,4569173,Rhamondre Stevenson,RB,BE,False,22.7,7.49,False
17,True,8,SCLSU Mud Dogs,3051909,Daniel Carlson,K,K,True,13.0,7.09,False
17,True,8,SCLSU Mud Dogs,16944,Devonta Freeman,RB,BE,False,8.2,8.2,False
17,True,8,SCLSU Mud Dogs,4035434,Devin White,LB,DP,True,3.0,8.6,False
17,True,8,SCLSU Mud Dogs,4241463,Jerry Jeudy,WR,BE,False,0.0,0.0,False
17,True,8,SCLSU Mud Dogs,4243537,Gabriel Davis,WR,BE,False,6.5,9.52,False
17,True,8,SCLSU Mud Dogs,-16001,Falcons D/ST,D/ST,D/ST,True,5.0,3.06,False
17,True,12,Rule  #76,8439,Aaron Rodgers,QB,QB,True,20.32,19.86,False
17,True,12,Rule  #76,3043078,Derrick Henry,RB,IR,False,0.0,0.0,False
17,True,12,Rule  #76,4045163,Miles Sanders,RB,BE,False,0.0,0.0,False
17,True,12,Rule  #76,4262921,Justin Jefferson,WR,WR,True,8.8,15.42,False
17,True,12,Rule  #76,-16025,49ers D/ST,D/ST,D/ST,True,10.0,7.53,False
17,True,12,Rule  #76,3886818,Myles Gaskin,RB,BE,False,2.3,6.11,False
17,True,12,Rule  #76,3045147,James Conner,RB,BE,False,0.0,0.0,False
17,True,12,Rule  #76,4040761,Devin Singletary,RB,RB,True,23.0,13.09,False
17,True,12,Rule  #76,4035170,Marquez Callaway,WR,WR,True,12.7,7.19,False
17,True,12,Rule  #76,4372414,Elijah Moore,WR,BE,False,0.0,0.0,False
17,True,12,Rule  #76,15835,Zach Ertz,TE,TE,True,7.6,9.33,False
17,True,12,Rule  #76,3051439,Boston Scott,RB,RB/WR/TE,True,22.6,9.44,False
17,True,12,Rule  #76,4249087,Matt Gay,K,K,True,1.0,8.03,False
17,True,12,Rule  #76,2576716,Jamison Crowder,WR,BE,False,0.0,0.0,False
17,True,12,Rule  #76,3121544,T.J. Edwards,LB,DP,True,14.0,10.56,False
17,True,12,Rule  #76,15478,Brandon Bolden,RB,BE,False,3.5,4.88,False
17,True,12,Rule  #76,2969962,Duke Johnson,RB,BE,False,7.5,5.8,False
17,True,12,Rule  #76,4240631,DeeJay Dallas,RB,RB,True,0.1,7.2,False
17,True,3,Jim Ward's Ole Dick Necks,4038941,Justin Herbert,QB,QB,True,17.68,20.03,False
17,True,3,Jim Ward's Ole Dick Necks,3054850,Alvin Kamara,RB,RB,True,18.5,15.79,False
17,True,3,Jim Ward's Ole Dick Necks,4259545,D'Andre Swift,RB,RB,True,4.9,12.42,False
17,True,3,Jim Ward's Ole Dick Necks,4047646,A.J. Brown,WR,WR,True,5.1,12.6,False
17,True,3,Jim Ward's Ole Dick Necks,16731,Brandin Cooks,WR,WR,True,16.1,11.86,False
17,True,3,Jim Ward's Ole Dick Necks,2576925,Darren Waller,TE,BE,False,0.0,0.0,False
17,True,3,Jim Ward's Ole Dick Necks,3119195,Chase Edmonds,RB,BE,False,10.7,15.93,False
17,True,3,Jim Ward's Ole Dick Necks,3917232,Tyler Bass,K,K,True,3.0,7.63,False
17,True,3,Jim Ward's Ole Dick Necks,4243160,Laviska Shenault Jr.,WR,BE,False,2.3,6.81,False
17,True,3,Jim Ward's Ole Dick Necks,4241372,Marquise Brown,WR,BE,False,2.3,11.49,False
17,True,3,Jim Ward's Ole Dick Necks,3115375,Darrel Williams,RB,RB/WR/TE,True,24.2,11.63,False
17,True,3,Jim Ward's Ole Dick Necks,-16022,Cardinals D/ST,D/ST,D/ST,True,3.0,4.24,False
17,True,3,Jim Ward's Ole Dick Necks,-16009,Packers D/ST,D/ST,BE,False,7.0,6.65,False
17,True,3,Jim Ward's Ole Dick Necks,2576336,Ameer Abdullah,RB,BE,False,7.2,6.65,False
17,True,3,Jim Ward's Ole Dick Necks,4039254,Kyzir White,LB,DP,True,11.0,9.06,False
17,True,3,Jim Ward's Ole Dick Necks,3918639,Gerald Everett,TE,TE,True,5.1,6.16,False
17,True,3,Jim Ward's Ole Dick Necks,3045144,Tyler Boyd,WR,BE,False,11.6,9.0,False
17,True,13,Dak in a Box,2577417,Dak Prescott,QB,QB,True,23.04,19.26,False
17,True,13,Dak in a Box,3919596,Chris Carson,RB,IR,False,0.0,0.0,False
17,True,13,Dak in a Box,16799,Allen Robinson II,WR,BE,False,6.5,6.62,False
17,True,13,Dak in a Box,4036131,Noah Fant,TE,BE,False,18.2,7.39,False
17,True,13,Dak in a Box,3121023,Dallas Goedert,TE,TE,True,10.1,9.05,False
17,True,13,Dak in a Box,4241555,Elijah Mitchell,RB,RB,True,20.0,12.77,False
17,True,13,Dak in a Box,4240600,Kadarius Toney,WR,BE,False,0.0,0.0,False
17,True,13,Dak in a Box,4360939,Rashod Bateman,WR,WR,True,9.3,6.49,False
17,True,13,Dak in a Box,4040655,Darnell Mooney,WR,WR,True,16.4,9.84,False
17,True,13,Dak in a Box,16733,Odell Beckham Jr.,WR,RB/WR/TE,True,13.4,9.98,False
17,True,13,Dak in a Box,3930066,Van Jefferson,WR,BE,False,8.3,8.57,False
17,True,13,Dak in a Box,3126246,Dontrell Hilliard,RB,BE,False,15.3,6.01,False
17,True,13,Dak in a Box,-16021,Eagles D/ST,D/ST,D/ST,True,6.0,6.39,False
17,True,13,Dak in a Box,14993,Greg Zuerlein,K,K,True,1.0,7.65,False
17,True,13,Dak in a Box,-16016,Vikings D/ST,D/ST,BE,False,-8.0,3.08,False
17,True,13,Dak in a Box,3025433,Mike Davis,RB,BE,False,12.2,6.37,False
17,True,13,Dak in a Box,2612151,Alex Singleton,LB,DP,True,8.0,9.69,False
17,True,13,Dak in a Box,15971,Rex Burkhead,RB,RB,True,10.9,9.4,False
17,True,5,Kissin Cousins ,3059915,Kareem Hunt,RB,BE,False,0.0,7.69,False
17,True,5,Kissin Cousins ,4047650,DK Metcalf,WR,WR,True,27.9,11.12,False
17,True,5,Kissin Cousins ,15847,Travis Kelce,TE,TE,True,10.9,13.77,False
17,True,5,Kissin Cousins ,-16027,Buccaneers D/ST,D/ST,D/ST,True,2.0,8.41,False
17,True,5,Kissin Cousins ,4048244,Alexander Mattison,RB,BE,False,3.3,3.74,False
17,True,5,Kissin Cousins ,3895856,Christian Kirk,WR,WR,True,10.9,11.08,False
17,True,5,Kissin Cousins ,14880,Kirk Cousins,QB,BE,False,0.0,0.0,False
17,True,5,Kissin Cousins ,10621,Nick Folk,K,K,True,9.0,8.32,False
17,True,5,Kissin Cousins ,2510863,Eric Kendricks,LB,DP,True,9.0,9.23,False
17,True,5,Kissin Cousins ,2574808,Robby Anderson,WR,RB/WR/TE,True,2.0,8.75,False
17,True,5,Kissin Cousins ,15920,Latavius Murray,RB,BE,False,3.1,6.92,False
17,True,5,Kissin Cousins ,3122976,Jeff Wilson Jr.,RB,BE,False,1.0,1.73,False
17,True,5,Kissin Cousins ,3139925,Rashaad Penny,RB,RB,True,31.5,12.09,False
17,True,5,Kissin Cousins ,3051738,Marquez Valdes-Scantling,WR,BE,False,0.8,8.93,False
17,True,5,Kissin Cousins ,12537,Jared Cook,TE,BE,False,0.0,0.0,False
17,True,5,Kissin Cousins ,2983509,Dare Ogunbowale,RB,RB,True,13.8,9.69,False
17,True,5,Kissin Cousins ,4241479,Tua Tagovailoa,QB,QB,True,4.3,15.2,False
17,True,9,Tonie's Tigers,14876,Ryan Tannehill,QB,BE,False,13.5,14.5,False
17,True,9,Tonie's Tigers,3042519,Aaron Jones,RB,RB,True,13.1,14.01,False
17,True,9,Tonie's Tigers,4039359,Darrell Henderson Jr.,RB,BE,False,0.0,0.0,False
17,True,9,Tonie's Tigers,3925357,Calvin Ridley,WR,IR,False,0.0,0.0,False
17,True,9,Tonie's Tigers,3915416,DJ Moore,WR,WR,True,4.4,11.45,False
17,True,9,Tonie's Tigers,2573401,Tyler Higbee,TE,BE,False,9.9,7.76,False
17,True,9,Tonie's Tigers,4361579,Javonte Williams,RB,RB,True,3.7,12.81,False
17,True,9,Tonie's Tigers,14979,Bobby Wagner,LB,DP,True,0.0,9.88,False
17,True,9,Tonie's Tigers,2330,Tom Brady,QB,QB,True,26.4,22.7,False
17,True,9,Tonie's Tigers,2979843,Kenyan Drake,RB,BE,False,0.0,0.0,False
17,True,9,Tonie's Tigers,2572861,J.D. McKissic,RB,BE,False,0.0,0.0,False
17,True,9,Tonie's Tigers,3046439,Hunter Henry,TE,TE,True,5.2,6.72,False
17,True,9,Tonie's Tigers,15349,Cole Beasley,WR,BE,False,5.2,8.29,False
17,True,9,Tonie's Tigers,10636,Mason Crosby,K,BE,False,13.0,7.9,False
17,True,9,Tonie's Tigers,3049916,Matt Breida,RB,RB/WR/TE,True,0.0,0.0,False
17,True,9,Tonie's Tigers,-16012,Chiefs D/ST,D/ST,D/ST,True,-2.0,5.24,False
17,True,9,Tonie's Tigers,4046184,Brian Johnson,K,K,True,0.0,0.0,False
17,True,9,Tonie's Tigers,3916566,K.J. Osborn,WR,BE,False,12.5,8.16,False
