week,is_playoff,team_id,team_name,player_id,player_name,position,slot,started,points,projected_points,on_bye
1,False,5,Flowers for Allgeiernon,4362628,Ja'Marr Chase,WR,WR,True,3.6,16.48,False
1,False,5,Flowers for Allgeiernon,4430737,Kyren Williams,RB,RB,True,13.4,14.72,False
1,False,5,Flowers for Allgeiernon,4361307,Trey McBride,TE,TE,True,9.1,11.78,False
1,False,5,Flowers for Allgeiernon,4239996,Travis Etienne Jr.,RB,RB,True,17.1,8.91,False
1,False,5,Flowers for Allgeiernon,4241478,DeVonta Smith,WR,RB/WR/TE,True,3.1,10.87,False
1,False,5,Flowers for Allgeiernon,3917315,Kyler Murray,QB,BE,False,18.32,18.3,False
1,False,5,Flowers for Allgeiernon,4429615,Zay Flowers,WR,WR,True,24.6,12.22,False
1,False,5,Flowers for Allgeiernon,3895856,Christian Kirk,WR,BE,False,0.0,0.0,False
1,False,5,Flowers for Allgeiernon,4361777,Zamir White,RB,BE,False,0.8,3.36,False
1,False,5,Flowers for Allgeiernon,4373626,Tyler Allgeier,RB,BE,False,2.4,5.66,False
1,False,5,Flowers for Allgeiernon,3050073,Foyesade Oluokun,LB,DP,True,14.0,8.95,False
1,False,5,Flowers for Allgeiernon,-16033,Ravens D/ST,D/ST,BE,False,-7.0,3.9,False
1,False,5,Flowers for Allgeiernon,16731,Brandin Cooks,WR,BE,False,4.1,3.22,False
1,False,5,Flowers for Allgeiernon,3049899,Younghoe Koo,K,K,True,9.0,7.46,False
1,False,5,Flowers for Allgeiernon,4567096,John Metchie III,WR,BE,False,1.0,0.4,False
1,False,5,Flowers for Allgeiernon,12483,Matthew Stafford,QB,QB,True,13.6,14.93,False
1,False,5,Flowers for Allgeiernon,-16028,Commanders D/ST,D/ST,D/ST,True,8.0,6.68,False
1,False,9,Men of Will,4262921,Justin Jefferson,WR,WR,True,12.8,16.63,False
1,False,9,Men of Will,4432773,Brian Thomas Jr.,WR,WR,True,8.5,13.57,False
1,False,9,Men of Will,3918298,Josh Allen,QB,QB,True,38.76,20.83,False
1,False,9,Men of Will,3040151,George Kittle,TE,TE,True,10.5,11.1,False
1,False,9,Men of Will,4568490,RJ Harvey,RB,RB,True,7.4,11.5,False
1,False,9,Men of Will,3042519,Aaron Jones Sr.,RB,RB,True,14.2,11.02,False
1,False,9,Men of Will,2977187,Cooper Kupp,WR,RB/WR/TE,True,2.5,10.07,False
1,False,9,Men of Will,4241457,Najee Harris,RB,BE,False,1.5,4.98,False
1,False,9,Men of Will,4426338,Bo Nix,QB,BE,False,6.84,18.52,False
1,False,9,Men of Will,4373678,Khalil Shakir,WR,BE,False,9.4,9.31,False
1,False,9,Men of Will,4686361,Cam Little,K,K,True,15.0,8.31,False
1,False,9,Men of Will,-16023,Steelers D/ST,D/ST,D/ST,True,1.0,8.27,False
1,False,9,Men of Will,2612151,Alex Singleton,LB,DP,True,6.0,10.7,False
1,False,9,Men of Will,4430034,Xavier Legette,WR,BE,False,2.5,7.99,False
1,False,9,Men of Will,15795,DeAndre Hopkins,WR,BE,False,10.5,5.4,False
1,False,9,Men of Will,15818,Keenan Allen,WR,BE,False,16.3,8.88,False
1,False,9,Men of Will,4711533,Ollie Gordon II,RB,BE,False,0.8,6.36,False
1,False,6,Thom-ASS,3117251,Christian McCaffrey,RB,RB,True,19.7,15.59,False
1,False,6,Thom-ASS,4242335,Jonathan Taylor,RB,RB,True,11.3,17.07,False
1,False,6,Thom-ASS,4040715,Jalen Hurts,QB,QB,True,24.28,23.43,False
1,False,6,Thom-ASS,3121422,Terry McLaurin,WR,WR,True,3.7,11.38,False
1,False,6,Thom-ASS,3128429,Courtland Sutton,WR,WR,True,16.1,11.26,False
1,False,6,Thom-ASS,15847,Travis Kelce,TE,TE,True,11.7,9.31,False
1,False,6,Thom-ASS,4360516,Tyrone Tracy Jr.,RB,RB/WR/TE,True,4.5,12.14,False
1,False,6,Thom-ASS,2976212,Stefon Diggs,WR,BE,False,9.7,9.79,False
1,False,6,Thom-ASS,4635008,Keon Coleman,WR,BE,False,21.2,10.24,False
1,False,6,Thom-ASS,4362249,Jayden Reed,WR,BE,False,12.0,9.28,False
1,False,6,Thom-ASS,4697815,Rachaad White,RB,BE,False,2.1,6.83,False
1,False,6,Thom-ASS,4689936,Jake Bates,K,K,True,8.0,8.54,False
1,False,6,Thom-ASS,-16016,Vikings D/ST,D/ST,D/ST,True,4.0,6.94,False
1,False,6,Thom-ASS,3128720,Nick Chubb,RB,BE,False,6.0,8.84,False
1,False,6,Thom-ASS,4362851,Ernest Jones IV,LB,DP,True,10.0,9.26,False
1,False,6,Thom-ASS,4686472,Marvin Mims Jr.,WR,BE,False,0.7,7.56,False
1,False,6,Thom-ASS,4241479,Tua Tagovailoa,QB,BE,False,5.26,15.39,False
1,False,10,Silence of the Lamb,4241389,CeeDee Lamb,WR,WR,True,14.5,15.38,False
1,False,10,Silence of the Lamb,4426502,Drake London,WR,WR,True,9.5,13.11,False
1,False,10,Silence of the Lamb,3916387,Lamar Jackson,QB,QB,True,29.36,22.0,False
1,False,10,Silence of the Lamb,3054850,Alvin Kamara,RB,RB,True,12.7,13.65,False
1,False,10,Silence of the Lamb,4047650,DK Metcalf,WR,BE,False,10.3,11.21,False
1,False,10,Silence of the Lamb,4361529,Isiah Pacheco,RB,RB,True,3.8,11.55,False
1,False,10,Silence of the Lamb,4426388,Jameson Williams,WR,RB/WR/TE,True,4.6,10.96,False
1,False,10,Silence of the Lamb,3123076,David Njoku,TE,TE,True,5.2,9.03,False
1,False,10,Silence of the Lamb,4361579,Javonte Williams,RB,BE,False,19.4,10.07,False
1,False,10,Silence of the Lamb,3953687,Brandon Aubrey,K,K,True,11.0,8.24,False
1,False,10,Silence of the Lamb,-16007,Broncos D/ST,D/ST,D/ST,True,16.0,7.76,False
1,False,10,Silence of the Lamb,4431452,Drake Maye,QB,BE,False,15.28,17.97,False
1,False,10,Silence of the Lamb,3138826,Fred Warner,LB,DP,True,8.0,9.22,False
1,False,10,Silence of the Lamb,4360939,Rashod Bateman,WR,BE,False,2.0,7.99,False
1,False,10,Silence of the Lamb,4241372,Hollywood Brown,WR,BE,False,14.9,10.16,False
1,False,10,Silence of the Lamb,5081397,Dylan Sampson,RB,BE,False,13.3,8.57,False
1,False,10,Silence of the Lamb,4242433,Joshua Palmer,WR,BE,False,8.6,5.33,False
1,False,1,Nico Suave,4258173,Nico Collins,WR,WR,True,4.0,14.39,False
1,False,1,Nico Suave,3043078,Derrick Henry,RB,RB,True,28.7,15.49,False
1,False,1,Nico Suave,16737,Mike Evans,WR,WR,True,7.6,13.37,False
1,False,1,Nico Suave,4685382,Omarion Hampton,RB,RB,True,7.1,13.5,False
1,False,1,Nico Suave,4685472,Tetairoa McMillan,WR,BE,False,9.3,11.45,False
1,False,1,Nico Suave,4426354,George Pickens,WR,BE,False,4.5,11.02,False
1,False,1,Nico Suave,3916433,Jakobi Meyers,WR,BE,False,13.7,10.22,False
1,False,1,Nico Suave,3116365,Mark Andrews,TE,TE,True,1.0,9.74,False
1,False,1,Nico Suave,4696981,Cam Skattebo,RB,BE,False,1.9,4.84,False
1,False,1,Nico Suave,2577417,Dak Prescott,QB,BE,False,8.82,16.53,False
1,False,1,Nico Suave,4372019,Jerome Ford,RB,RB/WR/TE,True,2.0,12.36,False
1,False,1,Nico Suave,3068267,Austin Ekeler,RB,BE,False,7.2,10.42,False
1,False,1,Nico Suave,3124005,Zaire Franklin,LB,DP,True,4.0,10.01,False
1,False,1,Nico Suave,4360438,Brandon Aiyuk,WR,IR,False,0.0,0.0,False
1,False,1,Nico Suave,-16025,49ers D/ST,D/ST,D/ST,True,10.0,6.29,False
1,False,1,Nico Suave,4249087,Matt Gay,K,K,True,3.0,8.17,False
1,False,1,Nico Suave,4038441,Justice Hill,RB,BE,False,-0.6,5.43,False
1,False,1,Nico Suave,4360310,Trevor Lawrence,QB,QB,True,10.32,17.98,False
1,False,13,Christopher's Kryptonite ,4430807,Bijan Robinson,RB,RB,True,21.4,17.88,False
1,False,13,Christopher's Kryptonite ,4362238,Chase Brown,RB,RB,True,12.1,15.79,False
1,False,13,Christopher's Kryptonite ,4430878,Jaxon Smith-Njigba,WR,WR,True,14.9,12.05,False
1,False,13,Christopher's Kryptonite ,3915511,Joe Burrow,QB,QB,True,8.82,19.98,False
1,False,13,Christopher's Kryptonite ,3925357,Calvin Ridley,WR,WR,True,4.7,9.57,False
1,False,13,Christopher's Kryptonite ,4035538,David Montgomery,RB,RB/WR/TE,True,6.3,11.25,False
1,False,13,Christopher's Kryptonite ,4819231,Kaleb Johnson,RB,BE,False,-0.2,4.7,False
1,False,13,Christopher's Kryptonite ,4701936,Matthew Golden,WR,BE,False,2.6,10.22,False
1,False,13,Christopher's Kryptonite ,4428209,Ricky Pearsall,WR,BE,False,13.8,10.71,False
1,False,13,Christopher's Kryptonite ,3116165,Chris Godwin Jr.,WR,IR,False,0.0,0.0,False
1,False,13,Christopher's Kryptonite ,3051876,Evan Engram,TE,TE,True,3.6,7.64,False
1,False,13,Christopher's Kryptonite ,4685279,Jaydon Blue,RB,BE,False,0.0,0.0,False
1,False,13,Christopher's Kryptonite ,4242355,Jake Ferguson,TE,BE,False,4.8,6.96,False
1,False,13,Christopher's Kryptonite ,-16022,Cardinals D/ST,D/ST,D/ST,True,4.0,7.02,False
1,False,13,Christopher's Kryptonite ,16460,Adam Thielen,WR,BE,False,2.0,8.88,False
1,False,13,Christopher's Kryptonite ,3150744,Chase McLaughlin,K,K,True,5.0,8.74,False
1,False,13,Christopher's Kryptonite ,-16026,Seahawks D/ST,D/ST,BE,False,7.0,4.84,False
1,False,13,Christopher's Kryptonite ,3918330,Logan Wilson,LB,DP,True,7.0,9.2,False
1,False,8,SCLSU Mud Dogs,4429795,Jahmyr Gibbs,RB,RB,True,10.0,16.62,False
1,False,8,SCLSU Mud Dogs,4432665,Brock Bowers,TE,TE,True,13.8,12.08,False
1,False,8,SCLSU Mud Dogs,4426348,Jayden Daniels,QB,QB,True,20.12,20.96,False
1,False,8,SCLSU Mud Dogs,16800,Davante Adams,WR,WR,True,7.1,12.02,False
1,False,8,SCLSU Mud Dogs,3915416,DJ Moore,WR,RB/WR/TE,True,7.1,10.94,False
1,False,8,SCLSU Mud Dogs,3916148,Tony Pollard,RB,RB,True,7.4,11.41,False
1,False,8,SCLSU Mud Dogs,4428331,Rashee Rice,WR,BE,False,0.0,0.0,False
1,False,8,SCLSU Mud Dogs,4360569,Jordan Mason,RB,BE,False,8.0,7.48,False
1,False,8,SCLSU Mud Dogs,4429205,Jordan Addison,WR,BE,False,0.0,0.0,False
1,False,8,SCLSU Mud Dogs,4429013,Tank Bigsby,RB,BE,False,1.2,8.22,False
1,False,8,SCLSU Mud Dogs,4688813,Josh Downs,WR,WR,True,2.2,8.47,False
1,False,8,SCLSU Mud Dogs,4360423,Michael Penix Jr.,QB,BE,False,24.02,14.84,False
1,False,8,SCLSU Mud Dogs,-16021,Eagles D/ST,D/ST,D/ST,True,2.0,6.16,False
1,False,8,SCLSU Mud Dogs,4360248,Kyle Pitts Sr.,TE,BE,False,9.4,7.53,False
1,False,8,SCLSU Mud Dogs,4369863,Cedric Tillman,WR,BE,False,13.7,8.76,False
1,False,8,SCLSU Mud Dogs,2985659,Wil Lutz,K,K,True,8.0,8.15,False
1,False,8,SCLSU Mud Dogs,3117253,Bobby Okereke,LB,DP,True,16.0,9.43,False
1,False,11,ConcreteJungleWet DreamTomato,4890973,Ashton Jeanty,RB,RB,True,11.0,15.69,False
1,False,11,ConcreteJungleWet DreamTomato,4595348,Malik Nabers,WR,WR,True,9.6,15.7,False
1,False,11,ConcreteJungleWet DreamTomato,4379399,James Cook III,RB,RB,True,18.7,13.49,False
1,False,11,ConcreteJungleWet DreamTomato,3116406,Tyreek Hill,WR,WR,True,6.0,12.31,False
1,False,11,ConcreteJungleWet DreamTomato,3139477,Patrick Mahomes,QB,QB,True,26.02,19.81,False
1,False,11,ConcreteJungleWet DreamTomato,4036133,T.J. Hockenson,TE,TE,True,3.0,8.82,False
1,False,11,ConcreteJungleWet DreamTomato,3116385,Joe Mixon,RB,IR,False,0.0,0.0,False
1,False,11,ConcreteJungleWet DreamTomato,4241463,Jerry Jeudy,WR,RB/WR/TE,True,10.1,12.09,False
1,False,11,ConcreteJungleWet DreamTomato,4685702,Quinshon Judkins,RB,BE,False,0.0,0.0,False
1,False,11,ConcreteJungleWet DreamTomato,-16034,Texans D/ST,D/ST,D/ST,True,8.0,5.9,False
1,False,11,ConcreteJungleWet DreamTomato,4035687,Michael Pittman Jr.,WR,BE,False,17.0,9.45,False
1,False,11,ConcreteJungleWet DreamTomato,4361741,Brock Purdy,QB,BE,False,16.78,16.85,False
1,False,11,ConcreteJungleWet DreamTomato,3046439,Hunter Henry,TE,BE,False,8.6,7.24,False
1,False,11,ConcreteJungleWet DreamTomato,4372561,Isaac Guerendo,RB,BE,False,0.0,1.92,False
1,False,11,ConcreteJungleWet DreamTomato,4040655,Darnell Mooney,WR,BE,False,0.0,0.0,False
1,False,11,ConcreteJungleWet DreamTomato,3045282,T.J. Watt,DE,BE,False,5.0,5.95,False
1,False,11,ConcreteJungleWet DreamTomato,4692025,Brian Branch,S,DP,True,5.0,8.01,False
1,False,11,ConcreteJungleWet DreamTomato,3055899,Harrison Butker,K,K,True,11.0,8.26,False
1,False,12,Blake's Holographic Charizard,3929630,Saquon Barkley,RB,RB,True,16.4,19.54,False
1,False,12,Blake's Holographic Charizard,4612826,Ladd McConkey,WR,WR,True,10.4,12.25,False
1,False,12,Blake's Holographic Charizard,4239993,Tee Higgins,WR,WR,True,4.8,12.8,False
1,False,12,Blake's Holographic Charizard,3045147,James Conner,RB,RB,True,12.4,14.03,False
1,False,12,Blake's Holographic Charizard,4241416,Chuba Hubbard,RB,BE,False,16.4,13.96,False
1,False,12,Blake's Holographic Charizard,4683062,Xavier Worthy,WR,RB/WR/TE,True,0.0,14.36,False
1,False,12,Blake's Holographic Charizard,4241474,Brian Robinson Jr.,RB,BE,False,4.2,3.94,False
1,False,12,Blake's Holographic Charizard,4723086,Colston Loveland,TE,TE,True,2.2,7.07,False
1,False,12,Blake's Holographic Charizard,3886598,Jauan Jennings,WR,BE,False,2.6,10.19,False
1,False,12,Blake's Holographic Charizard,4431611,Caleb Williams,QB,QB,True,24.2,15.47,False
1,False,12,Blake's Holographic Charizard,4877706,Jayden Higgins,WR,BE,False,5.2,7.51,False
1,False,12,Blake's Holographic Charizard,3917657,Zack Baun,LB,DP,True,9.0,10.48,False
1,False,12,Blake's Holographic Charizard,4433970,J.J. McCarthy,QB,BE,False,22.22,16.26,False
1,False,12,Blake's Holographic Charizard,4362081,Cameron Dicker,K,K,True,9.0,8.4,False
1,False,12,Blake's Holographic Charizard,4575131,Jacory Croskey-Merritt,RB,BE,False,14.2,8.82,False
1,False,12,Blake's Holographic Charizard,4243331,Cade Otton,TE,BE,False,0.0,7.15,False
1,False,12,Blake's Holographic Charizard,-16008,Lions D/ST,D/ST,D/ST,True,2.0,5.92,False
1,False,14,Deston's Ride or Dies ,4426515,Puka Nacua,WR,WR,True,18.1,13.75,False
1,False,14,Deston's Ride or Dies ,4596448,Bucky Irving,RB,RB,True,12.5,15.67,False
1,False,14,Deston's Ride or Dies ,4432708,Marvin Harrison Jr.,WR,WR,True,15.6,11.56,False
1,False,14,Deston's Ride or Dies ,4427366,Breece Hall,RB,BE,False,15.5,11.22,False
1,False,14,Deston's Ride or Dies ,4432710,TreVeyon Henderson,RB,RB,True,8.1,13.09,False
1,False,14,Deston's Ride or Dies ,4685415,Travis Hunter,WR,DP,True,7.3,12.22,False
1,False,14,Deston's Ride or Dies ,4567750,Emeka Egbuka,WR,RB/WR/TE,True,21.6,11.27,False
1,False,14,Deston's Ride or Dies ,4431459,Tyler Warren,TE,TE,True,11.4,8.0,False
1,False,14,Deston's Ride or Dies ,4362887,Justin Fields,QB,QB,True,29.52,15.49,False
1,False,14,Deston's Ride or Dies ,4426385,Zach Charbonnet,RB,BE,False,10.7,7.71,False
1,False,14,Deston's Ride or Dies ,4385690,Dalton Kincaid,TE,BE,False,12.8,7.03,False
1,False,14,Deston's Ride or Dies ,4685278,Luther Burden III,WR,BE,False,0.2,2.63,False
1,False,14,Deston's Ride or Dies ,4685247,Braelon Allen,RB,BE,False,6.9,4.52,False
1,False,14,Deston's Ride or Dies ,4882093,Bhayshul Tuten,RB,BE,False,1.1,3.31,False
1,False,14,Deston's Ride or Dies ,4429501,Ray Davis,RB,BE,False,0.6,4.11,False
1,False,14,Deston's Ride or Dies ,4372066,Jake Moody,K,K,True,3.0,7.12,False
1,False,14,Deston's Ride or Dies ,-16017,Patriots D/ST,D/ST,D/ST,True,5.0,6.53,False
1,False,4,Injured Reserve ,4374302,Amon-Ra St. Brown,WR,WR,True,7.5,13.71,False
1,False,4,Injured Reserve ,4047365,Josh Jacobs,RB,RB,True,13.5,14.46,False
1,False,4,Injured Reserve ,4361370,Chris Olave,WR,WR,True,8.9,9.97,False
1,False,4,Injured Reserve ,4430027,Sam LaPorta,TE,TE,True,10.9,9.12,False
1,False,4,Injured Reserve ,4569173,Rhamondre Stevenson,RB,RB,True,3.7,10.38,False
1,False,4,Injured Reserve ,3052587,Baker Mayfield,QB,QB,True,22.58,19.02,False
1,False,4,Injured Reserve ,3126486,Deebo Samuel,WR,RB/WR/TE,True,19.1,10.05,False
1,False,4,Injured Reserve ,4569987,Jaylen Warren,RB,BE,False,12.9,12.6,False
1,False,4,Injured Reserve ,4429096,Blake Corum,RB,BE,False,2.1,3.75,False
1,False,4,Injured Reserve ,4432577,C.J. Stroud,QB,BE,False,8.72,16.47,False
1,False,4,Injured Reserve ,3915189,Roquan Smith,LB,DP,True,10.0,9.91,False
1,False,4,Injured Reserve ,3050478,Jake Elliott,K,K,True,8.0,8.64,False
1,False,4,Injured Reserve ,-16006,Cowboys D/ST,D/ST,D/ST,True,1.0,3.36,False
1,False,4,Injured Reserve ,3120348,JuJu Smith-Schuster,WR,BE,False,8.0,4.41,False
1,False,4,Injured Reserve ,15835,Zach Ertz,TE,BE,False,10.1,7.1,False
1,False,4,Injured Reserve ,4429022,Kayshon Boutte,WR,BE,False,13.3,3.37,False
1,False,4,Injured Reserve ,4431545,Will Shipley,RB,BE,False,2.6,3.38,False
1,False,3,Jim Ward's Ole Dick Necks,4429160,De'Von Achane,RB,RB/WR/TE,True,16.0,15.51,False
1,False,3,Jim Ward's Ole Dick Necks,4047646,A.J. Brown,WR,WR,True,1.3,13.94,False
1,False,3,Jim Ward's Ole Dick Necks,4567048,Kenneth Walker III,RB,RB,True,3.9,13.67,False
1,False,3,Jim Ward's Ole Dick Necks,4569618,Garrett Wilson,WR,WR,True,19.0,10.63,False
1,False,3,Jim Ward's Ole Dick Necks,4259545,D'Andre Swift,RB,RB,True,8.0,11.57,False
1,False,3,Jim Ward's Ole Dick Necks,4372016,Jaylen Waddle,WR,BE,False,5.0,10.39,False
1,False,3,Jim Ward's Ole Dick Necks,4431299,Rome Odunze,WR,BE,False,12.7,10.25,False
1,False,3,Jim Ward's Ole Dick Necks,4572680,Tucker Kraft,TE,TE,True,8.9,7.53,False
1,False,3,Jim Ward's Ole Dick Necks,4241985,J.K. Dobbins,RB,BE,False,13.8,9.55,False
1,False,3,Jim Ward's Ole Dick Necks,4036378,Jordan Love,QB,BE,False,15.92,14.92,False
1,False,3,Jim Ward's Ole Dick Necks,4032473,Rashid Shaheed,WR,BE,False,6.3,8.88,False
1,False,3,Jim Ward's Ole Dick Necks,3121023,Dallas Goedert,TE,BE,False,7.9,7.55,False
1,False,3,Jim Ward's Ole Dick Necks,4038941,Justin Herbert,QB,QB,True,27.92,16.56,False
1,False,3,Jim Ward's Ole Dick Necks,-16002,Bills D/ST,D/ST,D/ST,True,-2.0,3.11,False
1,False,3,Jim Ward's Ole Dick Necks,4599739,Kendre Miller,RB,BE,False,2.4,4.39,False
1,False,3,Jim Ward's Ole Dick Necks,3124890,Kaden Elliss,LB,DP,True,5.0,9.49,False
1,False,3,Jim Ward's Ole Dick Necks,2473037,Jason Myers,K,K,True,8.0,8.25,False
2,False,9,Men of Will,4262921,Justin Jefferson,WR,WR,True,9.6,16.27,False
2,False,9,Men of Will,4432773,Brian Thomas Jr.,WR,WR,True,7.9,13.8,False
2,False,9,Men of Will,3918298,Josh Allen,QB,QB,True,11.82,21.76,False
2,False,9,Men of Will,3040151,George Kittle,TE,IR,False,0.0,0.0,False
2,False,9,Men of Will,4568490,RJ Harvey,RB,RB,True,2.9,6.31,False
2,False,9,Men of Will,3042519,Aaron Jones Sr.,RB,RB,True,2.3,11.87,False
2,False,9,Men of Will,2977187,Cooper Kupp,WR,BE,False,12.5,7.77,False
2,False,9,Men of Will,4241457,Najee Harris,RB,BE,False,5.8,6.03,False
2,False,9,Men of Will,4426338,Bo Nix,QB,BE,False,20.24,16.6,False
2,False,9,Men of Will,4373678,Khalil Shakir,WR,BE,False,1.7,9.32,False
2,False,9,Men of Will,4686361,Cam Little,K,K,True,10.0,7.99,False
2,False,9,Men of Will,-16023,Steelers D/ST,D/ST,D/ST,True,4.0,7.65,False
2,False,9,Men of Will,2612151,Alex Singleton,LB,DP,True,9.0,10.4,False
2,False,9,Men of Will,4430034,Xavier Legette,WR,BE,False,0.3,7.01,False
2,False,9,Men of Will,15818,Keenan Allen,WR,RB/WR/TE,True,14.6,10.35,False
2,False,9,Men of Will,4711533,Ollie Gordon II,RB,BE,False,1.8,6.21,False
2,False,9,Men of Will,3054212,Jonnu Smith,TE,TE,True,4.7,7.13,False
2,False,9,Men of Will,4429275,Trey Benson,RB,BE,False,6.4,9.02,False
2,False,10,Silence of the Lamb,4241389,CeeDee Lamb,WR,WR,True,16.7,15.38,False
2,False,10,Silence of the Lamb,4426502,Drake London,WR,RB/WR/TE,True,5.4,12.45,False
2,False,10,Silence of the Lamb,3916387,Lamar Jackson,QB,QB,True,26.3,22.76,False
2,False,10,Silence of the Lamb,3054850,Alvin Kamara,RB,RB,True,13.0,13.03,False
2,False,10,Silence of the Lamb,4047650,DK Metcalf,WR,WR,True,9.5,12.33,False
2,False,10,Silence of the Lamb,4361529,Isiah Pacheco,RB,BE,False,3.4,9.74,False
2,False,10,Silence of the Lamb,4426388,Jameson Williams,WR,BE,False,17.8,11.05,False
2,False,10,Silence of the Lamb,3123076,David Njoku,TE,TE,True,6.0,8.28,False
2,False,10,Silence of the Lamb,4361579,Javonte Williams,RB,RB,True,22.0,12.81,False
2,False,10,Silence of the Lamb,3953687,Brandon Aubrey,K,K,True,22.0,8.39,False
2,False,10,Silence of the Lamb,-16007,Broncos D/ST,D/ST,D/ST,True,-5.0,7.46,False
2,False,10,Silence of the Lamb,4431452,Drake Maye,QB,BE,False,26.3,17.72,False
2,False,10,Silence of the Lamb,3138826,Fred Warner,LB,DP,True,15.0,9.87,False
2,False,10,Silence of the Lamb,4360939,Rashod Bateman,WR,BE,False,2.5,7.66,False
2,False,10,Silence of the Lamb,4241372,Hollywood Brown,WR,BE,False,5.5,10.85,False
2,False,10,Silence of the Lamb,5081397,Dylan Sampson,RB,BE,False,9.4,10.27,False
2,False,10,Silence of the Lamb,4242433,Joshua Palmer,WR,BE,False,5.7,7.04,False
2,False,13,Christopher's Kryptonite ,4430807,Bijan Robinson,RB,RB,True,18.3,16.13,False
2,False,13,Christopher's Kryptonite ,4362238,Chase Brown,RB,RB,True,8.5,16.1,False
2,False,13,Christopher's Kryptonite ,4430878,Jaxon Smith-Njigba,WR,WR,True,14.3,11.66,False
2,False,13,Christopher's Kryptonite ,3915511,Joe Burrow,QB,QB,True,7.04,0.0,False
2,False,13,Christopher's Kryptonite ,3925357,Calvin Ridley,WR,BE,False,7.2,11.4,False
2,False,13,Christopher's Kryptonite ,4035538,David Montgomery,RB,RB/WR/TE,True,12.6,12.04,False
2,False,13,Christopher's Kryptonite ,4819231,Kaleb Johnson,RB,BE,False,0.1,2.42,False
2,False,13,Christopher's Kryptonite ,4701936,Matthew Golden,WR,BE,False,1.5,8.95,False
2,False,13,Christopher's Kryptonite ,4428209,Ricky Pearsall,WR,WR,True,7.2,10.82,False
2,False,13,Christopher's Kryptonite ,3116165,Chris Godwin Jr.,WR,IR,False,0.0,0.0,False
2,False,13,Christopher's Kryptonite ,3051876,Evan Engram,TE,TE,True,1.7,6.74,False
2,False,13,Christopher's Kryptonite ,4685279,Jaydon Blue,RB,BE,False,0.0,0.0,False
2,False,13,Christopher's Kryptonite ,4242355,Jake Ferguson,TE,BE,False,12.3,7.45,False
2,False,13,Christopher's Kryptonite ,-16022,Cardinals D/ST,D/ST,D/ST,True,12.0,7.29,False
2,False,13,Christopher's Kryptonite ,16460,Adam Thielen,WR,BE,False,3.6,6.15,False
2,False,13,Christopher's Kryptonite ,3150744,Chase McLaughlin,K,K,True,1.0,8.31,False
2,False,13,Christopher's Kryptonite ,-16026,Seahawks D/ST,D/ST,BE,False,16.0,5.84,False
2,False,13,Christopher's Kryptonite ,4241597,Daiyan Henley,LB,DP,True,14.0,9.88,False
2,False,5,Flowers for Allgeiernon,4362628,Ja'Marr Chase,WR,WR,True,30.5,16.47,False
2,False,5,Flowers for Allgeiernon,4430737,Kyren Williams,RB,RB,True,9.0,17.24,False
2,False,5,Flowers for Allgeiernon,4361307,Trey McBride,TE,TE,True,10.8,12.24,False
2,False,5,Flowers for Allgeiernon,4239996,Travis Etienne Jr.,RB,RB,True,15.9,12.03,False
2,False,5,Flowers for Allgeiernon,4241478,DeVonta Smith,WR,RB/WR/TE,True,7.3,10.03,False
2,False,5,Flowers for Allgeiernon,3917315,Kyler Murray,QB,QB,True,14.0,19.21,False
2,False,5,Flowers for Allgeiernon,4429615,Zay Flowers,WR,WR,True,11.4,11.95,False
2,False,5,Flowers for Allgeiernon,3895856,Christian Kirk,WR,BE,False,0.0,0.0,False
2,False,5,Flowers for Allgeiernon,4361777,Zamir White,RB,BE,False,2.3,2.89,False
2,False,5,Flowers for Allgeiernon,4373626,Tyler Allgeier,RB,BE,False,14.5,3.93,False
2,False,5,Flowers for Allgeiernon,3050073,Foyesade Oluokun,LB,DP,True,9.0,10.26,False
2,False,5,Flowers for Allgeiernon,-16033,Ravens D/ST,D/ST,D/ST,True,15.0,7.81,False
2,False,5,Flowers for Allgeiernon,12483,Matthew Stafford,QB,BE,False,17.32,16.97,False
2,False,5,Flowers for Allgeiernon,-16028,Commanders D/ST,D/ST,BE,False,-1.0,3.15,False
2,False,5,Flowers for Allgeiernon,17372,Chris Boswell,K,K,True,12.0,8.24,False
2,False,5,Flowers for Allgeiernon,4243389,Calvin Austin III,WR,BE,False,2.7,6.55,False
2,False,5,Flowers for Allgeiernon,4428718,Tre Tucker,WR,BE,False,3.4,6.32,False
2,False,1,Nico Suave,4258173,Nico Collins,WR,WR,True,12.7,13.94,False
2,False,1,Nico Suave,3043078,Derrick Henry,RB,RB,True,2.3,17.34,False
2,False,1,Nico Suave,16737,Mike Evans,WR,WR,True,8.1,11.66,False
2,False,1,Nico Suave,4685382,Omarion Hampton,RB,RB,True,3.0,14.59,False
2,False,1,Nico Suave,4685472,Tetairoa McMillan,WR,RB/WR/TE,True,13.0,11.12,False
2,False,1,Nico Suave,4426354,George Pickens,WR,BE,False,15.3,9.86,False
2,False,1,Nico Suave,3916433,Jakobi Meyers,WR,BE,False,9.8,11.35,False
2,False,1,Nico Suave,3116365,Mark Andrews,TE,BE,False,0.9,7.64,False
2,False,1,Nico Suave,4696981,Cam Skattebo,RB,BE,False,12.9,4.26,False
2,False,1,Nico Suave,2577417,Dak Prescott,QB,BE,False,22.14,16.79,False
2,False,1,Nico Suave,3068267,Austin Ekeler,RB,BE,False,3.4,0.0,False
2,False,1,Nico Suave,3124005,Zaire Franklin,LB,DP,True,5.0,10.16,False
2,False,1,Nico Suave,4360438,Brandon Aiyuk,WR,IR,False,0.0,0.0,False
2,False,1,Nico Suave,-16025,49ers D/ST,D/ST,D/ST,True,5.0,7.14,False
2,False,1,Nico Suave,4249087,Matt Gay,K,K,True,4.0,8.06,False
2,False,1,Nico Suave,4038441,Justice Hill,RB,BE,False,4.0,5.65,False
2,False,1,Nico Suave,4360310,Trevor Lawrence,QB,QB,True,19.24,17.54,False
2,False,1,Nico Suave,3929645,Juwan Johnson,TE,TE,True,13.4,7.18,False
2,False,6,Thom-ASS,3117251,Christian McCaffrey,RB,RB,True,19.7,19.69,False
2,False,6,Thom-ASS,4242335,Jonathan Taylor,RB,RB,True,28.5,14.56,False
2,False,6,Thom-ASS,4040715,Jalen Hurts,QB,QB,True,11.54,20.69,False
2,False,6,Thom-ASS,3121422,Terry McLaurin,WR,WR,True,7.3,11.48,False
2,False,6,Thom-ASS,3128429,Courtland Sutton,WR,WR,True,2.1,11.32,False
2,False,6,Thom-ASS,15847,Travis Kelce,TE,TE,True,8.1,9.77,False
2,False,6,Thom-ASS,4360516,Tyrone Tracy Jr.,RB,RB/WR/TE,True,7.1,12.81,False
2,False,6,Thom-ASS,2976212,Stefon Diggs,WR,BE,False,5.2,8.06,False
2,False,6,Thom-ASS,4635008,Keon Coleman,WR,BE,False,4.1,10.63,False
2,False,6,Thom-ASS,4362249,Jayden Reed,WR,BE,False,0.0,9.43,False
2,False,6,Thom-ASS,4697815,Rachaad White,RB,BE,False,13.6,5.9,False
2,False,6,Thom-ASS,4689936,Jake Bates,K,K,True,9.0,8.54,False
2,False,6,Thom-ASS,-16016,Vikings D/ST,D/ST,D/ST,True,5.0,6.92,False
2,False,6,Thom-ASS,3128720,Nick Chubb,RB,BE,False,14.2,10.92,False
2,False,6,Thom-ASS,4362851,Ernest Jones IV,LB,DP,True,10.0,10.04,False
2,False,6,Thom-ASS,4686472,Marvin Mims Jr.,WR,BE,False,9.4,7.17,False
2,False,6,Thom-ASS,4241479,Tua Tagovailoa,QB,BE,False,18.6,16.18,False
2,False,11,ConcreteJungleWet DreamTomato,4890973,Ashton Jeanty,RB,RB,True,5.9,15.68,False
2,False,11,ConcreteJungleWet DreamTomato,4595348,Malik Nabers,WR,WR,True,34.2,15.21,False
2,False,11,ConcreteJungleWet DreamTomato,4379399,James Cook III,RB,RB,True,26.0,14.31,False
2,False,11,ConcreteJungleWet DreamTomato,3116406,Tyreek Hill,WR,WR,True,13.9,11.61,False
2,False,11,ConcreteJungleWet DreamTomato,3139477,Patrick Mahomes,QB,QB,True,22.08,19.41,False
2,False,11,ConcreteJungleWet DreamTomato,4036133,T.J. Hockenson,TE,TE,True,1.7,8.82,False
2,False,11,ConcreteJungleWet DreamTomato,3116385,Joe Mixon,RB,IR,False,0.0,0.0,False
2,False,11,ConcreteJungleWet DreamTomato,4241463,Jerry Jeudy,WR,RB/WR/TE,True,7.1,10.88,False
2,False,11,ConcreteJungleWet DreamTomato,4685702,Quinshon Judkins,RB,BE,False,8.6,2.6,False
2,False,11,ConcreteJungleWet DreamTomato,-16034,Texans D/ST,D/ST,D/ST,True,5.0,5.85,False
2,False,11,ConcreteJungleWet DreamTomato,4035687,Michael Pittman Jr.,WR,BE,False,6.0,9.07,False
2,False,11,ConcreteJungleWet DreamTomato,4361741,Brock Purdy,QB,BE,False,0.0,0.0,False
2,False,11,ConcreteJungleWet DreamTomato,3046439,Hunter Henry,TE,BE,False,1.4,7.84,False
2,False,11,ConcreteJungleWet DreamTomato,4372561,Isaac Guerendo,RB,BE,False,0.0,0.06,False
2,False,11,ConcreteJungleWet DreamTomato,4040655,Darnell Mooney,WR,BE,False,3.0,8.13,False
2,False,11,ConcreteJungleWet DreamTomato,3045282,T.J. Watt,DE,BE,False,4.0,6.0,False
2,False,11,ConcreteJungleWet DreamTomato,4692025,Brian Branch,S,DP,True,10.0,8.19,False
2,False,11,ConcreteJungleWet DreamTomato,3055899,Harrison Butker,K,K,True,6.0,8.26,False
2,False,14,Deston's Ride or Dies ,4426515,Puka Nacua,WR,WR,True,23.6,16.24,False
2,False,14,Deston's Ride or Dies ,4596448,Bucky Irving,RB,RB,True,15.1,14.34,False
2,False,14,Deston's Ride or Dies ,4432708,Marvin Harrison Jr.,WR,WR,True,3.7,11.61,False
2,False,14,Deston's Ride or Dies ,4427366,Breece Hall,RB,BE,False,4.8,13.88,False
2,False,14,Deston's Ride or Dies ,4432710,TreVeyon Henderson,RB,RB,True,5.0,11.25,False
2,False,14,Deston's Ride or Dies ,4685415,Travis Hunter,WR,DP,True,5.7,12.09,False
2,False,14,Deston's Ride or Dies ,4567750,Emeka Egbuka,WR,RB/WR/TE,True,10.9,11.65,False
2,False,14,Deston's Ride or Dies ,4431459,Tyler Warren,TE,TE,True,9.9,8.68,False
2,False,14,Deston's Ride or Dies ,4362887,Justin Fields,QB,QB,True,3.98,19.25,False
2,False,14,Deston's Ride or Dies ,4426385,Zach Charbonnet,RB,BE,False,1.0,9.22,False
2,False,14,Deston's Ride or Dies ,4385690,Dalton Kincaid,TE,BE,False,5.7,5.99,False
2,False,14,Deston's Ride or Dies ,4685278,Luther Burden III,WR,BE,False,1.0,2.16,False
2,False,14,Deston's Ride or Dies ,4685247,Braelon Allen,RB,BE,False,1.1,3.59,False
2,False,14,Deston's Ride or Dies ,4882093,Bhayshul Tuten,RB,BE,False,14.4,4.02,False
2,False,14,Deston's Ride or Dies ,4429025,Quentin Johnston,WR,BE,False,14.4,9.72,False
2,False,14,Deston's Ride or Dies ,4567104,Will Reichard,K,K,True,8.0,8.18,False
2,False,14,Deston's Ride or Dies ,-16014,Rams D/ST,D/ST,D/ST,True,9.0,7.43,False
2,False,3,Jim Ward's Ole Dick Necks,4429160,De'Von Achane,RB,RB,True,22.2,16.68,False
2,False,3,Jim Ward's Ole Dick Necks,4047646,A.J. Brown,WR,WR,True,5.2,13.09,False
2,False,3,Jim Ward's Ole Dick Necks,4567048,Kenneth Walker III,RB,BE,False,18.3,9.73,False
2,False,3,Jim Ward's Ole Dick Necks,4569618,Garrett Wilson,WR,WR,True,7.0,12.38,False
2,False,3,Jim Ward's Ole Dick Necks,4259545,D'Andre Swift,RB,RB,True,12.4,12.89,False
2,False,3,Jim Ward's Ole Dick Necks,4372016,Jaylen Waddle,WR,BE,False,15.3,10.83,False
2,False,3,Jim Ward's Ole Dick Necks,4431299,Rome Odunze,WR,BE,False,28.3,11.2,False
2,False,3,Jim Ward's Ole Dick Necks,4572680,Tucker Kraft,TE,TE,True,21.4,7.9,False
2,False,3,Jim Ward's Ole Dick Necks,4241985,J.K. Dobbins,RB,RB/WR/TE,True,15.0,10.41,False
2,False,3,Jim Ward's Ole Dick Necks,4036378,Jordan Love,QB,BE,False,20.88,17.62,False
2,False,3,Jim Ward's Ole Dick Necks,4032473,Rashid Shaheed,WR,BE,False,13.2,9.34,False
2,False,3,Jim Ward's Ole Dick Necks,3121023,Dallas Goedert,TE,BE,False,0.0,0.0,False
2,False,3,Jim Ward's Ole Dick Necks,4038941,Justin Herbert,QB,QB,True,18.78,17.63,False
2,False,3,Jim Ward's Ole Dick Necks,-16002,Bills D/ST,D/ST,D/ST,True,12.0,7.32,False
2,False,3,Jim Ward's Ole Dick Necks,4599739,Kendre Miller,RB,BE,False,1.5,4.29,False
2,False,3,Jim Ward's Ole Dick Necks,3124890,Kaden Elliss,LB,DP,True,4.0,8.95,False
2,False,3,Jim Ward's Ole Dick Necks,4360234,Evan McPherson,K,K,True,7.0,8.42,False
2,False,8,SCLSU Mud Dogs,4429795,Jahmyr Gibbs,RB,RB,True,17.9,16.24,False
2,False,8,SCLSU Mud Dogs,4432665,Brock Bowers,TE,TE,True,6.3,12.56,False
2,False,8,SCLSU Mud Dogs,4426348,Jayden Daniels,QB,QB,True,19.7,20.77,False
2,False,8,SCLSU Mud Dogs,16800,Davante Adams,WR,WR,True,19.6,12.7,False
2,False,8,SCLSU Mud Dogs,3915416,DJ Moore,WR,WR,True,7.1,11.44,False
2,False,8,SCLSU Mud Dogs,3916148,Tony Pollard,RB,RB,True,9.2,13.02,False
2,False,8,SCLSU Mud Dogs,4428331,Rashee Rice,WR,BE,False,0.0,0.0,False
2,False,8,SCLSU Mud Dogs,4360569,Jordan Mason,RB,RB/WR/TE,True,4.8,11.13,False
2,False,8,SCLSU Mud Dogs,4429205,Jordan Addison,WR,BE,False,0.0,0.0,False
2,False,8,SCLSU Mud Dogs,4429013,Tank Bigsby,RB,BE,False,0.0,1.93,False
2,False,8,SCLSU Mud Dogs,4360423,Michael Penix Jr.,QB,BE,False,5.3,14.67,False
2,False,8,SCLSU Mud Dogs,4360248,Kyle Pitts Sr.,TE,BE,False,5.7,6.84,False
2,False,8,SCLSU Mud Dogs,4369863,Cedric Tillman,WR,BE,False,9.2,8.35,False
2,False,8,SCLSU Mud Dogs,2985659,Wil Lutz,K,K,True,3.0,7.84,False
2,False,8,SCLSU Mud Dogs,3117253,Bobby Okereke,LB,DP,True,10.0,9.75,False
2,False,8,SCLSU Mud Dogs,-16017,Patriots D/ST,D/ST,D/ST,True,12.0,4.09,False
2,False,8,SCLSU Mud Dogs,4429086,Michael Mayer,TE,BE,False,2.9,4.0,False
2,False,4,Injured Reserve ,4374302,Amon-Ra St. Brown,WR,WR,True,34.7,13.54,False
2,False,4,Injured Reserve ,4047365,Josh Jacobs,RB,RB,True,14.4,17.07,False
2,False,4,Injured Reserve ,4361370,Chris Olave,WR,WR,True,8.4,10.07,False
2,False,4,Injured Reserve ,4430027,Sam LaPorta,TE,TE,True,4.1,8.94,False
2,False,4,Injured Reserve ,4569173,Rhamondre Stevenson,RB,BE,False,18.7,10.67,False
2,False,4,Injured Reserve ,3052587,Baker Mayfield,QB,QB,True,19.9,17.07,False
2,False,4,Injured Reserve ,3126486,Deebo Samuel,WR,RB/WR/TE,True,13.9,11.09,False
2,False,4,Injured Reserve ,4569987,Jaylen Warren,RB,RB,True,15.4,13.14,False
2,False,4,Injured Reserve ,4429096,Blake Corum,RB,BE,False,10.4,4.82,False
2,False,4,Injured Reserve ,4432577,C.J. Stroud,QB,BE,False,14.98,16.86,False
2,False,4,Injured Reserve ,3915189,Roquan Smith,LB,DP,True,23.0,9.88,False
2,False,4,Injured Reserve ,3050478,Jake Elliott,K,K,True,12.0,8.28,False
2,False,4,Injured Reserve ,-16006,Cowboys D/ST,D/ST,D/ST,True,-4.0,6.14,False
2,False,4,Injured Reserve ,3120348,JuJu Smith-Schuster,WR,BE,False,1.0,7.88,False
2,False,4,Injured Reserve ,15835,Zach Ertz,TE,BE,False,15.4,7.37,False
2,False,4,Injured Reserve ,4429022,Kayshon Boutte,WR,BE,False,8.1,7.93,False
2,False,4,Injured Reserve ,4431545,Will Shipley,RB,BE,False,0.0,0.0,False
2,False,12,Blake's Holographic Charizard,3929630,Saquon Barkley,RB,RB,True,16.4,16.92,False
2,False,12,Blake's Holographic Charizard,4612826,Ladd McConkey,WR,WR,True,7.3,11.49,False
2,False,12,Blake's Holographic Charizard,4239993,Tee Higgins,WR,WR,True,13.1,11.62,False
2,False,12,Blake's Holographic Charizard,3045147,James Conner,RB,RB,True,11.7,14.95,False
2,False,12,Blake's Holographic Charizard,4241416,Chuba Hubbard,RB,RB/WR/TE,True,16.2,14.06,False
2,False,12,Blake's Holographic Charizard,4683062,Xavier Worthy,WR,BE,False,0.0,0.0,False
2,False,12,Blake's Holographic Charizard,4241474,Brian Robinson Jr.,RB,BE,False,2.4,6.49,False
2,False,12,Blake's Holographic Charizard,4723086,Colston Loveland,TE,BE,False,0.0,5.73,False
2,False,12,Blake's Holographic Charizard,3886598,Jauan Jennings,WR,BE,False,17.4,9.5,False
2,False,12,Blake's Holographic Charizard,4431611,Caleb Williams,QB,QB,True,16.98,16.87,False
2,False,12,Blake's Holographic Charizard,4877706,Jayden Higgins,WR,BE,False,3.3,5.28,False
2,False,12,Blake's Holographic Charizard,3917657,Zack Baun,LB,DP,True,6.0,10.23,False
2,False,12,Blake's Holographic Charizard,4433970,J.J. McCarthy,QB,BE,False,2.82,16.82,False
2,False,12,Blake's Holographic Charizard,4362081,Cameron Dicker,K,K,True,8.0,8.48,False
2,False,12,Blake's Holographic Charizard,4575131,Jacory Croskey-Merritt,RB,BE,False,1.7,7.8,False
2,False,12,Blake's Holographic Charizard,-16008,Lions D/ST,D/ST,D/ST,True,8.0,5.6,False
2,False,12,Blake's Holographic Charizard,5083076,Harold Fannin Jr.,TE,TE,True,7.3,6.17,False
3,False,13,Christopher's Kryptonite ,4430807,Bijan Robinson,RB,RB,True,13.6,18.89,False
3,False,13,Christopher's Kryptonite ,4362238,Chase Brown,RB,RB,True,4.0,15.04,False
3,False,13,Christopher's Kryptonite ,4430878,Jaxon Smith-Njigba,WR,WR,True,18.1,12.52,False
3,False,13,Christopher's Kryptonite ,3925357,Calvin Ridley,WR,BE,False,3.2,10.87,False
3,False,13,Christopher's Kryptonite ,4035538,David Montgomery,RB,RB/WR/TE,True,28.9,11.7,False
3,False,13,Christopher's Kryptonite ,4819231,Kaleb Johnson,RB,BE,False,0.0,0.78,False
3,False,13,Christopher's Kryptonite ,4701936,Matthew Golden,WR,BE,False,8.1,7.43,False
3,False,13,Christopher's Kryptonite ,4428209,Ricky Pearsall,WR,WR,True,15.7,9.9,False
3,False,13,Christopher's Kryptonite ,3116165,Chris Godwin Jr.,WR,IR,False,0.0,0.0,False
3,False,13,Christopher's Kryptonite ,3051876,Evan Engram,TE,BE,False,0.0,0.0,False
3,False,13,Christopher's Kryptonite ,4242355,Jake Ferguson,TE,TE,True,14.7,8.94,False
3,False,13,Christopher's Kryptonite ,-16022,Cardinals D/ST,D/ST,BE,False,5.0,6.21,False
3,False,13,Christopher's Kryptonite ,3150744,Chase McLaughlin,K,K,True,20.0,8.57,False
3,False,13,Christopher's Kryptonite ,-16026,Seahawks D/ST,D/ST,D/ST,True,17.0,6.87,False
3,False,13,Christopher's Kryptonite ,4241597,Daiyan Henley,LB,DP,True,4.0,9.86,False
3,False,13,Christopher's Kryptonite ,3917792,Daniel Jones,QB,QB,True,15.82,18.19,False
3,False,13,Christopher's Kryptonite ,3046779,Jared Goff,QB,BE,False,12.68,16.43,False
3,False,13,Christopher's Kryptonite ,4883647,Elic Ayomanor,WR,BE,False,11.8,7.9,False
3,False,9,Men of Will,4262921,Justin Jefferson,WR,WR,True,10.0,15.52,False
3,False,9,Men of Will,4432773,Brian Thomas Jr.,WR,WR,True,6.5,12.76,False
3,False,9,Men of Will,3918298,Josh Allen,QB,QB,True,23.02,23.96,False
3,False,9,Men of Will,3040151,George Kittle,TE,IR,False,0.0,0.0,False
3,False,9,Men of Will,4568490,RJ Harvey,RB,BE,False,3.1,5.75,False
3,False,9,Men of Will,3042519,Aaron Jones Sr.,RB,BE,False,0.0,0.0,False
3,False,9,Men of Will,2977187,Cooper Kupp,WR,BE,False,4.1,8.56,False
3,False,9,Men of Will,4241457,Najee Harris,RB,RB,True,2.8,5.88,False
3,False,9,Men of Will,4426338,Bo Nix,QB,BE,False,13.42,16.04,False
3,False,9,Men of Will,4373678,Khalil Shakir,WR,BE,False,12.5,8.95,False
3,False,9,Men of Will,4686361,Cam Little,K,K,True,4.0,8.06,False
3,False,9,Men of Will,-16023,Steelers D/ST,D/ST,D/ST,True,15.0,5.81,False
3,False,9,Men of Will,2612151,Alex Singleton,LB,DP,True,12.0,10.16,False
3,False,9,Men of Will,4430034,Xavier Legette,WR,BE,False,0.0,0.0,False
3,False,9,Men of Will,15818,Keenan Allen,WR,RB/WR/TE,True,16.0,10.72,False
3,False,9,Men of Will,4711533,Ollie Gordon II,RB,BE,False,9.8,1.87,False
3,False,9,Men of Will,3054212,Jonnu Smith,TE,TE,True,3.8,7.6,False
3,False,9,Men of Will,4429275,Trey Benson,RB,RB,True,6.6,7.58,False
3,False,10,Silence of the Lamb,4241389,CeeDee Lamb,WR,WR,True,0.0,16.28,False
3,False,10,Silence of the Lamb,4426502,Drake London,WR,WR,True,8.0,12.72,False
3,False,10,Silence of the Lamb,3916387,Lamar Jackson,QB,QB,True,28.02,23.64,False
3,False,10,Silence of the Lamb,3054850,Alvin Kamara,RB,RB,True,6.1,13.5,False
3,False,10,Silence of the Lamb,4047650,DK Metcalf,WR,RB/WR/TE,True,11.7,12.21,False
3,False,10,Silence of the Lamb,4361529,Isiah Pacheco,RB,BE,False,5.3,9.95,False
3,False,10,Silence of the Lamb,4426388,Jameson Williams,WR,BE,False,5.3,11.02,False
3,False,10,Silence of the Lamb,3123076,David Njoku,TE,TE,True,6.5,7.32,False
3,False,10,Silence of the Lamb,4361579,Javonte Williams,RB,RB,True,10.7,14.63,False
3,False,10,Silence of the Lamb,3953687,Brandon Aubrey,K,K,True,8.0,8.73,False
3,False,10,Silence of the Lamb,-16007,Broncos D/ST,D/ST,D/ST,True,8.0,4.3,False
3,False,10,Silence of the Lamb,4431452,Drake Maye,QB,BE,False,19.22,18.01,False
3,False,10,Silence of the Lamb,3138826,Fred Warner,LB,DP,True,11.0,10.1,False
3,False,10,Silence of the Lamb,4360939,Rashod Bateman,WR,BE,False,14.8,8.08,False
3,False,10,Silence of the Lamb,4241372,Hollywood Brown,WR,BE,False,6.2,9.88,False
3,False,10,Silence of the Lamb,5081397,Dylan Sampson,RB,BE,False,0.2,3.93,False
3,False,10,Silence of the Lamb,4242433,Joshua Palmer,WR,BE,False,1.0,5.91,False
3,False,1,Nico Suave,4258173,Nico Collins,WR,WR,True,18.4,13.98,False
3,False,1,Nico Suave,3043078,Derrick Henry,RB,RB,True,10.2,15.8,False
3,False,1,Nico Suave,16737,Mike Evans,WR,WR,True,11.3,12.31,False
3,False,1,Nico Suave,4685382,Omarion Hampton,RB,RB,True,21.9,11.17,False
3,False,1,Nico Suave,4685472,Tetairoa McMillan,WR,BE,False,6.3,10.79,False
3,False,1,Nico Suave,4426354,George Pickens,WR,BE,False,16.3,10.92,False
3,False,1,Nico Suave,3916433,Jakobi Meyers,WR,RB/WR/TE,True,7.8,11.81,False
3,False,1,Nico Suave,3116365,Mark Andrews,TE,BE,False,24.1,7.74,False
3,False,1,Nico Suave,4696981,Cam Skattebo,RB,BE,False,21.1,9.13,False
3,False,1,Nico Suave,2577417,Dak Prescott,QB,QB,True,12.04,18.46,False
3,False,1,Nico Suave,4360438,Brandon Aiyuk,WR,IR,False,0.0,0.0,False
3,False,1,Nico Suave,4038441,Justice Hill,RB,BE,False,6.0,5.82,False
3,False,1,Nico Suave,4360310,Trevor Lawrence,QB,BE,False,7.78,16.25,False
3,False,1,Nico Suave,3929645,Juwan Johnson,TE,TE,True,8.1,8.3,False
3,False,1,Nico Suave,-16027,Buccaneers D/ST,D/ST,D/ST,True,16.0,6.98,False
3,False,1,Nico Suave,4371733,Kenneth Gainwell,RB,BE,False,9.1,8.98,False
3,False,1,Nico Suave,4361331,Jamien Sherwood,LB,DP,True,11.0,10.3,False
3,False,1,Nico Suave,11122,Matt Prater,K,K,True,7.0,9.1,False
3,False,5,Flowers for Allgeiernon,4362628,Ja'Marr Chase,WR,WR,True,7.4,14.79,False
3,False,5,Flowers for Allgeiernon,4430737,Kyren Williams,RB,RB,True,18.2,14.43,False
3,False,5,Flowers for Allgeiernon,4361307,Trey McBride,TE,TE,True,12.8,12.39,False
3,False,5,Flowers for Allgeiernon,4239996,Travis Etienne Jr.,RB,RB,True,11.6,11.41,False
3,False,5,Flowers for Allgeiernon,4241478,DeVonta Smith,WR,RB/WR/TE,True,16.0,9.99,False
3,False,5,Flowers for Allgeiernon,3917315,Kyler Murray,QB,QB,True,14.06,17.85,False
3,False,5,Flowers for Allgeiernon,4429615,Zay Flowers,WR,WR,True,2.3,13.41,False
3,False,5,Flowers for Allgeiernon,4361777,Zamir White,RB,BE,False,2.8,2.94,False
3,False,5,Flowers for Allgeiernon,4373626,Tyler Allgeier,RB,BE,False,0.9,6.39,False
3,False,5,Flowers for Allgeiernon,3050073,Foyesade Oluokun,LB,DP,True,6.0,10.09,False
3,False,5,Flowers for Allgeiernon,-16033,Ravens D/ST,D/ST,BE,False,-6.0,3.32,False
3,False,5,Flowers for Allgeiernon,12483,Matthew Stafford,QB,BE,False,13.84,15.97,False
3,False,5,Flowers for Allgeiernon,17372,Chris Boswell,K,K,True,3.0,8.25,False
3,False,5,Flowers for Allgeiernon,4243389,Calvin Austin III,WR,BE,False,10.9,7.26,False
3,False,5,Flowers for Allgeiernon,4431280,Troy Franklin,WR,BE,False,1.8,8.84,False
3,False,5,Flowers for Allgeiernon,-16001,Falcons D/ST,D/ST,D/ST,True,5.0,6.94,False
3,False,5,Flowers for Allgeiernon,15795,DeAndre Hopkins,WR,BE,False,1.8,3.67,False
3,False,6,Thom-ASS,3117251,Christian McCaffrey,RB,RB,True,19.0,18.61,False
3,False,6,Thom-ASS,4242335,Jonathan Taylor,RB,RB,True,31.3,17.8,False
3,False,6,Thom-ASS,4040715,Jalen Hurts,QB,QB,True,29.04,20.53,False
3,False,6,Thom-ASS,3121422,Terry McLaurin,WR,WR,True,8.9,10.52,False
3,False,6,Thom-ASS,3128429,Courtland Sutton,WR,WR,True,20.8,10.17,False
3,False,6,Thom-ASS,15847,Travis Kelce,TE,TE,True,4.6,9.1,False
3,False,6,Thom-ASS,4360516,Tyrone Tracy Jr.,RB,BE,False,4.6,8.75,False
3,False,6,Thom-ASS,2976212,Stefon Diggs,WR,BE,False,3.8,8.3,False
3,False,6,Thom-ASS,4635008,Keon Coleman,WR,BE,False,3.5,10.75,False
3,False,6,Thom-ASS,4362249,Jayden Reed,WR,IR,False,0.0,0.0,False
3,False,6,Thom-ASS,4697815,Rachaad White,RB,BE,False,1.9,6.41,False
3,False,6,Thom-ASS,4689936,Jake Bates,K,K,True,9.0,8.48,False
3,False,6,Thom-ASS,-16016,Vikings D/ST,D/ST,D/ST,True,32.0,6.99,False
3,False,6,Thom-ASS,3128720,Nick Chubb,RB,RB/WR/TE,True,5.5,11.2,False
3,False,6,Thom-ASS,4362851,Ernest Jones IV,LB,DP,True,7.0,9.82,False
3,False,6,Thom-ASS,4686472,Marvin Mims Jr.,WR,BE,False,0.9,5.49,False
3,False,6,Thom-ASS,4241479,Tua Tagovailoa,QB,BE,False,12.84,15.88,False
3,False,6,Thom-ASS,4569587,Wan'Dale Robinson,WR,BE,False,3.1,9.07,False
3,False,3,Jim Ward's Ole Dick Necks,4429160,De'Von Achane,RB,RB,True,12.6,16.84,False
3,False,3,Jim Ward's Ole Dick Necks,4047646,A.J. Brown,WR,WR,True,19.9,12.18,False
3,False,3,Jim Ward's Ole Dick Necks,4567048,Kenneth Walker III,RB,RB,True,17.5,15.21,False
3,False,3,Jim Ward's Ole Dick Necks,4569618,Garrett Wilson,WR,BE,False,19.4,12.78,False
3,False,3,Jim Ward's Ole Dick Necks,4259545,D'Andre Swift,RB,RB/WR/TE,True,9.3,14.95,False
3,False,3,Jim Ward's Ole Dick Necks,4372016,Jaylen Waddle,WR,BE,False,13.4,10.33,False
3,False,3,Jim Ward's Ole Dick Necks,4431299,Rome Odunze,WR,WR,True,13.7,12.89,False
3,False,3,Jim Ward's Ole Dick Necks,4572680,Tucker Kraft,TE,TE,True,4.4,8.97,False
3,False,3,Jim Ward's Ole Dick Necks,4241985,J.K. Dobbins,RB,BE,False,14.8,10.8,False
3,False,3,Jim Ward's Ole Dick Necks,4036378,Jordan Love,QB,QB,True,11.12,16.0,False
3,False,3,Jim Ward's Ole Dick Necks,4032473,Rashid Shaheed,WR,BE,False,6.2,8.29,False
3,False,3,Jim Ward's Ole Dick Necks,3121023,Dallas Goedert,TE,BE,False,9.8,6.9,False
3,False,3,Jim Ward's Ole Dick Necks,4038941,Justin Herbert,QB,BE,False,14.6,18.43,False
3,False,3,Jim Ward's Ole Dick Necks,-16002,Bills D/ST,D/ST,D/ST,True,4.0,5.63,False
3,False,3,Jim Ward's Ole Dick Necks,4599739,Kendre Miller,RB,BE,False,4.6,4.78,False
3,False,3,Jim Ward's Ole Dick Necks,4043130,Jordyn Brooks,LB,DP,True,4.0,9.96,False
3,False,3,Jim Ward's Ole Dick Necks,4697745,Tyler Loop,K,K,True,7.0,8.74,False
3,False,11,ConcreteJungleWet DreamTomato,4890973,Ashton Jeanty,RB,RB,True,6.3,13.92,False
3,False,11,ConcreteJungleWet DreamTomato,4595348,Malik Nabers,WR,WR,True,3.3,16.48,False
3,False,11,ConcreteJungleWet DreamTomato,4379399,James Cook III,RB,RB,True,19.3,16.21,False
3,False,11,ConcreteJungleWet DreamTomato,3116406,Tyreek Hill,WR,WR,True,13.4,11.47,False
3,False,11,ConcreteJungleWet DreamTomato,3139477,Patrick Mahomes,QB,QB,True,13.16,19.81,False
3,False,11,ConcreteJungleWet DreamTomato,4036133,T.J. Hockenson,TE,TE,True,13.4,7.82,False
3,False,11,ConcreteJungleWet DreamTomato,3116385,Joe Mixon,RB,IR,False,0.0,0.0,False
3,False,11,ConcreteJungleWet DreamTomato,4241463,Jerry Jeudy,WR,RB/WR/TE,True,2.2,9.53,False
3,False,11,ConcreteJungleWet DreamTomato,4685702,Quinshon Judkins,RB,BE,False,16.0,8.58,False
3,False,11,ConcreteJungleWet DreamTomato,-16034,Texans D/ST,D/ST,D/ST,True,7.0,5.24,False
3,False,11,ConcreteJungleWet DreamTomato,4035687,Michael Pittman Jr.,WR,BE,False,16.3,8.2,False
3,False,11,ConcreteJungleWet DreamTomato,4361741,Brock Purdy,QB,BE,False,0.0,0.0,False
3,False,11,ConcreteJungleWet DreamTomato,3046439,Hunter Henry,TE,BE,False,25.0,7.35,False
3,False,11,ConcreteJungleWet DreamTomato,4372561,Isaac Guerendo,RB,BE,False,0.0,0.07,False
3,False,11,ConcreteJungleWet DreamTomato,4040655,Darnell Mooney,WR,BE,False,6.4,8.77,False
3,False,11,ConcreteJungleWet DreamTomato,3045282,T.J. Watt,DE,BE,False,13.0,5.65,False
3,False,11,ConcreteJungleWet DreamTomato,4692025,Brian Branch,S,DP,True,6.0,8.25,False
3,False,11,ConcreteJungleWet DreamTomato,3055899,Harrison Butker,K,K,True,12.0,8.24,False
3,False,14,Deston's Ride or Dies ,4426515,Puka Nacua,WR,WR,True,17.3,15.78,False
3,False,14,Deston's Ride or Dies ,4596448,Bucky Irving,RB,RB,True,11.9,16.22,False
3,False,14,Deston's Ride or Dies ,4432708,Marvin Harrison Jr.,WR,WR,True,5.9,10.47,False
3,False,14,Deston's Ride or Dies ,4427366,Breece Hall,RB,RB,True,7.2,14.27,False
3,False,14,Deston's Ride or Dies ,4432710,TreVeyon Henderson,RB,BE,False,6.2,7.54,False
3,False,14,Deston's Ride or Dies ,4685415,Travis Hunter,WR,DP,True,8.6,10.67,False
3,False,14,Deston's Ride or Dies ,4567750,Emeka Egbuka,WR,RB/WR/TE,True,11.5,9.62,False
3,False,14,Deston's Ride or Dies ,4431459,Tyler Warren,TE,TE,True,5.3,9.42,False
3,False,14,Deston's Ride or Dies ,4362887,Justin Fields,QB,IR,False,0.0,0.0,False
3,False,14,Deston's Ride or Dies ,4426385,Zach Charbonnet,RB,BE,False,0.0,0.0,False
3,False,14,Deston's Ride or Dies ,4385690,Dalton Kincaid,TE,BE,False,15.1,7.04,False
3,False,14,Deston's Ride or Dies ,4685278,Luther Burden III,WR,BE,False,18.3,2.19,False
3,False,14,Deston's Ride or Dies ,4685247,Braelon Allen,RB,BE,False,5.7,3.83,False
3,False,14,Deston's Ride or Dies ,4882093,Bhayshul Tuten,RB,BE,False,8.1,5.26,False
3,False,14,Deston's Ride or Dies ,4429025,Quentin Johnston,WR,BE,False,12.9,10.72,False
3,False,14,Deston's Ride or Dies ,4567104,Will Reichard,K,K,True,14.0,7.72,False
3,False,14,Deston's Ride or Dies ,-16024,Chargers D/ST,D/ST,D/ST,True,4.0,6.12,False
3,False,14,Deston's Ride or Dies ,4241464,Mac Jones,QB,QB,True,13.26,14.43,False
3,False,4,Injured Reserve ,4374302,Amon-Ra St. Brown,WR,WR,True,17.2,15.63,False
3,False,4,Injured Reserve ,4047365,Josh Jacobs,RB,RB,True,9.9,15.85,False
3,False,4,Injured Reserve ,4361370,Chris Olave,WR,WR,True,10.7,10.05,False
3,False,4,Injured Reserve ,4430027,Sam LaPorta,TE,TE,True,5.3,9.46,False
3,False,4,Injured Reserve ,4569173,Rhamondre Stevenson,RB,BE,False,3.1,10.64,False
3,False,4,Injured Reserve ,3052587,Baker Mayfield,QB,QB,True,17.72,18.59,False
3,False,4,Injured Reserve ,3126486,Deebo Samuel,WR,RB/WR/TE,True,3.9,10.49,False
3,False,4,Injured Reserve ,4569987,Jaylen Warren,RB,RB,True,10.6,14.5,False
3,False,4,Injured Reserve ,4429096,Blake Corum,RB,BE,False,5.3,4.37,False
3,False,4,Injured Reserve ,4432577,C.J. Stroud,QB,BE,False,10.36,15.76,False
3,False,4,Injured Reserve ,3915189,Roquan Smith,LB,DP,True,7.0,10.61,False
3,False,4,Injured Reserve ,3050478,Jake Elliott,K,K,True,3.0,8.55,False
3,False,4,Injured Reserve ,3120348,JuJu Smith-Schuster,WR,BE,False,7.5,5.99,False
3,False,4,Injured Reserve ,15835,Zach Ertz,TE,BE,False,5.3,7.52,False
3,False,4,Injured Reserve ,4429022,Kayshon Boutte,WR,BE,False,3.8,6.93,False
3,False,4,Injured Reserve ,4431545,Will Shipley,RB,BE,False,0.0,0.0,False
3,False,4,Injured Reserve ,-16009,Packers D/ST,D/ST,D/ST,True,9.0,8.08,False
3,False,8,SCLSU Mud Dogs,4429795,Jahmyr Gibbs,RB,RB/WR/TE,True,24.4,15.9,False
3,False,8,SCLSU Mud Dogs,4432665,Brock Bowers,TE,TE,True,7.8,11.79,False
3,False,8,SCLSU Mud Dogs,4426348,Jayden Daniels,QB,BE,False,0.0,0.0,False
3,False,8,SCLSU Mud Dogs,16800,Davante Adams,WR,WR,True,14.1,13.81,False
3,False,8,SCLSU Mud Dogs,3915416,DJ Moore,WR,WR,True,10.8,10.72,False
3,False,8,SCLSU Mud Dogs,3916148,Tony Pollard,RB,RB,True,12.9,13.57,False
3,False,8,SCLSU Mud Dogs,4428331,Rashee Rice,WR,BE,False,0.0,0.0,False
3,False,8,SCLSU Mud Dogs,4360569,Jordan Mason,RB,RB,True,23.6,13.28,False
3,False,8,SCLSU Mud Dogs,4429205,Jordan Addison,WR,BE,False,0.0,0.0,False
3,False,8,SCLSU Mud Dogs,4429013,Tank Bigsby,RB,BE,False,1.0,1.63,False
3,False,8,SCLSU Mud Dogs,4360423,Michael Penix Jr.,QB,QB,True,3.78,16.22,False
3,False,8,SCLSU Mud Dogs,4360248,Kyle Pitts Sr.,TE,BE,False,5.9,7.73,False
3,False,8,SCLSU Mud Dogs,4369863,Cedric Tillman,WR,BE,False,4.1,7.73,False
3,False,8,SCLSU Mud Dogs,2985659,Wil Lutz,K,K,True,9.0,7.89,False
3,False,8,SCLSU Mud Dogs,3117253,Bobby Okereke,LB,DP,True,8.0,9.77,False
3,False,8,SCLSU Mud Dogs,4429086,Michael Mayer,TE,BE,False,2.0,3.43,False
3,False,8,SCLSU Mud Dogs,-16012,Chiefs D/ST,D/ST,D/ST,True,13.0,6.79,False
3,False,12,Blake's Holographic Charizard,3929630,Saquon Barkley,RB,RB,True,7.5,17.22,False
3,False,12,Blake's Holographic Charizard,4612826,Ladd McConkey,WR,WR,True,6.1,11.7,False
3,False,12,Blake's Holographic Charizard,4239993,Tee Higgins,WR,WR,True,2.0,9.81,False
3,False,12,Blake's Holographic Charizard,3045147,James Conner,RB,RB,True,5.2,12.16,False
3,False,12,Blake's Holographic Charizard,4241416,Chuba Hubbard,RB,RB/WR/TE,True,8.6,13.19,False
3,False,12,Blake's Holographic Charizard,4683062,Xavier Worthy,WR,BE,False,0.0,0.0,False
3,False,12,Blake's Holographic Charizard,4241474,Brian Robinson Jr.,RB,BE,False,2.2,6.47,False
3,False,12,Blake's Holographic Charizard,4723086,Colston Loveland,TE,BE,False,3.6,3.49,False
3,False,12,Blake's Holographic Charizard,3886598,Jauan Jennings,WR,BE,False,0.0,0.0,False
3,False,12,Blake's Holographic Charizard,4431611,Caleb Williams,QB,QB,True,29.12,19.15,False
3,False,12,Blake's Holographic Charizard,4877706,Jayden Higgins,WR,BE,False,1.0,3.05,False
3,False,12,Blake's Holographic Charizard,3917657,Zack Baun,LB,DP,True,9.0,9.95,False
3,False,12,Blake's Holographic Charizard,4433970,J.J. McCarthy,QB,BE,False,0.0,0.0,False
3,False,12,Blake's Holographic Charizard,4362081,Cameron Dicker,K,K,True,12.0,8.38,False
3,False,12,Blake's Holographic Charizard,4575131,Jacory Croskey-Merritt,RB,BE,False,9.6,10.46,False
3,False,12,Blake's Holographic Charizard,5083076,Harold Fannin Jr.,TE,TE,True,4.0,6.22,False
3,False,12,Blake's Holographic Charizard,-16011,Colts D/ST,D/ST,D/ST,True,16.0,6.91,False
4,False,9,Men of Will,4262921,Justin Jefferson,WR,WR,True,17.6,13.5,False
4,False,9,Men of Will,4432773,Brian Thomas Jr.,WR,WR,True,8.1,12.23,False
4,False,9,Men of Will,3918298,Josh Allen,QB,QB,True,24.86,22.67,False
4,False,9,Men of Will,3040151,George Kittle,TE,IR,False,0.0,0.0,False
4,False,9,Men of Will,4568490,RJ Harvey,RB,BE,False,17.8,6.79,False
4,False,9,Men of Will,3042519,Aaron Jones Sr.,RB,BE,False,0.0,0.0,False
4,False,9,Men of Will,2977187,Cooper Kupp,WR,BE,False,4.6,8.58,False
4,False,9,Men of Will,4426338,Bo Nix,QB,BE,False,25.74,18.16,False
4,False,9,Men of Will,4373678,Khalil Shakir,WR,BE,False,15.4,7.38,False
4,False,9,Men of Will,4686361,Cam Little,K,K,True,8.0,7.86,False
4,False,9,Men of Will,-16023,Steelers D/ST,D/ST,D/ST,True,9.0,7.55,False
4,False,9,Men of Will,2612151,Alex Singleton,LB,DP,True,11.0,9.98,False
4,False,9,Men of Will,4430034,Xavier Legette,WR,BE,False,0.0,0.0,False
4,False,9,Men of Will,15818,Keenan Allen,WR,RB/WR/TE,True,7.2,10.93,False
4,False,9,Men of Will,4711533,Ollie Gordon II,RB,BE,False,1.0,5.54,False
4,False,9,Men of Will,4429275,Trey Benson,RB,RB,True,9.9,12.19,False
4,False,9,Men of Will,4429059,Woody Marks,RB,RB,True,25.9,7.87,False
4,False,9,Men of Will,3117256,Dalton Schultz,TE,TE,True,5.5,7.22,False
4,False,1,Nico Suave,4258173,Nico Collins,WR,WR,True,9.9,14.83,False
4,False,1,Nico Suave,3043078,Derrick Henry,RB,RB,True,6.8,16.18,False
4,False,1,Nico Suave,16737,Mike Evans,WR,BE,False,0.0,0.0,False
4,False,1,Nico Suave,4685382,Omarion Hampton,RB,RB,True,25.0,15.37,False
4,False,1,Nico Suave,4685472,Tetairoa McMillan,WR,BE,False,8.2,11.64,False
4,False,1,Nico Suave,4426354,George Pickens,WR,BE,False,29.4,11.89,False
4,False,1,Nico Suave,3916433,Jakobi Meyers,WR,WR,True,6.0,12.16,False
4,False,1,Nico Suave,3116365,Mark Andrews,TE,BE,False,7.5,7.57,False
4,False,1,Nico Suave,4696981,Cam Skattebo,RB,RB/WR/TE,True,12.0,12.44,False
4,False,1,Nico Suave,2577417,Dak Prescott,QB,BE,False,30.96,14.08,False
4,False,1,Nico Suave,4360438,Brandon Aiyuk,WR,IR,False,0.0,0.0,False
4,False,1,Nico Suave,4038441,Justice Hill,RB,BE,False,26.2,5.53,False
4,False,1,Nico Suave,3929645,Juwan Johnson,TE,TE,True,4.3,8.6,False
4,False,1,Nico Suave,4371733,Kenneth Gainwell,RB,BE,False,28.4,9.96,False
4,False,1,Nico Suave,4361331,Jamien Sherwood,LB,DP,True,10.0,10.1,False
4,False,1,Nico Suave,11122,Matt Prater,K,K,True,7.0,8.9,False
4,False,1,Nico Suave,15864,Geno Smith,QB,QB,True,9.78,17.51,False
4,False,1,Nico Suave,-16017,Patriots D/ST,D/ST,D/ST,True,10.0,6.39,False
4,False,6,Thom-ASS,3117251,Christian McCaffrey,RB,RB/WR/TE,True,24.1,19.78,False
4,False,6,Thom-ASS,4242335,Jonathan Taylor,RB,RB,True,12.1,17.86,False
4,False,6,Thom-ASS,4040715,Jalen Hurts,QB,QB,True,19.4,20.46,False
4,False,6,Thom-ASS,3121422,Terry McLaurin,WR,BE,False,0.0,0.0,False
4,False,6,Thom-ASS,3128429,Courtland Sutton,WR,WR,True,16.6,11.33,False
4,False,6,Thom-ASS,15847,Travis Kelce,TE,TE,True,7.3,8.97,False
4,False,6,Thom-ASS,4360516,Tyrone Tracy Jr.,RB,BE,False,0.0,0.0,False
4,False,6,Thom-ASS,2976212,Stefon Diggs,WR,BE,False,13.1,6.12,False
4,False,6,Thom-ASS,4635008,Keon Coleman,WR,WR,True,7.0,8.92,False
4,False,6,Thom-ASS,4362249,Jayden Reed,WR,IR,False,0.0,0.0,False
4,False,6,Thom-ASS,4697815,Rachaad White,RB,BE,False,6.6,4.89,False
4,False,6,Thom-ASS,4689936,Jake Bates,K,K,True,13.0,8.58,False
4,False,6,Thom-ASS,-16016,Vikings D/ST,D/ST,D/ST,True,4.0,7.5,False
4,False,6,Thom-ASS,3128720,Nick Chubb,RB,RB,True,7.2,12.0,False
4,False,6,Thom-ASS,4362851,Ernest Jones IV,LB,DP,True,11.0,9.4,False
4,False,6,Thom-ASS,4686472,Marvin Mims Jr.,WR,BE,False,17.5,6.47,False
4,False,6,Thom-ASS,4241479,Tua Tagovailoa,QB,BE,False,15.68,15.63,False
4,False,6,Thom-ASS,4569587,Wan'Dale Robinson,WR,BE,False,2.9,7.33,False
4,False,13,Christopher's Kryptonite ,4430807,Bijan Robinson,RB,RB,True,26.1,17.67,False
4,False,13,Christopher's Kryptonite ,4362238,Chase Brown,RB,RB/WR/TE,True,8.6,12.33,False
4,False,13,Christopher's Kryptonite ,4430878,Jaxon Smith-Njigba,WR,WR,True,11.0,13.26,False
4,False,13,Christopher's Kryptonite ,3925357,Calvin Ridley,WR,BE,False,4.0,9.3,False
4,False,13,Christopher's Kryptonite ,4035538,David Montgomery,RB,RB,True,1.2,11.45,False
4,False,13,Christopher's Kryptonite ,4819231,Kaleb Johnson,RB,BE,False,2.2,6.4,False
4,False,13,Christopher's Kryptonite ,4701936,Matthew Golden,WR,BE,False,8.8,9.2,False
4,False,13,Christopher's Kryptonite ,4428209,Ricky Pearsall,WR,WR,True,6.6,10.8,False
4,False,13,Christopher's Kryptonite ,3116165,Chris Godwin Jr.,WR,IR,False,4.1,8.69,False
4,False,13,Christopher's Kryptonite ,3051876,Evan Engram,TE,BE,False,4.9,4.77,False
4,False,13,Christopher's Kryptonite ,4242355,Jake Ferguson,TE,TE,True,13.5,8.68,False
4,False,13,Christopher's Kryptonite ,3150744,Chase McLaughlin,K,K,True,16.0,8.14,False
4,False,13,Christopher's Kryptonite ,-16026,Seahawks D/ST,D/ST,D/ST,True,12.0,6.78,False
4,False,13,Christopher's Kryptonite ,4241597,Daiyan Henley,LB,DP,True,9.0,9.68,False
4,False,13,Christopher's Kryptonite ,3917792,Daniel Jones,QB,QB,True,10.38,17.63,False
4,False,13,Christopher's Kryptonite ,3046779,Jared Goff,QB,BE,False,12.72,15.11,False
4,False,13,Christopher's Kryptonite ,4883647,Elic Ayomanor,WR,BE,False,6.4,7.19,False
4,False,13,Christopher's Kryptonite ,-16021,Eagles D/ST,D/ST,BE,False,13.0,5.0,False
4,False,5,Flowers for Allgeiernon,4362628,Ja'Marr Chase,WR,WR,True,4.8,13.37,False
4,False,5,Flowers for Allgeiernon,4430737,Kyren Williams,RB,RB,True,8.9,15.34,False
4,False,5,Flowers for Allgeiernon,4361307,Trey McBride,TE,TE,True,8.7,11.76,False
4,False,5,Flowers for Allgeiernon,4239996,Travis Etienne Jr.,RB,RB,True,19.0,10.11,False
4,False,5,Flowers for Allgeiernon,4241478,DeVonta Smith,WR,RB/WR/TE,True,3.9,9.35,False
4,False,5,Flowers for Allgeiernon,3917315,Kyler Murray,QB,QB,True,16.1,16.31,False
4,False,5,Flowers for Allgeiernon,4429615,Zay Flowers,WR,WR,True,10.9,12.03,False
4,False,5,Flowers for Allgeiernon,4361777,Zamir White,RB,BE,False,0.0,0.08,False
4,False,5,Flowers for Allgeiernon,4373626,Tyler Allgeier,RB,BE,False,11.1,6.11,False
4,False,5,Flowers for Allgeiernon,3050073,Foyesade Oluokun,LB,DP,True,11.0,9.74,False
4,False,5,Flowers for Allgeiernon,-16033,Ravens D/ST,D/ST,BE,False,-3.0,4.07,False
4,False,5,Flowers for Allgeiernon,12483,Matthew Stafford,QB,BE,False,27.4,16.0,False
4,False,5,Flowers for Allgeiernon,4243389,Calvin Austin III,WR,BE,False,2.3,7.66,False
4,False,5,Flowers for Allgeiernon,4431280,Troy Franklin,WR,BE,False,7.5,8.59,False
4,False,5,Flowers for Allgeiernon,15795,DeAndre Hopkins,WR,BE,False,0.0,2.66,False
4,False,5,Flowers for Allgeiernon,-16029,Panthers D/ST,D/ST,D/ST,True,-2.0,5.63,False
4,False,5,Flowers for Allgeiernon,4571557,Spencer Shrader,K,K,True,10.0,8.04,False
4,False,10,Silence of the Lamb,4241389,CeeDee Lamb,WR,BE,False,0.0,0.0,False
4,False,10,Silence of the Lamb,4426502,Drake London,WR,WR,True,22.0,11.86,False
4,False,10,Silence of the Lamb,3916387,Lamar Jackson,QB,QB,True,10.68,22.76,False
4,False,10,Silence of the Lamb,3054850,Alvin Kamara,RB,RB,True,9.2,12.49,False
4,False,10,Silence of the Lamb,4047650,DK Metcalf,WR,WR,True,21.1,10.28,False
4,False,10,Silence of the Lamb,4361529,Isiah Pacheco,RB,BE,False,11.8,8.16,False
4,False,10,Silence of the Lamb,4426388,Jameson Williams,WR,BE,False,4.7,9.18,False
4,False,10,Silence of the Lamb,3123076,David Njoku,TE,TE,True,2.1,7.28,False
4,False,10,Silence of the Lamb,4361579,Javonte Williams,RB,RB,True,17.5,12.27,False
4,False,10,Silence of the Lamb,3953687,Brandon Aubrey,K,K,True,8.0,8.02,False
4,False,10,Silence of the Lamb,-16007,Broncos D/ST,D/ST,D/ST,True,10.0,7.91,False
4,False,10,Silence of the Lamb,4431452,Drake Maye,QB,BE,False,23.22,17.25,False
4,False,10,Silence of the Lamb,3138826,Fred Warner,LB,DP,True,10.0,10.1,False
4,False,10,Silence of the Lamb,4360939,Rashod Bateman,WR,BE,False,2.9,8.28,False
4,False,10,Silence of the Lamb,4241372,Hollywood Brown,WR,BE,False,11.3,7.31,False
4,False,10,Silence of the Lamb,4361432,Romeo Doubs,WR,RB/WR/TE,True,26.8,8.84,False
4,False,10,Silence of the Lamb,4360635,Chig Okonkwo,TE,BE,False,0.9,6.98,False
4,False,11,ConcreteJungleWet DreamTomato,4890973,Ashton Jeanty,RB,RB,True,32.5,14.37,False
4,False,11,ConcreteJungleWet DreamTomato,4595348,Malik Nabers,WR,WR,True,3.0,14.56,False
4,False,11,ConcreteJungleWet DreamTomato,4379399,James Cook III,RB,RB,True,21.0,17.02,False
4,False,11,ConcreteJungleWet DreamTomato,3116406,Tyreek Hill,WR,WR,True,9.7,12.08,False
4,False,11,ConcreteJungleWet DreamTomato,3139477,Patrick Mahomes,QB,QB,True,27.3,19.3,False
4,False,11,ConcreteJungleWet DreamTomato,4036133,T.J. Hockenson,TE,BE,False,6.9,7.81,False
4,False,11,ConcreteJungleWet DreamTomato,3116385,Joe Mixon,RB,IR,False,0.0,0.0,False
4,False,11,ConcreteJungleWet DreamTomato,4241463,Jerry Jeudy,WR,BE,False,6.3,9.03,False
4,False,11,ConcreteJungleWet DreamTomato,4685702,Quinshon Judkins,RB,RB/WR/TE,True,19.5,12.84,False
4,False,11,ConcreteJungleWet DreamTomato,-16034,Texans D/ST,D/ST,D/ST,True,12.0,7.2,False
4,False,11,ConcreteJungleWet DreamTomato,4035687,Michael Pittman Jr.,WR,BE,False,12.6,8.98,False
4,False,11,ConcreteJungleWet DreamTomato,4361741,Brock Purdy,QB,BE,False,17.66,17.3,False
4,False,11,ConcreteJungleWet DreamTomato,3046439,Hunter Henry,TE,TE,True,10.9,9.08,False
4,False,11,ConcreteJungleWet DreamTomato,4372561,Isaac Guerendo,RB,BE,False,0.0,0.07,False
4,False,11,ConcreteJungleWet DreamTomato,4040655,Darnell Mooney,WR,BE,False,2.0,8.81,False
4,False,11,ConcreteJungleWet DreamTomato,3045282,T.J. Watt,DE,BE,False,9.0,5.92,False
4,False,11,ConcreteJungleWet DreamTomato,4692025,Brian Branch,S,DP,True,5.0,8.33,False
4,False,11,ConcreteJungleWet DreamTomato,3055899,Harrison Butker,K,K,True,12.0,7.91,False
4,False,4,Injured Reserve ,4374302,Amon-Ra St. Brown,WR,WR,True,22.5,14.1,False
4,False,4,Injured Reserve ,4047365,Josh Jacobs,RB,RB,True,29.7,17.17,False
4,False,4,Injured Reserve ,4361370,Chris Olave,WR,WR,True,7.5,11.92,False
4,False,4,Injured Reserve ,4430027,Sam LaPorta,TE,TE,True,6.4,7.83,False
4,False,4,Injured Reserve ,4569173,Rhamondre Stevenson,RB,BE,False,4.6,9.89,False
4,False,4,Injured Reserve ,3052587,Baker Mayfield,QB,QB,True,18.86,17.51,False
4,False,4,Injured Reserve ,3126486,Deebo Samuel,WR,RB/WR/TE,True,17.1,11.62,False
4,False,4,Injured Reserve ,4569987,Jaylen Warren,RB,RB,True,0.0,0.0,False
4,False,4,Injured Reserve ,4429096,Blake Corum,RB,BE,False,2.6,4.08,False
4,False,4,Injured Reserve ,4432577,C.J. Stroud,QB,BE,False,18.42,17.37,False
4,False,4,Injured Reserve ,3915189,Roquan Smith,LB,DP,True,2.0,10.19,False
4,False,4,Injured Reserve ,3050478,Jake Elliott,K,K,True,8.0,8.29,False
4,False,4,Injured Reserve ,3120348,JuJu Smith-Schuster,WR,BE,False,11.6,5.09,False
4,False,4,Injured Reserve ,15835,Zach Ertz,TE,BE,False,5.1,7.7,False
4,False,4,Injured Reserve ,4429022,Kayshon Boutte,WR,BE,False,2.3,5.78,False
4,False,4,Injured Reserve ,4431545,Will Shipley,RB,BE,False,1.0,1.94,False
4,False,4,Injured Reserve ,-16009,Packers D/ST,D/ST,D/ST,True,-5.0,6.73,False
4,False,12,Blake's Holographic Charizard,3929630,Saquon Barkley,RB,RB,True,15.4,16.82,False
4,False,12,Blake's Holographic Charizard,4612826,Ladd McConkey,WR,WR,True,1.6,9.8,False
4,False,12,Blake's Holographic Charizard,4239993,Tee Higgins,WR,WR,True,4.7,9.21,False
4,False,12,Blake's Holographic Charizard,4241416,Chuba Hubbard,RB,RB,True,8.4,11.95,False
4,False,12,Blake's Holographic Charizard,4683062,Xavier Worthy,WR,BE,False,14.6,9.94,False
4,False,12,Blake's Holographic Charizard,4241474,Brian Robinson Jr.,RB,BE,False,2.1,4.84,False
4,False,12,Blake's Holographic Charizard,3886598,Jauan Jennings,WR,BE,False,5.4,8.15,False
4,False,12,Blake's Holographic Charizard,4431611,Caleb Williams,QB,QB,True,11.78,19.58,False
4,False,12,Blake's Holographic Charizard,3917657,Zack Baun,LB,DP,True,12.0,9.68,False
4,False,12,Blake's Holographic Charizard,4433970,J.J. McCarthy,QB,BE,False,0.0,0.0,False
4,False,12,Blake's Holographic Charizard,4362081,Cameron Dicker,K,K,True,5.0,8.68,False
4,False,12,Blake's Holographic Charizard,4575131,Jacory Croskey-Merritt,RB,BE,False,6.7,7.31,False
4,False,12,Blake's Holographic Charizard,5083076,Harold Fannin Jr.,TE,BE,False,3.5,5.76,False
4,False,12,Blake's Holographic Charizard,-16011,Colts D/ST,D/ST,D/ST,True,0.0,4.44,False
4,False,12,Blake's Holographic Charizard,4428718,Tre Tucker,WR,RB/WR/TE,True,3.2,9.4,False
4,False,12,Blake's Holographic Charizard,3127586,Jeremy McNichols,RB,BE,False,0.8,4.06,False
4,False,12,Blake's Holographic Charizard,4430539,Brenton Strange,TE,TE,True,7.5,6.48,False
4,False,3,Jim Ward's Ole Dick Necks,4429160,De'Von Achane,RB,RB,True,16.6,17.16,False
4,False,3,Jim Ward's Ole Dick Necks,4047646,A.J. Brown,WR,WR,True,1.7,12.44,False
4,False,3,Jim Ward's Ole Dick Necks,4567048,Kenneth Walker III,RB,BE,False,11.5,11.58,False
4,False,3,Jim Ward's Ole Dick Necks,4569618,Garrett Wilson,WR,RB/WR/TE,True,17.2,12.81,False
4,False,3,Jim Ward's Ole Dick Necks,4259545,D'Andre Swift,RB,BE,False,14.0,13.89,False
4,False,3,Jim Ward's Ole Dick Necks,4372016,Jaylen Waddle,WR,BE,False,6.3,10.11,False
4,False,3,Jim Ward's Ole Dick Necks,4431299,Rome Odunze,WR,WR,True,14.9,13.02,False
4,False,3,Jim Ward's Ole Dick Necks,4572680,Tucker Kraft,TE,TE,True,8.1,9.65,False
4,False,3,Jim Ward's Ole Dick Necks,4241985,J.K. Dobbins,RB,RB,True,11.0,15.02,False
4,False,3,Jim Ward's Ole Dick Necks,4036378,Jordan Love,QB,BE,False,26.28,18.6,False
4,False,3,Jim Ward's Ole Dick Necks,4032473,Rashid Shaheed,WR,BE,False,7.2,7.76,False
4,False,3,Jim Ward's Ole Dick Necks,3121023,Dallas Goedert,TE,BE,False,17.7,6.58,False
4,False,3,Jim Ward's Ole Dick Necks,4038941,Justin Herbert,QB,QB,True,13.52,18.62,False
4,False,3,Jim Ward's Ole Dick Necks,-16002,Bills D/ST,D/ST,D/ST,True,7.0,7.16,False
4,False,3,Jim Ward's Ole Dick Necks,4599739,Kendre Miller,RB,BE,False,12.5,4.33,False
4,False,3,Jim Ward's Ole Dick Necks,4043130,Jordyn Brooks,LB,DP,True,18.0,9.84,False
4,False,3,Jim Ward's Ole Dick Necks,4697745,Tyler Loop,K,K,True,9.0,8.51,False
4,False,8,SCLSU Mud Dogs,4429795,Jahmyr Gibbs,RB,RB,True,16.7,17.18,False
4,False,8,SCLSU Mud Dogs,4432665,Brock Bowers,TE,TE,True,7.1,11.55,False
4,False,8,SCLSU Mud Dogs,4426348,Jayden Daniels,QB,BE,False,0.0,0.0,False
4,False,8,SCLSU Mud Dogs,16800,Davante Adams,WR,WR,True,13.6,14.57,False
4,False,8,SCLSU Mud Dogs,3915416,DJ Moore,WR,WR,True,6.8,10.69,False
4,False,8,SCLSU Mud Dogs,3916148,Tony Pollard,RB,RB/WR/TE,True,9.1,12.57,False
4,False,8,SCLSU Mud Dogs,4428331,Rashee Rice,WR,BE,False,0.0,0.0,False
4,False,8,SCLSU Mud Dogs,4360569,Jordan Mason,RB,RB,True,8.7,12.8,False
4,False,8,SCLSU Mud Dogs,4429205,Jordan Addison,WR,BE,False,13.4,8.79,False
4,False,8,SCLSU Mud Dogs,4429013,Tank Bigsby,RB,BE,False,0.0,0.03,False
4,False,8,SCLSU Mud Dogs,4360423,Michael Penix Jr.,QB,QB,True,18.72,14.55,False
4,False,8,SCLSU Mud Dogs,4360248,Kyle Pitts Sr.,TE,BE,False,15.5,7.06,False
4,False,8,SCLSU Mud Dogs,4369863,Cedric Tillman,WR,BE,False,1.1,6.8,False
4,False,8,SCLSU Mud Dogs,2985659,Wil Lutz,K,K,True,4.0,8.37,False
4,False,8,SCLSU Mud Dogs,3117253,Bobby Okereke,LB,DP,True,4.0,9.45,False
4,False,8,SCLSU Mud Dogs,4429086,Michael Mayer,TE,BE,False,0.0,0.0,False
4,False,8,SCLSU Mud Dogs,-16008,Lions D/ST,D/ST,D/ST,True,20.0,7.21,False
4,False,14,Deston's Ride or Dies ,4426515,Puka Nacua,WR,WR,True,29.5,17.6,False
4,False,14,Deston's Ride or Dies ,4596448,Bucky Irving,RB,RB,True,23.0,15.58,False
4,False,14,Deston's Ride or Dies ,4432708,Marvin Harrison Jr.,WR,BE,False,15.6,9.24,False
4,False,14,Deston's Ride or Dies ,4427366,Breece Hall,RB,RB,True,13.6,14.59,False
4,False,14,Deston's Ride or Dies ,4432710,TreVeyon Henderson,RB,BE,False,11.6,6.35,False
4,False,14,Deston's Ride or Dies ,4685415,Travis Hunter,WR,DP,True,7.7,11.09,False
4,False,14,Deston's Ride or Dies ,4567750,Emeka Egbuka,WR,WR,True,18.1,12.39,False
4,False,14,Deston's Ride or Dies ,4431459,Tyler Warren,TE,TE,True,15.8,9.58,False
4,False,14,Deston's Ride or Dies ,4362887,Justin Fields,QB,QB,True,27.14,19.52,False
4,False,14,Deston's Ride or Dies ,4426385,Zach Charbonnet,RB,BE,False,11.4,8.74,False
4,False,14,Deston's Ride or Dies ,4385690,Dalton Kincaid,TE,BE,False,9.3,7.4,False
4,False,14,Deston's Ride or Dies ,4685278,Luther Burden III,WR,BE,False,0.6,4.81,False
4,False,14,Deston's Ride or Dies ,4685247,Braelon Allen,RB,BE,False,0.6,5.59,False
4,False,14,Deston's Ride or Dies ,4882093,Bhayshul Tuten,RB,BE,False,2.7,4.86,False
4,False,14,Deston's Ride or Dies ,4429025,Quentin Johnston,WR,RB/WR/TE,True,19.8,11.8,False
4,False,14,Deston's Ride or Dies ,4567104,Will Reichard,K,K,True,8.0,7.52,False
4,False,14,Deston's Ride or Dies ,-16024,Chargers D/ST,D/ST,D/ST,True,8.0,7.55,False
5,False,6,Thom-ASS,3117251,Christian McCaffrey,RB,RB/WR/TE,True,23.9,18.87,False
5,False,6,Thom-ASS,4242335,Jonathan Taylor,RB,RB,True,30.1,21.11,False
5,False,6,Thom-ASS,4040715,Jalen Hurts,QB,QB,True,19.5,19.33,False
5,False,6,Thom-ASS,3121422,Terry McLaurin,WR,BE,False,0.0,0.0,False
5,False,6,Thom-ASS,3128429,Courtland Sutton,WR,WR,True,13.9,10.5,False
5,False,6,Thom-ASS,15847,Travis Kelce,TE,TE,True,15.6,7.26,False
5,False,6,Thom-ASS,4360516,Tyrone Tracy Jr.,RB,BE,False,0.0,0.0,False
5,False,6,Thom-ASS,2976212,Stefon Diggs,WR,WR,True,19.6,10.16,False
5,False,6,Thom-ASS,4635008,Keon Coleman,WR,BE,False,8.3,8.62,False
5,False,6,Thom-ASS,4362249,Jayden Reed,WR,IR,False,0.0,0.0,True
5,False,6,Thom-ASS,4697815,Rachaad White,RB,RB,True,21.1,11.87,False
5,False,6,Thom-ASS,4689936,Jake Bates,K,K,True,5.0,9.19,False
5,False,6,Thom-ASS,-16016,Vikings D/ST,D/ST,D/ST,True,3.0,7.62,False
5,False,6,Thom-ASS,3128720,Nick Chubb,RB,BE,False,12.1,9.25,False
5,False,6,Thom-ASS,4362851,Ernest Jones IV,LB,DP,True,7.0,9.29,False
5,False,6,Thom-ASS,4686472,Marvin Mims Jr.,WR,BE,False,2.9,6.71,False
5,False,6,Thom-ASS,4241479,Tua Tagovailoa,QB,BE,False,22.74,15.51,False
5,False,6,Thom-ASS,4569587,Wan'Dale Robinson,WR,BE,False,5.7,8.38,False
5,False,9,Men of Will,4262921,Justin Jefferson,WR,WR,True,15.8,13.15,False
5,False,9,Men of Will,4432773,Brian Thomas Jr.,WR,WR,True,10.0,10.78,False
5,False,9,Men of Will,3918298,Josh Allen,QB,QB,True,19.42,22.29,False
5,False,9,Men of Will,3040151,George Kittle,TE,IR,False,0.0,0.0,False
5,False,9,Men of Will,4568490,RJ Harvey,RB,RB,True,4.5,6.97,False
5,False,9,Men of Will,3042519,Aaron Jones Sr.,RB,BE,False,0.0,0.0,False
5,False,9,Men of Will,2977187,Cooper Kupp,WR,BE,False,8.9,8.53,False
5,False,9,Men of Will,4426338,Bo Nix,QB,BE,False,17.88,16.09,False
5,False,9,Men of Will,4373678,Khalil Shakir,WR,BE,False,9.0,8.17,False
5,False,9,Men of Will,4686361,Cam Little,K,K,True,9.0,7.73,False
5,False,9,Men of Will,2612151,Alex Singleton,LB,DP,True,8.0,10.21,False
5,False,9,Men of Will,4430034,Xavier Legette,WR,BE,False,10.1,6.51,False
5,False,9,Men of Will,15818,Keenan Allen,WR,RB/WR/TE,True,9.3,11.9,False
5,False,9,Men of Will,4711533,Ollie Gordon II,RB,BE,False,-0.2,5.38,False
5,False,9,Men of Will,4429275,Trey Benson,RB,BE,False,0.0,0.0,False
5,False,9,Men of Will,4429059,Woody Marks,RB,RB,True,2.4,10.8,False
5,False,9,Men of Will,3117256,Dalton Schultz,TE,TE,True,8.5,6.44,False
5,False,9,Men of Will,-16022,Cardinals D/ST,D/ST,D/ST,True,6.0,6.3,False
5,False,1,Nico Suave,4258173,Nico Collins,WR,WR,True,14.0,14.55,False
5,False,1,Nico Suave,3043078,Derrick Henry,RB,RB,True,10.3,14.39,False
5,False,1,Nico Suave,16737,Mike Evans,WR,BE,False,0.0,0.0,False
5,False,1,Nico Suave,4685382,Omarion Hampton,RB,RB,True,10.0,17.02,False
5,False,1,Nico Suave,4685472,Tetairoa McMillan,WR,BE,False,10.3,11.8,False
5,False,1,Nico Suave,4426354,George Pickens,WR,WR,True,12.7,13.79,False
5,False,1,Nico Suave,3916433,Jakobi Meyers,WR,BE,False,5.2,11.23,False
5,False,1,Nico Suave,3116365,Mark Andrews,TE,BE,False,4.2,7.08,False
5,False,1,Nico Suave,4696981,Cam Skattebo,RB,RB/WR/TE,True,11.4,15.89,False
5,False,1,Nico Suave,2577417,Dak Prescott,QB,QB,True,28.28,16.84,False
5,False,1,Nico Suave,4360438,Brandon Aiyuk,WR,IR,False,0.0,0.0,False
5,False,1,Nico Suave,4038441,Justice Hill,RB,BE,False,1.7,6.83,False
5,False,1,Nico Suave,3929645,Juwan Johnson,TE,TE,True,2.7,6.15,False
5,False,1,Nico Suave,4371733,Kenneth Gainwell,RB,BE,False,0.0,0.0,True
5,False,1,Nico Suave,4361331,Jamien Sherwood,LB,DP,True,7.0,10.44,False
5,False,1,Nico Suave,11122,Matt Prater,K,K,True,9.0,8.72,False
5,False,1,Nico Suave,15864,Geno Smith,QB,BE,False,5.92,15.13,False
5,False,1,Nico Suave,-16005,Browns D/ST,D/ST,D/ST,True,7.0,7.38,False
5,False,5,Flowers for Allgeiernon,4362628,Ja'Marr Chase,WR,WR,True,29.0,12.95,False
5,False,5,Flowers for Allgeiernon,4430737,Kyren Williams,RB,RB,True,27.1,14.73,False
5,False,5,Flowers for Allgeiernon,4361307,Trey McBride,TE,TE,True,6.6,12.14,False
5,False,5,Flowers for Allgeiernon,4239996,Travis Etienne Jr.,RB,RB,True,8.3,12.75,False
5,False,5,Flowers for Allgeiernon,4241478,DeVonta Smith,WR,RB/WR/TE,True,15.4,8.34,False
5,False,5,Flowers for Allgeiernon,3917315,Kyler Murray,QB,QB,True,15.3,19.27,False
5,False,5,Flowers for Allgeiernon,4429615,Zay Flowers,WR,WR,True,9.7,10.43,False
5,False,5,Flowers for Allgeiernon,4361777,Zamir White,RB,BE,False,0.0,0.0,False
5,False,5,Flowers for Allgeiernon,4373626,Tyler Allgeier,RB,BE,False,0.0,0.0,True
5,False,5,Flowers for Allgeiernon,3050073,Foyesade Oluokun,LB,DP,True,14.0,9.73,False
5,False,5,Flowers for Allgeiernon,-16033,Ravens D/ST,D/ST,D/ST,True,-4.0,3.97,False
5,False,5,Flowers for Allgeiernon,12483,Matthew Stafford,QB,BE,False,25.56,15.86,False
5,False,5,Flowers for Allgeiernon,4243389,Calvin Austin III,WR,BE,False,0.0,0.0,True
5,False,5,Flowers for Allgeiernon,4431280,Troy Franklin,WR,BE,False,7.0,8.75,False
5,False,5,Flowers for Allgeiernon,15795,DeAndre Hopkins,WR,BE,False,5.6,2.33,False
5,False,5,Flowers for Allgeiernon,-16029,Panthers D/ST,D/ST,BE,False,5.0,3.46,False
5,False,5,Flowers for Allgeiernon,4571557,Spencer Shrader,K,K,True,2.0,8.51,False
5,False,13,Christopher's Kryptonite ,4430807,Bijan Robinson,RB,BE,False,0.0,0.0,True
5,False,13,Christopher's Kryptonite ,4362238,Chase Brown,RB,RB,True,8.3,12.19,False
5,False,13,Christopher's Kryptonite ,4430878,Jaxon Smith-Njigba,WR,WR,True,23.2,12.87,False
5,False,13,Christopher's Kryptonite ,3925357,Calvin Ridley,WR,BE,False,15.6,8.83,False
5,False,13,Christopher's Kryptonite ,4035538,David Montgomery,RB,RB,True,17.72,12.14,False
5,False,13,Christopher's Kryptonite ,4701936,Matthew Golden,WR,BE,False,0.0,0.0,True
5,False,13,Christopher's Kryptonite ,4428209,Ricky Pearsall,WR,IR,False,0.0,0.0,False
5,False,13,Christopher's Kryptonite ,3116165,Chris Godwin Jr.,WR,WR,True,4.1,10.66,False
5,False,13,Christopher's Kryptonite ,4242355,Jake Ferguson,TE,TE,True,20.4,9.17,False
5,False,13,Christopher's Kryptonite ,3150744,Chase McLaughlin,K,K,True,13.0,7.93,False
5,False,13,Christopher's Kryptonite ,-16026,Seahawks D/ST,D/ST,BE,False,-5.0,5.77,False
5,False,13,Christopher's Kryptonite ,4241597,Daiyan Henley,LB,DP,True,8.0,9.65,False
5,False,13,Christopher's Kryptonite ,3917792,Daniel Jones,QB,QB,True,16.68,18.26,False
5,False,13,Christopher's Kryptonite ,3046779,Jared Goff,QB,BE,False,20.12,16.7,False
5,False,13,Christopher's Kryptonite ,4883647,Elic Ayomanor,WR,BE,False,2.8,8.38,False
5,False,13,Christopher's Kryptonite ,-16021,Eagles D/ST,D/ST,D/ST,True,1.0,5.0,False
5,False,13,Christopher's Kryptonite ,4362478,Emari Demercado,RB,RB/WR/TE,True,7.1,9.87,False
5,False,13,Christopher's Kryptonite ,4569603,Malik Washington,WR,BE,False,2.0,7.62,False
5,False,10,Silence of the Lamb,4241389,CeeDee Lamb,WR,BE,False,0.0,0.0,False
5,False,10,Silence of the Lamb,4426502,Drake London,WR,BE,False,0.0,0.0,True
5,False,10,Silence of the Lamb,3916387,Lamar Jackson,QB,BE,False,0.0,0.0,False
5,False,10,Silence of the Lamb,3054850,Alvin Kamara,RB,RB,True,7.5,14.37,False
5,False,10,Silence of the Lamb,4047650,DK Metcalf,WR,BE,False,0.0,0.0,True
5,False,10,Silence of the Lamb,4361529,Isiah Pacheco,RB,BE,False,7.1,6.8,False
5,False,10,Silence of the Lamb,4426388,Jameson Williams,WR,WR,True,1.5,10.31,False
5,False,10,Silence of the Lamb,4361579,Javonte Williams,RB,RB,True,26.4,15.28,False
5,False,10,Silence of the Lamb,3953687,Brandon Aubrey,K,K,True,7.0,8.63,False
5,False,10,Silence of the Lamb,-16007,Broncos D/ST,D/ST,D/ST,True,7.0,5.53,False
5,False,10,Silence of the Lamb,4431452,Drake Maye,QB,QB,True,12.12,18.73,False
5,False,10,Silence of the Lamb,3138826,Fred Warner,LB,DP,True,12.0,10.4,False
5,False,10,Silence of the Lamb,4360939,Rashod Bateman,WR,BE,False,1.0,6.06,False
5,False,10,Silence of the Lamb,4241372,Hollywood Brown,WR,WR,True,6.8,6.25,False
5,False,10,Silence of the Lamb,4361432,Romeo Doubs,WR,BE,False,0.0,0.0,True
5,False,10,Silence of the Lamb,2576925,Darren Waller,TE,TE,True,16.3,6.44,False
5,False,10,Silence of the Lamb,4240657,Michael Carter,RB,RB/WR/TE,True,15.8,9.79,False
5,False,12,Blake's Holographic Charizard,3929630,Saquon Barkley,RB,RB,True,16.3,16.35,False
5,False,12,Blake's Holographic Charizard,4612826,Ladd McConkey,WR,WR,True,12.4,10.52,False
5,False,12,Blake's Holographic Charizard,4239993,Tee Higgins,WR,WR,True,9.7,10.43,False
5,False,12,Blake's Holographic Charizard,4241416,Chuba Hubbard,RB,BE,False,0.0,0.0,False
5,False,12,Blake's Holographic Charizard,4683062,Xavier Worthy,WR,RB/WR/TE,True,8.1,12.63,False
5,False,12,Blake's Holographic Charizard,4241474,Brian Robinson Jr.,RB,BE,False,1.2,3.51,False
5,False,12,Blake's Holographic Charizard,4431611,Caleb Williams,QB,BE,False,0.0,0.0,True
5,False,12,Blake's Holographic Charizard,3917657,Zack Baun,LB,DP,True,14.0,9.53,False
5,False,12,Blake's Holographic Charizard,4362081,Cameron Dicker,K,K,True,7.0,8.83,False
5,False,12,Blake's Holographic Charizard,4575131,Jacory Croskey-Merritt,RB,BE,False,26.0,6.92,False
5,False,12,Blake's Holographic Charizard,5083076,Harold Fannin Jr.,TE,BE,False,9.3,5.97,False
5,False,12,Blake's Holographic Charizard,-16011,Colts D/ST,D/ST,D/ST,True,16.0,6.13,False
5,False,12,Blake's Holographic Charizard,4428718,Tre Tucker,WR,BE,False,9.1,8.76,False
5,False,12,Blake's Holographic Charizard,4430539,Brenton Strange,TE,TE,True,2.7,6.88,False
5,False,12,Blake's Holographic Charizard,4685720,Bryce Young,QB,QB,True,12.02,16.86,False
5,False,12,Blake's Holographic Charizard,3916945,Darius Slayton,WR,BE,False,2.6,7.64,False
5,False,12,Blake's Holographic Charizard,4038815,Rico Dowdle,RB,RB,True,31.9,13.58,False
5,False,11,ConcreteJungleWet DreamTomato,4890973,Ashton Jeanty,RB,RB,True,13.4,13.68,False
5,False,11,ConcreteJungleWet DreamTomato,4379399,James Cook III,RB,RB,True,4.9,17.23,False
5,False,11,ConcreteJungleWet DreamTomato,3139477,Patrick Mahomes,QB,QB,True,26.72,17.66,False
5,False,11,ConcreteJungleWet DreamTomato,4036133,T.J. Hockenson,TE,BE,False,6.8,7.03,False
5,False,11,ConcreteJungleWet DreamTomato,3116385,Joe Mixon,RB,IR,False,0.0,0.0,False
5,False,11,ConcreteJungleWet DreamTomato,4241463,Jerry Jeudy,WR,WR,True,2.5,8.09,False
5,False,11,ConcreteJungleWet DreamTomato,4685702,Quinshon Judkins,RB,RB/WR/TE,True,13.3,13.49,False
5,False,11,ConcreteJungleWet DreamTomato,-16034,Texans D/ST,D/ST,D/ST,True,12.0,5.54,False
5,False,11,ConcreteJungleWet DreamTomato,4035687,Michael Pittman Jr.,WR,WR,True,12.4,10.34,False
5,False,11,ConcreteJungleWet DreamTomato,4361741,Brock Purdy,QB,BE,False,0.0,0.0,False
5,False,11,ConcreteJungleWet DreamTomato,3046439,Hunter Henry,TE,TE,True,5.6,9.03,False
5,False,11,ConcreteJungleWet DreamTomato,4372561,Isaac Guerendo,RB,BE,False,1.0,0.07,False
5,False,11,ConcreteJungleWet DreamTomato,4040655,Darnell Mooney,WR,BE,False,0.0,0.0,True
5,False,11,ConcreteJungleWet DreamTomato,3045282,T.J. Watt,DE,BE,False,0.0,0.0,True
5,False,11,ConcreteJungleWet DreamTomato,4692025,Brian Branch,S,DP,True,4.0,8.1,False
5,False,11,ConcreteJungleWet DreamTomato,3055899,Harrison Butker,K,K,True,5.0,7.69,False
5,False,11,ConcreteJungleWet DreamTomato,4362921,Tyquan Thornton,WR,BE,False,10.5,3.72,False
5,False,11,ConcreteJungleWet DreamTomato,3929785,Nick Westbrook-Ikhine,WR,BE,False,0.0,6.13,False
5,False,4,Injured Reserve ,4374302,Amon-Ra St. Brown,WR,WR,True,14.0,14.51,False
5,False,4,Injured Reserve ,4047365,Josh Jacobs,RB,BE,False,0.0,0.0,True
5,False,4,Injured Reserve ,4361370,Chris Olave,WR,WR,True,9.4,10.19,False
5,False,4,Injured Reserve ,4430027,Sam LaPorta,TE,TE,True,17.7,8.18,False
5,False,4,Injured Reserve ,4569173,Rhamondre Stevenson,RB,RB,True,13.7,8.86,False
5,False,4,Injured Reserve ,3052587,Baker Mayfield,QB,QB,True,26.66,15.68,False
5,False,4,Injured Reserve ,3126486,Deebo Samuel,WR,RB/WR/TE,True,19.6,11.96,False
5,False,4,Injured Reserve ,4569987,Jaylen Warren,RB,BE,False,0.0,0.0,True
5,False,4,Injured Reserve ,4429096,Blake Corum,RB,RB,True,1.3,5.46,False
5,False,4,Injured Reserve ,4432577,C.J. Stroud,QB,BE,False,28.76,17.64,False
5,False,4,Injured Reserve ,3915189,Roquan Smith,LB,BE,False,0.0,0.0,False
5,False,4,Injured Reserve ,3050478,Jake Elliott,K,K,True,5.0,8.09,False
5,False,4,Injured Reserve ,15835,Zach Ertz,TE,BE,False,0.0,7.16,False
5,False,4,Injured Reserve ,4429022,Kayshon Boutte,WR,BE,False,5.8,6.44,False
5,False,4,Injured Reserve ,4430871,Sean Tucker,RB,BE,False,1.4,6.86,False
5,False,4,Injured Reserve ,-16027,Buccaneers D/ST,D/ST,D/ST,True,-4.0,5.75,False
5,False,4,Injured Reserve ,4035232,Tyrel Dodson,LB,DP,True,4.0,9.83,False
5,False,8,SCLSU Mud Dogs,4429795,Jahmyr Gibbs,RB,RB/WR/TE,True,15.7,20.29,False
5,False,8,SCLSU Mud Dogs,4432665,Brock Bowers,TE,BE,False,0.0,0.0,False
5,False,8,SCLSU Mud Dogs,4426348,Jayden Daniels,QB,QB,True,17.14,18.95,False
5,False,8,SCLSU Mud Dogs,16800,Davante Adams,WR,WR,True,11.3,13.22,False
5,False,8,SCLSU Mud Dogs,3915416,DJ Moore,WR,BE,False,0.0,0.0,True
5,False,8,SCLSU Mud Dogs,3916148,Tony Pollard,RB,RB,True,13.3,11.03,False
5,False,8,SCLSU Mud Dogs,4428331,Rashee Rice,WR,BE,False,0.0,0.0,False
5,False,8,SCLSU Mud Dogs,4360569,Jordan Mason,RB,RB,True,11.1,12.3,False
5,False,8,SCLSU Mud Dogs,4429205,Jordan Addison,WR,WR,True,12.6,8.95,False
5,False,8,SCLSU Mud Dogs,4429013,Tank Bigsby,RB,BE,False,1.0,0.03,False
5,False,8,SCLSU Mud Dogs,4360423,Michael Penix Jr.,QB,BE,False,0.0,0.0,True
5,False,8,SCLSU Mud Dogs,4360248,Kyle Pitts Sr.,TE,BE,False,0.0,0.0,True
5,False,8,SCLSU Mud Dogs,2985659,Wil Lutz,K,K,True,9.0,7.77,False
5,False,8,SCLSU Mud Dogs,3117253,Bobby Okereke,LB,DP,True,10.0,9.62,False
5,False,8,SCLSU Mud Dogs,-16008,Lions D/ST,D/ST,D/ST,True,10.0,7.18,False
5,False,8,SCLSU Mud Dogs,4689114,Jaxson Dart,QB,BE,False,15.58,16.18,False
5,False,8,SCLSU Mud Dogs,4808766,Mason Taylor,TE,TE,True,13.2,6.4,False
5,False,3,Jim Ward's Ole Dick Necks,4429160,De'Von Achane,RB,RB,True,13.6,17.33,False
5,False,3,Jim Ward's Ole Dick Necks,4047646,A.J. Brown,WR,BE,False,6.8,11.27,False
5,False,3,Jim Ward's Ole Dick Necks,4567048,Kenneth Walker III,RB,RB,True,9.1,13.41,False
5,False,3,Jim Ward's Ole Dick Necks,4569618,Garrett Wilson,WR,WR,True,16.1,13.15,False
5,False,3,Jim Ward's Ole Dick Necks,4259545,D'Andre Swift,RB,BE,False,0.0,0.0,True
5,False,3,Jim Ward's Ole Dick Necks,4372016,Jaylen Waddle,WR,WR,True,20.0,11.2,False
5,False,3,Jim Ward's Ole Dick Necks,4431299,Rome Odunze,WR,BE,False,0.0,0.0,True
5,False,3,Jim Ward's Ole Dick Necks,4572680,Tucker Kraft,TE,BE,False,0.0,0.0,True
5,False,3,Jim Ward's Ole Dick Necks,4241985,J.K. Dobbins,RB,RB/WR/TE,True,14.9,11.25,False
5,False,3,Jim Ward's Ole Dick Necks,4036378,Jordan Love,QB,BE,False,0.0,0.0,True
5,False,3,Jim Ward's Ole Dick Necks,4032473,Rashid Shaheed,WR,BE,False,19.4,7.57,False
5,False,3,Jim Ward's Ole Dick Necks,3121023,Dallas Goedert,TE,TE,True,9.4,6.43,False
5,False,3,Jim Ward's Ole Dick Necks,4038941,Justin Herbert,QB,QB,True,14.64,20.82,False
5,False,3,Jim Ward's Ole Dick Necks,-16002,Bills D/ST,D/ST,D/ST,True,6.0,5.83,False
5,False,3,Jim Ward's Ole Dick Necks,4599739,Kendre Miller,RB,BE,False,5.4,5.32,False
5,False,3,Jim Ward's Ole Dick Necks,4043130,Jordyn Brooks,LB,DP,True,14.0,10.12,False
5,False,3,Jim Ward's Ole Dick Necks,10621,Nick Folk,K,K,True,7.0,8.42,False
5,False,14,Deston's Ride or Dies ,4426515,Puka Nacua,WR,WR,True,19.5,16.99,False
5,False,14,Deston's Ride or Dies ,4596448,Bucky Irving,RB,BE,False,0.0,0.0,False
5,False,14,Deston's Ride or Dies ,4432708,Marvin Harrison Jr.,WR,BE,False,11.8,10.7,False
5,False,14,Deston's Ride or Dies ,4427366,Breece Hall,RB,RB,True,15.5,16.53,False
5,False,14,Deston's Ride or Dies ,4432710,TreVeyon Henderson,RB,BE,False,3.7,7.31,False
5,False,14,Deston's Ride or Dies ,4685415,Travis Hunter,WR,DP,True,9.9,8.17,False
5,False,14,Deston's Ride or Dies ,4567750,Emeka Egbuka,WR,WR,True,27.8,11.85,False
5,False,14,Deston's Ride or Dies ,4431459,Tyler Warren,TE,TE,True,12.4,9.11,False
5,False,14,Deston's Ride or Dies ,4362887,Justin Fields,QB,QB,True,25.92,21.74,False
5,False,14,Deston's Ride or Dies ,4426385,Zach Charbonnet,RB,RB,True,11.3,8.55,False
5,False,14,Deston's Ride or Dies ,4385690,Dalton Kincaid,TE,BE,False,13.8,6.4,False
5,False,14,Deston's Ride or Dies ,4882093,Bhayshul Tuten,RB,BE,False,2.6,4.29,False
5,False,14,Deston's Ride or Dies ,4429025,Quentin Johnston,WR,RB/WR/TE,True,4.9,15.0,False
5,False,14,Deston's Ride or Dies ,4567104,Will Reichard,K,K,True,2.0,7.57,False
5,False,14,Deston's Ride or Dies ,-16024,Chargers D/ST,D/ST,D/ST,True,2.0,5.26,False
5,False,14,Deston's Ride or Dies ,3895856,Christian Kirk,WR,BE,False,8.4,8.25,False
5,False,14,Deston's Ride or Dies ,4361577,Dyami Brown,WR,BE,False,2.5,6.98,False
6,False,9,Men of Will,4262921,Justin Jefferson,WR,BE,False,0.0,0.0,True
6,False,9,Men of Will,4432773,Brian Thomas Jr.,WR,WR,True,19.0,11.44,False
6,False,9,Men of Will,3918298,Josh Allen,QB,QB,True,15.4,20.3,False
6,False,9,Men of Will,3040151,George Kittle,TE,IR,False,0.0,0.0,False
6,False,9,Men of Will,4568490,RJ Harvey,RB,RB,True,4.5,7.04,False
6,False,9,Men of Will,3042519,Aaron Jones Sr.,RB,BE,False,0.0,0.0,True
6,False,9,Men of Will,2977187,Cooper Kupp,WR,BE,False,11.0,9.93,False
6,False,9,Men of Will,4426338,Bo Nix,QB,BE,False,13.36,19.46,False
6,False,9,Men of Will,4373678,Khalil Shakir,WR,WR,True,5.8,7.93,False
6,False,9,Men of Will,4686361,Cam Little,K,K,True,-1.0,8.27,False
6,False,9,Men of Will,2612151,Alex Singleton,LB,DP,True,7.0,10.24,False
6,False,9,Men of Will,4430034,Xavier Legette,WR,BE,False,2.1,6.41,False
6,False,9,Men of Will,15818,Keenan Allen,WR,RB/WR/TE,True,5.7,13.25,False
6,False,9,Men of Will,4711533,Ollie Gordon II,RB,RB,True,0.7,4.16,False
6,False,9,Men of Will,4429275,Trey Benson,RB,BE,False,0.0,0.0,False
6,False,9,Men of Will,4429059,Woody Marks,RB,BE,False,0.0,0.0,True
6,False,9,Men of Will,-16022,Cardinals D/ST,D/ST,D/ST,True,1.0,4.51,False
6,False,9,Men of Will,3123076,David Njoku,TE,TE,True,4.3,7.81,False
6,False,11,ConcreteJungleWet DreamTomato,4890973,Ashton Jeanty,RB,RB,True,15.6,16.76,False
6,False,11,ConcreteJungleWet DreamTomato,4379399,James Cook III,RB,RB/WR/TE,True,8.7,15.55,False
6,False,11,ConcreteJungleWet DreamTomato,3139477,Patrick Mahomes,QB,QB,True,31.48,20.05,False
6,False,11,ConcreteJungleWet DreamTomato,4036133,T.J. Hockenson,TE,BE,False,0.0,0.0,True
6,False,11,ConcreteJungleWet DreamTomato,3116385,Joe Mixon,RB,IR,False,0.0,0.0,True
6,False,11,ConcreteJungleWet DreamTomato,4241463,Jerry Jeudy,WR,BE,False,6.8,7.81,False
6,False,11,ConcreteJungleWet DreamTomato,4685702,Quinshon Judkins,RB,RB,True,3.6,12.96,False
6,False,11,ConcreteJungleWet DreamTomato,-16034,Texans D/ST,D/ST,BE,False,0.0,0.0,True
6,False,11,ConcreteJungleWet DreamTomato,4035687,Michael Pittman Jr.,WR,WR,True,3.0,10.09,False
6,False,11,ConcreteJungleWet DreamTomato,4361741,Brock Purdy,QB,BE,False,0.0,0.0,False
6,False,11,ConcreteJungleWet DreamTomato,3046439,Hunter Henry,TE,TE,True,4.2,8.43,False
6,False,11,ConcreteJungleWet DreamTomato,4040655,Darnell Mooney,WR,BE,False,0.0,0.0,False
6,False,11,ConcreteJungleWet DreamTomato,3045282,T.J. Watt,DE,BE,False,6.0,5.76,False
6,False,11,ConcreteJungleWet DreamTomato,4692025,Brian Branch,S,DP,True,7.0,7.58,False
6,False,11,ConcreteJungleWet DreamTomato,3055899,Harrison Butker,K,K,True,6.0,8.1,False
6,False,11,ConcreteJungleWet DreamTomato,4362921,Tyquan Thornton,WR,WR,True,0.0,4.63,False
6,False,11,ConcreteJungleWet DreamTomato,-16017,Patriots D/ST,D/ST,D/ST,True,6.0,5.89,False
6,False,11,ConcreteJungleWet DreamTomato,4686472,Marvin Mims Jr.,WR,BE,False,3.8,7.73,False
6,False,5,Flowers for Allgeiernon,4362628,Ja'Marr Chase,WR,WR,True,20.1,12.38,False
6,False,5,Flowers for Allgeiernon,4430737,Kyren Williams,RB,RB,True,15.7,18.26,False
6,False,5,Flowers for Allgeiernon,4361307,Trey McBride,TE,TE,True,17.2,10.89,False
6,False,5,Flowers for Allgeiernon,4239996,Travis Etienne Jr.,RB,RB,True,7.5,13.42,False
6,False,5,Flowers for Allgeiernon,4241478,DeVonta Smith,WR,RB/WR/TE,True,6.9,9.73,False
6,False,5,Flowers for Allgeiernon,3917315,Kyler Murray,QB,BE,False,0.0,0.0,False
6,False,5,Flowers for Allgeiernon,4429615,Zay Flowers,WR,WR,True,6.6,10.97,False
6,False,5,Flowers for Allgeiernon,4361777,Zamir White,RB,BE,False,0.0,0.0,False
6,False,5,Flowers for Allgeiernon,4373626,Tyler Allgeier,RB,BE,False,11.3,6.67,False
6,False,5,Flowers for Allgeiernon,3050073,Foyesade Oluokun,LB,DP,True,9.0,10.22,False
6,False,5,Flowers for Allgeiernon,12483,Matthew Stafford,QB,QB,True,9.34,19.88,False
6,False,5,Flowers for Allgeiernon,4243389,Calvin Austin III,WR,BE,False,0.0,0.0,False
6,False,5,Flowers for Allgeiernon,4431280,Troy Franklin,WR,BE,False,1.6,8.38,False
6,False,5,Flowers for Allgeiernon,2473037,Jason Myers,K,K,True,10.0,8.19,False
6,False,5,Flowers for Allgeiernon,-16030,Jaguars D/ST,D/ST,BE,False,1.0,4.91,False
6,False,5,Flowers for Allgeiernon,-16018,Saints D/ST,D/ST,D/ST,True,1.0,5.2,False
6,False,5,Flowers for Allgeiernon,4576297,AJ Barner,TE,BE,False,8.6,6.11,False
6,False,8,SCLSU Mud Dogs,4429795,Jahmyr Gibbs,RB,RB,True,7.0,16.84,False
6,False,8,SCLSU Mud Dogs,4432665,Brock Bowers,TE,BE,False,0.0,0.0,False
6,False,8,SCLSU Mud Dogs,4426348,Jayden Daniels,QB,QB,True,22.64,22.58,False
6,False,8,SCLSU Mud Dogs,16800,Davante Adams,WR,WR,True,5.9,14.87,False
6,False,8,SCLSU Mud Dogs,3915416,DJ Moore,WR,WR,True,6.7,9.71,False
6,False,8,SCLSU Mud Dogs,3916148,Tony Pollard,RB,RB,True,5.7,11.78,False
6,False,8,SCLSU Mud Dogs,4428331,Rashee Rice,WR,BE,False,0.0,0.0,False
6,False,8,SCLSU Mud Dogs,4360569,Jordan Mason,RB,BE,False,0.0,0.0,True
6,False,8,SCLSU Mud Dogs,4429205,Jordan Addison,WR,BE,False,0.0,0.0,True
6,False,8,SCLSU Mud Dogs,4360423,Michael Penix Jr.,QB,BE,False,14.6,14.17,False
6,False,8,SCLSU Mud Dogs,4360248,Kyle Pitts Sr.,TE,TE,True,3.3,7.29,False
6,False,8,SCLSU Mud Dogs,2985659,Wil Lutz,K,K,True,9.0,8.7,False
6,False,8,SCLSU Mud Dogs,3117253,Bobby Okereke,LB,DP,True,6.0,9.07,False
6,False,8,SCLSU Mud Dogs,-16008,Lions D/ST,D/ST,D/ST,True,1.0,4.88,False
6,False,8,SCLSU Mud Dogs,4689114,Jaxson Dart,QB,BE,False,23.6,13.77,False
6,False,8,SCLSU Mud Dogs,4808766,Mason Taylor,TE,BE,False,0.7,7.42,False
6,False,8,SCLSU Mud Dogs,3059915,Kareem Hunt,RB,RB/WR/TE,True,3.9,6.29,False
6,False,10,Silence of the Lamb,4241389,CeeDee Lamb,WR,BE,False,0.0,0.0,False
6,False,10,Silence of the Lamb,4426502,Drake London,WR,WR,True,26.8,12.55,False
6,False,10,Silence of the Lamb,3916387,Lamar Jackson,QB,BE,False,0.0,0.0,False
6,False,10,Silence of the Lamb,3054850,Alvin Kamara,RB,RB,True,10.1,11.5,False
6,False,10,Silence of the Lamb,4047650,DK Metcalf,WR,WR,True,17.5,11.12,False
6,False,10,Silence of the Lamb,4361529,Isiah Pacheco,RB,BE,False,5.6,7.79,False
6,False,10,Silence of the Lamb,4426388,Jameson Williams,WR,BE,False,15.6,9.2,False
6,False,10,Silence of the Lamb,4361579,Javonte Williams,RB,RB,True,5.9,15.05,False
6,False,10,Silence of the Lamb,3953687,Brandon Aubrey,K,K,True,9.0,8.97,False
6,False,10,Silence of the Lamb,-16007,Broncos D/ST,D/ST,D/ST,True,17.0,7.03,False
6,False,10,Silence of the Lamb,4431452,Drake Maye,QB,QB,True,27.24,17.9,False
6,False,10,Silence of the Lamb,3138826,Fred Warner,LB,DP,True,1.0,10.19,False
6,False,10,Silence of the Lamb,4360939,Rashod Bateman,WR,BE,False,1.3,6.31,False
6,False,10,Silence of the Lamb,4241372,Hollywood Brown,WR,BE,False,18.5,7.83,False
6,False,10,Silence of the Lamb,4361432,Romeo Doubs,WR,RB/WR/TE,True,8.0,9.21,False
6,False,10,Silence of the Lamb,2576925,Darren Waller,TE,TE,True,8.2,7.97,False
6,False,10,Silence of the Lamb,4240657,Michael Carter,RB,BE,False,7.4,7.57,False
6,False,14,Deston's Ride or Dies ,4426515,Puka Nacua,WR,WR,True,3.8,18.65,False
6,False,14,Deston's Ride or Dies ,4596448,Bucky Irving,RB,BE,False,0.0,0.0,False
6,False,14,Deston's Ride or Dies ,4432708,Marvin Harrison Jr.,WR,RB/WR/TE,True,4.2,9.7,False
6,False,14,Deston's Ride or Dies ,4427366,Breece Hall,RB,RB,True,5.9,14.0,False
6,False,14,Deston's Ride or Dies ,4432710,TreVeyon Henderson,RB,BE,False,4.1,9.8,False
6,False,14,Deston's Ride or Dies ,4685415,Travis Hunter,WR,DP,True,5.5,9.52,False
6,False,14,Deston's Ride or Dies ,4567750,Emeka Egbuka,WR,WR,True,3.4,14.1,False
6,False,14,Deston's Ride or Dies ,4431459,Tyler Warren,TE,TE,True,15.3,8.57,False
6,False,14,Deston's Ride or Dies ,4362887,Justin Fields,QB,QB,True,4.9,17.55,False
6,False,14,Deston's Ride or Dies ,4426385,Zach Charbonnet,RB,RB,True,4.2,10.02,False
6,False,14,Deston's Ride or Dies ,4385690,Dalton Kincaid,TE,BE,False,0.0,0.0,False
6,False,14,Deston's Ride or Dies ,4882093,Bhayshul Tuten,RB,BE,False,3.8,4.15,False
6,False,14,Deston's Ride or Dies ,4429025,Quentin Johnston,WR,IR,False,0.0,0.0,False
6,False,14,Deston's Ride or Dies ,4372071,Hassan Haskins,RB,BE,False,2.8,10.03,False
6,False,14,Deston's Ride or Dies ,3886598,Jauan Jennings,WR,BE,False,1.2,8.99,False
6,False,14,Deston's Ride or Dies ,-16014,Rams D/ST,D/ST,D/ST,True,16.0,6.21,False
6,False,14,Deston's Ride or Dies ,4566192,Joshua Karty,K,K,True,4.0,8.72,False
6,False,13,Christopher's Kryptonite ,4430807,Bijan Robinson,RB,RB,True,32.8,18.43,False
6,False,13,Christopher's Kryptonite ,4362238,Chase Brown,RB,RB,True,7.9,11.46,False
6,False,13,Christopher's Kryptonite ,4430878,Jaxon Smith-Njigba,WR,WR,True,26.2,14.67,False
6,False,13,Christopher's Kryptonite ,3925357,Calvin Ridley,WR,WR,True,2.3,9.68,False
6,False,13,Christopher's Kryptonite ,4035538,David Montgomery,RB,RB/WR/TE,True,7.1,12.02,False
6,False,13,Christopher's Kryptonite ,4701936,Matthew Golden,WR,BE,False,11.7,9.54,False
6,False,13,Christopher's Kryptonite ,4428209,Ricky Pearsall,WR,IR,False,0.0,0.0,False
6,False,13,Christopher's Kryptonite ,3116165,Chris Godwin Jr.,WR,BE,False,0.0,0.0,False
6,False,13,Christopher's Kryptonite ,4242355,Jake Ferguson,TE,TE,True,10.8,11.59,False
6,False,13,Christopher's Kryptonite ,3150744,Chase McLaughlin,K,K,True,6.0,8.77,False
6,False,13,Christopher's Kryptonite ,-16026,Seahawks D/ST,D/ST,BE,False,12.0,5.09,False
6,False,13,Christopher's Kryptonite ,4241597,Daiyan Henley,LB,DP,True,7.0,9.27,False
6,False,13,Christopher's Kryptonite ,3917792,Daniel Jones,QB,QB,True,22.48,17.17,False
6,False,13,Christopher's Kryptonite ,3046779,Jared Goff,QB,BE,False,16.82,15.84,False
6,False,13,Christopher's Kryptonite ,4883647,Elic Ayomanor,WR,BE,False,4.2,7.06,False
6,False,13,Christopher's Kryptonite ,-16021,Eagles D/ST,D/ST,D/ST,True,0.0,6.85,False
6,False,13,Christopher's Kryptonite ,3045523,Kendrick Bourne,WR,BE,False,16.7,8.54,False
6,False,13,Christopher's Kryptonite ,4427728,Bam Knight,RB,BE,False,12.9,6.84,False
6,False,3,Jim Ward's Ole Dick Necks,4429160,De'Von Achane,RB,RB,True,30.0,17.74,False
6,False,3,Jim Ward's Ole Dick Necks,4047646,A.J. Brown,WR,RB/WR/TE,True,11.0,11.67,False
6,False,3,Jim Ward's Ole Dick Necks,4567048,Kenneth Walker III,RB,BE,False,4.2,12.84,False
6,False,3,Jim Ward's Ole Dick Necks,4569618,Garrett Wilson,WR,BE,False,2.8,11.97,False
6,False,3,Jim Ward's Ole Dick Necks,4259545,D'Andre Swift,RB,BE,False,24.5,12.87,False
6,False,3,Jim Ward's Ole Dick Necks,4372016,Jaylen Waddle,WR,WR,True,13.82,13.01,False
6,False,3,Jim Ward's Ole Dick Necks,4431299,Rome Odunze,WR,WR,True,4.2,13.66,False
6,False,3,Jim Ward's Ole Dick Necks,4572680,Tucker Kraft,TE,TE,True,11.3,8.64,False
6,False,3,Jim Ward's Ole Dick Necks,4241985,J.K. Dobbins,RB,RB,True,4.0,15.3,False
6,False,3,Jim Ward's Ole Dick Necks,4036378,Jordan Love,QB,BE,False,15.96,19.34,False
6,False,3,Jim Ward's Ole Dick Necks,4032473,Rashid Shaheed,WR,BE,False,4.8,8.24,False
6,False,3,Jim Ward's Ole Dick Necks,3121023,Dallas Goedert,TE,BE,False,21.5,7.55,False
6,False,3,Jim Ward's Ole Dick Necks,4038941,Justin Herbert,QB,QB,True,18.76,20.11,False
6,False,3,Jim Ward's Ole Dick Necks,4599739,Kendre Miller,RB,BE,False,3.7,5.34,False
6,False,3,Jim Ward's Ole Dick Necks,4043130,Jordyn Brooks,LB,DP,True,11.0,10.58,False
6,False,3,Jim Ward's Ole Dick Necks,-16009,Packers D/ST,D/ST,D/ST,True,3.0,7.76,False
6,False,3,Jim Ward's Ole Dick Necks,3123052,Michael Badgley,K,K,True,8.0,8.3,False
6,False,1,Nico Suave,4258173,Nico Collins,WR,BE,False,0.0,0.0,True
6,False,1,Nico Suave,3043078,Derrick Henry,RB,RB,True,13.5,13.16,False
6,False,1,Nico Suave,16737,Mike Evans,WR,BE,False,0.0,0.0,False
6,False,1,Nico Suave,4685382,Omarion Hampton,RB,IR,False,0.0,0.0,False
6,False,1,Nico Suave,4685472,Tetairoa McMillan,WR,WR,True,16.4,12.16,False
6,False,1,Nico Suave,4426354,George Pickens,WR,WR,True,27.3,13.76,False
6,False,1,Nico Suave,3916433,Jakobi Meyers,WR,RB/WR/TE,True,5.9,10.78,False
6,False,1,Nico Suave,3116365,Mark Andrews,TE,TE,True,4.6,7.37,False
6,False,1,Nico Suave,4696981,Cam Skattebo,RB,RB,True,30.0,12.31,False
6,False,1,Nico Suave,2577417,Dak Prescott,QB,QB,True,22.34,18.8,False
6,False,1,Nico Suave,4038441,Justice Hill,RB,BE,False,6.9,6.4,False
6,False,1,Nico Suave,3929645,Juwan Johnson,TE,BE,False,0.5,6.24,False
6,False,1,Nico Suave,4371733,Kenneth Gainwell,RB,BE,False,6.6,10.4,False
6,False,1,Nico Suave,4361331,Jamien Sherwood,LB,DP,True,13.0,10.11,False
6,False,1,Nico Suave,11122,Matt Prater,K,K,True,2.0,8.38,False
6,False,1,Nico Suave,15864,Geno Smith,QB,BE,False,8.66,16.36,False
6,False,1,Nico Suave,-16005,Browns D/ST,D/ST,D/ST,True,0.0,6.56,False
6,False,1,Nico Suave,4360310,Trevor Lawrence,QB,BE,False,19.22,17.94,False
6,False,4,Injured Reserve ,4374302,Amon-Ra St. Brown,WR,WR,True,9.2,15.19,False
6,False,4,Injured Reserve ,4047365,Josh Jacobs,RB,RB,True,29.5,19.67,False
6,False,4,Injured Reserve ,4361370,Chris Olave,WR,WR,True,12.8,11.67,False
6,False,4,Injured Reserve ,4430027,Sam LaPorta,TE,TE,True,14.0,9.32,False
6,False,4,Injured Reserve ,4569173,Rhamondre Stevenson,RB,BE,False,1.8,11.89,False
6,False,4,Injured Reserve ,3052587,Baker Mayfield,QB,QB,True,19.64,19.27,False
6,False,4,Injured Reserve ,3126486,Deebo Samuel,WR,RB/WR/TE,True,3.4,14.11,False
6,False,4,Injured Reserve ,4569987,Jaylen Warren,RB,RB,True,7.3,14.32,False
6,False,4,Injured Reserve ,4429096,Blake Corum,RB,BE,False,2.3,5.99,False
6,False,4,Injured Reserve ,4432577,C.J. Stroud,QB,BE,False,0.0,0.0,True
6,False,4,Injured Reserve ,3915189,Roquan Smith,LB,BE,False,0.0,0.0,False
6,False,4,Injured Reserve ,3050478,Jake Elliott,K,K,True,6.0,8.32,False
6,False,4,Injured Reserve ,15835,Zach Ertz,TE,BE,False,13.3,6.82,False
6,False,4,Injured Reserve ,4429022,Kayshon Boutte,WR,BE,False,23.8,5.79,False
6,False,4,Injured Reserve ,4430871,Sean Tucker,RB,BE,False,8.5,6.87,False
6,False,4,Injured Reserve ,-16027,Buccaneers D/ST,D/ST,D/ST,True,9.0,5.36,False
6,False,4,Injured Reserve ,4035232,Tyrel Dodson,LB,DP,True,0.0,0.0,False
6,False,6,Thom-ASS,3117251,Christian McCaffrey,RB,RB/WR/TE,True,20.6,20.95,False
6,False,6,Thom-ASS,4242335,Jonathan Taylor,RB,RB,True,21.7,22.12,False
6,False,6,Thom-ASS,4040715,Jalen Hurts,QB,QB,True,20.62,20.45,False
6,False,6,Thom-ASS,3121422,Terry McLaurin,WR,BE,False,0.0,0.0,False
6,False,6,Thom-ASS,3128429,Courtland Sutton,WR,WR,True,2.2,11.07,False
6,False,6,Thom-ASS,15847,Travis Kelce,TE,TE,True,10.8,8.81,False
6,False,6,Thom-ASS,4360516,Tyrone Tracy Jr.,RB,BE,False,0.6,5.45,False
6,False,6,Thom-ASS,2976212,Stefon Diggs,WR,WR,True,4.3,10.89,False
6,False,6,Thom-ASS,4635008,Keon Coleman,WR,BE,False,2.6,8.24,False
6,False,6,Thom-ASS,4362249,Jayden Reed,WR,IR,False,0.0,0.0,False
6,False,6,Thom-ASS,4697815,Rachaad White,RB,RB,True,16.1,15.2,False
6,False,6,Thom-ASS,4689936,Jake Bates,K,K,True,5.0,8.69,False
6,False,6,Thom-ASS,-16016,Vikings D/ST,D/ST,BE,False,0.0,0.0,True
6,False,6,Thom-ASS,3128720,Nick Chubb,RB,BE,False,0.0,0.0,True
6,False,6,Thom-ASS,4241479,Tua Tagovailoa,QB,BE,False,6.6,16.83,False
6,False,6,Thom-ASS,4569587,Wan'Dale Robinson,WR,BE,False,17.4,9.02,False
6,False,6,Thom-ASS,-16023,Steelers D/ST,D/ST,D/ST,True,11.0,7.68,False
6,False,6,Thom-ASS,14979,Bobby Wagner,LB,DP,True,9.0,10.11,False
6,False,12,Blake's Holographic Charizard,3929630,Saquon Barkley,RB,RB,True,8.7,16.21,False
6,False,12,Blake's Holographic Charizard,4612826,Ladd McConkey,WR,WR,True,19.5,12.87,False
6,False,12,Blake's Holographic Charizard,4239993,Tee Higgins,WR,WR,True,8.7,9.21,False
6,False,12,Blake's Holographic Charizard,4241416,Chuba Hubbard,RB,BE,False,0.0,0.0,False
6,False,12,Blake's Holographic Charizard,4683062,Xavier Worthy,WR,BE,False,9.6,12.91,False
6,False,12,Blake's Holographic Charizard,4241474,Brian Robinson Jr.,RB,BE,False,2.3,4.38,False
6,False,12,Blake's Holographic Charizard,4431611,Caleb Williams,QB,QB,True,19.88,19.75,False
6,False,12,Blake's Holographic Charizard,3917657,Zack Baun,LB,DP,True,6.0,9.77,False
6,False,12,Blake's Holographic Charizard,4362081,Cameron Dicker,K,K,True,17.0,8.69,False
6,False,12,Blake's Holographic Charizard,4575131,Jacory Croskey-Merritt,RB,RB/WR/TE,True,5.3,12.84,False
6,False,12,Blake's Holographic Charizard,5083076,Harold Fannin Jr.,TE,BE,False,11.6,7.48,False
6,False,12,Blake's Holographic Charizard,-16011,Colts D/ST,D/ST,D/ST,True,1.0,7.04,False
6,False,12,Blake's Holographic Charizard,4428718,Tre Tucker,WR,BE,False,9.5,8.9,False
6,False,12,Blake's Holographic Charizard,4430539,Brenton Strange,TE,IR,False,0.0,0.0,False
6,False,12,Blake's Holographic Charizard,4685720,Bryce Young,QB,BE,False,18.46,17.78,False
6,False,12,Blake's Holographic Charizard,3916945,Darius Slayton,WR,BE,False,0.0,0.0,False
6,False,12,Blake's Holographic Charizard,4038815,Rico Dowdle,RB,RB,True,31.9,16.39,False
6,False,12,Blake's Holographic Charizard,4259147,Jake Tonges,TE,TE,True,10.8,6.5,False
7,False,11,ConcreteJungleWet DreamTomato,4890973,Ashton Jeanty,RB,RB,True,3.9,14.51,False
7,False,11,ConcreteJungleWet DreamTomato,4379399,James Cook III,RB,BE,False,0.0,0.0,True
7,False,11,ConcreteJungleWet DreamTomato,3139477,Patrick Mahomes,QB,QB,True,26.24,22.03,False
7,False,11,ConcreteJungleWet DreamTomato,4036133,T.J. Hockenson,TE,BE,False,7.3,7.38,False
7,False,11,ConcreteJungleWet DreamTomato,4241463,Jerry Jeudy,WR,WR,True,2.7,9.68,False
7,False,11,ConcreteJungleWet DreamTomato,4685702,Quinshon Judkins,RB,RB,True,26.4,15.66,False
7,False,11,ConcreteJungleWet DreamTomato,-16034,Texans D/ST,D/ST,D/ST,True,18.0,5.24,False
7,False,11,ConcreteJungleWet DreamTomato,4035687,Michael Pittman Jr.,WR,WR,True,17.3,9.96,False
7,False,11,ConcreteJungleWet DreamTomato,4361741,Brock Purdy,QB,IR,False,0.0,0.0,False
7,False,11,ConcreteJungleWet DreamTomato,3046439,Hunter Henry,TE,TE,True,5.3,7.74,False
7,False,11,ConcreteJungleWet DreamTomato,4040655,Darnell Mooney,WR,BE,False,8.3,8.45,False
7,False,11,ConcreteJungleWet DreamTomato,4692025,Brian Branch,S,BE,False,0.0,0.0,False
7,False,11,ConcreteJungleWet DreamTomato,3055899,Harrison Butker,K,K,True,7.0,8.71,False
7,False,11,ConcreteJungleWet DreamTomato,4362921,Tyquan Thornton,WR,BE,False,4.4,1.0,False
7,False,11,ConcreteJungleWet DreamTomato,4686472,Marvin Mims Jr.,WR,BE,False,12.8,6.02,False
7,False,11,ConcreteJungleWet DreamTomato,5097554,Kameron Johnson,WR,BE,False,0.0,0.54,False
7,False,11,ConcreteJungleWet DreamTomato,3129446,Robert Spillane,LB,DP,True,2.0,9.9,False
7,False,11,ConcreteJungleWet DreamTomato,2576581,Chris Moore,WR,RB/WR/TE,True,6.9,9.41,False
7,False,5,Flowers for Allgeiernon,4362628,Ja'Marr Chase,WR,WR,True,30.1,12.77,False
7,False,5,Flowers for Allgeiernon,4430737,Kyren Williams,RB,RB,True,7.5,15.02,False
7,False,5,Flowers for Allgeiernon,4361307,Trey McBride,TE,TE,True,24.4,12.79,False
7,False,5,Flowers for Allgeiernon,4239996,Travis Etienne Jr.,RB,RB,True,6.0,11.91,False
7,False,5,Flowers for Allgeiernon,4241478,DeVonta Smith,WR,WR,True,28.8,9.79,False
7,False,5,Flowers for Allgeiernon,3917315,Kyler Murray,QB,BE,False,0.0,0.0,False
7,False,5,Flowers for Allgeiernon,4429615,Zay Flowers,WR,BE,False,0.0,0.0,True
7,False,5,Flowers for Allgeiernon,4361777,Zamir White,RB,BE,False,0.0,0.0,False
7,False,5,Flowers for Allgeiernon,4373626,Tyler Allgeier,RB,RB/WR/TE,True,1.6,6.8,False
7,False,5,Flowers for Allgeiernon,3050073,Foyesade Oluokun,LB,DP,True,2.0,10.46,False
7,False,5,Flowers for Allgeiernon,12483,Matthew Stafford,QB,QB,True,27.38,17.15,False
7,False,5,Flowers for Allgeiernon,4243389,Calvin Austin III,WR,BE,False,0.0,0.0,False
7,False,5,Flowers for Allgeiernon,4431280,Troy Franklin,WR,BE,False,11.4,6.84,False
7,False,5,Flowers for Allgeiernon,2473037,Jason Myers,K,K,True,10.0,8.06,False
7,False,5,Flowers for Allgeiernon,-16030,Jaguars D/ST,D/ST,BE,False,-1.0,4.09,False
7,False,5,Flowers for Allgeiernon,4576297,AJ Barner,TE,BE,False,1.4,6.2,False
7,False,5,Flowers for Allgeiernon,-16012,Chiefs D/ST,D/ST,D/ST,True,13.0,7.41,False
7,False,8,SCLSU Mud Dogs,4429795,Jahmyr Gibbs,RB,RB,True,35.3,16.56,False
7,False,8,SCLSU Mud Dogs,4432665,Brock Bowers,TE,BE,False,0.0,0.0,False
7,False,8,SCLSU Mud Dogs,4426348,Jayden Daniels,QB,QB,True,17.74,23.57,False
7,False,8,SCLSU Mud Dogs,16800,Davante Adams,WR,WR,True,24.0,16.39,False
7,False,8,SCLSU Mud Dogs,3915416,DJ Moore,WR,BE,False,6.7,8.84,False
7,False,8,SCLSU Mud Dogs,3916148,Tony Pollard,RB,BE,False,9.1,9.23,False
7,False,8,SCLSU Mud Dogs,4428331,Rashee Rice,WR,WR,True,19.7,11.26,False
7,False,8,SCLSU Mud Dogs,4360569,Jordan Mason,RB,RB,True,11.7,12.99,False
7,False,8,SCLSU Mud Dogs,4429205,Jordan Addison,WR,RB/WR/TE,True,18.3,9.9,False
7,False,8,SCLSU Mud Dogs,4360423,Michael Penix Jr.,QB,BE,False,12.24,15.61,False
7,False,8,SCLSU Mud Dogs,4360248,Kyle Pitts Sr.,TE,TE,True,9.7,7.04,False
7,False,8,SCLSU Mud Dogs,2985659,Wil Lutz,K,K,True,5.0,8.06,False
7,False,8,SCLSU Mud Dogs,3117253,Bobby Okereke,LB,DP,True,6.0,9.08,False
7,False,8,SCLSU Mud Dogs,-16008,Lions D/ST,D/ST,D/ST,True,13.0,3.93,False
7,False,8,SCLSU Mud Dogs,4689114,Jaxson Dart,QB,BE,False,28.42,13.78,False
7,False,8,SCLSU Mud Dogs,4808766,Mason Taylor,TE,BE,False,4.6,7.36,False
7,False,8,SCLSU Mud Dogs,3059915,Kareem Hunt,RB,BE,False,1.8,6.71,False
7,False,10,Silence of the Lamb,4241389,CeeDee Lamb,WR,RB/WR/TE,True,19.5,16.02,False
7,False,10,Silence of the Lamb,4426502,Drake London,WR,WR,True,6.2,13.69,False
7,False,10,Silence of the Lamb,3916387,Lamar Jackson,QB,BE,False,0.0,0.0,True
7,False,10,Silence of the Lamb,3054850,Alvin Kamara,RB,RB,True,5.4,13.0,False
7,False,10,Silence of the Lamb,4047650,DK Metcalf,WR,WR,True,8.5,13.64,False
7,False,10,Silence of the Lamb,4361529,Isiah Pacheco,RB,BE,False,11.9,10.31,False
7,False,10,Silence of the Lamb,4426388,Jameson Williams,WR,BE,False,0.0,11.28,False
7,False,10,Silence of the Lamb,4361579,Javonte Williams,RB,RB,True,18.3,15.92,False
7,False,10,Silence of the Lamb,3953687,Brandon Aubrey,K,K,True,17.0,9.2,False
7,False,10,Silence of the Lamb,-16007,Broncos D/ST,D/ST,D/ST,True,4.0,7.29,False
7,False,10,Silence of the Lamb,4431452,Drake Maye,QB,QB,True,23.08,19.94,False
7,False,10,Silence of the Lamb,4360939,Rashod Bateman,WR,BE,False,0.0,0.0,True
7,False,10,Silence of the Lamb,4241372,Hollywood Brown,WR,BE,False,8.4,5.46,False
7,False,10,Silence of the Lamb,4361432,Romeo Doubs,WR,BE,False,10.2,10.38,False
7,False,10,Silence of the Lamb,2576925,Darren Waller,TE,TE,True,0.0,7.01,False
7,False,10,Silence of the Lamb,4240657,Michael Carter,RB,BE,False,4.6,9.52,False
7,False,10,Silence of the Lamb,4569465,Jack Campbell,LB,DP,True,10.0,9.9,False
7,False,14,Deston's Ride or Dies ,4426515,Puka Nacua,WR,BE,False,0.0,0.0,False
7,False,14,Deston's Ride or Dies ,4596448,Bucky Irving,RB,BE,False,0.0,0.0,False
7,False,14,Deston's Ride or Dies ,4432708,Marvin Harrison Jr.,WR,WR,True,6.8,10.28,False
7,False,14,Deston's Ride or Dies ,4427366,Breece Hall,RB,RB,True,6.2,14.82,False
7,False,14,Deston's Ride or Dies ,4432710,TreVeyon Henderson,RB,RB/WR/TE,True,0.5,10.17,False
7,False,14,Deston's Ride or Dies ,4685415,Travis Hunter,WR,DP,True,20.1,10.09,False
7,False,14,Deston's Ride or Dies ,4567750,Emeka Egbuka,WR,BE,False,7.8,10.77,False
7,False,14,Deston's Ride or Dies ,4431459,Tyler Warren,TE,TE,True,14.9,9.95,False
7,False,14,Deston's Ride or Dies ,4362887,Justin Fields,QB,QB,True,4.04,18.33,False
7,False,14,Deston's Ride or Dies ,4426385,Zach Charbonnet,RB,RB,True,18.5,9.14,False
7,False,14,Deston's Ride or Dies ,4385690,Dalton Kincaid,TE,IR,False,0.0,0.0,True
7,False,14,Deston's Ride or Dies ,4882093,Bhayshul Tuten,RB,BE,False,2.2,3.49,False
7,False,14,Deston's Ride or Dies ,4429025,Quentin Johnston,WR,WR,True,10.0,12.44,False
7,False,14,Deston's Ride or Dies ,4372071,Hassan Haskins,RB,BE,False,2.5,4.21,False
7,False,14,Deston's Ride or Dies ,3886598,Jauan Jennings,WR,BE,False,5.1,7.17,False
7,False,14,Deston's Ride or Dies ,-16014,Rams D/ST,D/ST,D/ST,True,9.0,6.7,False
7,False,14,Deston's Ride or Dies ,4569603,Malik Washington,WR,BE,False,5.5,8.14,False
7,False,14,Deston's Ride or Dies ,17372,Chris Boswell,K,K,True,8.0,9.02,False
7,False,13,Christopher's Kryptonite ,4430807,Bijan Robinson,RB,RB,True,18.2,20.41,False
7,False,13,Christopher's Kryptonite ,4362238,Chase Brown,RB,BE,False,11.0,9.79,False
7,False,13,Christopher's Kryptonite ,4430878,Jaxon Smith-Njigba,WR,WR,True,24.3,16.44,False
7,False,13,Christopher's Kryptonite ,3925357,Calvin Ridley,WR,BE,False,0.0,0.0,False
7,False,13,Christopher's Kryptonite ,4035538,David Montgomery,RB,RB,True,4.9,10.99,False
7,False,13,Christopher's Kryptonite ,4701936,Matthew Golden,WR,BE,False,5.7,9.85,False
7,False,13,Christopher's Kryptonite ,4428209,Ricky Pearsall,WR,IR,False,0.0,0.0,False
7,False,13,Christopher's Kryptonite ,3116165,Chris Godwin Jr.,WR,BE,False,0.0,0.0,False
7,False,13,Christopher's Kryptonite ,4242355,Jake Ferguson,TE,TE,True,18.4,10.86,False
7,False,13,Christopher's Kryptonite ,3150744,Chase McLaughlin,K,K,True,5.0,8.58,False
7,False,13,Christopher's Kryptonite ,-16026,Seahawks D/ST,D/ST,D/ST,True,10.0,5.83,False
7,False,13,Christopher's Kryptonite ,4241597,Daiyan Henley,LB,DP,True,2.0,9.31,False
7,False,13,Christopher's Kryptonite ,3917792,Daniel Jones,QB,BE,False,22.22,18.38,False
7,False,13,Christopher's Kryptonite ,3046779,Jared Goff,QB,QB,True,10.34,16.83,False
7,False,13,Christopher's Kryptonite ,-16021,Eagles D/ST,D/ST,BE,False,11.0,6.78,False
7,False,13,Christopher's Kryptonite ,3045523,Kendrick Bourne,WR,WR,True,2.4,8.05,False
7,False,13,Christopher's Kryptonite ,4427728,Bam Knight,RB,BE,False,7.9,9.1,False
7,False,13,Christopher's Kryptonite ,4430968,Kimani Vidal,RB,RB/WR/TE,True,5.5,10.76,False
7,False,3,Jim Ward's Ole Dick Necks,4429160,De'Von Achane,RB,RB,True,12.3,19.11,False
7,False,3,Jim Ward's Ole Dick Necks,4047646,A.J. Brown,WR,BE,False,26.1,12.19,False
7,False,3,Jim Ward's Ole Dick Necks,4567048,Kenneth Walker III,RB,BE,False,6.6,10.22,False
7,False,3,Jim Ward's Ole Dick Necks,4569618,Garrett Wilson,WR,BE,False,0.0,0.0,False
7,False,3,Jim Ward's Ole Dick Necks,4259545,D'Andre Swift,RB,RB/WR/TE,True,20.3,14.28,False
7,False,3,Jim Ward's Ole Dick Necks,4372016,Jaylen Waddle,WR,WR,True,2.0,11.78,False
7,False,3,Jim Ward's Ole Dick Necks,4431299,Rome Odunze,WR,WR,True,4.1,12.13,False
7,False,3,Jim Ward's Ole Dick Necks,4572680,Tucker Kraft,TE,TE,True,14.3,7.54,False
7,False,3,Jim Ward's Ole Dick Necks,4241985,J.K. Dobbins,RB,RB,True,8.5,12.19,False
7,False,3,Jim Ward's Ole Dick Necks,4036378,Jordan Love,QB,BE,False,13.36,17.36,False
7,False,3,Jim Ward's Ole Dick Necks,4032473,Rashid Shaheed,WR,BE,False,6.0,9.17,False
7,False,3,Jim Ward's Ole Dick Necks,3121023,Dallas Goedert,TE,BE,False,3.3,9.11,False
7,False,3,Jim Ward's Ole Dick Necks,4038941,Justin Herbert,QB,QB,True,28.9,17.76,False
7,False,3,Jim Ward's Ole Dick Necks,4599739,Kendre Miller,RB,BE,False,0.7,6.2,False
7,False,3,Jim Ward's Ole Dick Necks,4043130,Jordyn Brooks,LB,DP,True,9.0,10.49,False
7,False,3,Jim Ward's Ole Dick Necks,-16009,Packers D/ST,D/ST,D/ST,True,8.0,5.93,False
7,False,3,Jim Ward's Ole Dick Necks,3123052,Michael Badgley,K,K,True,6.0,8.42,False
7,False,1,Nico Suave,4258173,Nico Collins,WR,WR,True,4.7,14.63,False
7,False,1,Nico Suave,3043078,Derrick Henry,RB,BE,False,0.0,0.0,True
7,False,1,Nico Suave,16737,Mike Evans,WR,RB/WR/TE,True,0.0,11.76,False
7,False,1,Nico Suave,4685382,Omarion Hampton,RB,IR,False,0.0,0.0,False
7,False,1,Nico Suave,4685472,Tetairoa McMillan,WR,BE,False,4.8,10.43,False
7,False,1,Nico Suave,4426354,George Pickens,WR,WR,True,10.2,13.4,False
7,False,1,Nico Suave,3916433,Jakobi Meyers,WR,BE,False,0.0,0.0,False
7,False,1,Nico Suave,3116365,Mark Andrews,TE,BE,False,0.0,0.0,True
7,False,1,Nico Suave,4696981,Cam Skattebo,RB,RB,True,16.9,12.63,False
7,False,1,Nico Suave,2577417,Dak Prescott,QB,QB,True,23.26,21.79,False
7,False,1,Nico Suave,4038441,Justice Hill,RB,BE,False,0.0,0.0,True
7,False,1,Nico Suave,3929645,Juwan Johnson,TE,BE,False,10.4,5.86,False
7,False,1,Nico Suave,4371733,Kenneth Gainwell,RB,RB,True,2.5,11.4,False
7,False,1,Nico Suave,4361331,Jamien Sherwood,LB,DP,True,12.0,10.21,False
7,False,1,Nico Suave,-16005,Browns D/ST,D/ST,D/ST,True,24.0,5.58,False
7,False,1,Nico Suave,4360310,Trevor Lawrence,QB,BE,False,17.64,15.08,False
7,False,1,Nico Suave,3117256,Dalton Schultz,TE,TE,True,14.3,7.11,False
7,False,1,Nico Suave,4249087,Matt Gay,K,K,True,2.0,8.56,False
7,False,4,Injured Reserve ,4374302,Amon-Ra St. Brown,WR,WR,True,18.6,16.17,False
7,False,4,Injured Reserve ,4047365,Josh Jacobs,RB,RB,True,18.3,17.82,False
7,False,4,Injured Reserve ,4361370,Chris Olave,WR,WR,True,24.3,12.43,False
7,False,4,Injured Reserve ,4430027,Sam LaPorta,TE,TE,True,3.0,10.39,False
7,False,4,Injured Reserve ,4569173,Rhamondre Stevenson,RB,BE,False,15.8,12.36,False
7,False,4,Injured Reserve ,3052587,Baker Mayfield,QB,QB,True,11.12,19.32,False
7,False,4,Injured Reserve ,3126486,Deebo Samuel,WR,RB/WR/TE,True,0.0,0.0,False
7,False,4,Injured Reserve ,4569987,Jaylen Warren,RB,RB,True,17.8,15.09,False
7,False,4,Injured Reserve ,4429096,Blake Corum,RB,BE,False,4.8,4.89,False
7,False,4,Injured Reserve ,4432577,C.J. Stroud,QB,BE,False,13.66,17.73,False
7,False,4,Injured Reserve ,3915189,Roquan Smith,LB,BE,False,0.0,0.0,True
7,False,4,Injured Reserve ,3050478,Jake Elliott,K,K,True,3.0,8.0,False
7,False,4,Injured Reserve ,15835,Zach Ertz,TE,BE,False,11.2,9.05,False
7,False,4,Injured Reserve ,4429022,Kayshon Boutte,WR,BE,False,12.5,7.18,False
7,False,4,Injured Reserve ,4430871,Sean Tucker,RB,BE,False,1.1,5.66,False
7,False,4,Injured Reserve ,-16027,Buccaneers D/ST,D/ST,D/ST,True,7.0,3.11,False
7,False,4,Injured Reserve ,4035232,Tyrel Dodson,LB,DP,True,10.0,9.82,False
7,False,6,Thom-ASS,3117251,Christian McCaffrey,RB,RB/WR/TE,True,35.6,19.88,False
7,False,6,Thom-ASS,4242335,Jonathan Taylor,RB,RB,True,32.7,22.88,False
7,False,6,Thom-ASS,4040715,Jalen Hurts,QB,QB,True,24.04,19.85,False
7,False,6,Thom-ASS,3121422,Terry McLaurin,WR,BE,False,0.0,0.0,False
7,False,6,Thom-ASS,3128429,Courtland Sutton,WR,WR,True,13.7,10.45,False
7,False,6,Thom-ASS,15847,Travis Kelce,TE,TE,True,6.9,8.53,False
7,False,6,Thom-ASS,4360516,Tyrone Tracy Jr.,RB,BE,False,10.6,3.76,False
7,False,6,Thom-ASS,2976212,Stefon Diggs,WR,WR,True,10.4,10.99,False
7,False,6,Thom-ASS,4635008,Keon Coleman,WR,BE,False,0.0,0.0,True
7,False,6,Thom-ASS,4362249,Jayden Reed,WR,IR,False,0.0,0.0,False
7,False,6,Thom-ASS,4697815,Rachaad White,RB,RB,True,6.4,16.2,False
7,False,6,Thom-ASS,4689936,Jake Bates,K,K,True,7.0,8.82,False
7,False,6,Thom-ASS,-16016,Vikings D/ST,D/ST,BE,False,2.0,6.04,False
7,False,6,Thom-ASS,3128720,Nick Chubb,RB,BE,False,2.6,8.54,False
7,False,6,Thom-ASS,4241479,Tua Tagovailoa,QB,BE,False,-1.4,15.43,False
7,False,6,Thom-ASS,4569587,Wan'Dale Robinson,WR,BE,False,12.5,8.69,False
7,False,6,Thom-ASS,-16023,Steelers D/ST,D/ST,D/ST,True,-4.0,7.86,False
7,False,6,Thom-ASS,14979,Bobby Wagner,LB,DP,True,8.0,10.35,False
7,False,12,Blake's Holographic Charizard,3929630,Saquon Barkley,RB,RB,True,4.7,14.46,False
7,False,12,Blake's Holographic Charizard,4612826,Ladd McConkey,WR,WR,True,11.2,11.19,False
7,False,12,Blake's Holographic Charizard,4239993,Tee Higgins,WR,WR,True,18.6,8.8,False
7,False,12,Blake's Holographic Charizard,4241416,Chuba Hubbard,RB,BE,False,6.5,7.78,False
7,False,12,Blake's Holographic Charizard,4683062,Xavier Worthy,WR,BE,False,6.3,11.41,False
7,False,12,Blake's Holographic Charizard,4241474,Brian Robinson Jr.,RB,BE,False,3.6,4.01,False
7,False,12,Blake's Holographic Charizard,4431611,Caleb Williams,QB,QB,True,4.68,19.07,False
7,False,12,Blake's Holographic Charizard,3917657,Zack Baun,LB,DP,True,10.0,9.6,False
7,False,12,Blake's Holographic Charizard,4362081,Cameron Dicker,K,K,True,7.0,8.16,False
7,False,12,Blake's Holographic Charizard,4575131,Jacory Croskey-Merritt,RB,RB/WR/TE,True,3.7,15.22,False
7,False,12,Blake's Holographic Charizard,5083076,Harold Fannin Jr.,TE,TE,True,5.6,9.34,False
7,False,12,Blake's Holographic Charizard,-16011,Colts D/ST,D/ST,D/ST,True,4.0,5.64,False
7,False,12,Blake's Holographic Charizard,4428718,Tre Tucker,WR,BE,False,5.8,9.96,False
7,False,12,Blake's Holographic Charizard,4430539,Brenton Strange,TE,IR,False,0.0,0.0,False
7,False,12,Blake's Holographic Charizard,4038815,Rico Dowdle,RB,RB,True,10.1,13.49,False
7,False,12,Blake's Holographic Charizard,3051876,Evan Engram,TE,BE,False,6.7,7.1,False
7,False,12,Blake's Holographic Charizard,4243331,Cade Otton,TE,BE,False,11.0,7.03,False
7,False,12,Blake's Holographic Charizard,3912547,Sam Darnold,QB,BE,False,8.62,14.89,False
7,False,9,Men of Will,4262921,Justin Jefferson,WR,WR,True,10.4,14.86,False
7,False,9,Men of Will,4432773,Brian Thomas Jr.,WR,WR,True,4.6,11.39,False
7,False,9,Men of Will,3918298,Josh Allen,QB,BE,False,0.0,0.0,True
7,False,9,Men of Will,3040151,George Kittle,TE,TE,True,0.0,10.49,False
7,False,9,Men of Will,4568490,RJ Harvey,RB,RB,True,6.7,6.64,False
7,False,9,Men of Will,3042519,Aaron Jones Sr.,RB,IR,False,0.0,0.0,False
7,False,9,Men of Will,2977187,Cooper Kupp,WR,BE,False,1.7,8.76,False
7,False,9,Men of Will,4426338,Bo Nix,QB,QB,True,39.96,16.69,False
7,False,9,Men of Will,4373678,Khalil Shakir,WR,BE,False,0.0,0.0,True
7,False,9,Men of Will,4686361,Cam Little,K,K,True,0.0,7.53,False
7,False,9,Men of Will,2612151,Alex Singleton,LB,DP,True,8.0,9.89,False
7,False,9,Men of Will,4430034,Xavier Legette,WR,BE,False,19.7,4.54,False
7,False,9,Men of Will,15818,Keenan Allen,WR,RB/WR/TE,True,23.4,10.75,False
7,False,9,Men of Will,4429059,Woody Marks,RB,RB,True,11.0,8.07,False
7,False,9,Men of Will,4428557,Tyjae Spears,RB,BE,False,5.5,6.6,False
7,False,9,Men of Will,-16017,Patriots D/ST,D/ST,D/ST,True,20.0,6.72,False
8,False,10,Silence of the Lamb,4241389,CeeDee Lamb,WR,WR,True,11.1,13.68,False
8,False,10,Silence of the Lamb,4426502,Drake London,WR,BE,False,0.0,0.0,False
8,False,10,Silence of the Lamb,3916387,Lamar Jackson,QB,BE,False,0.0,0.0,False
8,False,10,Silence of the Lamb,3054850,Alvin Kamara,RB,RB,True,5.5,12.13,False
8,False,10,Silence of the Lamb,4047650,DK Metcalf,WR,WR,True,14.0,12.46,False
8,False,10,Silence of the Lamb,4361529,Isiah Pacheco,RB,RB/WR/TE,True,5.8,10.4,False
8,False,10,Silence of the Lamb,4426388,Jameson Williams,WR,BE,False,0.0,0.0,True
8,False,10,Silence of the Lamb,4361579,Javonte Williams,RB,RB,True,17.4,14.38,False
8,False,10,Silence of the Lamb,3953687,Brandon Aubrey,K,K,True,6.0,8.75,False
8,False,10,Silence of the Lamb,-16007,Broncos D/ST,D/ST,D/ST,True,6.0,4.15,False
8,False,10,Silence of the Lamb,4431452,Drake Maye,QB,QB,True,26.28,18.21,False
8,False,10,Silence of the Lamb,4241372,Hollywood Brown,WR,BE,False,1.0,5.5,False
8,False,10,Silence of the Lamb,4361432,Romeo Doubs,WR,BE,False,7.9,10.09,False
8,False,10,Silence of the Lamb,4240657,Michael Carter,RB,BE,False,0.0,0.0,True
8,False,10,Silence of the Lamb,4429148,Theo Johnson,TE,TE,True,3.5,7.68,False
8,False,10,Silence of the Lamb,4379416,Quay Walker,LB,DP,True,5.0,9.67,False
8,False,10,Silence of the Lamb,4608810,Tez Johnson,WR,BE,False,6.8,7.45,False
8,False,11,ConcreteJungleWet DreamTomato,4890973,Ashton Jeanty,RB,BE,False,0.0,0.0,True
8,False,11,ConcreteJungleWet DreamTomato,4379399,James Cook III,RB,RB,True,33.6,14.31,False
8,False,11,ConcreteJungleWet DreamTomato,3139477,Patrick Mahomes,QB,QB,True,22.96,24.46,False
8,False,11,ConcreteJungleWet DreamTomato,4036133,T.J. Hockenson,TE,BE,False,3.6,7.91,False
8,False,11,ConcreteJungleWet DreamTomato,4241463,Jerry Jeudy,WR,WR,True,0.0,8.94,False
8,False,11,ConcreteJungleWet DreamTomato,4685702,Quinshon Judkins,RB,RB,True,3.2,11.68,False
8,False,11,ConcreteJungleWet DreamTomato,-16034,Texans D/ST,D/ST,D/ST,True,7.0,6.76,False
8,False,11,ConcreteJungleWet DreamTomato,4035687,Michael Pittman Jr.,WR,WR,True,19.5,10.97,False
8,False,11,ConcreteJungleWet DreamTomato,4361741,Brock Purdy,QB,IR,False,0.0,0.0,False
8,False,11,ConcreteJungleWet DreamTomato,3046439,Hunter Henry,TE,TE,True,7.2,7.67,False
8,False,11,ConcreteJungleWet DreamTomato,4040655,Darnell Mooney,WR,RB/WR/TE,True,1.6,10.13,False
8,False,11,ConcreteJungleWet DreamTomato,4692025,Brian Branch,S,BE,False,0.0,0.0,True
8,False,11,ConcreteJungleWet DreamTomato,3055899,Harrison Butker,K,K,True,4.0,8.82,False
8,False,11,ConcreteJungleWet DreamTomato,4362921,Tyquan Thornton,WR,BE,False,0.0,1.65,False
8,False,11,ConcreteJungleWet DreamTomato,4686472,Marvin Mims Jr.,WR,BE,False,1.8,7.32,False
8,False,11,ConcreteJungleWet DreamTomato,5097554,Kameron Johnson,WR,BE,False,0.0,3.71,False
8,False,11,ConcreteJungleWet DreamTomato,3129446,Robert Spillane,LB,DP,True,16.0,9.32,False
8,False,11,ConcreteJungleWet DreamTomato,2576581,Chris Moore,WR,BE,False,0.0,3.27,False
8,False,13,Christopher's Kryptonite ,4430807,Bijan Robinson,RB,RB,True,4.3,23.98,False
8,False,13,Christopher's Kryptonite ,4362238,Chase Brown,RB,RB/WR/TE,True,24.0,10.93,False
8,False,13,Christopher's Kryptonite ,4430878,Jaxon Smith-Njigba,WR,BE,False,0.0,0.0,True
8,False,13,Christopher's Kryptonite ,3925357,Calvin Ridley,WR,BE,False,0.0,0.0,False
8,False,13,Christopher's Kryptonite ,4035538,David Montgomery,RB,BE,False,0.0,0.0,True
8,False,13,Christopher's Kryptonite ,4701936,Matthew Golden,WR,WR,True,1.9,8.63,False
8,False,13,Christopher's Kryptonite ,4428209,Ricky Pearsall,WR,BE,False,0.0,0.0,False
8,False,13,Christopher's Kryptonite ,3116165,Chris Godwin Jr.,WR,IR,False,0.0,0.0,False
8,False,13,Christopher's Kryptonite ,4242355,Jake Ferguson,TE,TE,True,1.0,10.09,False
8,False,13,Christopher's Kryptonite ,3150744,Chase McLaughlin,K,K,True,17.0,8.37,False
8,False,13,Christopher's Kryptonite ,-16026,Seahawks D/ST,D/ST,BE,False,0.0,0.0,True
8,False,13,Christopher's Kryptonite ,3917792,Daniel Jones,QB,QB,True,23.18,20.68,False
8,False,13,Christopher's Kryptonite ,3046779,Jared Goff,QB,BE,False,0.0,0.0,True
8,False,13,Christopher's Kryptonite ,-16021,Eagles D/ST,D/ST,D/ST,True,7.0,5.82,False
8,False,13,Christopher's Kryptonite ,4427728,Bam Knight,RB,BE,False,0.0,0.0,True
8,False,13,Christopher's Kryptonite ,4430968,Kimani Vidal,RB,RB,True,19.2,11.57,False
8,False,13,Christopher's Kryptonite ,4429834,Cedric Gray,LB,DP,True,5.0,9.64,False
8,False,13,Christopher's Kryptonite ,4586312,Jaylin Noel,WR,WR,True,8.8,8.18,False
8,False,8,SCLSU Mud Dogs,4429795,Jahmyr Gibbs,RB,BE,False,0.0,0.0,True
8,False,8,SCLSU Mud Dogs,4432665,Brock Bowers,TE,BE,False,0.0,0.0,True
8,False,8,SCLSU Mud Dogs,4426348,Jayden Daniels,QB,BE,False,0.0,0.0,False
8,False,8,SCLSU Mud Dogs,16800,Davante Adams,WR,BE,False,0.0,0.0,True
8,False,8,SCLSU Mud Dogs,3915416,DJ Moore,WR,BE,False,9.6,8.68,False
8,False,8,SCLSU Mud Dogs,3916148,Tony Pollard,RB,RB,True,5.8,8.44,False
8,False,8,SCLSU Mud Dogs,4428331,Rashee Rice,WR,WR,True,21.0,14.31,False
8,False,8,SCLSU Mud Dogs,4360569,Jordan Mason,RB,RB,True,2.1,11.28,False
8,False,8,SCLSU Mud Dogs,4429205,Jordan Addison,WR,WR,True,10.1,10.5,False
8,False,8,SCLSU Mud Dogs,4360423,Michael Penix Jr.,QB,BE,False,0.0,0.0,False
8,False,8,SCLSU Mud Dogs,4360248,Kyle Pitts Sr.,TE,RB/WR/TE,True,10.4,8.63,False
8,False,8,SCLSU Mud Dogs,2985659,Wil Lutz,K,K,True,9.0,8.49,False
8,False,8,SCLSU Mud Dogs,3117253,Bobby Okereke,LB,DP,True,10.0,8.77,False
8,False,8,SCLSU Mud Dogs,4689114,Jaxson Dart,QB,QB,True,19.42,17.84,False
8,False,8,SCLSU Mud Dogs,3059915,Kareem Hunt,RB,BE,False,16.7,6.66,False
8,False,8,SCLSU Mud Dogs,4595342,Oronde Gadsden,TE,TE,True,16.2,8.86,False
8,False,8,SCLSU Mud Dogs,-16002,Bills D/ST,D/ST,D/ST,True,18.0,4.79,False
8,False,1,Nico Suave,4258173,Nico Collins,WR,BE,False,0.0,0.0,False
8,False,1,Nico Suave,3043078,Derrick Henry,RB,RB,True,19.1,15.45,False
8,False,1,Nico Suave,4685382,Omarion Hampton,RB,IR,False,0.0,0.0,False
8,False,1,Nico Suave,4685472,Tetairoa McMillan,WR,WR,True,13.4,11.21,False
8,False,1,Nico Suave,4426354,George Pickens,WR,WR,True,11.3,11.99,False
8,False,1,Nico Suave,3916433,Jakobi Meyers,WR,BE,False,0.0,0.0,True
8,False,1,Nico Suave,3116365,Mark Andrews,TE,TE,True,4.9,6.9,False
8,False,1,Nico Suave,4696981,Cam Skattebo,RB,RB,True,9.5,12.85,False
8,False,1,Nico Suave,2577417,Dak Prescott,QB,QB,True,6.62,18.26,False
8,False,1,Nico Suave,4038441,Justice Hill,RB,BE,False,0.2,6.5,False
8,False,1,Nico Suave,3929645,Juwan Johnson,TE,BE,False,7.8,7.56,False
8,False,1,Nico Suave,4371733,Kenneth Gainwell,RB,BE,False,3.5,8.68,False
8,False,1,Nico Suave,4361331,Jamien Sherwood,LB,DP,True,5.0,10.32,False
8,False,1,Nico Suave,-16005,Browns D/ST,D/ST,D/ST,True,6.0,5.31,False
8,False,1,Nico Suave,4360310,Trevor Lawrence,QB,BE,False,0.0,0.0,True
8,False,1,Nico Suave,3117256,Dalton Schultz,TE,BE,False,3.4,7.7,False
8,False,1,Nico Suave,4688813,Josh Downs,WR,RB/WR/TE,True,11.4,8.63,False
8,False,1,Nico Suave,4567104,Will Reichard,K,K,True,5.0,8.02,False
8,False,14,Deston's Ride or Dies ,4426515,Puka Nacua,WR,IR,False,0.0,0.0,True
8,False,14,Deston's Ride or Dies ,4596448,Bucky Irving,RB,BE,False,0.0,0.0,False
8,False,14,Deston's Ride or Dies ,4432708,Marvin Harrison Jr.,WR,BE,False,0.0,0.0,True
8,False,14,Deston's Ride or Dies ,4427366,Breece Hall,RB,RB,True,31.86,16.76,False
8,False,14,Deston's Ride or Dies ,4432710,TreVeyon Henderson,RB,RB,True,5.5,7.33,False
8,False,14,Deston's Ride or Dies ,4685415,Travis Hunter,WR,BE,False,0.0,0.0,True
8,False,14,Deston's Ride or Dies ,4567750,Emeka Egbuka,WR,WR,True,5.0,14.29,False
8,False,14,Deston's Ride or Dies ,4431459,Tyler Warren,TE,TE,True,7.3,10.58,False
8,False,14,Deston's Ride or Dies ,4426385,Zach Charbonnet,RB,BE,False,0.0,0.0,True
8,False,14,Deston's Ride or Dies ,4385690,Dalton Kincaid,TE,BE,False,2.8,7.84,False
8,False,14,Deston's Ride or Dies ,4429025,Quentin Johnston,WR,WR,True,0.0,11.34,False
8,False,14,Deston's Ride or Dies ,3886598,Jauan Jennings,WR,RB/WR/TE,True,7.5,7.28,False
8,False,14,Deston's Ride or Dies ,4569603,Malik Washington,WR,BE,False,11.6,7.27,False
8,False,14,Deston's Ride or Dies ,17372,Chris Boswell,K,K,True,20.0,8.7,False
8,False,14,Deston's Ride or Dies ,-16024,Chargers D/ST,D/ST,D/ST,True,13.0,5.77,False
8,False,14,Deston's Ride or Dies ,8439,Aaron Rodgers,QB,BE,False,16.76,16.21,False
8,False,14,Deston's Ride or Dies ,3728281,Blake Cashman,LB,DP,True,11.0,9.54,False
8,False,14,Deston's Ride or Dies ,4362887,Justin Fields,QB,QB,True,20.86,19.4,False
8,False,6,Thom-ASS,3117251,Christian McCaffrey,RB,RB,True,8.3,18.78,False
8,False,6,Thom-ASS,4242335,Jonathan Taylor,RB,RB/WR/TE,True,36.4,24.21,False
8,False,6,Thom-ASS,4040715,Jalen Hurts,QB,QB,True,25.36,21.83,False
8,False,6,Thom-ASS,3121422,Terry McLaurin,WR,BE,False,12.9,9.63,False
8,False,6,Thom-ASS,3128429,Courtland Sutton,WR,WR,True,8.7,11.4,False
8,False,6,Thom-ASS,15847,Travis Kelce,TE,TE,True,19.9,8.86,False
8,False,6,Thom-ASS,4360516,Tyrone Tracy Jr.,RB,BE,False,6.3,4.95,False
8,False,6,Thom-ASS,2976212,Stefon Diggs,WR,BE,False,9.9,10.19,False
8,False,6,Thom-ASS,4635008,Keon Coleman,WR,BE,False,4.5,8.57,False
8,False,6,Thom-ASS,4362249,Jayden Reed,WR,IR,False,0.0,0.0,False
8,False,6,Thom-ASS,4697815,Rachaad White,RB,RB,True,7.1,15.27,False
8,False,6,Thom-ASS,4689936,Jake Bates,K,BE,False,0.0,0.0,True
8,False,6,Thom-ASS,3128720,Nick Chubb,RB,BE,False,7.9,8.43,False
8,False,6,Thom-ASS,4241479,Tua Tagovailoa,QB,BE,False,24.2,12.09,False
8,False,6,Thom-ASS,4569587,Wan'Dale Robinson,WR,WR,True,6.3,10.44,False
8,False,6,Thom-ASS,14979,Bobby Wagner,LB,DP,True,12.0,10.19,False
8,False,6,Thom-ASS,-16001,Falcons D/ST,D/ST,D/ST,True,0.0,6.66,False
8,False,6,Thom-ASS,2971573,Ka'imi Fairbairn,K,K,True,14.0,7.94,False
8,False,3,Jim Ward's Ole Dick Necks,4429160,De'Von Achane,RB,RB,True,17.6,17.08,False
8,False,3,Jim Ward's Ole Dick Necks,4047646,A.J. Brown,WR,BE,False,0.0,0.0,False
8,False,3,Jim Ward's Ole Dick Necks,4567048,Kenneth Walker III,RB,BE,False,0.0,0.0,True
8,False,3,Jim Ward's Ole Dick Necks,4569618,Garrett Wilson,WR,BE,False,0.0,0.0,False
8,False,3,Jim Ward's Ole Dick Necks,4259545,D'Andre Swift,RB,RB/WR/TE,True,14.1,13.91,False
8,False,3,Jim Ward's Ole Dick Necks,4372016,Jaylen Waddle,WR,WR,True,18.4,10.46,False
8,False,3,Jim Ward's Ole Dick Necks,4431299,Rome Odunze,WR,WR,True,14.9,11.29,False
8,False,3,Jim Ward's Ole Dick Necks,4572680,Tucker Kraft,TE,TE,True,29.8,8.3,False
8,False,3,Jim Ward's Ole Dick Necks,4241985,J.K. Dobbins,RB,RB,True,13.1,12.75,False
8,False,3,Jim Ward's Ole Dick Necks,4036378,Jordan Love,QB,BE,False,28.3,17.15,False
8,False,3,Jim Ward's Ole Dick Necks,4032473,Rashid Shaheed,WR,BE,False,10.0,9.95,False
8,False,3,Jim Ward's Ole Dick Necks,3121023,Dallas Goedert,TE,BE,False,16.3,9.82,False
8,False,3,Jim Ward's Ole Dick Necks,4038941,Justin Herbert,QB,QB,True,25.28,20.06,False
8,False,3,Jim Ward's Ole Dick Necks,4599739,Kendre Miller,RB,IR,False,0.0,0.0,False
8,False,3,Jim Ward's Ole Dick Necks,4043130,Jordyn Brooks,LB,DP,True,12.0,10.33,False
8,False,3,Jim Ward's Ole Dick Necks,-16009,Packers D/ST,D/ST,D/ST,True,7.0,5.39,False
8,False,3,Jim Ward's Ole Dick Necks,3123052,Michael Badgley,K,K,True,9.0,8.89,False
8,False,9,Men of Will,4262921,Justin Jefferson,WR,WR,True,10.9,15.06,False
8,False,9,Men of Will,4432773,Brian Thomas Jr.,WR,BE,False,0.0,0.0,True
8,False,9,Men of Will,3918298,Josh Allen,QB,QB,True,23.22,20.25,False
8,False,9,Men of Will,3040151,George Kittle,TE,TE,True,12.3,8.69,False
8,False,9,Men of Will,4568490,RJ Harvey,RB,RB,True,23.6,6.17,False
8,False,9,Men of Will,3042519,Aaron Jones Sr.,RB,RB/WR/TE,True,4.0,9.06,False
8,False,9,Men of Will,2977187,Cooper Kupp,WR,BE,False,0.0,0.0,True
8,False,9,Men of Will,4426338,Bo Nix,QB,BE,False,23.78,21.19,False
8,False,9,Men of Will,4373678,Khalil Shakir,WR,BE,False,17.8,9.42,False
8,False,9,Men of Will,4686361,Cam Little,K,BE,False,0.0,0.0,True
8,False,9,Men of Will,2612151,Alex Singleton,LB,DP,True,13.0,9.72,False
8,False,9,Men of Will,4430034,Xavier Legette,WR,BE,False,2.7,6.99,False
8,False,9,Men of Will,15818,Keenan Allen,WR,WR,True,6.4,12.84,False
8,False,9,Men of Will,4429059,Woody Marks,RB,RB,True,13.1,9.71,False
8,False,9,Men of Will,4428557,Tyjae Spears,RB,BE,False,15.7,7.92,False
8,False,9,Men of Will,-16017,Patriots D/ST,D/ST,D/ST,True,12.0,5.71,False
8,False,9,Men of Will,3124084,Joey Slye,K,K,True,1.0,6.99,False
8,False,4,Injured Reserve ,4374302,Amon-Ra St. Brown,WR,WR,True,0.0,0.0,True
8,False,4,Injured Reserve ,4047365,Josh Jacobs,RB,RB,True,12.0,17.79,False
8,False,4,Injured Reserve ,4361370,Chris Olave,WR,WR,True,11.0,13.62,False
8,False,4,Injured Reserve ,4430027,Sam LaPorta,TE,TE,True,0.0,0.0,True
8,False,4,Injured Reserve ,4569173,Rhamondre Stevenson,RB,BE,False,5.4,11.59,False
8,False,4,Injured Reserve ,3052587,Baker Mayfield,QB,QB,True,4.08,18.38,False
8,False,4,Injured Reserve ,3126486,Deebo Samuel,WR,RB/WR/TE,True,3.7,11.19,False
8,False,4,Injured Reserve ,4569987,Jaylen Warren,RB,RB,True,8.3,14.5,False
8,False,4,Injured Reserve ,4429096,Blake Corum,RB,BE,False,0.0,0.0,True
8,False,4,Injured Reserve ,4432577,C.J. Stroud,QB,BE,False,21.72,17.32,False
8,False,4,Injured Reserve ,3915189,Roquan Smith,LB,BE,False,12.0,10.03,False
8,False,4,Injured Reserve ,3050478,Jake Elliott,K,K,True,8.0,8.42,False
8,False,4,Injured Reserve ,15835,Zach Ertz,TE,BE,False,4.6,7.08,False
8,False,4,Injured Reserve ,4429022,Kayshon Boutte,WR,BE,False,15.0,6.34,False
8,False,4,Injured Reserve ,4430871,Sean Tucker,RB,BE,False,10.2,5.17,False
8,False,4,Injured Reserve ,-16027,Buccaneers D/ST,D/ST,D/ST,True,25.0,5.58,False
8,False,4,Injured Reserve ,4035232,Tyrel Dodson,LB,DP,True,6.0,9.68,False
8,False,5,Flowers for Allgeiernon,4362628,Ja'Marr Chase,WR,WR,True,15.1,16.04,False
8,False,5,Flowers for Allgeiernon,4430737,Kyren Williams,RB,BE,False,0.0,0.0,True
8,False,5,Flowers for Allgeiernon,4361307,Trey McBride,TE,BE,False,0.0,0.0,True
8,False,5,Flowers for Allgeiernon,4239996,Travis Etienne Jr.,RB,BE,False,0.0,0.0,True
8,False,5,Flowers for Allgeiernon,4241478,DeVonta Smith,WR,WR,True,11.4,13.44,False
8,False,5,Flowers for Allgeiernon,4429615,Zay Flowers,WR,RB/WR/TE,True,10.6,10.26,False
8,False,5,Flowers for Allgeiernon,4373626,Tyler Allgeier,RB,RB,True,8.4,7.62,False
8,False,5,Flowers for Allgeiernon,3050073,Foyesade Oluokun,LB,BE,False,0.0,0.0,True
8,False,5,Flowers for Allgeiernon,12483,Matthew Stafford,QB,BE,False,0.0,0.0,True
8,False,5,Flowers for Allgeiernon,4431280,Troy Franklin,WR,BE,False,23.9,9.15,False
8,False,5,Flowers for Allgeiernon,-16030,Jaguars D/ST,D/ST,BE,False,0.0,0.0,True
8,False,5,Flowers for Allgeiernon,-16012,Chiefs D/ST,D/ST,D/ST,True,11.0,6.25,False
8,False,5,Flowers for Allgeiernon,4608686,Kyle Monangai,RB,RB,True,2.4,7.77,False
8,False,5,Flowers for Allgeiernon,11252,Joe Flacco,QB,QB,True,24.32,15.44,False
8,False,5,Flowers for Allgeiernon,4034949,Eddy Pineiro,K,K,True,1.0,7.8,False
8,False,5,Flowers for Allgeiernon,3054212,Jonnu Smith,TE,TE,True,2.7,6.39,False
8,False,5,Flowers for Allgeiernon,3929950,Tremaine Edmunds,LB,DP,True,3.0,9.73,False
8,False,12,Blake's Holographic Charizard,3929630,Saquon Barkley,RB,RB,True,31.4,15.41,False
8,False,12,Blake's Holographic Charizard,4612826,Ladd McConkey,WR,WR,True,18.8,11.99,False
8,False,12,Blake's Holographic Charizard,4239993,Tee Higgins,WR,WR,True,10.9,10.27,False
8,False,12,Blake's Holographic Charizard,4241416,Chuba Hubbard,RB,BE,False,10.4,10.71,False
8,False,12,Blake's Holographic Charizard,4683062,Xavier Worthy,WR,RB/WR/TE,True,7.8,10.79,False
8,False,12,Blake's Holographic Charizard,4241474,Brian Robinson Jr.,RB,BE,False,0.0,3.22,False
8,False,12,Blake's Holographic Charizard,4431611,Caleb Williams,QB,QB,True,11.8,18.4,False
8,False,12,Blake's Holographic Charizard,3917657,Zack Baun,LB,DP,True,8.0,9.47,False
8,False,12,Blake's Holographic Charizard,4362081,Cameron Dicker,K,K,True,15.0,8.44,False
8,False,12,Blake's Holographic Charizard,4575131,Jacory Croskey-Merritt,RB,BE,False,2.5,10.81,False
8,False,12,Blake's Holographic Charizard,5083076,Harold Fannin Jr.,TE,BE,False,15.4,7.4,False
8,False,12,Blake's Holographic Charizard,-16011,Colts D/ST,D/ST,D/ST,True,7.0,6.51,False
8,False,12,Blake's Holographic Charizard,4428718,Tre Tucker,WR,BE,False,0.0,0.0,True
8,False,12,Blake's Holographic Charizard,4430539,Brenton Strange,TE,IR,False,0.0,0.0,True
8,False,12,Blake's Holographic Charizard,4038815,Rico Dowdle,RB,RB,True,6.4,11.8,False
8,False,12,Blake's Holographic Charizard,3051876,Evan Engram,TE,BE,False,5.6,7.67,False
8,False,12,Blake's Holographic Charizard,4243331,Cade Otton,TE,TE,True,6.0,7.96,False
8,False,12,Blake's Holographic Charizard,3912547,Sam Darnold,QB,BE,False,0.0,0.0,True
9,False,11,ConcreteJungleWet DreamTomato,4890973,Ashton Jeanty,RB,RB,True,17.4,13.8,False
9,False,11,ConcreteJungleWet DreamTomato,4379399,James Cook III,RB,RB,True,13.0,14.69,False
9,False,11,ConcreteJungleWet DreamTomato,3139477,Patrick Mahomes,QB,QB,True,10.5,23.28,False
9,False,11,ConcreteJungleWet DreamTomato,4036133,T.J. Hockenson,TE,BE,False,8.1,7.26,False
9,False,11,ConcreteJungleWet DreamTomato,4241463,Jerry Jeudy,WR,BE,False,0.0,0.0,True
9,False,11,ConcreteJungleWet DreamTomato,4685702,Quinshon Judkins,RB,BE,False,0.0,0.0,True
9,False,11,ConcreteJungleWet DreamTomato,-16034,Texans D/ST,D/ST,D/ST,True,9.0,5.49,False
9,False,11,ConcreteJungleWet DreamTomato,4035687,Michael Pittman Jr.,WR,WR,True,16.0,13.02,False
9,False,11,ConcreteJungleWet DreamTomato,4361741,Brock Purdy,QB,IR,False,0.0,0.0,False
9,False,11,ConcreteJungleWet DreamTomato,3046439,Hunter Henry,TE,TE,True,7.1,7.51,False
9,False,11,ConcreteJungleWet DreamTomato,4040655,Darnell Mooney,WR,BE,False,2.0,7.9,False
9,False,11,ConcreteJungleWet DreamTomato,4692025,Brian Branch,S,BE,False,6.0,7.73,False
9,False,11,ConcreteJungleWet DreamTomato,3055899,Harrison Butker,K,K,True,8.0,8.62,False
9,False,11,ConcreteJungleWet DreamTomato,4362921,Tyquan Thornton,WR,BE,False,0.0,0.53,False
9,False,11,ConcreteJungleWet DreamTomato,4686472,Marvin Mims Jr.,WR,BE,False,0.0,0.0,False
9,False,11,ConcreteJungleWet DreamTomato,3129446,Robert Spillane,LB,DP,True,5.0,9.83,False
9,False,11,ConcreteJungleWet DreamTomato,4243389,Calvin Austin III,WR,WR,True,8.1,8.87,False
9,False,11,ConcreteJungleWet DreamTomato,4431268,Chimere Dike,WR,RB/WR/TE,True,7.0,8.87,False
9,False,13,Christopher's Kryptonite ,4430807,Bijan Robinson,RB,RB,True,13.6,17.43,False
9,False,13,Christopher's Kryptonite ,4362238,Chase Brown,RB,RB/WR/TE,True,16.2,11.62,False
9,False,13,Christopher's Kryptonite ,4430878,Jaxon Smith-Njigba,WR,WR,True,18.0,20.31,False
9,False,13,Christopher's Kryptonite ,3925357,Calvin Ridley,WR,BE,False,0.0,0.0,False
9,False,13,Christopher's Kryptonite ,4035538,David Montgomery,RB,BE,False,10.0,11.76,False
9,False,13,Christopher's Kryptonite ,4701936,Matthew Golden,WR,BE,False,1.9,7.06,False
9,False,13,Christopher's Kryptonite ,4428209,Ricky Pearsall,WR,BE,False,0.0,0.0,False
9,False,13,Christopher's Kryptonite ,3116165,Chris Godwin Jr.,WR,IR,False,0.0,0.0,True
9,False,13,Christopher's Kryptonite ,4242355,Jake Ferguson,TE,TE,True,5.5,8.78,False
9,False,13,Christopher's Kryptonite ,3150744,Chase McLaughlin,K,BE,False,0.0,0.0,True
9,False,13,Christopher's Kryptonite ,-16026,Seahawks D/ST,D/ST,D/ST,True,11.0,6.1,False
9,False,13,Christopher's Kryptonite ,3917792,Daniel Jones,QB,QB,True,15.08,21.72,False
9,False,13,Christopher's Kryptonite ,3046779,Jared Goff,QB,BE,False,19.36,16.7,False
9,False,13,Christopher's Kryptonite ,4427728,Bam Knight,RB,RB,True,5.7,10.87,False
9,False,13,Christopher's Kryptonite ,4429834,Cedric Gray,LB,DP,True,18.0,9.51,False
9,False,13,Christopher's Kryptonite ,17427,Cairo Santos,K,K,True,10.0,8.6,False
9,False,13,Christopher's Kryptonite ,4685472,Tetairoa McMillan,WR,WR,True,6.6,10.35,False
9,False,13,Christopher's Kryptonite ,4429275,Trey Benson,RB,BE,False,0.0,0.0,False
9,False,8,SCLSU Mud Dogs,4429795,Jahmyr Gibbs,RB,RB,True,4.3,17.78,False
9,False,8,SCLSU Mud Dogs,4432665,Brock Bowers,TE,TE,True,37.3,10.04,False
9,False,8,SCLSU Mud Dogs,4426348,Jayden Daniels,QB,QB,True,15.22,19.54,False
9,False,8,SCLSU Mud Dogs,16800,Davante Adams,WR,WR,True,20.5,13.84,False
9,False,8,SCLSU Mud Dogs,3915416,DJ Moore,WR,BE,False,20.98,11.1,False
9,False,8,SCLSU Mud Dogs,3916148,Tony Pollard,RB,BE,False,7.3,8.73,False
9,False,8,SCLSU Mud Dogs,4428331,Rashee Rice,WR,RB/WR/TE,True,16.6,15.08,False
9,False,8,SCLSU Mud Dogs,4360569,Jordan Mason,RB,BE,False,4.2,5.9,False
9,False,8,SCLSU Mud Dogs,4429205,Jordan Addison,WR,WR,True,7.4,10.18,False
9,False,8,SCLSU Mud Dogs,4360423,Michael Penix Jr.,QB,BE,False,22.74,14.15,False
9,False,8,SCLSU Mud Dogs,4360248,Kyle Pitts Sr.,TE,BE,False,5.8,8.4,False
9,False,8,SCLSU Mud Dogs,3117253,Bobby Okereke,LB,DP,True,14.0,9.1,False
9,False,8,SCLSU Mud Dogs,4689114,Jaxson Dart,QB,BE,False,27.24,21.1,False
9,False,8,SCLSU Mud Dogs,3059915,Kareem Hunt,RB,RB,True,12.0,8.88,False
9,False,8,SCLSU Mud Dogs,4595342,Oronde Gadsden,TE,BE,False,9.3,9.18,False
9,False,8,SCLSU Mud Dogs,-16002,Bills D/ST,D/ST,D/ST,True,5.0,3.36,False
9,False,8,SCLSU Mud Dogs,4697745,Tyler Loop,K,K,True,4.0,8.54,False
9,False,1,Nico Suave,4258173,Nico Collins,WR,RB/WR/TE,True,11.0,13.65,False
9,False,1,Nico Suave,3043078,Derrick Henry,RB,RB,True,12.6,15.29,False
9,False,1,Nico Suave,4685382,Omarion Hampton,RB,IR,False,0.0,0.0,False
9,False,1,Nico Suave,4426354,George Pickens,WR,WR,True,10.9,11.97,False
9,False,1,Nico Suave,3916433,Jakobi Meyers,WR,WR,True,4.3,9.22,False
9,False,1,Nico Suave,3116365,Mark Andrews,TE,TE,True,15.6,8.05,False
9,False,1,Nico Suave,2577417,Dak Prescott,QB,QB,True,15.4,18.81,False
9,False,1,Nico Suave,4038441,Justice Hill,RB,BE,False,2.5,5.74,False
9,False,1,Nico Suave,3929645,Juwan Johnson,TE,BE,False,10.6,6.4,False
9,False,1,Nico Suave,4371733,Kenneth Gainwell,RB,BE,False,5.4,8.35,False
9,False,1,Nico Suave,4361331,Jamien Sherwood,LB,BE,False,0.0,0.0,True
9,False,1,Nico Suave,-16005,Browns D/ST,D/ST,BE,False,0.0,0.0,True
9,False,1,Nico Suave,4360310,Trevor Lawrence,QB,BE,False,21.2,16.91,False
9,False,1,Nico Suave,4688813,Josh Downs,WR,BE,False,12.7,8.84,False
9,False,1,Nico Suave,-16008,Lions D/ST,D/ST,D/ST,True,9.0,8.04,False
9,False,1,Nico Suave,4362759,Nick Bolton,LB,DP,True,14.0,9.29,False
9,False,1,Nico Suave,4034949,Eddy Pineiro,K,K,True,12.0,8.48,False
9,False,1,Nico Suave,4430968,Kimani Vidal,RB,RB,True,3.0,14.59,False
9,False,14,Deston's Ride or Dies ,4426515,Puka Nacua,WR,WR,True,19.3,17.99,False
9,False,14,Deston's Ride or Dies ,4596448,Bucky Irving,RB,IR,False,0.0,0.0,True
9,False,14,Deston's Ride or Dies ,4432708,Marvin Harrison Jr.,WR,WR,True,19.1,11.12,False
9,False,14,Deston's Ride or Dies ,4427366,Breece Hall,RB,BE,False,0.0,0.0,True
9,False,14,Deston's Ride or Dies ,4432710,TreVeyon Henderson,RB,RB,True,10.7,10.65,False
9,False,14,Deston's Ride or Dies ,4685415,Travis Hunter,WR,BE,False,0.0,0.0,False
9,False,14,Deston's Ride or Dies ,4567750,Emeka Egbuka,WR,BE,False,0.0,0.0,True
9,False,14,Deston's Ride or Dies ,4431459,Tyler Warren,TE,TE,True,5.1,11.13,False
9,False,14,Deston's Ride or Dies ,4426385,Zach Charbonnet,RB,RB,True,5.1,10.39,False
9,False,14,Deston's Ride or Dies ,4385690,Dalton Kincaid,TE,BE,False,19.1,7.08,False
9,False,14,Deston's Ride or Dies ,4429025,Quentin Johnston,WR,RB/WR/TE,True,13.3,10.49,False
9,False,14,Deston's Ride or Dies ,3886598,Jauan Jennings,WR,BE,False,12.1,9.91,False
9,False,14,Deston's Ride or Dies ,4569603,Malik Washington,WR,BE,False,6.6,9.04,False
9,False,14,Deston's Ride or Dies ,17372,Chris Boswell,K,K,True,10.0,8.62,False
9,False,14,Deston's Ride or Dies ,-16024,Chargers D/ST,D/ST,D/ST,True,7.0,6.98,False
9,False,14,Deston's Ride or Dies ,8439,Aaron Rodgers,QB,QB,True,12.12,17.47,False
9,False,14,Deston's Ride or Dies ,3728281,Blake Cashman,LB,DP,True,16.0,9.46,False
9,False,14,Deston's Ride or Dies ,4362887,Justin Fields,QB,BE,False,0.0,0.0,True
9,False,6,Thom-ASS,3117251,Christian McCaffrey,RB,RB,True,31.8,23.03,False
9,False,6,Thom-ASS,4242335,Jonathan Taylor,RB,RB,True,6.7,21.78,False
9,False,6,Thom-ASS,4040715,Jalen Hurts,QB,BE,False,0.0,0.0,True
9,False,6,Thom-ASS,3121422,Terry McLaurin,WR,BE,False,0.0,0.0,False
9,False,6,Thom-ASS,3128429,Courtland Sutton,WR,WR,True,9.5,10.67,False
9,False,6,Thom-ASS,15847,Travis Kelce,TE,TE,True,10.6,9.68,False
9,False,6,Thom-ASS,4360516,Tyrone Tracy Jr.,RB,RB/WR/TE,True,5.2,13.09,False
9,False,6,Thom-ASS,2976212,Stefon Diggs,WR,WR,True,11.3,10.62,False
9,False,6,Thom-ASS,4635008,Keon Coleman,WR,BE,False,2.7,8.08,False
9,False,6,Thom-ASS,4362249,Jayden Reed,WR,IR,False,0.0,0.0,False
9,False,6,Thom-ASS,4697815,Rachaad White,RB,BE,False,0.0,0.0,True
9,False,6,Thom-ASS,4689936,Jake Bates,K,K,True,7.0,8.78,False
9,False,6,Thom-ASS,3128720,Nick Chubb,RB,BE,False,3.4,7.75,False
9,False,6,Thom-ASS,4241479,Tua Tagovailoa,QB,QB,True,8.54,16.33,False
9,False,6,Thom-ASS,4569587,Wan'Dale Robinson,WR,BE,False,9.1,10.51,False
9,False,6,Thom-ASS,14979,Bobby Wagner,LB,DP,True,7.0,10.23,False
9,False,6,Thom-ASS,2971573,Ka'imi Fairbairn,K,BE,False,17.0,7.92,False
9,False,6,Thom-ASS,-16014,Rams D/ST,D/ST,D/ST,True,10.0,8.18,False
9,False,3,Jim Ward's Ole Dick Necks,4429160,De'Von Achane,RB,RB,True,13.6,19.36,False
9,False,3,Jim Ward's Ole Dick Necks,4047646,A.J. Brown,WR,BE,False,0.0,0.0,True
9,False,3,Jim Ward's Ole Dick Necks,4567048,Kenneth Walker III,RB,RB,True,7.1,11.38,False
9,False,3,Jim Ward's Ole Dick Necks,4569618,Garrett Wilson,WR,BE,False,0.0,0.0,True
9,False,3,Jim Ward's Ole Dick Necks,4259545,D'Andre Swift,RB,BE,False,0.0,0.0,False
9,False,3,Jim Ward's Ole Dick Necks,4372016,Jaylen Waddle,WR,WR,True,11.2,12.39,False
9,False,3,Jim Ward's Ole Dick Necks,4431299,Rome Odunze,WR,WR,True,0.0,12.76,False
9,False,3,Jim Ward's Ole Dick Necks,4572680,Tucker Kraft,TE,TE,True,3.0,9.17,False
9,False,3,Jim Ward's Ole Dick Necks,4241985,J.K. Dobbins,RB,RB/WR/TE,True,6.4,10.76,False
9,False,3,Jim Ward's Ole Dick Necks,4036378,Jordan Love,QB,BE,False,9.02,18.09,False
9,False,3,Jim Ward's Ole Dick Necks,4032473,Rashid Shaheed,WR,BE,False,10.3,8.63,False
9,False,3,Jim Ward's Ole Dick Necks,3121023,Dallas Goedert,TE,BE,False,0.0,0.0,True
9,False,3,Jim Ward's Ole Dick Necks,4038941,Justin Herbert,QB,QB,True,27.7,21.63,False
9,False,3,Jim Ward's Ole Dick Necks,4599739,Kendre Miller,RB,IR,False,0.0,0.0,False
9,False,3,Jim Ward's Ole Dick Necks,4043130,Jordyn Brooks,LB,DP,True,8.0,11.0,False
9,False,3,Jim Ward's Ole Dick Necks,-16009,Packers D/ST,D/ST,D/ST,True,6.0,6.26,False
9,False,3,Jim Ward's Ole Dick Necks,3123052,Michael Badgley,K,K,True,12.0,8.84,False
9,False,3,Jim Ward's Ole Dick Necks,4427600,Terrell Jennings,RB,BE,False,12.9,7.77,False
9,False,9,Men of Will,4262921,Justin Jefferson,WR,WR,True,13.7,14.29,False
9,False,9,Men of Will,4432773,Brian Thomas Jr.,WR,RB/WR/TE,True,7.0,11.46,False
9,False,9,Men of Will,3918298,Josh Allen,QB,QB,True,28.82,21.46,False
9,False,9,Men of Will,3040151,George Kittle,TE,TE,True,4.9,10.7,False
9,False,9,Men of Will,4568490,RJ Harvey,RB,BE,False,14.1,6.02,False
9,False,9,Men of Will,3042519,Aaron Jones Sr.,RB,RB,True,10.8,9.1,False
9,False,9,Men of Will,2977187,Cooper Kupp,WR,BE,False,0.0,0.0,False
9,False,9,Men of Will,4426338,Bo Nix,QB,BE,False,18.52,16.63,False
9,False,9,Men of Will,4373678,Khalil Shakir,WR,BE,False,7.8,10.12,False
9,False,9,Men of Will,4686361,Cam Little,K,K,True,16.0,7.82,False
9,False,9,Men of Will,2612151,Alex Singleton,LB,DP,True,10.0,9.76,False
9,False,9,Men of Will,4430034,Xavier Legette,WR,BE,False,2.7,5.0,False
9,False,9,Men of Will,15818,Keenan Allen,WR,WR,True,5.1,11.34,False
9,False,9,Men of Will,4429059,Woody Marks,RB,RB,True,2.7,8.61,False
9,False,9,Men of Will,4428557,Tyjae Spears,RB,BE,False,7.7,8.35,False
9,False,9,Men of Will,-16017,Patriots D/ST,D/ST,D/ST,True,3.0,4.69,False
9,False,9,Men of Will,3124084,Joey Slye,K,BE,False,9.0,7.19,False
9,False,4,Injured Reserve ,4374302,Amon-Ra St. Brown,WR,WR,True,14.2,15.7,False
9,False,4,Injured Reserve ,4047365,Josh Jacobs,RB,RB,True,18.0,17.47,False
9,False,4,Injured Reserve ,4361370,Chris Olave,WR,WR,True,7.2,11.42,False
9,False,4,Injured Reserve ,4430027,Sam LaPorta,TE,TE,True,18.7,9.53,False
9,False,4,Injured Reserve ,4569173,Rhamondre Stevenson,RB,BE,False,0.0,0.0,False
9,False,4,Injured Reserve ,3052587,Baker Mayfield,QB,BE,False,0.0,0.0,True
9,False,4,Injured Reserve ,3126486,Deebo Samuel,WR,RB/WR/TE,True,6.9,11.98,False
9,False,4,Injured Reserve ,4569987,Jaylen Warren,RB,RB,True,15.9,14.07,False
9,False,4,Injured Reserve ,4429096,Blake Corum,RB,BE,False,5.8,4.87,False
9,False,4,Injured Reserve ,4432577,C.J. Stroud,QB,QB,True,4.36,16.95,False
9,False,4,Injured Reserve ,3915189,Roquan Smith,LB,BE,False,12.0,9.96,False
9,False,4,Injured Reserve ,15835,Zach Ertz,TE,BE,False,6.6,7.94,False
9,False,4,Injured Reserve ,4429022,Kayshon Boutte,WR,BE,False,0.0,8.24,False
9,False,4,Injured Reserve ,4430871,Sean Tucker,RB,BE,False,0.0,0.0,True
9,False,4,Injured Reserve ,4035232,Tyrel Dodson,LB,DP,True,9.0,9.9,False
9,False,4,Injured Reserve ,-16013,Raiders D/ST,D/ST,D/ST,True,1.0,5.7,False
9,False,4,Injured Reserve ,16339,Brandon McManus,K,K,True,7.0,8.53,False
9,False,5,Flowers for Allgeiernon,4362628,Ja'Marr Chase,WR,WR,True,14.1,18.83,False
9,False,5,Flowers for Allgeiernon,4430737,Kyren Williams,RB,RB,True,17.4,14.59,False
9,False,5,Flowers for Allgeiernon,4361307,Trey McBride,TE,TE,True,14.0,15.01,False
9,False,5,Flowers for Allgeiernon,4239996,Travis Etienne Jr.,RB,RB,True,14.0,12.22,False
9,False,5,Flowers for Allgeiernon,4241478,DeVonta Smith,WR,BE,False,0.0,0.0,True
9,False,5,Flowers for Allgeiernon,4429615,Zay Flowers,WR,RB/WR/TE,True,8.9,13.25,False
9,False,5,Flowers for Allgeiernon,4373626,Tyler Allgeier,RB,BE,False,0.6,4.94,False
9,False,5,Flowers for Allgeiernon,3050073,Foyesade Oluokun,LB,DP,True,11.0,9.75,False
9,False,5,Flowers for Allgeiernon,12483,Matthew Stafford,QB,QB,True,26.84,18.21,False
9,False,5,Flowers for Allgeiernon,4431280,Troy Franklin,WR,WR,True,6.3,8.82,False
9,False,5,Flowers for Allgeiernon,-16030,Jaguars D/ST,D/ST,D/ST,True,3.0,7.43,False
9,False,5,Flowers for Allgeiernon,-16012,Chiefs D/ST,D/ST,BE,False,-1.0,4.68,False
9,False,5,Flowers for Allgeiernon,4608686,Kyle Monangai,RB,BE,False,21.3,14.42,False
9,False,5,Flowers for Allgeiernon,11252,Joe Flacco,QB,BE,False,30.7,17.29,False
9,False,5,Flowers for Allgeiernon,4248528,Christian Watson,WR,BE,False,6.8,7.63,False
9,False,5,Flowers for Allgeiernon,2473037,Jason Myers,K,K,True,9.0,8.47,False
9,False,5,Flowers for Allgeiernon,3917315,Kyler Murray,QB,BE,False,0.0,0.0,False
9,False,12,Blake's Holographic Charizard,3929630,Saquon Barkley,RB,BE,False,0.0,0.0,True
9,False,12,Blake's Holographic Charizard,4612826,Ladd McConkey,WR,WR,True,7.6,13.21,False
9,False,12,Blake's Holographic Charizard,4239993,Tee Higgins,WR,WR,True,29.6,10.66,False
9,False,12,Blake's Holographic Charizard,4241416,Chuba Hubbard,RB,BE,False,1.7,6.94,False
9,False,12,Blake's Holographic Charizard,4683062,Xavier Worthy,WR,RB/WR/TE,True,5.5,10.14,False
9,False,12,Blake's Holographic Charizard,4241474,Brian Robinson Jr.,RB,BE,False,11.3,4.5,False
9,False,12,Blake's Holographic Charizard,4431611,Caleb Williams,QB,QB,True,37.7,20.11,False
9,False,12,Blake's Holographic Charizard,3917657,Zack Baun,LB,BE,False,0.0,0.0,True
9,False,12,Blake's Holographic Charizard,4362081,Cameron Dicker,K,K,True,12.0,9.09,False
9,False,12,Blake's Holographic Charizard,4575131,Jacory Croskey-Merritt,RB,RB,True,4.6,9.66,False
9,False,12,Blake's Holographic Charizard,5083076,Harold Fannin Jr.,TE,BE,False,0.0,0.0,True
9,False,12,Blake's Holographic Charizard,-16011,Colts D/ST,D/ST,D/ST,True,7.0,5.3,False
9,False,12,Blake's Holographic Charizard,4428718,Tre Tucker,WR,BE,False,5.3,7.77,False
9,False,12,Blake's Holographic Charizard,4430539,Brenton Strange,TE,IR,False,0.0,0.0,False
9,False,12,Blake's Holographic Charizard,4038815,Rico Dowdle,RB,RB,True,27.1,10.61,False
9,False,12,Blake's Holographic Charizard,3051876,Evan Engram,TE,TE,True,0.0,5.94,False
9,False,12,Blake's Holographic Charizard,3912547,Sam Darnold,QB,BE,False,27.2,18.25,False
9,False,12,Blake's Holographic Charizard,4569465,Jack Campbell,LB,DP,True,11.0,9.93,False
9,False,10,Silence of the Lamb,4241389,CeeDee Lamb,WR,WR,True,12.0,15.54,False
9,False,10,Silence of the Lamb,4426502,Drake London,WR,RB/WR/TE,True,34.3,14.48,False
9,False,10,Silence of the Lamb,3916387,Lamar Jackson,QB,QB,True,25.56,23.44,False
9,False,10,Silence of the Lamb,3054850,Alvin Kamara,RB,BE,False,0.2,9.67,False
9,False,10,Silence of the Lamb,4047650,DK Metcalf,WR,WR,True,1.6,13.56,False
9,False,10,Silence of the Lamb,4361529,Isiah Pacheco,RB,BE,False,0.0,0.0,False
9,False,10,Silence of the Lamb,4426388,Jameson Williams,WR,BE,False,15.6,9.46,False
9,False,10,Silence of the Lamb,4361579,Javonte Williams,RB,RB,True,6.8,14.79,False
9,False,10,Silence of the Lamb,3953687,Brandon Aubrey,K,K,True,4.0,9.15,False
9,False,10,Silence of the Lamb,-16007,Broncos D/ST,D/ST,D/ST,True,7.0,6.29,False
9,False,10,Silence of the Lamb,4431452,Drake Maye,QB,BE,False,16.36,20.62,False
9,False,10,Silence of the Lamb,4241372,Hollywood Brown,WR,BE,False,8.3,4.29,False
9,False,10,Silence of the Lamb,4361432,Romeo Doubs,WR,BE,False,12.6,9.73,False
9,False,10,Silence of the Lamb,4429148,Theo Johnson,TE,TE,True,10.2,8.14,False
9,False,10,Silence of the Lamb,4608810,Tez Johnson,WR,BE,False,0.0,0.0,True
9,False,10,Silence of the Lamb,14958,Demario Davis,LB,DP,True,13.0,9.71,False
9,False,10,Silence of the Lamb,3116389,Samaje Perine,RB,RB,True,0.5,7.89,False
10,False,1,Nico Suave,4258173,Nico Collins,WR,WR,True,19.1,12.97,False
10,False,1,Nico Suave,4685382,Omarion Hampton,RB,IR,False,0.0,0.0,False
10,False,1,Nico Suave,4426354,George Pickens,WR,BE,False,0.0,0.0,True
10,False,1,Nico Suave,3916433,Jakobi Meyers,WR,BE,False,5.6,6.6,False
10,False,1,Nico Suave,3116365,Mark Andrews,TE,TE,True,8.9,8.01,False
10,False,1,Nico Suave,2577417,Dak Prescott,QB,BE,False,0.0,0.0,True
10,False,1,Nico Suave,4038441,Justice Hill,RB,BE,False,7.8,4.93,False
10,False,1,Nico Suave,3929645,Juwan Johnson,TE,BE,False,17.2,7.01,False
10,False,1,Nico Suave,4371733,Kenneth Gainwell,RB,BE,False,2.4,7.38,False
10,False,1,Nico Suave,4361331,Jamien Sherwood,LB,DP,True,6.0,9.68,False
10,False,1,Nico Suave,-16005,Browns D/ST,D/ST,BE,False,8.0,6.5,False
10,False,1,Nico Suave,4688813,Josh Downs,WR,RB/WR/TE,True,0.8,8.92,False
10,False,1,Nico Suave,-16008,Lions D/ST,D/ST,D/ST,True,4.0,7.06,False
10,False,1,Nico Suave,4034949,Eddy Pineiro,K,K,True,2.0,8.1,False
10,False,1,Nico Suave,4430968,Kimani Vidal,RB,RB,True,17.3,10.62,False
10,False,1,Nico Suave,4433970,J.J. McCarthy,QB,QB,True,14.72,17.65,False
10,False,1,Nico Suave,4431299,Rome Odunze,WR,WR,True,17.6,11.35,False
10,False,1,Nico Suave,4567048,Kenneth Walker III,RB,RB,True,7.5,11.79,False
10,False,11,ConcreteJungleWet DreamTomato,4890973,Ashton Jeanty,RB,RB,True,13.8,12.16,False
10,False,11,ConcreteJungleWet DreamTomato,4379399,James Cook III,RB,RB/WR/TE,True,8.2,20.33,False
10,False,11,ConcreteJungleWet DreamTomato,3139477,Patrick Mahomes,QB,BE,False,0.0,0.0,True
10,False,11,ConcreteJungleWet DreamTomato,4036133,T.J. Hockenson,TE,BE,False,1.8,7.44,False
10,False,11,ConcreteJungleWet DreamTomato,4241463,Jerry Jeudy,WR,BE,False,16.8,7.94,False
10,False,11,ConcreteJungleWet DreamTomato,4685702,Quinshon Judkins,RB,RB,True,9.5,14.5,False
10,False,11,ConcreteJungleWet DreamTomato,-16034,Texans D/ST,D/ST,D/ST,True,16.0,6.77,False
10,False,11,ConcreteJungleWet DreamTomato,4035687,Michael Pittman Jr.,WR,WR,True,2.9,11.91,False
10,False,11,ConcreteJungleWet DreamTomato,3046439,Hunter Henry,TE,TE,True,1.4,8.74,False
10,False,11,ConcreteJungleWet DreamTomato,4040655,Darnell Mooney,WR,BE,False,2.2,7.15,False
10,False,11,ConcreteJungleWet DreamTomato,3055899,Harrison Butker,K,BE,False,0.0,0.0,True
10,False,11,ConcreteJungleWet DreamTomato,4362921,Tyquan Thornton,WR,BE,False,0.0,0.0,True
10,False,11,ConcreteJungleWet DreamTomato,4686472,Marvin Mims Jr.,WR,IR,False,0.0,0.0,False
10,False,11,ConcreteJungleWet DreamTomato,3129446,Robert Spillane,LB,DP,True,9.0,9.57,False
10,False,11,ConcreteJungleWet DreamTomato,4243389,Calvin Austin III,WR,WR,True,2.4,7.98,False
10,False,11,ConcreteJungleWet DreamTomato,4431268,Chimere Dike,WR,BE,False,0.0,0.0,True
10,False,11,ConcreteJungleWet DreamTomato,2985659,Wil Lutz,K,K,True,3.0,8.42,False
10,False,11,ConcreteJungleWet DreamTomato,2576980,Marcus Mariota,QB,QB,True,18.72,16.3,False
10,False,6,Thom-ASS,3117251,Christian McCaffrey,RB,RB/WR/TE,True,13.6,21.19,False
10,False,6,Thom-ASS,4242335,Jonathan Taylor,RB,RB,True,49.1,19.96,False
10,False,6,Thom-ASS,4040715,Jalen Hurts,QB,QB,True,12.02,21.45,False
10,False,6,Thom-ASS,3128429,Courtland Sutton,WR,BE,False,3.9,11.05,False
10,False,6,Thom-ASS,15847,Travis Kelce,TE,BE,False,0.0,0.0,True
10,False,6,Thom-ASS,4360516,Tyrone Tracy Jr.,RB,BE,False,7.6,11.05,False
10,False,6,Thom-ASS,2976212,Stefon Diggs,WR,WR,True,13.1,11.26,False
10,False,6,Thom-ASS,4635008,Keon Coleman,WR,BE,False,12.1,7.41,False
10,False,6,Thom-ASS,4362249,Jayden Reed,WR,IR,False,0.0,0.0,False
10,False,6,Thom-ASS,4697815,Rachaad White,RB,RB,True,7.9,14.28,False
10,False,6,Thom-ASS,4689936,Jake Bates,K,K,True,14.0,8.81,False
10,False,6,Thom-ASS,3128720,Nick Chubb,RB,BE,False,5.7,8.29,False
10,False,6,Thom-ASS,4241479,Tua Tagovailoa,QB,BE,False,10.82,13.77,False
10,False,6,Thom-ASS,4569587,Wan'Dale Robinson,WR,WR,True,9.2,11.23,False
10,False,6,Thom-ASS,14979,Bobby Wagner,LB,DP,True,9.0,10.38,False
10,False,6,Thom-ASS,2971573,Ka'imi Fairbairn,K,BE,False,0.0,0.0,False
10,False,6,Thom-ASS,-16014,Rams D/ST,D/ST,D/ST,True,5.0,6.39,False
10,False,6,Thom-ASS,4243331,Cade Otton,TE,TE,True,12.7,7.52,False
10,False,8,SCLSU Mud Dogs,4429795,Jahmyr Gibbs,RB,RB,True,36.7,16.81,False
10,False,8,SCLSU Mud Dogs,4432665,Brock Bowers,TE,TE,True,3.2,12.32,False
10,False,8,SCLSU Mud Dogs,4426348,Jayden Daniels,QB,BE,False,0.0,0.0,False
10,False,8,SCLSU Mud Dogs,16800,Davante Adams,WR,WR,True,16.7,14.06,False
10,False,8,SCLSU Mud Dogs,3915416,DJ Moore,WR,WR,True,0.0,9.75,False
10,False,8,SCLSU Mud Dogs,3916148,Tony Pollard,RB,BE,False,0.0,0.0,True
10,False,8,SCLSU Mud Dogs,4428331,Rashee Rice,WR,BE,False,0.0,0.0,True
10,False,8,SCLSU Mud Dogs,4360569,Jordan Mason,RB,RB,True,3.6,7.62,False
10,False,8,SCLSU Mud Dogs,4429205,Jordan Addison,WR,BE,False,5.0,10.54,False
10,False,8,SCLSU Mud Dogs,4360248,Kyle Pitts Sr.,TE,BE,False,4.8,9.23,False
10,False,8,SCLSU Mud Dogs,3117253,Bobby Okereke,LB,DP,True,6.0,9.18,False
10,False,8,SCLSU Mud Dogs,4689114,Jaxson Dart,QB,QB,True,26.28,22.07,False
10,False,8,SCLSU Mud Dogs,3059915,Kareem Hunt,RB,BE,False,0.0,0.0,True
10,False,8,SCLSU Mud Dogs,4595342,Oronde Gadsden,TE,RB/WR/TE,True,2.8,9.22,False
10,False,8,SCLSU Mud Dogs,-16002,Bills D/ST,D/ST,D/ST,True,2.0,6.31,False
10,False,8,SCLSU Mud Dogs,4697745,Tyler Loop,K,K,True,13.0,8.61,False
10,False,8,SCLSU Mud Dogs,3121422,Terry McLaurin,WR,BE,False,0.0,0.0,False
10,False,9,Men of Will,4262921,Justin Jefferson,WR,WR,True,6.7,16.37,False
10,False,9,Men of Will,4432773,Brian Thomas Jr.,WR,BE,False,0.0,0.0,False
10,False,9,Men of Will,3918298,Josh Allen,QB,QB,True,19.34,22.52,False
10,False,9,Men of Will,3040151,George Kittle,TE,TE,True,19.9,9.31,False
10,False,9,Men of Will,4568490,RJ Harvey,RB,RB,True,2.8,7.02,False
10,False,9,Men of Will,3042519,Aaron Jones Sr.,RB,RB,True,15.4,9.95,False
10,False,9,Men of Will,2977187,Cooper Kupp,WR,BE,False,8.4,7.09,False
10,False,9,Men of Will,4426338,Bo Nix,QB,BE,False,5.8,19.12,False
10,False,9,Men of Will,4373678,Khalil Shakir,WR,BE,False,9.3,10.19,False
10,False,9,Men of Will,4686361,Cam Little,K,K,True,13.0,7.54,False
10,False,9,Men of Will,2612151,Alex Singleton,LB,DP,True,9.0,9.56,False
10,False,9,Men of Will,4430034,Xavier Legette,WR,BE,False,0.0,4.49,False
10,False,9,Men of Will,15818,Keenan Allen,WR,WR,True,2.9,10.12,False
10,False,9,Men of Will,4429059,Woody Marks,RB,RB/WR/TE,True,15.1,9.03,False
10,False,9,Men of Will,4428557,Tyjae Spears,RB,BE,False,0.0,0.0,True
10,False,9,Men of Will,-16017,Patriots D/ST,D/ST,D/ST,True,1.0,4.54,False
10,False,9,Men of Will,3124084,Joey Slye,K,BE,False,0.0,0.0,True
10,False,14,Deston's Ride or Dies ,4426515,Puka Nacua,WR,WR,True,14.9,18.67,False
10,False,14,Deston's Ride or Dies ,4596448,Bucky Irving,RB,BE,False,0.0,0.0,False
10,False,14,Deston's Ride or Dies ,4432708,Marvin Harrison Jr.,WR,WR,True,12.8,10.89,False
10,False,14,Deston's Ride or Dies ,4427366,Breece Hall,RB,RB,True,19.0,13.46,False
10,False,14,Deston's Ride or Dies ,4432710,TreVeyon Henderson,RB,RB,True,27.5,11.72,False
10,False,14,Deston's Ride or Dies ,4685415,Travis Hunter,WR,IR,False,0.0,0.0,False
10,False,14,Deston's Ride or Dies ,4567750,Emeka Egbuka,WR,RB/WR/TE,True,20.5,13.05,False
10,False,14,Deston's Ride or Dies ,4431459,Tyler Warren,TE,TE,True,13.9,10.13,False
10,False,14,Deston's Ride or Dies ,4426385,Zach Charbonnet,RB,BE,False,14.3,9.3,False
10,False,14,Deston's Ride or Dies ,4385690,Dalton Kincaid,TE,BE,False,4.7,7.82,False
10,False,14,Deston's Ride or Dies ,4429025,Quentin Johnston,WR,BE,False,6.7,9.88,False
10,False,14,Deston's Ride or Dies ,3886598,Jauan Jennings,WR,BE,False,14.1,9.66,False
10,False,14,Deston's Ride or Dies ,4569603,Malik Washington,WR,BE,False,9.3,7.57,False
10,False,14,Deston's Ride or Dies ,17372,Chris Boswell,K,K,True,5.0,8.25,False
10,False,14,Deston's Ride or Dies ,-16024,Chargers D/ST,D/ST,D/ST,True,16.0,5.6,False
10,False,14,Deston's Ride or Dies ,8439,Aaron Rodgers,QB,QB,True,6.44,15.03,False
10,False,14,Deston's Ride or Dies ,3728281,Blake Cashman,LB,DP,True,11.0,10.11,False
10,False,14,Deston's Ride or Dies ,4362887,Justin Fields,QB,BE,False,6.96,16.72,False
10,False,5,Flowers for Allgeiernon,4362628,Ja'Marr Chase,WR,BE,False,0.0,0.0,True
10,False,5,Flowers for Allgeiernon,4430737,Kyren Williams,RB,RB,True,21.4,14.38,False
10,False,5,Flowers for Allgeiernon,4361307,Trey McBride,TE,TE,True,23.2,13.48,False
10,False,5,Flowers for Allgeiernon,4239996,Travis Etienne Jr.,RB,RB,True,14.7,11.32,False
10,False,5,Flowers for Allgeiernon,4241478,DeVonta Smith,WR,WR,True,14.9,11.85,False
10,False,5,Flowers for Allgeiernon,4429615,Zay Flowers,WR,WR,True,10.1,12.94,False
10,False,5,Flowers for Allgeiernon,4373626,Tyler Allgeier,RB,BE,False,18.7,4.64,False
10,False,5,Flowers for Allgeiernon,3050073,Foyesade Oluokun,LB,DP,True,9.0,9.91,False
10,False,5,Flowers for Allgeiernon,12483,Matthew Stafford,QB,QB,True,26.9,19.54,False
10,False,5,Flowers for Allgeiernon,4431280,Troy Franklin,WR,RB/WR/TE,True,13.5,10.45,False
10,False,5,Flowers for Allgeiernon,-16030,Jaguars D/ST,D/ST,BE,False,8.0,6.03,False
10,False,5,Flowers for Allgeiernon,4608686,Kyle Monangai,RB,BE,False,8.8,10.62,False
10,False,5,Flowers for Allgeiernon,11252,Joe Flacco,QB,BE,False,0.0,0.0,True
10,False,5,Flowers for Allgeiernon,4248528,Christian Watson,WR,BE,False,5.5,8.23,False
10,False,5,Flowers for Allgeiernon,2473037,Jason Myers,K,K,True,15.0,8.49,False
10,False,5,Flowers for Allgeiernon,-16029,Panthers D/ST,D/ST,D/ST,True,4.0,6.29,False
10,False,5,Flowers for Allgeiernon,4695404,Isaiah Davis,RB,BE,False,2.6,6.85,False
10,False,3,Jim Ward's Ole Dick Necks,4429160,De'Von Achane,RB,RB,True,37.5,18.74,False
10,False,3,Jim Ward's Ole Dick Necks,4047646,A.J. Brown,WR,WR,True,2.3,14.21,False
10,False,3,Jim Ward's Ole Dick Necks,4569618,Garrett Wilson,WR,BE,False,1.0,11.1,False
10,False,3,Jim Ward's Ole Dick Necks,4259545,D'Andre Swift,RB,RB/WR/TE,True,12.3,12.58,False
10,False,3,Jim Ward's Ole Dick Necks,4372016,Jaylen Waddle,WR,WR,True,17.9,11.43,False
10,False,3,Jim Ward's Ole Dick Necks,4241985,J.K. Dobbins,RB,RB,True,8.9,12.6,False
10,False,3,Jim Ward's Ole Dick Necks,4036378,Jordan Love,QB,BE,False,7.84,16.99,False
10,False,3,Jim Ward's Ole Dick Necks,4032473,Rashid Shaheed,WR,BE,False,2.8,8.75,False
10,False,3,Jim Ward's Ole Dick Necks,3121023,Dallas Goedert,TE,TE,True,6.3,8.44,False
10,False,3,Jim Ward's Ole Dick Necks,4038941,Justin Herbert,QB,QB,True,14.7,20.13,False
10,False,3,Jim Ward's Ole Dick Necks,4599739,Kendre Miller,RB,IR,False,0.0,0.0,False
10,False,3,Jim Ward's Ole Dick Necks,4043130,Jordyn Brooks,LB,DP,True,14.0,10.9,False
10,False,3,Jim Ward's Ole Dick Necks,-16009,Packers D/ST,D/ST,D/ST,True,7.0,4.99,False
10,False,3,Jim Ward's Ole Dick Necks,3123052,Michael Badgley,K,K,True,7.0,8.67,False
10,False,3,Jim Ward's Ole Dick Necks,4427600,Terrell Jennings,RB,BE,False,0.5,7.77,False
10,False,3,Jim Ward's Ole Dick Necks,3117256,Dalton Schultz,TE,BE,False,14.8,7.39,False
10,False,3,Jim Ward's Ole Dick Necks,3043078,Derrick Henry,RB,BE,False,9.9,15.13,False
10,False,10,Silence of the Lamb,4241389,CeeDee Lamb,WR,BE,False,0.0,0.0,True
10,False,10,Silence of the Lamb,4426502,Drake London,WR,WR,True,21.4,16.2,False
10,False,10,Silence of the Lamb,3916387,Lamar Jackson,QB,QB,True,16.64,23.59,False
10,False,10,Silence of the Lamb,3054850,Alvin Kamara,RB,RB,True,13.0,10.48,False
10,False,10,Silence of the Lamb,4047650,DK Metcalf,WR,WR,True,5.0,11.19,False
10,False,10,Silence of the Lamb,4361529,Isiah Pacheco,RB,BE,False,0.0,0.0,True
10,False,10,Silence of the Lamb,4426388,Jameson Williams,WR,BE,False,20.9,10.39,False
10,False,10,Silence of the Lamb,4361579,Javonte Williams,RB,BE,False,0.0,0.0,True
10,False,10,Silence of the Lamb,3953687,Brandon Aubrey,K,BE,False,0.0,0.0,True
10,False,10,Silence of the Lamb,-16007,Broncos D/ST,D/ST,D/ST,True,16.0,8.24,False
10,False,10,Silence of the Lamb,4431452,Drake Maye,QB,BE,False,18.1,20.77,False
10,False,10,Silence of the Lamb,4241372,Hollywood Brown,WR,BE,False,0.0,0.0,True
10,False,10,Silence of the Lamb,4361432,Romeo Doubs,WR,RB/WR/TE,True,1.0,10.64,False
10,False,10,Silence of the Lamb,4429148,Theo Johnson,TE,TE,True,11.0,8.43,False
10,False,10,Silence of the Lamb,14958,Demario Davis,LB,DP,True,7.0,9.59,False
10,False,10,Silence of the Lamb,4362478,Emari Demercado,RB,RB,True,11.9,7.13,False
10,False,10,Silence of the Lamb,11122,Matt Prater,K,K,True,1.0,8.86,False
10,False,4,Injured Reserve ,4374302,Amon-Ra St. Brown,WR,WR,True,14.3,18.24,False
10,False,4,Injured Reserve ,4047365,Josh Jacobs,RB,RB,True,17.2,16.59,False
10,False,4,Injured Reserve ,4361370,Chris Olave,WR,WR,True,18.9,11.66,False
10,False,4,Injured Reserve ,4430027,Sam LaPorta,TE,TE,True,7.8,10.57,False
10,False,4,Injured Reserve ,4569173,Rhamondre Stevenson,RB,BE,False,0.0,0.0,False
10,False,4,Injured Reserve ,3052587,Baker Mayfield,QB,BE,False,22.92,16.13,False
10,False,4,Injured Reserve ,3126486,Deebo Samuel,WR,RB/WR/TE,True,10.9,11.48,False
10,False,4,Injured Reserve ,4569987,Jaylen Warren,RB,RB,True,10.1,13.71,False
10,False,4,Injured Reserve ,4429096,Blake Corum,RB,BE,False,5.6,5.32,False
10,False,4,Injured Reserve ,4432577,C.J. Stroud,QB,QB,True,0.0,0.0,False
10,False,4,Injured Reserve ,3915189,Roquan Smith,LB,BE,False,6.0,10.29,False
10,False,4,Injured Reserve ,15835,Zach Ertz,TE,BE,False,7.4,7.44,False
10,False,4,Injured Reserve ,4429022,Kayshon Boutte,WR,BE,False,0.0,0.0,False
10,False,4,Injured Reserve ,4430871,Sean Tucker,RB,BE,False,5.6,5.03,False
10,False,4,Injured Reserve ,4035232,Tyrel Dodson,LB,DP,True,9.0,9.98,False
10,False,4,Injured Reserve ,-16013,Raiders D/ST,D/ST,D/ST,True,11.0,3.28,False
10,False,4,Injured Reserve ,16339,Brandon McManus,K,K,True,0.0,8.02,False
10,False,13,Christopher's Kryptonite ,4430807,Bijan Robinson,RB,RB,True,9.8,17.77,False
10,False,13,Christopher's Kryptonite ,4362238,Chase Brown,RB,BE,False,0.0,0.0,True
10,False,13,Christopher's Kryptonite ,4430878,Jaxon Smith-Njigba,WR,WR,True,17.8,18.16,False
10,False,13,Christopher's Kryptonite ,4035538,David Montgomery,RB,RB,True,9.6,12.88,False
10,False,13,Christopher's Kryptonite ,4428209,Ricky Pearsall,WR,BE,False,0.0,0.0,False
10,False,13,Christopher's Kryptonite ,3116165,Chris Godwin Jr.,WR,BE,False,0.0,0.0,False
10,False,13,Christopher's Kryptonite ,4242355,Jake Ferguson,TE,BE,False,0.0,0.0,True
10,False,13,Christopher's Kryptonite ,3150744,Chase McLaughlin,K,K,True,5.0,8.18,False
10,False,13,Christopher's Kryptonite ,-16026,Seahawks D/ST,D/ST,D/ST,True,21.0,6.6,False
10,False,13,Christopher's Kryptonite ,3917792,Daniel Jones,QB,BE,False,15.5,19.95,False
10,False,13,Christopher's Kryptonite ,3046779,Jared Goff,QB,QB,True,24.8,18.67,False
10,False,13,Christopher's Kryptonite ,4685472,Tetairoa McMillan,WR,RB/WR/TE,True,9.5,10.1,False
10,False,13,Christopher's Kryptonite ,4429275,Trey Benson,RB,IR,False,0.0,0.0,False
10,False,13,Christopher's Kryptonite ,4723086,Colston Loveland,TE,TE,True,7.5,6.05,False
10,False,13,Christopher's Kryptonite ,4360078,Alec Pierce,WR,WR,True,17.4,8.89,False
10,False,13,Christopher's Kryptonite ,4426698,Tatum Bethune,LB,DP,True,10.0,10.4,False
10,False,13,Christopher's Kryptonite ,-16033,Ravens D/ST,D/ST,BE,False,6.0,6.14,False
10,False,13,Christopher's Kryptonite ,3915511,Joe Burrow,QB,BE,False,0.0,0.0,True
10,False,12,Blake's Holographic Charizard,3929630,Saquon Barkley,RB,RB/WR/TE,True,11.6,14.51,False
10,False,12,Blake's Holographic Charizard,4612826,Ladd McConkey,WR,WR,True,18.7,12.46,False
10,False,12,Blake's Holographic Charizard,4239993,Tee Higgins,WR,BE,False,0.0,0.0,True
10,False,12,Blake's Holographic Charizard,4241416,Chuba Hubbard,RB,BE,False,2.0,5.7,False
10,False,12,Blake's Holographic Charizard,4683062,Xavier Worthy,WR,BE,False,0.0,0.0,True
10,False,12,Blake's Holographic Charizard,4241474,Brian Robinson Jr.,RB,BE,False,11.0,2.92,False
10,False,12,Blake's Holographic Charizard,4431611,Caleb Williams,QB,QB,True,25.1,18.48,False
10,False,12,Blake's Holographic Charizard,4362081,Cameron Dicker,K,K,True,13.0,8.76,False
10,False,12,Blake's Holographic Charizard,4575131,Jacory Croskey-Merritt,RB,RB,True,3.0,8.81,False
10,False,12,Blake's Holographic Charizard,5083076,Harold Fannin Jr.,TE,TE,True,6.4,7.96,False
10,False,12,Blake's Holographic Charizard,-16011,Colts D/ST,D/ST,D/ST,True,7.0,4.39,False
10,False,12,Blake's Holographic Charizard,4430539,Brenton Strange,TE,IR,False,0.0,0.0,False
10,False,12,Blake's Holographic Charizard,4038815,Rico Dowdle,RB,RB,True,13.8,17.09,False
10,False,12,Blake's Holographic Charizard,3912547,Sam Darnold,QB,BE,False,4.92,16.63,False
10,False,12,Blake's Holographic Charizard,4569465,Jack Campbell,LB,DP,True,9.0,10.09,False
10,False,12,Blake's Holographic Charizard,4428085,Luke Musgrave,TE,BE,False,3.8,6.41,False
10,False,12,Blake's Holographic Charizard,4040761,Devin Singletary,RB,BE,False,8.8,8.85,False
10,False,12,Blake's Holographic Charizard,3916945,Darius Slayton,WR,WR,True,10.9,9.31,False
11,False,11,ConcreteJungleWet DreamTomato,4890973,Ashton Jeanty,RB,RB/WR/TE,True,6.4,17.14,False
11,False,11,ConcreteJungleWet DreamTomato,4379399,James Cook III,RB,RB,True,18.9,17.56,False
11,False,11,ConcreteJungleWet DreamTomato,3139477,Patrick Mahomes,QB,QB,True,13.34,18.02,False
11,False,11,ConcreteJungleWet DreamTomato,4036133,T.J. Hockenson,TE,BE,False,5.4,6.69,False
11,False,11,ConcreteJungleWet DreamTomato,4241463,Jerry Jeudy,WR,WR,True,3.6,8.71,False
11,False,11,ConcreteJungleWet DreamTomato,4685702,Quinshon Judkins,RB,RB,True,5.9,13.31,False
11,False,11,ConcreteJungleWet DreamTomato,-16034,Texans D/ST,D/ST,D/ST,True,10.0,7.68,False
11,False,11,ConcreteJungleWet DreamTomato,4035687,Michael Pittman Jr.,WR,BE,False,0.0,0.0,True
11,False,11,ConcreteJungleWet DreamTomato,3046439,Hunter Henry,TE,TE,True,6.5,8.36,False
11,False,11,ConcreteJungleWet DreamTomato,4040655,Darnell Mooney,WR,BE,False,4.9,7.78,False
11,False,11,ConcreteJungleWet DreamTomato,3055899,Harrison Butker,K,K,True,7.0,8.08,False
11,False,11,ConcreteJungleWet DreamTomato,4362921,Tyquan Thornton,WR,BE,False,9.6,1.81,False
11,False,11,ConcreteJungleWet DreamTomato,4686472,Marvin Mims Jr.,WR,IR,False,0.2,5.77,False
11,False,11,ConcreteJungleWet DreamTomato,3129446,Robert Spillane,LB,DP,True,9.0,9.85,False
11,False,11,ConcreteJungleWet DreamTomato,4243389,Calvin Austin III,WR,WR,True,1.0,9.67,False
11,False,11,ConcreteJungleWet DreamTomato,4431268,Chimere Dike,WR,BE,False,2.4,5.61,False
11,False,11,ConcreteJungleWet DreamTomato,2985659,Wil Lutz,K,BE,False,18.0,7.69,False
11,False,11,ConcreteJungleWet DreamTomato,2576980,Marcus Mariota,QB,BE,False,15.42,18.21,False
11,False,6,Thom-ASS,3117251,Christian McCaffrey,RB,RB/WR/TE,True,32.6,23.13,False
11,False,6,Thom-ASS,4242335,Jonathan Taylor,RB,BE,False,0.0,0.0,True
11,False,6,Thom-ASS,4040715,Jalen Hurts,QB,QB,True,14.5,21.64,False
11,False,6,Thom-ASS,3128429,Courtland Sutton,WR,BE,False,7.9,10.71,False
11,False,6,Thom-ASS,15847,Travis Kelce,TE,TE,True,19.6,7.89,False
11,False,6,Thom-ASS,4360516,Tyrone Tracy Jr.,RB,RB,True,15.9,11.3,False
11,False,6,Thom-ASS,2976212,Stefon Diggs,WR,WR,True,15.0,11.4,False
11,False,6,Thom-ASS,4635008,Keon Coleman,WR,BE,False,0.0,0.0,False
11,False,6,Thom-ASS,4362249,Jayden Reed,WR,IR,False,0.0,0.0,False
11,False,6,Thom-ASS,4697815,Rachaad White,RB,RB,True,7.2,12.48,False
11,False,6,Thom-ASS,4689936,Jake Bates,K,K,True,5.0,8.43,False
11,False,6,Thom-ASS,3128720,Nick Chubb,RB,BE,False,1.7,8.24,False
11,False,6,Thom-ASS,4241479,Tua Tagovailoa,QB,BE,False,6.84,17.57,False
11,False,6,Thom-ASS,4569587,Wan'Dale Robinson,WR,WR,True,5.6,11.55,False
11,False,6,Thom-ASS,14979,Bobby Wagner,LB,DP,True,8.0,10.0,False
11,False,6,Thom-ASS,-16014,Rams D/ST,D/ST,D/ST,True,5.0,5.42,False
11,False,6,Thom-ASS,4243331,Cade Otton,TE,BE,False,3.8,7.64,False
11,False,6,Thom-ASS,3925357,Calvin Ridley,WR,BE,False,1.8,7.2,False
11,False,8,SCLSU Mud Dogs,4429795,Jahmyr Gibbs,RB,RB,True,17.1,15.71,False
11,False,8,SCLSU Mud Dogs,4432665,Brock Bowers,TE,TE,True,10.7,13.95,False
11,False,8,SCLSU Mud Dogs,4426348,Jayden Daniels,QB,BE,False,0.0,0.0,False
11,False,8,SCLSU Mud Dogs,16800,Davante Adams,WR,WR,True,6.6,13.39,False
11,False,8,SCLSU Mud Dogs,3915416,DJ Moore,WR,BE,False,2.6,8.09,False
11,False,8,SCLSU Mud Dogs,4428331,Rashee Rice,WR,RB/WR/TE,True,6.8,13.32,False
11,False,8,SCLSU Mud Dogs,4360569,Jordan Mason,RB,BE,False,10.5,7.89,False
11,False,8,SCLSU Mud Dogs,4429205,Jordan Addison,WR,WR,True,9.0,10.67,False
11,False,8,SCLSU Mud Dogs,4360248,Kyle Pitts Sr.,TE,BE,False,2.4,8.25,False
11,False,8,SCLSU Mud Dogs,3117253,Bobby Okereke,LB,DP,True,7.0,8.86,False
11,False,8,SCLSU Mud Dogs,4689114,Jaxson Dart,QB,BE,False,0.0,0.0,False
11,False,8,SCLSU Mud Dogs,3059915,Kareem Hunt,RB,RB,True,12.7,9.8,False
11,False,8,SCLSU Mud Dogs,4595342,Oronde Gadsden,TE,BE,False,5.1,8.43,False
11,False,8,SCLSU Mud Dogs,4697745,Tyler Loop,K,K,True,12.0,7.85,False
11,False,8,SCLSU Mud Dogs,3121422,Terry McLaurin,WR,BE,False,0.0,0.0,False
11,False,8,SCLSU Mud Dogs,-16001,Falcons D/ST,D/ST,D/ST,True,-1.0,5.94,False
11,False,8,SCLSU Mud Dogs,4360423,Michael Penix Jr.,QB,QB,True,7.9,15.65,False
11,False,9,Men of Will,4262921,Justin Jefferson,WR,WR,True,8.6,16.26,False
11,False,9,Men of Will,4432773,Brian Thomas Jr.,WR,BE,False,0.0,0.0,False
11,False,9,Men of Will,3918298,Josh Allen,QB,QB,True,42.68,20.7,False
11,False,9,Men of Will,3040151,George Kittle,TE,TE,True,21.7,11.36,False
11,False,9,Men of Will,4568490,RJ Harvey,RB,BE,False,6.5,11.28,False
11,False,9,Men of Will,3042519,Aaron Jones Sr.,RB,RB,True,9.6,12.52,False
11,False,9,Men of Will,2977187,Cooper Kupp,WR,BE,False,4.8,6.54,False
11,False,9,Men of Will,4426338,Bo Nix,QB,BE,False,12.6,17.53,False
11,False,9,Men of Will,4373678,Khalil Shakir,WR,RB/WR/TE,True,0.2,10.29,False
11,False,9,Men of Will,4686361,Cam Little,K,K,True,5.0,7.79,False
11,False,9,Men of Will,4430034,Xavier Legette,WR,BE,False,16.3,3.72,False
11,False,9,Men of Will,15818,Keenan Allen,WR,WR,True,7.3,9.74,False
11,False,9,Men of Will,4429059,Woody Marks,RB,RB,True,5.6,12.87,False
11,False,9,Men of Will,4428557,Tyjae Spears,RB,BE,False,5.9,7.62,False
11,False,9,Men of Will,-16017,Patriots D/ST,D/ST,D/ST,True,7.0,7.29,False
11,False,9,Men of Will,3124084,Joey Slye,K,BE,False,10.0,6.86,False
11,False,9,Men of Will,4243181,Nate Landman,LB,DP,True,10.0,10.0,False
11,False,14,Deston's Ride or Dies ,4426515,Puka Nacua,WR,WR,True,10.8,16.59,False
11,False,14,Deston's Ride or Dies ,4596448,Bucky Irving,RB,BE,False,0.0,0.0,False
11,False,14,Deston's Ride or Dies ,4432708,Marvin Harrison Jr.,WR,IR,False,0.0,0.0,False
11,False,14,Deston's Ride or Dies ,4427366,Breece Hall,RB,RB,True,7.4,12.75,False
11,False,14,Deston's Ride or Dies ,4432710,TreVeyon Henderson,RB,RB,True,29.8,12.8,False
11,False,14,Deston's Ride or Dies ,4567750,Emeka Egbuka,WR,WR,True,6.5,14.08,False
11,False,14,Deston's Ride or Dies ,4431459,Tyler Warren,TE,BE,False,0.0,0.0,True
11,False,14,Deston's Ride or Dies ,4426385,Zach Charbonnet,RB,BE,False,5.7,8.04,False
11,False,14,Deston's Ride or Dies ,4429025,Quentin Johnston,WR,BE,False,0.0,10.55,False
11,False,14,Deston's Ride or Dies ,3886598,Jauan Jennings,WR,BE,False,7.4,11.98,False
11,False,14,Deston's Ride or Dies ,4569603,Malik Washington,WR,BE,False,5.7,8.96,False
11,False,14,Deston's Ride or Dies ,17372,Chris Boswell,K,K,True,10.0,8.97,False
11,False,14,Deston's Ride or Dies ,-16024,Chargers D/ST,D/ST,D/ST,True,-1.0,7.18,False
11,False,14,Deston's Ride or Dies ,8439,Aaron Rodgers,QB,QB,True,9.44,18.91,False
11,False,14,Deston's Ride or Dies ,3728281,Blake Cashman,LB,DP,True,15.0,9.99,False
11,False,14,Deston's Ride or Dies ,4362887,Justin Fields,QB,BE,False,19.34,16.28,False
11,False,14,Deston's Ride or Dies ,4427728,Bam Knight,RB,RB/WR/TE,True,12.5,10.25,False
11,False,14,Deston's Ride or Dies ,3054212,Jonnu Smith,TE,TE,True,0.0,6.67,False
11,False,5,Flowers for Allgeiernon,4362628,Ja'Marr Chase,WR,WR,True,4.5,18.18,False
11,False,5,Flowers for Allgeiernon,4430737,Kyren Williams,RB,RB,True,16.1,12.74,False
11,False,5,Flowers for Allgeiernon,4361307,Trey McBride,TE,TE,True,22.5,15.21,False
11,False,5,Flowers for Allgeiernon,4239996,Travis Etienne Jr.,RB,RB,True,19.3,13.18,False
11,False,5,Flowers for Allgeiernon,4241478,DeVonta Smith,WR,WR,True,1.3,12.32,False
11,False,5,Flowers for Allgeiernon,4429615,Zay Flowers,WR,RB/WR/TE,True,9.8,10.66,False
11,False,5,Flowers for Allgeiernon,4373626,Tyler Allgeier,RB,BE,False,8.6,6.59,False
11,False,5,Flowers for Allgeiernon,3050073,Foyesade Oluokun,LB,DP,True,5.0,9.96,False
11,False,5,Flowers for Allgeiernon,12483,Matthew Stafford,QB,QB,True,13.2,18.05,False
11,False,5,Flowers for Allgeiernon,4431280,Troy Franklin,WR,BE,False,10.4,10.62,False
11,False,5,Flowers for Allgeiernon,-16030,Jaguars D/ST,D/ST,BE,False,12.0,5.66,False
11,False,5,Flowers for Allgeiernon,4608686,Kyle Monangai,RB,BE,False,10.2,8.24,False
11,False,5,Flowers for Allgeiernon,11252,Joe Flacco,QB,BE,False,9.86,16.66,False
11,False,5,Flowers for Allgeiernon,4248528,Christian Watson,WR,BE,False,18.6,7.68,False
11,False,5,Flowers for Allgeiernon,2473037,Jason Myers,K,K,True,14.0,8.11,False
11,False,5,Flowers for Allgeiernon,-16029,Panthers D/ST,D/ST,D/ST,True,2.0,3.78,False
11,False,5,Flowers for Allgeiernon,4695404,Isaiah Davis,RB,BE,False,1.1,6.06,False
11,False,3,Jim Ward's Ole Dick Necks,4429160,De'Von Achane,RB,RB,True,19.0,24.96,False
11,False,3,Jim Ward's Ole Dick Necks,4047646,A.J. Brown,WR,WR,True,8.4,13.12,False
11,False,3,Jim Ward's Ole Dick Necks,4569618,Garrett Wilson,WR,IR,False,0.0,0.0,False
11,False,3,Jim Ward's Ole Dick Necks,4259545,D'Andre Swift,RB,RB/WR/TE,True,9.0,13.31,False
11,False,3,Jim Ward's Ole Dick Necks,4372016,Jaylen Waddle,WR,WR,True,6.7,13.95,False
11,False,3,Jim Ward's Ole Dick Necks,4241985,J.K. Dobbins,RB,BE,False,0.0,0.0,False
11,False,3,Jim Ward's Ole Dick Necks,4036378,Jordan Love,QB,BE,False,17.66,16.34,False
11,False,3,Jim Ward's Ole Dick Necks,4032473,Rashid Shaheed,WR,BE,False,3.9,7.97,False
11,False,3,Jim Ward's Ole Dick Necks,3121023,Dallas Goedert,TE,TE,True,3.4,8.78,False
11,False,3,Jim Ward's Ole Dick Necks,4038941,Justin Herbert,QB,QB,True,3.34,19.57,False
11,False,3,Jim Ward's Ole Dick Necks,4599739,Kendre Miller,RB,BE,False,0.0,0.0,True
11,False,3,Jim Ward's Ole Dick Necks,4043130,Jordyn Brooks,LB,DP,True,20.0,11.22,False
11,False,3,Jim Ward's Ole Dick Necks,-16009,Packers D/ST,D/ST,D/ST,True,6.0,8.12,False
11,False,3,Jim Ward's Ole Dick Necks,3117256,Dalton Schultz,TE,BE,False,8.1,8.13,False
11,False,3,Jim Ward's Ole Dick Necks,3043078,Derrick Henry,RB,RB,True,19.2,13.69,False
11,False,3,Jim Ward's Ole Dick Necks,4569923,Andy Borregales,K,K,True,9.0,8.86,False
11,False,3,Jim Ward's Ole Dick Necks,4432620,Parker Washington,WR,BE,False,3.0,8.98,False
11,False,10,Silence of the Lamb,4241389,CeeDee Lamb,WR,RB/WR/TE,True,15.1,15.65,False
11,False,10,Silence of the Lamb,4426502,Drake London,WR,WR,True,15.4,15.52,False
11,False,10,Silence of the Lamb,3916387,Lamar Jackson,QB,BE,False,4.72,19.68,False
11,False,10,Silence of the Lamb,3054850,Alvin Kamara,RB,BE,False,0.0,0.0,True
11,False,10,Silence of the Lamb,4047650,DK Metcalf,WR,WR,True,7.4,10.77,False
11,False,10,Silence of the Lamb,4361529,Isiah Pacheco,RB,BE,False,0.0,0.0,False
11,False,10,Silence of the Lamb,4426388,Jameson Williams,WR,BE,False,17.7,10.69,False
11,False,10,Silence of the Lamb,4361579,Javonte Williams,RB,RB,True,9.8,14.71,False
11,False,10,Silence of the Lamb,3953687,Brandon Aubrey,K,K,True,9.0,8.87,False
11,False,10,Silence of the Lamb,-16007,Broncos D/ST,D/ST,D/ST,True,7.0,5.83,False
11,False,10,Silence of the Lamb,4431452,Drake Maye,QB,QB,True,15.44,22.42,False
11,False,10,Silence of the Lamb,4241372,Hollywood Brown,WR,BE,False,6.0,3.2,False
11,False,10,Silence of the Lamb,4361432,Romeo Doubs,WR,BE,False,7.3,9.85,False
11,False,10,Silence of the Lamb,4429148,Theo Johnson,TE,TE,True,5.1,8.25,False
11,False,10,Silence of the Lamb,4362478,Emari Demercado,RB,RB,True,3.0,8.66,False
11,False,10,Silence of the Lamb,4608810,Tez Johnson,WR,BE,False,1.1,7.58,False
11,False,10,Silence of the Lamb,4429834,Cedric Gray,LB,DP,True,11.0,9.82,False
11,False,4,Injured Reserve ,4374302,Amon-Ra St. Brown,WR,WR,True,6.2,16.27,False
11,False,4,Injured Reserve ,4047365,Josh Jacobs,RB,RB,True,4.0,20.33,False
11,False,4,Injured Reserve ,4361370,Chris Olave,WR,BE,False,0.0,0.0,True
11,False,4,Injured Reserve ,4430027,Sam LaPorta,TE,BE,False,0.0,0.0,False
11,False,4,Injured Reserve ,4569173,Rhamondre Stevenson,RB,BE,False,0.0,0.0,False
11,False,4,Injured Reserve ,3052587,Baker Mayfield,QB,QB,True,16.82,17.35,False
11,False,4,Injured Reserve ,3126486,Deebo Samuel,WR,WR,True,18.2,11.42,False
11,False,4,Injured Reserve ,4569987,Jaylen Warren,RB,RB,True,7.7,17.7,False
11,False,4,Injured Reserve ,4429096,Blake Corum,RB,BE,False,2.0,5.38,False
11,False,4,Injured Reserve ,4432577,C.J. Stroud,QB,BE,False,0.0,0.0,False
11,False,4,Injured Reserve ,3915189,Roquan Smith,LB,BE,False,4.0,9.82,False
11,False,4,Injured Reserve ,15835,Zach Ertz,TE,TE,True,6.2,7.81,False
11,False,4,Injured Reserve ,4429022,Kayshon Boutte,WR,BE,False,0.0,0.0,False
11,False,4,Injured Reserve ,4430871,Sean Tucker,RB,RB/WR/TE,True,33.0,9.47,False
11,False,4,Injured Reserve ,4035232,Tyrel Dodson,LB,DP,True,13.0,9.93,False
11,False,4,Injured Reserve ,-16013,Raiders D/ST,D/ST,D/ST,True,1.0,4.08,False
11,False,4,Injured Reserve ,4574716,Harrison Mevis,K,K,True,3.0,8.49,False
11,False,13,Christopher's Kryptonite ,4430807,Bijan Robinson,RB,RB,True,28.3,18.35,False
11,False,13,Christopher's Kryptonite ,4362238,Chase Brown,RB,RB,True,15.7,12.85,False
11,False,13,Christopher's Kryptonite ,4430878,Jaxon Smith-Njigba,WR,WR,True,17.1,18.77,False
11,False,13,Christopher's Kryptonite ,4035538,David Montgomery,RB,RB/WR/TE,True,4.2,9.53,False
11,False,13,Christopher's Kryptonite ,4428209,Ricky Pearsall,WR,BE,False,0.5,7.75,False
11,False,13,Christopher's Kryptonite ,3116165,Chris Godwin Jr.,WR,BE,False,0.0,0.0,False
11,False,13,Christopher's Kryptonite ,4242355,Jake Ferguson,TE,TE,True,9.6,8.21,False
11,False,13,Christopher's Kryptonite ,3150744,Chase McLaughlin,K,K,True,8.0,8.19,False
11,False,13,Christopher's Kryptonite ,-16026,Seahawks D/ST,D/ST,BE,False,4.0,3.79,False
11,False,13,Christopher's Kryptonite ,3917792,Daniel Jones,QB,BE,False,0.0,0.0,True
11,False,13,Christopher's Kryptonite ,4685472,Tetairoa McMillan,WR,WR,True,29.0,10.87,False
11,False,13,Christopher's Kryptonite ,4429275,Trey Benson,RB,BE,False,0.0,0.0,False
11,False,13,Christopher's Kryptonite ,4723086,Colston Loveland,TE,BE,False,5.5,5.34,False
11,False,13,Christopher's Kryptonite ,4360078,Alec Pierce,WR,BE,False,0.0,0.0,True
11,False,13,Christopher's Kryptonite ,4426698,Tatum Bethune,LB,DP,True,3.0,10.39,False
11,False,13,Christopher's Kryptonite ,-16033,Ravens D/ST,D/ST,D/ST,True,11.0,6.25,False
11,False,13,Christopher's Kryptonite ,3915511,Joe Burrow,QB,IR,False,0.0,0.0,False
11,False,13,Christopher's Kryptonite ,4361741,Brock Purdy,QB,QB,True,19.3,19.0,False
11,False,12,Blake's Holographic Charizard,3929630,Saquon Barkley,RB,RB,True,9.5,14.01,False
11,False,12,Blake's Holographic Charizard,4612826,Ladd McConkey,WR,WR,True,2.8,12.43,False
11,False,12,Blake's Holographic Charizard,4239993,Tee Higgins,WR,RB/WR/TE,True,13.8,11.25,False
11,False,12,Blake's Holographic Charizard,4241416,Chuba Hubbard,RB,BE,False,3.3,4.75,False
11,False,12,Blake's Holographic Charizard,4683062,Xavier Worthy,WR,BE,False,4.0,9.57,False
11,False,12,Blake's Holographic Charizard,4241474,Brian Robinson Jr.,RB,BE,False,2.4,4.28,False
11,False,12,Blake's Holographic Charizard,4431611,Caleb Williams,QB,QB,True,10.32,19.55,False
11,False,12,Blake's Holographic Charizard,4362081,Cameron Dicker,K,K,True,8.0,8.72,False
11,False,12,Blake's Holographic Charizard,4575131,Jacory Croskey-Merritt,RB,BE,False,3.8,7.97,False
11,False,12,Blake's Holographic Charizard,5083076,Harold Fannin Jr.,TE,TE,True,3.6,6.97,False
11,False,12,Blake's Holographic Charizard,-16011,Colts D/ST,D/ST,BE,False,0.0,0.0,True
11,False,12,Blake's Holographic Charizard,4430539,Brenton Strange,TE,IR,False,0.0,0.0,False
11,False,12,Blake's Holographic Charizard,4038815,Rico Dowdle,RB,RB,True,12.5,18.07,False
11,False,12,Blake's Holographic Charizard,3912547,Sam Darnold,QB,BE,False,5.26,15.01,False
11,False,12,Blake's Holographic Charizard,4569465,Jack Campbell,LB,DP,True,15.0,9.83,False
11,False,12,Blake's Holographic Charizard,4428085,Luke Musgrave,TE,BE,False,0.4,5.12,False
11,False,12,Blake's Holographic Charizard,4428718,Tre Tucker,WR,WR,True,13.7,9.16,False
11,False,12,Blake's Holographic Charizard,-16006,Cowboys D/ST,D/ST,D/ST,True,11.0,6.56,False
11,False,1,Nico Suave,4258173,Nico Collins,WR,WR,True,19.7,13.69,False
11,False,1,Nico Suave,4685382,Omarion Hampton,RB,IR,False,0.0,0.0,False
11,False,1,Nico Suave,4426354,George Pickens,WR,RB/WR/TE,True,24.9,12.1,False
11,False,1,Nico Suave,3916433,Jakobi Meyers,WR,BE,False,8.9,7.65,False
11,False,1,Nico Suave,3116365,Mark Andrews,TE,TE,True,14.2,7.4,False
11,False,1,Nico Suave,2577417,Dak Prescott,QB,QB,True,24.32,17.86,False
11,False,1,Nico Suave,4038441,Justice Hill,RB,BE,False,0.0,0.0,False
11,False,1,Nico Suave,3929645,Juwan Johnson,TE,BE,False,0.0,0.0,True
11,False,1,Nico Suave,4371733,Kenneth Gainwell,RB,BE,False,27.0,7.91,False
11,False,1,Nico Suave,-16005,Browns D/ST,D/ST,BE,False,16.0,5.08,False
11,False,1,Nico Suave,4688813,Josh Downs,WR,BE,False,0.0,0.0,True
11,False,1,Nico Suave,4034949,Eddy Pineiro,K,K,True,14.0,8.36,False
11,False,1,Nico Suave,4430968,Kimani Vidal,RB,RB,True,3.2,11.86,False
11,False,1,Nico Suave,4433970,J.J. McCarthy,QB,BE,False,6.0,18.41,False
11,False,1,Nico Suave,4431299,Rome Odunze,WR,WR,True,5.1,12.52,False
11,False,1,Nico Suave,4567048,Kenneth Walker III,RB,RB,True,18.6,9.98,False
11,False,1,Nico Suave,-16023,Steelers D/ST,D/ST,D/ST,True,22.0,6.3,False
11,False,1,Nico Suave,3917657,Zack Baun,LB,DP,True,7.0,9.35,False
12,False,11,ConcreteJungleWet DreamTomato,4890973,Ashton Jeanty,RB,RB,True,20.8,13.65,False
12,False,11,ConcreteJungleWet DreamTomato,4379399,James Cook III,RB,RB,True,20.4,14.82,False
12,False,11,ConcreteJungleWet DreamTomato,3139477,Patrick Mahomes,QB,QB,True,18.08,21.07,False
12,False,11,ConcreteJungleWet DreamTomato,4036133,T.J. Hockenson,TE,BE,False,3.9,6.15,False
12,False,11,ConcreteJungleWet DreamTomato,4241463,Jerry Jeudy,WR,BE,False,2.4,8.06,False
12,False,11,ConcreteJungleWet DreamTomato,4685702,Quinshon Judkins,RB,RB/WR/TE,True,16.7,13.1,False
12,False,11,ConcreteJungleWet DreamTomato,-16034,Texans D/ST,D/ST,D/ST,True,14.0,5.27,False
12,False,11,ConcreteJungleWet DreamTomato,4035687,Michael Pittman Jr.,WR,WR,True,11.2,12.24,False
12,False,11,ConcreteJungleWet DreamTomato,3046439,Hunter Henry,TE,TE,True,21.0,9.59,False
12,False,11,ConcreteJungleWet DreamTomato,4040655,Darnell Mooney,WR,WR,True,14.9,9.1,False
12,False,11,ConcreteJungleWet DreamTomato,3055899,Harrison Butker,K,K,True,16.0,8.57,False
12,False,11,ConcreteJungleWet DreamTomato,4362921,Tyquan Thornton,WR,BE,False,0.0,2.17,False
12,False,11,ConcreteJungleWet DreamTomato,4686472,Marvin Mims Jr.,WR,IR,False,0.0,0.0,True
12,False,11,ConcreteJungleWet DreamTomato,3129446,Robert Spillane,LB,DP,True,5.0,9.89,False
12,False,11,ConcreteJungleWet DreamTomato,4243389,Calvin Austin III,WR,BE,False,5.6,4.27,False
12,False,11,ConcreteJungleWet DreamTomato,4431268,Chimere Dike,WR,BE,False,18.9,8.41,False
12,False,11,ConcreteJungleWet DreamTomato,2985659,Wil Lutz,K,BE,False,0.0,0.0,True
12,False,11,ConcreteJungleWet DreamTomato,2576980,Marcus Mariota,QB,BE,False,0.0,0.0,True
12,False,9,Men of Will,4262921,Justin Jefferson,WR,WR,True,6.8,14.18,False
12,False,9,Men of Will,4432773,Brian Thomas Jr.,WR,BE,False,0.0,0.0,False
12,False,9,Men of Will,3918298,Josh Allen,QB,QB,True,8.12,19.13,False
12,False,9,Men of Will,3040151,George Kittle,TE,TE,True,10.8,12.55,False
12,False,9,Men of Will,3042519,Aaron Jones Sr.,RB,RB,True,8.2,11.84,False
12,False,9,Men of Will,2977187,Cooper Kupp,WR,BE,False,3.4,7.23,False
12,False,9,Men of Will,4426338,Bo Nix,QB,BE,False,0.0,0.0,True
12,False,9,Men of Will,4373678,Khalil Shakir,WR,WR,True,13.0,9.08,False
12,False,9,Men of Will,4686361,Cam Little,K,K,True,13.0,7.95,False
12,False,9,Men of Will,4430034,Xavier Legette,WR,BE,False,3.7,5.89,False
12,False,9,Men of Will,15818,Keenan Allen,WR,BE,False,0.0,0.0,True
12,False,9,Men of Will,4429059,Woody Marks,RB,RB,True,7.4,12.77,False
12,False,9,Men of Will,4428557,Tyjae Spears,RB,BE,False,4.5,8.02,False
12,False,9,Men of Will,-16017,Patriots D/ST,D/ST,D/ST,True,10.0,5.85,False
12,False,9,Men of Will,3124084,Joey Slye,K,BE,False,6.0,7.06,False
12,False,9,Men of Will,4360761,Michael Wilson,WR,RB/WR/TE,True,16.8,10.57,False
12,False,9,Men of Will,3050073,Foyesade Oluokun,LB,DP,True,10.0,9.82,False
12,False,8,SCLSU Mud Dogs,4429795,Jahmyr Gibbs,RB,RB,True,49.9,19.28,False
12,False,8,SCLSU Mud Dogs,4432665,Brock Bowers,TE,TE,True,8.5,12.05,False
12,False,8,SCLSU Mud Dogs,4426348,Jayden Daniels,QB,BE,False,0.0,0.0,True
12,False,8,SCLSU Mud Dogs,16800,Davante Adams,WR,WR,True,20.7,14.43,False
12,False,8,SCLSU Mud Dogs,3915416,DJ Moore,WR,BE,False,20.9,7.19,False
12,False,8,SCLSU Mud Dogs,4428331,Rashee Rice,WR,WR,True,20.1,14.48,False
12,False,8,SCLSU Mud Dogs,4360569,Jordan Mason,RB,BE,False,4.2,4.54,False
12,False,8,SCLSU Mud Dogs,4429205,Jordan Addison,WR,BE,False,0.0,9.73,False
12,False,8,SCLSU Mud Dogs,4360248,Kyle Pitts Sr.,TE,RB/WR/TE,True,3.5,8.42,False
12,False,8,SCLSU Mud Dogs,3117253,Bobby Okereke,LB,DP,True,8.0,9.04,False
12,False,8,SCLSU Mud Dogs,4689114,Jaxson Dart,QB,BE,False,0.0,0.0,False
12,False,8,SCLSU Mud Dogs,3059915,Kareem Hunt,RB,RB,True,18.5,12.39,False
12,False,8,SCLSU Mud Dogs,4595342,Oronde Gadsden,TE,BE,False,0.0,0.0,True
12,False,8,SCLSU Mud Dogs,4697745,Tyler Loop,K,K,True,11.0,8.7,False
12,False,8,SCLSU Mud Dogs,3121422,Terry McLaurin,WR,BE,False,0.0,0.0,True
12,False,8,SCLSU Mud Dogs,-16001,Falcons D/ST,D/ST,D/ST,True,15.0,5.09,False
12,False,8,SCLSU Mud Dogs,4360423,Michael Penix Jr.,QB,IR,False,0.0,0.0,False
12,False,8,SCLSU Mud Dogs,2578570,Jacoby Brissett,QB,QB,True,18.68,16.74,False
12,False,5,Flowers for Allgeiernon,4362628,Ja'Marr Chase,WR,BE,False,0.0,0.0,False
12,False,5,Flowers for Allgeiernon,4430737,Kyren Williams,RB,RB,True,5.3,13.82,False
12,False,5,Flowers for Allgeiernon,4361307,Trey McBride,TE,TE,True,12.4,14.31,False
12,False,5,Flowers for Allgeiernon,4239996,Travis Etienne Jr.,RB,RB,True,19.1,12.39,False
12,False,5,Flowers for Allgeiernon,4241478,DeVonta Smith,WR,WR,True,11.9,12.01,False
12,False,5,Flowers for Allgeiernon,4429615,Zay Flowers,WR,WR,True,9.4,10.94,False
12,False,5,Flowers for Allgeiernon,4373626,Tyler Allgeier,RB,BE,False,8.4,6.37,False
12,False,5,Flowers for Allgeiernon,12483,Matthew Stafford,QB,QB,True,22.92,19.64,False
12,False,5,Flowers for Allgeiernon,4431280,Troy Franklin,WR,BE,False,0.0,0.0,True
12,False,5,Flowers for Allgeiernon,-16030,Jaguars D/ST,D/ST,D/ST,True,6.0,6.26,False
12,False,5,Flowers for Allgeiernon,4608686,Kyle Monangai,RB,BE,False,10.8,7.32,False
12,False,5,Flowers for Allgeiernon,11252,Joe Flacco,QB,BE,False,9.62,15.41,False
12,False,5,Flowers for Allgeiernon,4248528,Christian Watson,WR,BE,False,7.4,10.05,False
12,False,5,Flowers for Allgeiernon,2473037,Jason Myers,K,K,True,13.0,8.5,False
12,False,5,Flowers for Allgeiernon,4695404,Isaiah Davis,RB,BE,False,1.7,5.4,False
12,False,5,Flowers for Allgeiernon,4887558,Emanuel Wilson,RB,RB/WR/TE,True,25.5,13.6,False
12,False,5,Flowers for Allgeiernon,4876017,Carson Schwesinger,LB,DP,True,11.0,8.79,False
12,False,14,Deston's Ride or Dies ,4426515,Puka Nacua,WR,WR,True,13.2,16.89,False
12,False,14,Deston's Ride or Dies ,4596448,Bucky Irving,RB,BE,False,0.0,0.0,False
12,False,14,Deston's Ride or Dies ,4432708,Marvin Harrison Jr.,WR,IR,False,0.0,0.0,False
12,False,14,Deston's Ride or Dies ,4427366,Breece Hall,RB,RB,True,11.9,13.19,False
12,False,14,Deston's Ride or Dies ,4432710,TreVeyon Henderson,RB,RB,True,9.6,13.2,False
12,False,14,Deston's Ride or Dies ,4567750,Emeka Egbuka,WR,WR,True,4.7,14.0,False
12,False,14,Deston's Ride or Dies ,4431459,Tyler Warren,TE,TE,True,7.0,11.89,False
12,False,14,Deston's Ride or Dies ,4426385,Zach Charbonnet,RB,BE,False,9.5,9.39,False
12,False,14,Deston's Ride or Dies ,4429025,Quentin Johnston,WR,BE,False,0.0,0.0,True
12,False,14,Deston's Ride or Dies ,3886598,Jauan Jennings,WR,RB/WR/TE,True,12.6,11.89,False
12,False,14,Deston's Ride or Dies ,4569603,Malik Washington,WR,BE,False,0.0,0.0,True
12,False,14,Deston's Ride or Dies ,17372,Chris Boswell,K,K,True,4.0,8.32,False
12,False,14,Deston's Ride or Dies ,3728281,Blake Cashman,LB,DP,True,16.0,10.18,False
12,False,14,Deston's Ride or Dies ,4427728,Bam Knight,RB,BE,False,11.2,10.37,False
12,False,14,Deston's Ride or Dies ,3054212,Jonnu Smith,TE,BE,False,4.3,6.01,False
12,False,14,Deston's Ride or Dies ,3046779,Jared Goff,QB,QB,True,17.16,17.75,False
12,False,14,Deston's Ride or Dies ,-16002,Bills D/ST,D/ST,D/ST,True,8.0,5.19,False
12,False,10,Silence of the Lamb,4241389,CeeDee Lamb,WR,RB/WR/TE,True,9.5,14.93,False
12,False,10,Silence of the Lamb,4426502,Drake London,WR,BE,False,0.0,0.0,False
12,False,10,Silence of the Lamb,3916387,Lamar Jackson,QB,BE,False,7.22,21.17,False
12,False,10,Silence of the Lamb,3054850,Alvin Kamara,RB,RB,True,2.5,12.22,False
12,False,10,Silence of the Lamb,4047650,DK Metcalf,WR,WR,True,12.9,11.71,False
12,False,10,Silence of the Lamb,4361529,Isiah Pacheco,RB,BE,False,0.0,0.0,False
12,False,10,Silence of the Lamb,4426388,Jameson Williams,WR,WR,True,0.0,11.04,False
12,False,10,Silence of the Lamb,4361579,Javonte Williams,RB,RB,True,11.1,13.23,False
12,False,10,Silence of the Lamb,3953687,Brandon Aubrey,K,K,True,6.0,8.72,False
12,False,10,Silence of the Lamb,-16007,Broncos D/ST,D/ST,BE,False,0.0,0.0,True
12,False,10,Silence of the Lamb,4431452,Drake Maye,QB,QB,True,15.96,24.96,False
12,False,10,Silence of the Lamb,4361432,Romeo Doubs,WR,BE,False,3.3,10.3,False
12,False,10,Silence of the Lamb,4429148,Theo Johnson,TE,TE,True,9.2,7.72,False
12,False,10,Silence of the Lamb,4608810,Tez Johnson,WR,BE,False,10.8,4.1,False
12,False,10,Silence of the Lamb,4429834,Cedric Gray,LB,DP,True,7.0,9.93,False
12,False,10,Silence of the Lamb,-16008,Lions D/ST,D/ST,D/ST,True,-3.0,7.66,False
12,False,10,Silence of the Lamb,4882093,Bhayshul Tuten,RB,BE,False,1.7,7.06,False
12,False,3,Jim Ward's Ole Dick Necks,4429160,De'Von Achane,RB,BE,False,0.0,0.0,True
12,False,3,Jim Ward's Ole Dick Necks,4047646,A.J. Brown,WR,WR,True,21.0,13.59,False
12,False,3,Jim Ward's Ole Dick Necks,4569618,Garrett Wilson,WR,IR,False,0.0,0.0,False
12,False,3,Jim Ward's Ole Dick Necks,4259545,D'Andre Swift,RB,RB,True,1.4,13.65,False
12,False,3,Jim Ward's Ole Dick Necks,4372016,Jaylen Waddle,WR,BE,False,0.0,0.0,True
12,False,3,Jim Ward's Ole Dick Necks,4241985,J.K. Dobbins,RB,BE,False,0.0,0.0,True
12,False,3,Jim Ward's Ole Dick Necks,4036378,Jordan Love,QB,QB,True,7.06,17.41,False
12,False,3,Jim Ward's Ole Dick Necks,4032473,Rashid Shaheed,WR,WR,True,0.5,6.68,False
12,False,3,Jim Ward's Ole Dick Necks,3121023,Dallas Goedert,TE,TE,True,3.0,9.0,False
12,False,3,Jim Ward's Ole Dick Necks,4038941,Justin Herbert,QB,BE,False,0.0,0.0,True
12,False,3,Jim Ward's Ole Dick Necks,4043130,Jordyn Brooks,LB,BE,False,0.0,0.0,True
12,False,3,Jim Ward's Ole Dick Necks,-16009,Packers D/ST,D/ST,D/ST,True,18.0,7.48,False
12,False,3,Jim Ward's Ole Dick Necks,3117256,Dalton Schultz,TE,BE,False,1.3,8.08,False
12,False,3,Jim Ward's Ole Dick Necks,3043078,Derrick Henry,RB,RB,True,21.8,16.4,False
12,False,3,Jim Ward's Ole Dick Necks,4569923,Andy Borregales,K,K,True,18.0,8.96,False
12,False,3,Jim Ward's Ole Dick Necks,4432620,Parker Washington,WR,RB/WR/TE,True,16.6,7.2,False
12,False,3,Jim Ward's Ole Dick Necks,4362759,Nick Bolton,LB,DP,True,8.0,9.87,False
12,False,13,Christopher's Kryptonite ,4430807,Bijan Robinson,RB,RB,True,13.7,19.19,False
12,False,13,Christopher's Kryptonite ,4362238,Chase Brown,RB,RB,True,14.0,13.41,False
12,False,13,Christopher's Kryptonite ,4430878,Jaxon Smith-Njigba,WR,WR,True,33.1,17.68,False
12,False,13,Christopher's Kryptonite ,4035538,David Montgomery,RB,RB/WR/TE,True,5.2,12.24,False
12,False,13,Christopher's Kryptonite ,4428209,Ricky Pearsall,WR,BE,False,1.8,8.68,False
12,False,13,Christopher's Kryptonite ,3116165,Chris Godwin Jr.,WR,BE,False,1.9,5.84,False
12,False,13,Christopher's Kryptonite ,4242355,Jake Ferguson,TE,TE,True,8.6,7.53,False
12,False,13,Christopher's Kryptonite ,3150744,Chase McLaughlin,K,K,True,1.0,7.75,False
12,False,13,Christopher's Kryptonite ,-16026,Seahawks D/ST,D/ST,D/ST,True,6.0,7.08,False
12,False,13,Christopher's Kryptonite ,3917792,Daniel Jones,QB,BE,False,16.84,19.93,False
12,False,13,Christopher's Kryptonite ,4685472,Tetairoa McMillan,WR,WR,True,11.5,13.34,False
12,False,13,Christopher's Kryptonite ,4429275,Trey Benson,RB,BE,False,0.0,0.0,False
12,False,13,Christopher's Kryptonite ,4723086,Colston Loveland,TE,BE,False,12.9,4.91,False
12,False,13,Christopher's Kryptonite ,4360078,Alec Pierce,WR,BE,False,3.1,9.54,False
12,False,13,Christopher's Kryptonite ,-16033,Ravens D/ST,D/ST,BE,False,12.0,6.6,False
12,False,13,Christopher's Kryptonite ,3915511,Joe Burrow,QB,IR,False,0.0,0.0,False
12,False,13,Christopher's Kryptonite ,4361741,Brock Purdy,QB,QB,True,7.32,20.39,False
12,False,13,Christopher's Kryptonite ,4035434,Devin White,LB,DP,True,6.0,9.55,False
12,False,4,Injured Reserve ,4374302,Amon-Ra St. Brown,WR,WR,True,26.4,16.64,False
12,False,4,Injured Reserve ,4047365,Josh Jacobs,RB,RB,True,0.0,0.0,False
12,False,4,Injured Reserve ,4361370,Chris Olave,WR,BE,False,11.5,14.12,False
12,False,4,Injured Reserve ,4430027,Sam LaPorta,TE,BE,False,0.0,0.0,False
12,False,4,Injured Reserve ,4569173,Rhamondre Stevenson,RB,BE,False,1.5,13.1,False
12,False,4,Injured Reserve ,3052587,Baker Mayfield,QB,QB,True,3.54,14.56,False
12,False,4,Injured Reserve ,3126486,Deebo Samuel,WR,WR,True,0.0,0.0,True
12,False,4,Injured Reserve ,4569987,Jaylen Warren,RB,RB,True,12.8,13.13,False
12,False,4,Injured Reserve ,4429096,Blake Corum,RB,BE,False,2.4,7.47,False
12,False,4,Injured Reserve ,4432577,C.J. Stroud,QB,BE,False,0.0,0.0,False
12,False,4,Injured Reserve ,3915189,Roquan Smith,LB,BE,False,11.0,9.77,False
12,False,4,Injured Reserve ,15835,Zach Ertz,TE,TE,True,0.0,0.0,True
12,False,4,Injured Reserve ,4429022,Kayshon Boutte,WR,BE,False,2.5,8.25,False
12,False,4,Injured Reserve ,4430871,Sean Tucker,RB,RB/WR/TE,True,5.1,9.61,False
12,False,4,Injured Reserve ,4035232,Tyrel Dodson,LB,DP,True,0.0,0.0,True
12,False,4,Injured Reserve ,-16013,Raiders D/ST,D/ST,D/ST,True,7.0,7.08,False
12,False,4,Injured Reserve ,4574716,Harrison Mevis,K,K,True,13.0,8.67,False
12,False,1,Nico Suave,4258173,Nico Collins,WR,WR,True,7.0,13.64,False
12,False,1,Nico Suave,4685382,Omarion Hampton,RB,IR,False,0.0,0.0,True
12,False,1,Nico Suave,4426354,George Pickens,WR,RB/WR/TE,True,25.1,13.83,False
12,False,1,Nico Suave,3916433,Jakobi Meyers,WR,BE,False,13.0,8.19,False
12,False,1,Nico Suave,3116365,Mark Andrews,TE,TE,True,1.6,8.43,False
12,False,1,Nico Suave,2577417,Dak Prescott,QB,QB,True,27.06,17.71,False
12,False,1,Nico Suave,3929645,Juwan Johnson,TE,BE,False,7.6,7.48,False
12,False,1,Nico Suave,4371733,Kenneth Gainwell,RB,RB,True,15.2,8.61,False
12,False,1,Nico Suave,-16005,Browns D/ST,D/ST,D/ST,True,17.0,7.72,False
12,False,1,Nico Suave,4688813,Josh Downs,WR,BE,False,2.0,8.45,False
12,False,1,Nico Suave,4430968,Kimani Vidal,RB,BE,False,0.0,0.0,True
12,False,1,Nico Suave,4433970,J.J. McCarthy,QB,BE,False,0.48,14.18,False
12,False,1,Nico Suave,4431299,Rome Odunze,WR,WR,True,6.8,11.47,False
12,False,1,Nico Suave,4567048,Kenneth Walker III,RB,RB,True,11.6,13.04,False
12,False,1,Nico Suave,2971573,Ka'imi Fairbairn,K,K,True,12.0,7.93,False
12,False,1,Nico Suave,4361331,Jamien Sherwood,LB,DP,True,13.0,9.83,False
12,False,1,Nico Suave,4685720,Bryce Young,QB,BE,False,8.26,14.47,False
12,False,1,Nico Suave,4568490,RJ Harvey,RB,BE,False,0.0,0.0,True
12,False,12,Blake's Holographic Charizard,3929630,Saquon Barkley,RB,RB,True,8.9,15.29,False
12,False,12,Blake's Holographic Charizard,4612826,Ladd McConkey,WR,BE,False,0.0,0.0,True
12,False,12,Blake's Holographic Charizard,4239993,Tee Higgins,WR,WR,True,5.6,12.91,False
12,False,12,Blake's Holographic Charizard,4683062,Xavier Worthy,WR,WR,True,7.9,9.57,False
12,False,12,Blake's Holographic Charizard,4241474,Brian Robinson Jr.,RB,BE,False,4.9,4.62,False
12,False,12,Blake's Holographic Charizard,4431611,Caleb Williams,QB,QB,True,21.66,17.73,False
12,False,12,Blake's Holographic Charizard,4362081,Cameron Dicker,K,BE,False,0.0,0.0,True
12,False,12,Blake's Holographic Charizard,4575131,Jacory Croskey-Merritt,RB,BE,False,0.0,0.0,True
12,False,12,Blake's Holographic Charizard,5083076,Harold Fannin Jr.,TE,TE,True,6.4,6.96,False
12,False,12,Blake's Holographic Charizard,-16011,Colts D/ST,D/ST,BE,False,3.0,3.96,False
12,False,12,Blake's Holographic Charizard,4430539,Brenton Strange,TE,IR,False,11.8,5.98,False
12,False,12,Blake's Holographic Charizard,4038815,Rico Dowdle,RB,RB,True,9.4,17.12,False
12,False,12,Blake's Holographic Charizard,3912547,Sam Darnold,QB,BE,False,17.66,15.16,False
12,False,12,Blake's Holographic Charizard,4569465,Jack Campbell,LB,DP,True,11.0,10.53,False
12,False,12,Blake's Holographic Charizard,4428718,Tre Tucker,WR,BE,False,4.3,7.87,False
12,False,12,Blake's Holographic Charizard,-16006,Cowboys D/ST,D/ST,D/ST,True,5.0,4.22,False
12,False,12,Blake's Holographic Charizard,17427,Cairo Santos,K,K,True,8.0,8.2,False
12,False,12,Blake's Holographic Charizard,4040761,Devin Singletary,RB,RB/WR/TE,True,4.7,9.08,False
12,False,6,Thom-ASS,3117251,Christian McCaffrey,RB,RB/WR/TE,True,23.7,23.08,False
12,False,6,Thom-ASS,4242335,Jonathan Taylor,RB,RB,True,7.6,18.94,False
12,False,6,Thom-ASS,4040715,Jalen Hurts,QB,QB,True,30.86,22.41,False
12,False,6,Thom-ASS,3128429,Courtland Sutton,WR,BE,False,0.0,0.0,True
12,False,6,Thom-ASS,15847,Travis Kelce,TE,TE,True,6.4,9.45,False
12,False,6,Thom-ASS,4360516,Tyrone Tracy Jr.,RB,RB,True,14.5,11.5,False
12,False,6,Thom-ASS,2976212,Stefon Diggs,WR,WR,True,3.0,13.6,False
12,False,6,Thom-ASS,4635008,Keon Coleman,WR,BE,False,0.0,0.0,False
12,False,6,Thom-ASS,4362249,Jayden Reed,WR,IR,False,0.0,0.0,False
12,False,6,Thom-ASS,4697815,Rachaad White,RB,BE,False,4.7,9.17,False
12,False,6,Thom-ASS,4689936,Jake Bates,K,K,True,12.0,8.93,False
12,False,6,Thom-ASS,3128720,Nick Chubb,RB,BE,False,2.0,5.88,False
12,False,6,Thom-ASS,4569587,Wan'Dale Robinson,WR,WR,True,27.1,11.06,False
12,False,6,Thom-ASS,14979,Bobby Wagner,LB,BE,False,0.0,0.0,True
12,False,6,Thom-ASS,-16014,Rams D/ST,D/ST,D/ST,True,20.0,5.66,False
12,False,6,Thom-ASS,3925357,Calvin Ridley,WR,BE,False,0.0,0.0,False
12,False,6,Thom-ASS,3929950,Tremaine Edmunds,LB,DP,True,0.0,0.0,False
12,False,6,Thom-ASS,3916148,Tony Pollard,RB,BE,False,6.1,8.74,False
13,False,5,Flowers for Allgeiernon,4362628,Ja'Marr Chase,WR,WR,True,14.5,17.63,False
13,False,5,Flowers for Allgeiernon,4430737,Kyren Williams,RB,RB,True,13.2,12.91,False
13,False,5,Flowers for Allgeiernon,4361307,Trey McBride,TE,TE,True,18.2,13.7,False
13,False,5,Flowers for Allgeiernon,4239996,Travis Etienne Jr.,RB,RB,True,4.6,13.9,False
13,False,5,Flowers for Allgeiernon,4241478,DeVonta Smith,WR,WR,True,7.3,12.44,False
13,False,5,Flowers for Allgeiernon,4429615,Zay Flowers,WR,RB/WR/TE,True,-0.4,11.76,False
13,False,5,Flowers for Allgeiernon,4373626,Tyler Allgeier,RB,BE,False,12.5,7.39,False
13,False,5,Flowers for Allgeiernon,12483,Matthew Stafford,QB,QB,True,11.62,18.87,False
13,False,5,Flowers for Allgeiernon,4431280,Troy Franklin,WR,BE,False,4.1,11.01,False
13,False,5,Flowers for Allgeiernon,-16030,Jaguars D/ST,D/ST,D/ST,True,14.0,7.15,False
13,False,5,Flowers for Allgeiernon,4608686,Kyle Monangai,RB,BE,False,19.0,7.53,False
13,False,5,Flowers for Allgeiernon,4248528,Christian Watson,WR,BE,False,16.3,10.39,False
13,False,5,Flowers for Allgeiernon,2473037,Jason Myers,K,K,True,19.0,8.5,False
13,False,5,Flowers for Allgeiernon,4695404,Isaiah Davis,RB,BE,False,1.0,5.19,False
13,False,5,Flowers for Allgeiernon,4887558,Emanuel Wilson,RB,BE,False,1.4,4.99,False
13,False,5,Flowers for Allgeiernon,4688380,Cam Ward,QB,BE,False,6.34,13.31,False
13,False,5,Flowers for Allgeiernon,14958,Demario Davis,LB,DP,True,9.0,9.84,False
13,False,11,ConcreteJungleWet DreamTomato,4890973,Ashton Jeanty,RB,RB,True,9.1,13.35,False
13,False,11,ConcreteJungleWet DreamTomato,4379399,James Cook III,RB,RB,True,17.2,16.82,False
13,False,11,ConcreteJungleWet DreamTomato,3139477,Patrick Mahomes,QB,QB,True,29.44,21.66,False
13,False,11,ConcreteJungleWet DreamTomato,4036133,T.J. Hockenson,TE,BE,False,8.9,4.82,False
13,False,11,ConcreteJungleWet DreamTomato,4241463,Jerry Jeudy,WR,BE,False,4.1,7.43,False
13,False,11,ConcreteJungleWet DreamTomato,4685702,Quinshon Judkins,RB,RB/WR/TE,True,14.4,12.55,False
13,False,11,ConcreteJungleWet DreamTomato,-16034,Texans D/ST,D/ST,D/ST,True,4.0,5.17,False
13,False,11,ConcreteJungleWet DreamTomato,4035687,Michael Pittman Jr.,WR,WR,True,1.8,10.48,False
13,False,11,ConcreteJungleWet DreamTomato,3046439,Hunter Henry,TE,TE,True,9.3,9.37,False
13,False,11,ConcreteJungleWet DreamTomato,4040655,Darnell Mooney,WR,WR,True,3.5,8.6,False
13,False,11,ConcreteJungleWet DreamTomato,3055899,Harrison Butker,K,K,True,4.0,8.65,False
13,False,11,ConcreteJungleWet DreamTomato,4362921,Tyquan Thornton,WR,BE,False,0.0,2.68,False
13,False,11,ConcreteJungleWet DreamTomato,4686472,Marvin Mims Jr.,WR,IR,False,2.7,5.33,False
13,False,11,ConcreteJungleWet DreamTomato,3129446,Robert Spillane,LB,DP,True,2.0,9.7,False
13,False,11,ConcreteJungleWet DreamTomato,4243389,Calvin Austin III,WR,BE,False,0.0,5.85,False
13,False,11,ConcreteJungleWet DreamTomato,4431268,Chimere Dike,WR,BE,False,-0.6,8.35,False
13,False,11,ConcreteJungleWet DreamTomato,2985659,Wil Lutz,K,BE,False,9.0,8.08,False
13,False,11,ConcreteJungleWet DreamTomato,2576980,Marcus Mariota,QB,BE,False,23.26,14.84,False
13,False,10,Silence of the Lamb,4241389,CeeDee Lamb,WR,WR,True,20.7,16.34,False
13,False,10,Silence of the Lamb,4426502,Drake London,WR,BE,False,0.0,0.0,False
13,False,10,Silence of the Lamb,3916387,Lamar Jackson,QB,BE,False,7.54,21.33,False
13,False,10,Silence of the Lamb,3054850,Alvin Kamara,RB,BE,False,0.0,0.0,False
13,False,10,Silence of the Lamb,4047650,DK Metcalf,WR,RB/WR/TE,True,4.7,11.27,False
13,False,10,Silence of the Lamb,4361529,Isiah Pacheco,RB,RB,True,4.3,8.95,False
13,False,10,Silence of the Lamb,4426388,Jameson Williams,WR,WR,True,23.4,10.0,False
13,False,10,Silence of the Lamb,4361579,Javonte Williams,RB,RB,True,15.5,13.83,False
13,False,10,Silence of the Lamb,3953687,Brandon Aubrey,K,K,True,12.0,8.79,False
13,False,10,Silence of the Lamb,-16007,Broncos D/ST,D/ST,D/ST,True,1.0,7.16,False
13,False,10,Silence of the Lamb,4431452,Drake Maye,QB,QB,True,20.48,22.37,False
13,False,10,Silence of the Lamb,4361432,Romeo Doubs,WR,BE,False,10.0,9.03,False
13,False,10,Silence of the Lamb,4429148,Theo Johnson,TE,TE,True,4.4,6.99,False
13,False,10,Silence of the Lamb,4608810,Tez Johnson,WR,BE,False,1.0,5.36,False
13,False,10,Silence of the Lamb,4429834,Cedric Gray,LB,DP,True,9.0,9.82,False
13,False,10,Silence of the Lamb,-16008,Lions D/ST,D/ST,BE,False,-2.0,4.38,False
13,False,10,Silence of the Lamb,4882093,Bhayshul Tuten,RB,BE,False,8.4,6.72,False
13,False,8,SCLSU Mud Dogs,4429795,Jahmyr Gibbs,RB,RB,True,10.1,18.62,False
13,False,8,SCLSU Mud Dogs,4432665,Brock Bowers,TE,TE,True,20.3,11.39,False
13,False,8,SCLSU Mud Dogs,4426348,Jayden Daniels,QB,BE,False,0.0,0.0,False
13,False,8,SCLSU Mud Dogs,16800,Davante Adams,WR,WR,True,19.8,14.05,False
13,False,8,SCLSU Mud Dogs,3915416,DJ Moore,WR,BE,False,3.7,8.0,False
13,False,8,SCLSU Mud Dogs,4428331,Rashee Rice,WR,WR,True,25.4,15.02,False
13,False,8,SCLSU Mud Dogs,4360569,Jordan Mason,RB,BE,False,5.3,5.41,False
13,False,8,SCLSU Mud Dogs,4429205,Jordan Addison,WR,BE,False,6.1,6.81,False
13,False,8,SCLSU Mud Dogs,4360248,Kyle Pitts Sr.,TE,BE,False,11.7,8.96,False
13,False,8,SCLSU Mud Dogs,3117253,Bobby Okereke,LB,DP,True,7.0,8.9,False
13,False,8,SCLSU Mud Dogs,4689114,Jaxson Dart,QB,QB,True,13.56,18.84,False
13,False,8,SCLSU Mud Dogs,3059915,Kareem Hunt,RB,RB,True,8.5,8.81,False
13,False,8,SCLSU Mud Dogs,4595342,Oronde Gadsden,TE,RB/WR/TE,True,3.2,8.55,False
13,False,8,SCLSU Mud Dogs,4697745,Tyler Loop,K,K,True,2.0,8.73,False
13,False,8,SCLSU Mud Dogs,3121422,Terry McLaurin,WR,BE,False,19.1,9.02,False
13,False,8,SCLSU Mud Dogs,-16001,Falcons D/ST,D/ST,D/ST,True,4.0,6.73,False
13,False,8,SCLSU Mud Dogs,4360423,Michael Penix Jr.,QB,IR,False,0.0,0.0,False
13,False,8,SCLSU Mud Dogs,2578570,Jacoby Brissett,QB,BE,False,19.64,17.23,False
13,False,13,Christopher's Kryptonite ,4430807,Bijan Robinson,RB,RB,True,27.8,18.5,False
13,False,13,Christopher's Kryptonite ,4362238,Chase Brown,RB,RB,True,14.8,13.69,False
13,False,13,Christopher's Kryptonite ,4430878,Jaxon Smith-Njigba,WR,WR,True,3.3,18.29,False
13,False,13,Christopher's Kryptonite ,4035538,David Montgomery,RB,RB/WR/TE,True,11.8,9.42,False
13,False,13,Christopher's Kryptonite ,4428209,Ricky Pearsall,WR,BE,False,2.4,6.65,False
13,False,13,Christopher's Kryptonite ,3116165,Chris Godwin Jr.,WR,BE,False,9.3,6.55,False
13,False,13,Christopher's Kryptonite ,4242355,Jake Ferguson,TE,TE,True,7.1,8.37,False
13,False,13,Christopher's Kryptonite ,3150744,Chase McLaughlin,K,K,True,10.0,8.01,False
13,False,13,Christopher's Kryptonite ,-16026,Seahawks D/ST,D/ST,D/ST,True,28.0,8.53,False
13,False,13,Christopher's Kryptonite ,3917792,Daniel Jones,QB,BE,False,16.14,17.22,False
13,False,13,Christopher's Kryptonite ,4685472,Tetairoa McMillan,WR,WR,True,10.8,10.57,False
13,False,13,Christopher's Kryptonite ,4429275,Trey Benson,RB,BE,False,0.0,0.0,False
13,False,13,Christopher's Kryptonite ,4723086,Colston Loveland,TE,BE,False,4.3,5.93,False
13,False,13,Christopher's Kryptonite ,4360078,Alec Pierce,WR,BE,False,15.8,8.29,False
13,False,13,Christopher's Kryptonite ,3915511,Joe Burrow,QB,QB,True,19.24,17.87,False
13,False,13,Christopher's Kryptonite ,4361741,Brock Purdy,QB,BE,False,17.12,14.66,False
13,False,13,Christopher's Kryptonite ,4035434,Devin White,LB,DP,True,11.0,9.79,False
13,False,13,Christopher's Kryptonite ,16737,Mike Evans,WR,IR,False,0.0,0.0,False
13,False,14,Deston's Ride or Dies ,4426515,Puka Nacua,WR,WR,True,10.2,16.41,False
13,False,14,Deston's Ride or Dies ,4596448,Bucky Irving,RB,BE,False,15.1,10.52,False
13,False,14,Deston's Ride or Dies ,4432708,Marvin Harrison Jr.,WR,RB/WR/TE,True,9.9,11.42,False
13,False,14,Deston's Ride or Dies ,4427366,Breece Hall,RB,RB,True,14.6,14.9,False
13,False,14,Deston's Ride or Dies ,4432710,TreVeyon Henderson,RB,RB,True,10.1,15.38,False
13,False,14,Deston's Ride or Dies ,4567750,Emeka Egbuka,WR,WR,True,6.2,11.87,False
13,False,14,Deston's Ride or Dies ,4431459,Tyler Warren,TE,TE,True,9.7,10.68,False
13,False,14,Deston's Ride or Dies ,4426385,Zach Charbonnet,RB,BE,False,11.2,8.1,False
13,False,14,Deston's Ride or Dies ,4429025,Quentin Johnston,WR,BE,False,9.8,8.44,False
13,False,14,Deston's Ride or Dies ,3886598,Jauan Jennings,WR,BE,False,11.9,9.2,False
13,False,14,Deston's Ride or Dies ,4569603,Malik Washington,WR,BE,False,5.0,6.78,False
13,False,14,Deston's Ride or Dies ,17372,Chris Boswell,K,K,True,1.0,8.42,False
13,False,14,Deston's Ride or Dies ,3728281,Blake Cashman,LB,DP,True,9.0,10.58,False
13,False,14,Deston's Ride or Dies ,4427728,Bam Knight,RB,BE,False,16.3,10.96,False
13,False,14,Deston's Ride or Dies ,3046779,Jared Goff,QB,QB,True,20.64,15.97,False
13,False,14,Deston's Ride or Dies ,-16002,Bills D/ST,D/ST,D/ST,True,17.0,5.95,False
13,False,14,Deston's Ride or Dies ,4682652,Devin Neal,RB,BE,False,8.4,9.35,False
13,False,1,Nico Suave,4258173,Nico Collins,WR,WR,True,19.0,13.52,False
13,False,1,Nico Suave,4685382,Omarion Hampton,RB,IR,False,0.0,0.0,False
13,False,1,Nico Suave,4426354,George Pickens,WR,WR,True,13.8,15.65,False
13,False,1,Nico Suave,3916433,Jakobi Meyers,WR,BE,False,18.3,8.14,False
13,False,1,Nico Suave,3116365,Mark Andrews,TE,BE,False,6.7,10.15,False
13,False,1,Nico Suave,2577417,Dak Prescott,QB,QB,True,20.6,19.38,False
13,False,1,Nico Suave,3929645,Juwan Johnson,TE,TE,True,6.4,6.68,False
13,False,1,Nico Suave,4371733,Kenneth Gainwell,RB,RB,True,5.5,11.05,False
13,False,1,Nico Suave,-16005,Browns D/ST,D/ST,BE,False,3.0,5.43,False
13,False,1,Nico Suave,4688813,Josh Downs,WR,BE,False,5.4,7.02,False
13,False,1,Nico Suave,4430968,Kimani Vidal,RB,BE,False,20.2,11.53,False
13,False,1,Nico Suave,4431299,Rome Odunze,WR,BE,False,1.8,11.64,False
13,False,1,Nico Suave,4567048,Kenneth Walker III,RB,RB/WR/TE,True,8.9,13.04,False
13,False,1,Nico Suave,2971573,Ka'imi Fairbairn,K,K,True,9.0,7.73,False
13,False,1,Nico Suave,4685720,Bryce Young,QB,BE,False,22.54,10.56,False
13,False,1,Nico Suave,4568490,RJ Harvey,RB,RB,True,19.7,13.21,False
13,False,1,Nico Suave,-16025,49ers D/ST,D/ST,D/ST,True,12.0,7.02,False
13,False,1,Nico Suave,4431519,Barrett Carter,LB,DP,True,5.0,9.53,False
13,False,3,Jim Ward's Ole Dick Necks,4429160,De'Von Achane,RB,RB,True,19.4,21.78,False
13,False,3,Jim Ward's Ole Dick Necks,4047646,A.J. Brown,WR,WR,True,30.2,13.9,False
13,False,3,Jim Ward's Ole Dick Necks,4569618,Garrett Wilson,WR,IR,False,0.0,0.0,False
13,False,3,Jim Ward's Ole Dick Necks,4259545,D'Andre Swift,RB,BE,False,20.3,10.42,False
13,False,3,Jim Ward's Ole Dick Necks,4372016,Jaylen Waddle,WR,WR,True,5.5,11.59,False
13,False,3,Jim Ward's Ole Dick Necks,4241985,J.K. Dobbins,RB,BE,False,0.0,0.0,False
13,False,3,Jim Ward's Ole Dick Necks,4036378,Jordan Love,QB,BE,False,25.76,15.72,False
13,False,3,Jim Ward's Ole Dick Necks,3121023,Dallas Goedert,TE,TE,True,3.7,8.51,False
13,False,3,Jim Ward's Ole Dick Necks,4038941,Justin Herbert,QB,QB,True,12.84,18.2,False
13,False,3,Jim Ward's Ole Dick Necks,4043130,Jordyn Brooks,LB,DP,True,12.0,12.09,False
13,False,3,Jim Ward's Ole Dick Necks,-16009,Packers D/ST,D/ST,BE,False,2.0,3.84,False
13,False,3,Jim Ward's Ole Dick Necks,3117256,Dalton Schultz,TE,BE,False,9.0,7.01,False
13,False,3,Jim Ward's Ole Dick Necks,3043078,Derrick Henry,RB,RB,True,16.9,19.72,False
13,False,3,Jim Ward's Ole Dick Necks,4569923,Andy Borregales,K,K,True,14.0,8.81,False
13,False,3,Jim Ward's Ole Dick Necks,4432620,Parker Washington,WR,RB/WR/TE,True,3.1,7.48,False
13,False,3,Jim Ward's Ole Dick Necks,-16024,Chargers D/ST,D/ST,D/ST,True,11.0,9.1,False
13,False,3,Jim Ward's Ole Dick Necks,4567096,John Metchie III,WR,BE,False,3.7,7.25,False
13,False,6,Thom-ASS,3117251,Christian McCaffrey,RB,RB,True,15.4,20.75,False
13,False,6,Thom-ASS,4242335,Jonathan Taylor,RB,RB,True,13.6,18.92,False
13,False,6,Thom-ASS,4040715,Jalen Hurts,QB,QB,True,16.3,23.39,False
13,False,6,Thom-ASS,3128429,Courtland Sutton,WR,WR,True,14.7,11.41,False
13,False,6,Thom-ASS,15847,Travis Kelce,TE,TE,True,13.0,9.37,False
13,False,6,Thom-ASS,4360516,Tyrone Tracy Jr.,RB,RB/WR/TE,True,3.8,11.06,False
13,False,6,Thom-ASS,2976212,Stefon Diggs,WR,WR,True,4.1,11.0,False
13,False,6,Thom-ASS,4635008,Keon Coleman,WR,BE,False,7.9,3.75,False
13,False,6,Thom-ASS,4362249,Jayden Reed,WR,IR,False,0.0,0.0,False
13,False,6,Thom-ASS,4697815,Rachaad White,RB,BE,False,4.4,5.58,False
13,False,6,Thom-ASS,4689936,Jake Bates,K,K,True,6.0,8.59,False
13,False,6,Thom-ASS,3128720,Nick Chubb,RB,BE,False,9.4,4.77,False
13,False,6,Thom-ASS,4569587,Wan'Dale Robinson,WR,BE,False,6.9,10.82,False
13,False,6,Thom-ASS,14979,Bobby Wagner,LB,DP,True,10.0,10.06,False
13,False,6,Thom-ASS,-16014,Rams D/ST,D/ST,D/ST,True,1.0,7.5,False
13,False,6,Thom-ASS,3925357,Calvin Ridley,WR,BE,False,0.0,0.0,False
13,False,6,Thom-ASS,3916148,Tony Pollard,RB,BE,False,4.8,9.01,False
13,False,6,Thom-ASS,-16023,Steelers D/ST,D/ST,BE,False,3.0,4.62,False
13,False,4,Injured Reserve ,4374302,Amon-Ra St. Brown,WR,WR,True,0.0,16.76,False
13,False,4,Injured Reserve ,4047365,Josh Jacobs,RB,RB,True,9.6,17.73,False
13,False,4,Injured Reserve ,4361370,Chris Olave,WR,BE,False,12.7,12.64,False
13,False,4,Injured Reserve ,4430027,Sam LaPorta,TE,BE,False,0.0,0.0,False
13,False,4,Injured Reserve ,4569173,Rhamondre Stevenson,RB,BE,False,9.5,10.93,False
13,False,4,Injured Reserve ,3052587,Baker Mayfield,QB,BE,False,14.46,15.48,False
13,False,4,Injured Reserve ,3126486,Deebo Samuel,WR,WR,True,8.6,9.41,False
13,False,4,Injured Reserve ,4569987,Jaylen Warren,RB,RB,True,11.4,12.88,False
13,False,4,Injured Reserve ,4429096,Blake Corum,RB,BE,False,14.1,6.2,False
13,False,4,Injured Reserve ,4432577,C.J. Stroud,QB,QB,True,9.04,17.18,False
13,False,4,Injured Reserve ,3915189,Roquan Smith,LB,BE,False,11.0,9.9,False
13,False,4,Injured Reserve ,15835,Zach Ertz,TE,TE,True,15.6,6.85,False
13,False,4,Injured Reserve ,4429022,Kayshon Boutte,WR,BE,False,11.5,6.82,False
13,False,4,Injured Reserve ,4430871,Sean Tucker,RB,RB/WR/TE,True,0.0,6.49,False
13,False,4,Injured Reserve ,4035232,Tyrel Dodson,LB,DP,True,8.0,10.25,False
13,False,4,Injured Reserve ,-16013,Raiders D/ST,D/ST,D/ST,True,4.0,5.7,False
13,False,4,Injured Reserve ,4574716,Harrison Mevis,K,K,True,4.0,8.59,False
13,False,9,Men of Will,4262921,Justin Jefferson,WR,WR,True,2.4,11.01,False
13,False,9,Men of Will,4432773,Brian Thomas Jr.,WR,BE,False,3.8,9.85,False
13,False,9,Men of Will,3918298,Josh Allen,QB,QB,True,16.72,20.75,False
13,False,9,Men of Will,3040151,George Kittle,TE,TE,True,8.7,10.42,False
13,False,9,Men of Will,3042519,Aaron Jones Sr.,RB,RB,True,2.5,10.79,False
13,False,9,Men of Will,2977187,Cooper Kupp,WR,BE,False,3.9,6.99,False
13,False,9,Men of Will,4426338,Bo Nix,QB,BE,False,16.44,20.27,False
13,False,9,Men of Will,4373678,Khalil Shakir,WR,WR,True,1.0,9.63,False
13,False,9,Men of Will,4686361,Cam Little,K,K,True,6.0,8.14,False
13,False,9,Men of Will,4430034,Xavier Legette,WR,BE,False,0.6,4.83,False
13,False,9,Men of Will,15818,Keenan Allen,WR,BE,False,5.0,9.64,False
13,False,9,Men of Will,4429059,Woody Marks,RB,RB,True,7.2,10.93,False
13,False,9,Men of Will,4428557,Tyjae Spears,RB,BE,False,5.4,8.18,False
13,False,9,Men of Will,-16017,Patriots D/ST,D/ST,D/ST,True,13.0,5.95,False
13,False,9,Men of Will,4360761,Michael Wilson,WR,RB/WR/TE,True,5.1,9.24,False
13,False,9,Men of Will,3050073,Foyesade Oluokun,LB,DP,True,6.0,9.47,False
13,False,9,Men of Will,4877706,Jayden Higgins,WR,BE,False,9.0,8.62,False
13,False,12,Blake's Holographic Charizard,3929630,Saquon Barkley,RB,RB,True,5.6,16.03,False
13,False,12,Blake's Holographic Charizard,4612826,Ladd McConkey,WR,WR,True,11.9,10.72,False
13,False,12,Blake's Holographic Charizard,4239993,Tee Higgins,WR,BE,False,0.0,0.0,False
13,False,12,Blake's Holographic Charizard,4683062,Xavier Worthy,WR,WR,True,9.4,9.22,False
13,False,12,Blake's Holographic Charizard,4241474,Brian Robinson Jr.,RB,BE,False,2.6,5.04,False
13,False,12,Blake's Holographic Charizard,4431611,Caleb Williams,QB,QB,True,10.46,17.4,False
13,False,12,Blake's Holographic Charizard,4362081,Cameron Dicker,K,K,True,10.0,8.51,False
13,False,12,Blake's Holographic Charizard,4575131,Jacory Croskey-Merritt,RB,BE,False,2.0,5.04,False
13,False,12,Blake's Holographic Charizard,5083076,Harold Fannin Jr.,TE,TE,True,9.8,7.26,False
13,False,12,Blake's Holographic Charizard,-16011,Colts D/ST,D/ST,D/ST,True,3.0,5.76,False
13,False,12,Blake's Holographic Charizard,4430539,Brenton Strange,TE,IR,False,12.0,6.87,False
13,False,12,Blake's Holographic Charizard,4038815,Rico Dowdle,RB,RB,True,8.9,13.37,False
13,False,12,Blake's Holographic Charizard,3912547,Sam Darnold,QB,BE,False,3.12,15.17,False
13,False,12,Blake's Holographic Charizard,4569465,Jack Campbell,LB,DP,True,9.0,10.09,False
13,False,12,Blake's Holographic Charizard,4428718,Tre Tucker,WR,BE,False,3.5,8.48,False
13,False,12,Blake's Holographic Charizard,-16006,Cowboys D/ST,D/ST,BE,False,1.0,3.25,False
13,False,12,Blake's Holographic Charizard,17427,Cairo Santos,K,BE,False,6.0,7.91,False
13,False,12,Blake's Holographic Charizard,4040761,Devin Singletary,RB,RB/WR/TE,True,17.7,5.76,False
14,False,11,ConcreteJungleWet DreamTomato,4890973,Ashton Jeanty,RB,RB/WR/TE,True,4.8,13.35,False
14,False,11,ConcreteJungleWet DreamTomato,4379399,James Cook III,RB,RB,True,10.1,20.23,False
14,False,11,ConcreteJungleWet DreamTomato,3139477,Patrick Mahomes,QB,QB,True,5.8,17.86,False
14,False,11,ConcreteJungleWet DreamTomato,4036133,T.J. Hockenson,TE,TE,True,8.2,6.77,False
14,False,11,ConcreteJungleWet DreamTomato,4241463,Jerry Jeudy,WR,BE,False,15.1,7.43,False
14,False,11,ConcreteJungleWet DreamTomato,4685702,Quinshon Judkins,RB,RB,True,8.9,14.18,False
14,False,11,ConcreteJungleWet DreamTomato,-16034,Texans D/ST,D/ST,D/ST,True,13.0,4.81,False
14,False,11,ConcreteJungleWet DreamTomato,4035687,Michael Pittman Jr.,WR,WR,True,13.4,10.1,False
14,False,11,ConcreteJungleWet DreamTomato,3046439,Hunter Henry,TE,BE,False,0.0,0.0,True
14,False,11,ConcreteJungleWet DreamTomato,4040655,Darnell Mooney,WR,BE,False,1.1,7.58,False
14,False,11,ConcreteJungleWet DreamTomato,3055899,Harrison Butker,K,K,True,3.0,8.21,False
14,False,11,ConcreteJungleWet DreamTomato,4686472,Marvin Mims Jr.,WR,BE,False,7.2,4.26,False
14,False,11,ConcreteJungleWet DreamTomato,3129446,Robert Spillane,LB,BE,False,0.0,0.0,True
14,False,11,ConcreteJungleWet DreamTomato,4243389,Calvin Austin III,WR,BE,False,3.6,5.36,False
14,False,11,ConcreteJungleWet DreamTomato,4431268,Chimere Dike,WR,WR,True,10.9,7.73,False
14,False,11,ConcreteJungleWet DreamTomato,2576980,Marcus Mariota,QB,BE,False,-2.1,0.0,False
14,False,11,ConcreteJungleWet DreamTomato,4379416,Quay Walker,LB,DP,True,9.0,9.31,False
14,False,10,Silence of the Lamb,4241389,CeeDee Lamb,WR,WR,True,15.1,16.12,False
14,False,10,Silence of the Lamb,4426502,Drake London,WR,BE,False,0.0,0.0,False
14,False,10,Silence of the Lamb,3916387,Lamar Jackson,QB,QB,True,21.06,16.83,False
14,False,10,Silence of the Lamb,3054850,Alvin Kamara,RB,BE,False,0.0,0.0,False
14,False,10,Silence of the Lamb,4047650,DK Metcalf,WR,RB/WR/TE,True,18.3,10.2,False
14,False,10,Silence of the Lamb,4361529,Isiah Pacheco,RB,RB,True,3.0,7.63,False
14,False,10,Silence of the Lamb,4426388,Jameson Williams,WR,WR,True,13.8,11.83,False
14,False,10,Silence of the Lamb,4361579,Javonte Williams,RB,RB,True,13.7,13.0,False
14,False,10,Silence of the Lamb,3953687,Brandon Aubrey,K,K,True,24.0,8.89,False
14,False,10,Silence of the Lamb,-16007,Broncos D/ST,D/ST,D/ST,True,13.0,8.97,False
14,False,10,Silence of the Lamb,4431452,Drake Maye,QB,BE,False,0.0,0.0,True
14,False,10,Silence of the Lamb,4361432,Romeo Doubs,WR,BE,False,0.0,8.6,False
14,False,10,Silence of the Lamb,4429148,Theo Johnson,TE,BE,False,0.0,0.0,True
14,False,10,Silence of the Lamb,4608810,Tez Johnson,WR,BE,False,0.0,4.99,False
14,False,10,Silence of the Lamb,4429834,Cedric Gray,LB,DP,True,12.0,9.53,False
14,False,10,Silence of the Lamb,4576297,AJ Barner,TE,BE,False,4.2,7.41,False
14,False,10,Silence of the Lamb,4385690,Dalton Kincaid,TE,TE,True,12.1,8.11,False
14,False,8,SCLSU Mud Dogs,4429795,Jahmyr Gibbs,RB,RB,True,33.5,20.81,False
14,False,8,SCLSU Mud Dogs,4432665,Brock Bowers,TE,TE,True,12.6,10.29,False
14,False,8,SCLSU Mud Dogs,4426348,Jayden Daniels,QB,BE,False,2.72,18.33,False
14,False,8,SCLSU Mud Dogs,16800,Davante Adams,WR,WR,True,4.9,14.2,False
14,False,8,SCLSU Mud Dogs,3915416,DJ Moore,WR,BE,False,0.1,10.58,False
14,False,8,SCLSU Mud Dogs,4428331,Rashee Rice,WR,RB/WR/TE,True,5.4,14.17,False
14,False,8,SCLSU Mud Dogs,4360569,Jordan Mason,RB,BE,False,11.2,7.87,False
14,False,8,SCLSU Mud Dogs,4429205,Jordan Addison,WR,BE,False,8.2,8.69,False
14,False,8,SCLSU Mud Dogs,4360248,Kyle Pitts Sr.,TE,BE,False,13.0,8.28,False
14,False,8,SCLSU Mud Dogs,4689114,Jaxson Dart,QB,BE,False,0.0,0.0,True
14,False,8,SCLSU Mud Dogs,3059915,Kareem Hunt,RB,RB,True,9.0,8.07,False
14,False,8,SCLSU Mud Dogs,4595342,Oronde Gadsden,TE,BE,False,2.2,7.5,False
14,False,8,SCLSU Mud Dogs,4697745,Tyler Loop,K,K,True,10.0,8.12,False
14,False,8,SCLSU Mud Dogs,3121422,Terry McLaurin,WR,WR,True,6.6,9.78,False
14,False,8,SCLSU Mud Dogs,4360423,Michael Penix Jr.,QB,IR,False,0.0,0.0,False
14,False,8,SCLSU Mud Dogs,2578570,Jacoby Brissett,QB,QB,True,19.04,15.3,False
14,False,8,SCLSU Mud Dogs,-16027,Buccaneers D/ST,D/ST,D/ST,True,7.0,5.84,False
14,False,8,SCLSU Mud Dogs,4243181,Nate Landman,LB,DP,True,4.0,9.71,False
14,False,13,Christopher's Kryptonite ,4430807,Bijan Robinson,RB,RB,True,8.4,18.05,False
14,False,13,Christopher's Kryptonite ,4362238,Chase Brown,RB,RB,True,17.0,12.63,False
14,False,13,Christopher's Kryptonite ,4430878,Jaxon Smith-Njigba,WR,WR,True,24.6,17.26,False
14,False,13,Christopher's Kryptonite ,4035538,David Montgomery,RB,RB/WR/TE,True,13.8,9.78,False
14,False,13,Christopher's Kryptonite ,4428209,Ricky Pearsall,WR,BE,False,0.0,0.0,True
14,False,13,Christopher's Kryptonite ,3116165,Chris Godwin Jr.,WR,BE,False,8.0,8.89,False
14,False,13,Christopher's Kryptonite ,4242355,Jake Ferguson,TE,TE,True,8.3,8.52,False
14,False,13,Christopher's Kryptonite ,3150744,Chase McLaughlin,K,K,True,9.0,8.02,False
14,False,13,Christopher's Kryptonite ,-16026,Seahawks D/ST,D/ST,D/ST,True,20.0,6.26,False
14,False,13,Christopher's Kryptonite ,3917792,Daniel Jones,QB,BE,False,0.8,17.23,False
14,False,13,Christopher's Kryptonite ,4685472,Tetairoa McMillan,WR,BE,False,0.0,0.0,True
14,False,13,Christopher's Kryptonite ,4429275,Trey Benson,RB,BE,False,0.0,0.0,False
14,False,13,Christopher's Kryptonite ,4723086,Colston Loveland,TE,BE,False,10.9,7.35,False
14,False,13,Christopher's Kryptonite ,4360078,Alec Pierce,WR,WR,True,11.5,9.0,False
14,False,13,Christopher's Kryptonite ,3915511,Joe Burrow,QB,QB,True,23.36,18.0,False
14,False,13,Christopher's Kryptonite ,4361741,Brock Purdy,QB,BE,False,0.0,0.0,True
14,False,13,Christopher's Kryptonite ,4035434,Devin White,LB,DP,True,19.0,9.86,False
14,False,13,Christopher's Kryptonite ,16737,Mike Evans,WR,IR,False,0.0,0.0,False
14,False,14,Deston's Ride or Dies ,4426515,Puka Nacua,WR,WR,True,32.2,16.9,False
14,False,14,Deston's Ride or Dies ,4596448,Bucky Irving,RB,RB,True,15.1,14.87,False
14,False,14,Deston's Ride or Dies ,4432708,Marvin Harrison Jr.,WR,BE,False,0.0,0.0,False
14,False,14,Deston's Ride or Dies ,4427366,Breece Hall,RB,RB,True,4.3,15.13,False
14,False,14,Deston's Ride or Dies ,4432710,TreVeyon Henderson,RB,BE,False,0.0,0.0,True
14,False,14,Deston's Ride or Dies ,4567750,Emeka Egbuka,WR,WR,True,2.5,11.44,False
14,False,14,Deston's Ride or Dies ,4431459,Tyler Warren,TE,TE,True,2.7,10.39,False
14,False,14,Deston's Ride or Dies ,4426385,Zach Charbonnet,RB,BE,False,8.6,8.52,False
14,False,14,Deston's Ride or Dies ,4429025,Quentin Johnston,WR,BE,False,1.8,7.28,False
14,False,14,Deston's Ride or Dies ,3886598,Jauan Jennings,WR,BE,False,0.0,0.0,True
14,False,14,Deston's Ride or Dies ,4569603,Malik Washington,WR,BE,False,2.5,6.92,False
14,False,14,Deston's Ride or Dies ,17372,Chris Boswell,K,K,True,9.0,7.94,False
14,False,14,Deston's Ride or Dies ,3728281,Blake Cashman,LB,DP,True,10.0,10.71,False
14,False,14,Deston's Ride or Dies ,4427728,Bam Knight,RB,BE,False,4.9,9.56,False
14,False,14,Deston's Ride or Dies ,3046779,Jared Goff,QB,QB,True,16.16,18.52,False
14,False,14,Deston's Ride or Dies ,4682652,Devin Neal,RB,RB/WR/TE,True,15.9,10.7,False
14,False,14,Deston's Ride or Dies ,-16033,Ravens D/ST,D/ST,D/ST,True,0.0,5.94,False
14,False,1,Nico Suave,4258173,Nico Collins,WR,WR,True,14.1,13.86,False
14,False,1,Nico Suave,4685382,Omarion Hampton,RB,RB/WR/TE,True,14.7,11.04,False
14,False,1,Nico Suave,4426354,George Pickens,WR,WR,True,6.2,15.81,False
14,False,1,Nico Suave,3916433,Jakobi Meyers,WR,BE,False,12.8,8.99,False
14,False,1,Nico Suave,3116365,Mark Andrews,TE,BE,False,1.4,7.5,False
14,False,1,Nico Suave,2577417,Dak Prescott,QB,QB,True,19.44,20.31,False
14,False,1,Nico Suave,3929645,Juwan Johnson,TE,TE,True,5.8,7.55,False
14,False,1,Nico Suave,4371733,Kenneth Gainwell,RB,BE,False,13.2,9.51,False
14,False,1,Nico Suave,-16005,Browns D/ST,D/ST,D/ST,True,4.0,6.93,False
14,False,1,Nico Suave,4688813,Josh Downs,WR,BE,False,5.3,7.47,False
14,False,1,Nico Suave,4430968,Kimani Vidal,RB,BE,False,11.9,6.48,False
14,False,1,Nico Suave,4431299,Rome Odunze,WR,BE,False,0.0,0.0,False
14,False,1,Nico Suave,4567048,Kenneth Walker III,RB,RB,True,4.3,12.18,False
14,False,1,Nico Suave,4685720,Bryce Young,QB,BE,False,0.0,0.0,True
14,False,1,Nico Suave,4568490,RJ Harvey,RB,RB,True,19.0,12.35,False
14,False,1,Nico Suave,4362759,Nick Bolton,LB,DP,True,12.0,9.98,False
14,False,1,Nico Suave,3050478,Jake Elliott,K,K,True,16.0,7.64,False
14,False,3,Jim Ward's Ole Dick Necks,4429160,De'Von Achane,RB,RB,True,17.0,21.28,False
14,False,3,Jim Ward's Ole Dick Necks,4047646,A.J. Brown,WR,WR,True,13.0,13.37,False
14,False,3,Jim Ward's Ole Dick Necks,4569618,Garrett Wilson,WR,IR,False,0.0,0.0,False
14,False,3,Jim Ward's Ole Dick Necks,4259545,D'Andre Swift,RB,RB/WR/TE,True,9.7,10.01,False
14,False,3,Jim Ward's Ole Dick Necks,4372016,Jaylen Waddle,WR,WR,True,15.6,11.39,False
14,False,3,Jim Ward's Ole Dick Necks,4241985,J.K. Dobbins,RB,BE,False,0.0,0.0,False
14,False,3,Jim Ward's Ole Dick Necks,4036378,Jordan Love,QB,QB,True,19.26,17.65,False
14,False,3,Jim Ward's Ole Dick Necks,3121023,Dallas Goedert,TE,TE,True,13.8,7.29,False
14,False,3,Jim Ward's Ole Dick Necks,4038941,Justin Herbert,QB,BE,False,12.16,16.17,False
14,False,3,Jim Ward's Ole Dick Necks,4043130,Jordyn Brooks,LB,DP,True,5.0,12.01,False
14,False,3,Jim Ward's Ole Dick Necks,-16009,Packers D/ST,D/ST,BE,False,3.0,3.74,False
14,False,3,Jim Ward's Ole Dick Necks,3117256,Dalton Schultz,TE,BE,False,3.7,7.53,False
14,False,3,Jim Ward's Ole Dick Necks,3043078,Derrick Henry,RB,RB,True,10.7,15.7,False
14,False,3,Jim Ward's Ole Dick Necks,4569923,Andy Borregales,K,BE,False,0.0,0.0,True
14,False,3,Jim Ward's Ole Dick Necks,-16024,Chargers D/ST,D/ST,D/ST,True,10.0,5.17,False
14,False,3,Jim Ward's Ole Dick Necks,4567096,John Metchie III,WR,BE,False,5.4,8.33,False
14,False,3,Jim Ward's Ole Dick Necks,11122,Matt Prater,K,K,True,9.0,8.85,False
14,False,6,Thom-ASS,3117251,Christian McCaffrey,RB,BE,False,0.0,0.0,True
14,False,6,Thom-ASS,4242335,Jonathan Taylor,RB,RB,True,11.4,19.32,False
14,False,6,Thom-ASS,4040715,Jalen Hurts,QB,QB,True,2.4,19.41,False
14,False,6,Thom-ASS,3128429,Courtland Sutton,WR,WR,True,9.2,9.71,False
14,False,6,Thom-ASS,15847,Travis Kelce,TE,TE,True,2.3,7.98,False
14,False,6,Thom-ASS,4360516,Tyrone Tracy Jr.,RB,BE,False,0.0,0.0,True
14,False,6,Thom-ASS,2976212,Stefon Diggs,WR,BE,False,0.0,0.0,True
14,False,6,Thom-ASS,4362249,Jayden Reed,WR,IR,False,7.3,6.45,False
14,False,6,Thom-ASS,4689936,Jake Bates,K,K,True,15.0,8.96,False
14,False,6,Thom-ASS,3128720,Nick Chubb,RB,BE,False,0.3,4.75,False
14,False,6,Thom-ASS,4569587,Wan'Dale Robinson,WR,BE,False,0.0,0.0,True
14,False,6,Thom-ASS,14979,Bobby Wagner,LB,DP,True,17.0,10.09,False
14,False,6,Thom-ASS,-16014,Rams D/ST,D/ST,D/ST,True,6.0,6.92,False
14,False,6,Thom-ASS,3925357,Calvin Ridley,WR,BE,False,0.0,0.0,False
14,False,6,Thom-ASS,3916148,Tony Pollard,RB,RB,True,28.1,9.34,False
14,False,6,Thom-ASS,-16023,Steelers D/ST,D/ST,BE,False,1.0,4.72,False
14,False,6,Thom-ASS,4597500,Adonai Mitchell,WR,WR,True,2.9,8.91,False
14,False,6,Thom-ASS,4362619,Chris Rodriguez Jr.,RB,RB/WR/TE,True,5.2,8.62,False
14,False,4,Injured Reserve ,4374302,Amon-Ra St. Brown,WR,WR,True,12.2,16.06,False
14,False,4,Injured Reserve ,4047365,Josh Jacobs,RB,RB,True,16.2,19.89,False
14,False,4,Injured Reserve ,4361370,Chris Olave,WR,BE,False,4.5,12.02,False
14,False,4,Injured Reserve ,4430027,Sam LaPorta,TE,BE,False,0.0,0.0,False
14,False,4,Injured Reserve ,4569173,Rhamondre Stevenson,RB,BE,False,0.0,0.0,True
14,False,4,Injured Reserve ,3052587,Baker Mayfield,QB,BE,False,11.08,15.43,False
14,False,4,Injured Reserve ,3126486,Deebo Samuel,WR,WR,True,5.7,9.03,False
14,False,4,Injured Reserve ,4569987,Jaylen Warren,RB,RB,True,13.7,11.18,False
14,False,4,Injured Reserve ,4429096,Blake Corum,RB,BE,False,25.6,6.64,False
14,False,4,Injured Reserve ,4432577,C.J. Stroud,QB,QB,True,12.62,16.67,False
14,False,4,Injured Reserve ,3915189,Roquan Smith,LB,BE,False,10.0,9.49,False
14,False,4,Injured Reserve ,15835,Zach Ertz,TE,TE,True,1.6,7.3,False
14,False,4,Injured Reserve ,4429022,Kayshon Boutte,WR,BE,False,0.0,0.0,True
14,False,4,Injured Reserve ,4430871,Sean Tucker,RB,RB/WR/TE,True,8.9,2.41,False
14,False,4,Injured Reserve ,4035232,Tyrel Dodson,LB,DP,True,5.0,10.01,False
14,False,4,Injured Reserve ,-16013,Raiders D/ST,D/ST,D/ST,True,2.0,3.25,False
14,False,4,Injured Reserve ,4574716,Harrison Mevis,K,K,True,9.0,8.53,False
14,False,9,Men of Will,4262921,Justin Jefferson,WR,WR,True,2.1,12.58,False
14,False,9,Men of Will,4432773,Brian Thomas Jr.,WR,WR,True,10.2,9.41,False
14,False,9,Men of Will,3918298,Josh Allen,QB,QB,True,37.84,24.01,False
14,False,9,Men of Will,3040151,George Kittle,TE,BE,False,0.0,0.0,True
14,False,9,Men of Will,3042519,Aaron Jones Sr.,RB,RB,True,7.6,11.28,False
14,False,9,Men of Will,4426338,Bo Nix,QB,BE,False,15.98,17.77,False
14,False,9,Men of Will,4373678,Khalil Shakir,WR,BE,False,8.6,9.77,False
14,False,9,Men of Will,4686361,Cam Little,K,K,True,11.0,7.96,False
14,False,9,Men of Will,15818,Keenan Allen,WR,BE,False,3.7,8.39,False
14,False,9,Men of Will,4429059,Woody Marks,RB,RB,True,14.6,10.18,False
14,False,9,Men of Will,-16017,Patriots D/ST,D/ST,BE,False,0.0,0.0,True
14,False,9,Men of Will,4360761,Michael Wilson,WR,RB/WR/TE,True,32.7,11.9,False
14,False,9,Men of Will,4877706,Jayden Higgins,WR,BE,False,4.9,8.13,False
14,False,9,Men of Will,-16010,Titans D/ST,D/ST,D/ST,True,4.0,6.39,False
14,False,9,Men of Will,2576925,Darren Waller,TE,TE,True,2.2,5.98,False
14,False,9,Men of Will,14958,Demario Davis,LB,DP,True,7.0,9.83,False
14,False,9,Men of Will,4241416,Chuba Hubbard,RB,BE,False,0.0,0.0,True
14,False,12,Blake's Holographic Charizard,3929630,Saquon Barkley,RB,RB,True,18.2,12.95,False
14,False,12,Blake's Holographic Charizard,4612826,Ladd McConkey,WR,WR,True,1.7,9.99,False
14,False,12,Blake's Holographic Charizard,4239993,Tee Higgins,WR,RB/WR/TE,True,24.2,11.03,False
14,False,12,Blake's Holographic Charizard,4683062,Xavier Worthy,WR,WR,True,7.0,8.45,False
14,False,12,Blake's Holographic Charizard,4241474,Brian Robinson Jr.,RB,BE,False,0.0,0.0,True
14,False,12,Blake's Holographic Charizard,4431611,Caleb Williams,QB,QB,True,14.94,16.72,False
14,False,12,Blake's Holographic Charizard,4362081,Cameron Dicker,K,K,True,20.0,8.3,False
14,False,12,Blake's Holographic Charizard,4575131,Jacory Croskey-Merritt,RB,BE,False,3.2,3.82,False
14,False,12,Blake's Holographic Charizard,5083076,Harold Fannin Jr.,TE,BE,False,21.4,7.64,False
14,False,12,Blake's Holographic Charizard,-16011,Colts D/ST,D/ST,D/ST,True,0.0,6.03,False
14,False,12,Blake's Holographic Charizard,4430539,Brenton Strange,TE,TE,True,5.2,6.93,False
14,False,12,Blake's Holographic Charizard,4038815,Rico Dowdle,RB,BE,False,0.0,0.0,True
14,False,12,Blake's Holographic Charizard,3912547,Sam Darnold,QB,BE,False,22.26,14.28,False
14,False,12,Blake's Holographic Charizard,4569465,Jack Campbell,LB,DP,True,16.0,10.41,False
14,False,12,Blake's Holographic Charizard,4428718,Tre Tucker,WR,BE,False,3.4,7.48,False
14,False,12,Blake's Holographic Charizard,-16006,Cowboys D/ST,D/ST,BE,False,-3.0,3.05,False
14,False,12,Blake's Holographic Charizard,4240657,Michael Carter,RB,RB,True,4.1,6.94,False
14,False,5,Flowers for Allgeiernon,4362628,Ja'Marr Chase,WR,WR,True,7.7,15.68,False
14,False,5,Flowers for Allgeiernon,4430737,Kyren Williams,RB,RB,True,16.7,12.73,False
14,False,5,Flowers for Allgeiernon,4361307,Trey McBride,TE,TE,True,8.3,12.09,False
14,False,5,Flowers for Allgeiernon,4239996,Travis Etienne Jr.,RB,RB,True,20.7,10.52,False
14,False,5,Flowers for Allgeiernon,4241478,DeVonta Smith,WR,WR,True,5.7,10.74,False
14,False,5,Flowers for Allgeiernon,4429615,Zay Flowers,WR,RB/WR/TE,True,16.6,10.05,False
14,False,5,Flowers for Allgeiernon,4373626,Tyler Allgeier,RB,BE,False,7.7,6.73,False
14,False,5,Flowers for Allgeiernon,12483,Matthew Stafford,QB,QB,True,23.24,18.49,False
14,False,5,Flowers for Allgeiernon,4431280,Troy Franklin,WR,BE,False,2.6,8.02,False
14,False,5,Flowers for Allgeiernon,-16030,Jaguars D/ST,D/ST,D/ST,True,11.0,4.02,False
14,False,5,Flowers for Allgeiernon,4608686,Kyle Monangai,RB,BE,False,8.2,9.14,False
14,False,5,Flowers for Allgeiernon,4248528,Christian Watson,WR,BE,False,22.9,10.1,False
14,False,5,Flowers for Allgeiernon,2473037,Jason Myers,K,K,True,15.0,8.3,False
14,False,5,Flowers for Allgeiernon,4695404,Isaiah Davis,RB,BE,False,3.2,3.7,False
14,False,5,Flowers for Allgeiernon,4887558,Emanuel Wilson,RB,BE,False,1.0,5.65,False
14,False,5,Flowers for Allgeiernon,4876017,Carson Schwesinger,LB,DP,True,13.0,8.65,False
14,False,5,Flowers for Allgeiernon,4360310,Trevor Lawrence,QB,BE,False,19.36,16.16,False
15,True,13,Christopher's Kryptonite ,4430807,Bijan Robinson,RB,RB,True,25.5,19.42,False
15,True,13,Christopher's Kryptonite ,4362238,Chase Brown,RB,RB,True,13.5,13.31,False
15,True,13,Christopher's Kryptonite ,4430878,Jaxon Smith-Njigba,WR,WR,True,14.8,17.21,False
15,True,13,Christopher's Kryptonite ,4035538,David Montgomery,RB,BE,False,9.2,7.03,False
15,True,13,Christopher's Kryptonite ,4428209,Ricky Pearsall,WR,BE,False,12.6,7.04,False
15,True,13,Christopher's Kryptonite ,3116165,Chris Godwin Jr.,WR,RB/WR/TE,True,12.0,8.91,False
15,True,13,Christopher's Kryptonite ,4242355,Jake Ferguson,TE,TE,True,2.6,7.71,False
15,True,13,Christopher's Kryptonite ,-16026,Seahawks D/ST,D/ST,D/ST,True,6.0,7.65,False
15,True,13,Christopher's Kryptonite ,4685472,Tetairoa McMillan,WR,WR,True,3.5,10.93,False
15,True,13,Christopher's Kryptonite ,4723086,Colston Loveland,TE,BE,False,8.1,7.07,False
15,True,13,Christopher's Kryptonite ,4360078,Alec Pierce,WR,BE,False,2.1,7.52,False
15,True,13,Christopher's Kryptonite ,3915511,Joe Burrow,QB,QB,True,5.5,18.76,False
15,True,13,Christopher's Kryptonite ,4361741,Brock Purdy,QB,BE,False,26.2,19.17,False
15,True,13,Christopher's Kryptonite ,4035434,Devin White,LB,DP,True,16.0,10.23,False
15,True,13,Christopher's Kryptonite ,16737,Mike Evans,WR,IR,False,17.2,7.88,False
15,True,13,Christopher's Kryptonite ,-16025,49ers D/ST,D/ST,BE,False,0.0,6.41,False
15,True,13,Christopher's Kryptonite ,4682745,Jaylen Wright,RB,BE,False,1.6,2.49,False
15,True,13,Christopher's Kryptonite ,2971573,Ka'imi Fairbairn,K,K,True,17.0,8.09,False
15,True,8,SCLSU Mud Dogs,4429795,Jahmyr Gibbs,RB,RB,True,7.8,19.13,False
15,True,8,SCLSU Mud Dogs,4432665,Brock Bowers,TE,TE,True,6.8,10.35,False
15,True,8,SCLSU Mud Dogs,4426348,Jayden Daniels,QB,BE,False,0.0,0.0,False
15,True,8,SCLSU Mud Dogs,16800,Davante Adams,WR,RB/WR/TE,True,9.1,14.05,False
15,True,8,SCLSU Mud Dogs,3915416,DJ Moore,WR,BE,False,20.9,8.81,False
15,True,8,SCLSU Mud Dogs,4428331,Rashee Rice,WR,WR,True,8.6,14.2,False
15,True,8,SCLSU Mud Dogs,4360569,Jordan Mason,RB,BE,False,2.9,7.1,False
15,True,8,SCLSU Mud Dogs,4429205,Jordan Addison,WR,BE,False,7.6,10.34,False
15,True,8,SCLSU Mud Dogs,4360248,Kyle Pitts Sr.,TE,BE,False,40.1,9.36,False
15,True,8,SCLSU Mud Dogs,4689114,Jaxson Dart,QB,QB,True,22.14,21.98,False
15,True,8,SCLSU Mud Dogs,3059915,Kareem Hunt,RB,RB,True,3.5,9.37,False
15,True,8,SCLSU Mud Dogs,4595342,Oronde Gadsden,TE,BE,False,8.1,7.39,False
15,True,8,SCLSU Mud Dogs,4697745,Tyler Loop,K,K,True,6.0,8.23,False
15,True,8,SCLSU Mud Dogs,3121422,Terry McLaurin,WR,WR,True,14.4,11.13,False
15,True,8,SCLSU Mud Dogs,4360423,Michael Penix Jr.,QB,IR,False,0.0,0.0,False
15,True,8,SCLSU Mud Dogs,2578570,Jacoby Brissett,QB,BE,False,20.56,13.89,False
15,True,8,SCLSU Mud Dogs,-16027,Buccaneers D/ST,D/ST,D/ST,True,-3.0,5.0,False
15,True,8,SCLSU Mud Dogs,4243181,Nate Landman,LB,DP,True,10.0,9.6,False
15,True,5,Flowers for Allgeiernon,4362628,Ja'Marr Chase,WR,WR,True,18.2,16.88,False
15,True,5,Flowers for Allgeiernon,4430737,Kyren Williams,RB,RB,True,21.3,12.85,False
15,True,5,Flowers for Allgeiernon,4361307,Trey McBride,TE,TE,True,31.4,10.93,False
15,True,5,Flowers for Allgeiernon,4239996,Travis Etienne Jr.,RB,RB,True,30.0,14.33,False
15,True,5,Flowers for Allgeiernon,4241478,DeVonta Smith,WR,WR,True,6.0,10.32,False
15,True,5,Flowers for Allgeiernon,4429615,Zay Flowers,WR,BE,False,15.3,10.57,False
15,True,5,Flowers for Allgeiernon,4373626,Tyler Allgeier,RB,BE,False,1.8,8.53,False
15,True,5,Flowers for Allgeiernon,12483,Matthew Stafford,QB,QB,True,20.92,19.9,False
15,True,5,Flowers for Allgeiernon,4431280,Troy Franklin,WR,BE,False,17.8,8.47,False
15,True,5,Flowers for Allgeiernon,-16030,Jaguars D/ST,D/ST,D/ST,True,11.0,9.22,False
15,True,5,Flowers for Allgeiernon,4608686,Kyle Monangai,RB,RB/WR/TE,True,3.3,10.38,False
15,True,5,Flowers for Allgeiernon,4248528,Christian Watson,WR,BE,False,5.4,9.64,False
15,True,5,Flowers for Allgeiernon,2473037,Jason Myers,K,K,True,24.0,8.54,False
15,True,5,Flowers for Allgeiernon,4887558,Emanuel Wilson,RB,BE,False,0.3,4.41,False
15,True,5,Flowers for Allgeiernon,4876017,Carson Schwesinger,LB,DP,True,14.0,9.13,False
15,True,5,Flowers for Allgeiernon,4360310,Trevor Lawrence,QB,BE,False,44.3,17.29,False
15,True,5,Flowers for Allgeiernon,-16002,Bills D/ST,D/ST,BE,False,3.0,4.1,False
15,True,14,Deston's Ride or Dies ,4426515,Puka Nacua,WR,WR,True,23.4,18.24,False
15,True,14,Deston's Ride or Dies ,4596448,Bucky Irving,RB,RB,True,7.6,13.81,False
15,True,14,Deston's Ride or Dies ,4432708,Marvin Harrison Jr.,WR,BE,False,0.0,0.0,False
15,True,14,Deston's Ride or Dies ,4427366,Breece Hall,RB,RB,True,4.7,11.85,False
15,True,14,Deston's Ride or Dies ,4432710,TreVeyon Henderson,RB,RB/WR/TE,True,29.1,11.27,False
15,True,14,Deston's Ride or Dies ,4567750,Emeka Egbuka,WR,WR,True,8.4,10.07,False
15,True,14,Deston's Ride or Dies ,4431459,Tyler Warren,TE,TE,True,3.4,8.32,False
15,True,14,Deston's Ride or Dies ,4426385,Zach Charbonnet,RB,BE,False,3.1,8.47,False
15,True,14,Deston's Ride or Dies ,4429025,Quentin Johnston,WR,BE,False,0.0,0.0,False
15,True,14,Deston's Ride or Dies ,3886598,Jauan Jennings,WR,BE,False,17.2,11.07,False
15,True,14,Deston's Ride or Dies ,4569603,Malik Washington,WR,BE,False,1.5,7.01,False
15,True,14,Deston's Ride or Dies ,17372,Chris Boswell,K,K,True,4.0,8.3,False
15,True,14,Deston's Ride or Dies ,3728281,Blake Cashman,LB,DP,True,11.0,11.06,False
15,True,14,Deston's Ride or Dies ,4427728,Bam Knight,RB,BE,False,-0.2,8.4,False
15,True,14,Deston's Ride or Dies ,3046779,Jared Goff,QB,QB,True,25.52,15.81,False
15,True,14,Deston's Ride or Dies ,4682652,Devin Neal,RB,BE,False,9.7,12.8,False
15,True,14,Deston's Ride or Dies ,-16012,Chiefs D/ST,D/ST,D/ST,True,9.0,6.52,False
15,True,6,Thom-ASS,3117251,Christian McCaffrey,RB,RB/WR/TE,True,16.2,23.97,False
15,True,6,Thom-ASS,4242335,Jonathan Taylor,RB,RB,True,11.6,16.21,False
15,True,6,Thom-ASS,4040715,Jalen Hurts,QB,QB,True,22.9,20.17,False
15,True,6,Thom-ASS,3128429,Courtland Sutton,WR,BE,False,20.8,10.62,False
15,True,6,Thom-ASS,15847,Travis Kelce,TE,TE,True,11.5,7.89,False
15,True,6,Thom-ASS,4360516,Tyrone Tracy Jr.,RB,RB,True,23.2,12.51,False
15,True,6,Thom-ASS,2976212,Stefon Diggs,WR,WR,True,4.1,10.75,False
15,True,6,Thom-ASS,4362249,Jayden Reed,WR,BE,False,8.0,8.21,False
15,True,6,Thom-ASS,4689936,Jake Bates,K,K,True,10.0,8.32,False
15,True,6,Thom-ASS,4569587,Wan'Dale Robinson,WR,WR,True,13.9,11.81,False
15,True,6,Thom-ASS,14979,Bobby Wagner,LB,DP,True,7.0,10.65,False
15,True,6,Thom-ASS,-16014,Rams D/ST,D/ST,BE,False,-1.0,4.17,False
15,True,6,Thom-ASS,3916148,Tony Pollard,RB,BE,False,17.7,10.93,False
15,True,6,Thom-ASS,-16023,Steelers D/ST,D/ST,D/ST,True,9.0,6.78,False
15,True,6,Thom-ASS,4597500,Adonai Mitchell,WR,BE,False,15.4,7.99,False
15,True,6,Thom-ASS,4362619,Chris Rodriguez Jr.,RB,BE,False,0.0,0.0,False
15,True,10,Silence of the Lamb,4241389,CeeDee Lamb,WR,WR,True,14.1,14.18,False
15,True,10,Silence of the Lamb,4426502,Drake London,WR,BE,False,0.0,0.0,False
15,True,10,Silence of the Lamb,3916387,Lamar Jackson,QB,QB,True,14.6,19.42,False
15,True,10,Silence of the Lamb,3054850,Alvin Kamara,RB,BE,False,0.0,0.0,False
15,True,10,Silence of the Lamb,4047650,DK Metcalf,WR,RB/WR/TE,True,13.0,11.56,False
15,True,10,Silence of the Lamb,4361529,Isiah Pacheco,RB,BE,False,2.1,6.75,False
15,True,10,Silence of the Lamb,4426388,Jameson Williams,WR,WR,True,22.9,11.72,False
15,True,10,Silence of the Lamb,4361579,Javonte Williams,RB,RB,True,15.1,13.35,False
15,True,10,Silence of the Lamb,3953687,Brandon Aubrey,K,K,True,14.6,8.68,False
15,True,10,Silence of the Lamb,-16007,Broncos D/ST,D/ST,D/ST,True,6.0,5.31,False
15,True,10,Silence of the Lamb,4431452,Drake Maye,QB,BE,False,20.5,21.35,False
15,True,10,Silence of the Lamb,4361432,Romeo Doubs,WR,BE,False,4.6,7.85,False
15,True,10,Silence of the Lamb,4429148,Theo Johnson,TE,BE,False,8.7,8.09,False
15,True,10,Silence of the Lamb,4608810,Tez Johnson,WR,BE,False,0.0,1.25,False
15,True,10,Silence of the Lamb,4429834,Cedric Gray,LB,DP,True,16.0,9.87,False
15,True,10,Silence of the Lamb,4385690,Dalton Kincaid,TE,TE,True,4.9,7.95,False
15,True,10,Silence of the Lamb,4040761,Devin Singletary,RB,RB,True,1.9,10.28,False
15,True,3,Jim Ward's Ole Dick Necks,4429160,De'Von Achane,RB,RB/WR/TE,True,15.7,20.9,False
15,True,3,Jim Ward's Ole Dick Necks,4047646,A.J. Brown,WR,WR,True,11.1,13.85,False
15,True,3,Jim Ward's Ole Dick Necks,4569618,Garrett Wilson,WR,IR,False,0.0,0.0,False
15,True,3,Jim Ward's Ole Dick Necks,4259545,D'Andre Swift,RB,RB,True,22.1,11.2,False
15,True,3,Jim Ward's Ole Dick Necks,4372016,Jaylen Waddle,WR,WR,True,4.6,11.22,False
15,True,3,Jim Ward's Ole Dick Necks,4036378,Jordan Love,QB,BE,False,13.94,14.84,False
15,True,3,Jim Ward's Ole Dick Necks,3121023,Dallas Goedert,TE,TE,True,22.0,8.03,False
15,True,3,Jim Ward's Ole Dick Necks,4038941,Justin Herbert,QB,QB,True,10.4,15.7,False
15,True,3,Jim Ward's Ole Dick Necks,4043130,Jordyn Brooks,LB,DP,True,15.0,11.6,False
15,True,3,Jim Ward's Ole Dick Necks,-16009,Packers D/ST,D/ST,BE,False,0.0,4.99,False
15,True,3,Jim Ward's Ole Dick Necks,3117256,Dalton Schultz,TE,BE,False,17.6,7.03,False
15,True,3,Jim Ward's Ole Dick Necks,3043078,Derrick Henry,RB,RB,True,10.0,16.84,False
15,True,3,Jim Ward's Ole Dick Necks,4569923,Andy Borregales,K,K,True,7.0,8.41,False
15,True,3,Jim Ward's Ole Dick Necks,-16024,Chargers D/ST,D/ST,BE,False,14.0,5.16,False
15,True,3,Jim Ward's Ole Dick Necks,4567096,John Metchie III,WR,BE,False,4.9,7.28,False
15,True,3,Jim Ward's Ole Dick Necks,11122,Matt Prater,K,BE,False,5.0,8.14,False
15,True,3,Jim Ward's Ole Dick Necks,4433970,J.J. McCarthy,QB,BE,False,23.5,15.61,False
15,True,3,Jim Ward's Ole Dick Necks,-16003,Bears D/ST,D/ST,D/ST,True,18.0,6.66,False
15,True,9,Men of Will,4262921,Justin Jefferson,WR,WR,True,3.2,12.9,False
15,True,9,Men of Will,4432773,Brian Thomas Jr.,WR,WR,True,15.1,8.05,False
15,True,9,Men of Will,3918298,Josh Allen,QB,QB,True,24.52,19.78,False
15,True,9,Men of Will,3040151,George Kittle,TE,TE,True,18.8,12.21,False
15,True,9,Men of Will,3042519,Aaron Jones Sr.,RB,RB,True,8.0,11.86,False
15,True,9,Men of Will,4426338,Bo Nix,QB,BE,False,29.08,17.08,False
15,True,9,Men of Will,4373678,Khalil Shakir,WR,BE,False,9.0,8.3,False
15,True,9,Men of Will,4686361,Cam Little,K,K,True,12.0,8.63,False
15,True,9,Men of Will,15818,Keenan Allen,WR,BE,False,6.1,8.78,False
15,True,9,Men of Will,4429059,Woody Marks,RB,RB,True,10.3,14.34,False
15,True,9,Men of Will,-16017,Patriots D/ST,D/ST,D/ST,True,-1.0,4.65,False
15,True,9,Men of Will,4360761,Michael Wilson,WR,RB/WR/TE,True,13.9,10.76,False
15,True,9,Men of Will,4877706,Jayden Higgins,WR,BE,False,0.9,8.07,False
15,True,9,Men of Will,2576925,Darren Waller,TE,BE,False,22.1,5.63,False
15,True,9,Men of Will,14958,Demario Davis,LB,DP,True,5.0,9.69,False
15,True,9,Men of Will,4241416,Chuba Hubbard,RB,BE,False,4.3,9.23,False
15,True,9,Men of Will,-16021,Eagles D/ST,D/ST,BE,False,16.0,7.31,False
15,True,1,Nico Suave,4258173,Nico Collins,WR,WR,True,22.0,13.64,False
15,True,1,Nico Suave,4685382,Omarion Hampton,RB,RB/WR/TE,True,7.0,10.53,False
15,True,1,Nico Suave,4426354,George Pickens,WR,WR,True,4.8,13.61,False
15,True,1,Nico Suave,3916433,Jakobi Meyers,WR,BE,False,9.6,9.74,False
15,True,1,Nico Suave,3116365,Mark Andrews,TE,BE,False,2.8,8.57,False
15,True,1,Nico Suave,2577417,Dak Prescott,QB,QB,True,11.96,18.18,False
15,True,1,Nico Suave,3929645,Juwan Johnson,TE,TE,True,5.0,7.59,False
15,True,1,Nico Suave,4371733,Kenneth Gainwell,RB,BE,False,16.1,10.36,False
15,True,1,Nico Suave,-16005,Browns D/ST,D/ST,BE,False,1.0,4.14,False
15,True,1,Nico Suave,4688813,Josh Downs,WR,BE,False,8.8,5.52,False
15,True,1,Nico Suave,4430968,Kimani Vidal,RB,BE,False,6.3,6.01,False
15,True,1,Nico Suave,4431299,Rome Odunze,WR,BE,False,0.0,0.0,False
15,True,1,Nico Suave,4567048,Kenneth Walker III,RB,RB,True,2.4,11.64,False
15,True,1,Nico Suave,4568490,RJ Harvey,RB,RB,True,10.5,12.94,False
15,True,1,Nico Suave,4362759,Nick Bolton,LB,DP,True,11.0,10.34,False
15,True,1,Nico Suave,3050478,Jake Elliott,K,K,True,7.0,8.01,False
15,True,1,Nico Suave,-16015,Dolphins D/ST,D/ST,D/ST,True,2.0,5.58,False
15,True,11,ConcreteJungleWet DreamTomato,4890973,Ashton Jeanty,RB,RB/WR/TE,True,6.2,12.51,False
15,True,11,ConcreteJungleWet DreamTomato,4379399,James Cook III,RB,RB,True,30.1,15.19,False
15,True,11,ConcreteJungleWet DreamTomato,3139477,Patrick Mahomes,QB,QB,True,13.06,17.41,False
15,True,11,ConcreteJungleWet DreamTomato,4036133,T.J. Hockenson,TE,BE,False,8.6,6.93,False
15,True,11,ConcreteJungleWet DreamTomato,4241463,Jerry Jeudy,WR,BE,False,4.2,7.78,False
15,True,11,ConcreteJungleWet DreamTomato,4685702,Quinshon Judkins,RB,RB,True,3.2,15.26,False
15,True,11,ConcreteJungleWet DreamTomato,-16034,Texans D/ST,D/ST,D/ST,True,6.0,7.86,False
15,True,11,ConcreteJungleWet DreamTomato,4035687,Michael Pittman Jr.,WR,WR,True,4.1,9.23,False
15,True,11,ConcreteJungleWet DreamTomato,3046439,Hunter Henry,TE,TE,True,2.3,8.61,False
15,True,11,ConcreteJungleWet DreamTomato,4040655,Darnell Mooney,WR,BE,False,5.0,7.89,False
15,True,11,ConcreteJungleWet DreamTomato,3055899,Harrison Butker,K,K,True,9.0,8.03,False
15,True,11,ConcreteJungleWet DreamTomato,4686472,Marvin Mims Jr.,WR,BE,False,5.7,5.72,False
15,True,11,ConcreteJungleWet DreamTomato,3129446,Robert Spillane,LB,DP,True,0.0,9.27,False
15,True,11,ConcreteJungleWet DreamTomato,4243389,Calvin Austin III,WR,BE,False,0.0,3.62,False
15,True,11,ConcreteJungleWet DreamTomato,4431268,Chimere Dike,WR,WR,True,3.0,9.11,False
15,True,11,ConcreteJungleWet DreamTomato,2576980,Marcus Mariota,QB,BE,False,14.74,18.21,False
15,True,11,ConcreteJungleWet DreamTomato,4379416,Quay Walker,LB,BE,False,9.0,9.24,False
15,True,12,Blake's Holographic Charizard,3929630,Saquon Barkley,RB,RB,True,16.2,15.05,False
15,True,12,Blake's Holographic Charizard,4612826,Ladd McConkey,WR,WR,True,3.0,11.0,False
15,True,12,Blake's Holographic Charizard,4239993,Tee Higgins,WR,BE,False,0.0,0.0,False
15,True,12,Blake's Holographic Charizard,4683062,Xavier Worthy,WR,WR,True,4.5,7.46,False
15,True,12,Blake's Holographic Charizard,4241474,Brian Robinson Jr.,RB,BE,False,2.1,5.87,False
15,True,12,Blake's Holographic Charizard,4431611,Caleb Williams,QB,QB,True,18.98,15.95,False
15,True,12,Blake's Holographic Charizard,4362081,Cameron Dicker,K,K,True,12.0,8.08,False
15,True,12,Blake's Holographic Charizard,4575131,Jacory Croskey-Merritt,RB,RB/WR/TE,True,15.6,12.27,False
15,True,12,Blake's Holographic Charizard,5083076,Harold Fannin Jr.,TE,TE,True,8.5,8.85,False
15,True,12,Blake's Holographic Charizard,-16011,Colts D/ST,D/ST,BE,False,1.0,3.83,False
15,True,12,Blake's Holographic Charizard,4430539,Brenton Strange,TE,BE,False,3.1,6.52,False
15,True,12,Blake's Holographic Charizard,4038815,Rico Dowdle,RB,RB,True,11.9,11.78,False
15,True,12,Blake's Holographic Charizard,3912547,Sam Darnold,QB,BE,False,11.34,15.19,False
15,True,12,Blake's Holographic Charizard,4569465,Jack Campbell,LB,DP,True,14.0,10.47,False
15,True,12,Blake's Holographic Charizard,4428718,Tre Tucker,WR,BE,False,0.0,7.23,False
15,True,12,Blake's Holographic Charizard,-16006,Cowboys D/ST,D/ST,D/ST,True,1.0,7.13,False
15,True,12,Blake's Holographic Charizard,4240657,Michael Carter,RB,BE,False,11.4,1.71,False
15,True,4,Injured Reserve ,4374302,Amon-Ra St. Brown,WR,WR,True,34.9,16.89,False
15,True,4,Injured Reserve ,4047365,Josh Jacobs,RB,RB,True,22.2,14.02,False
15,True,4,Injured Reserve ,4361370,Chris Olave,WR,BE,False,17.5,11.02,False
15,True,4,Injured Reserve ,4430027,Sam LaPorta,TE,BE,False,0.0,0.0,False
15,True,4,Injured Reserve ,4569173,Rhamondre Stevenson,RB,BE,False,9.2,10.41,False
15,True,4,Injured Reserve ,3052587,Baker Mayfield,QB,BE,False,19.18,15.39,False
15,True,4,Injured Reserve ,3126486,Deebo Samuel,WR,WR,True,6.8,11.54,False
15,True,4,Injured Reserve ,4569987,Jaylen Warren,RB,RB,True,6.3,11.36,False
15,True,4,Injured Reserve ,4429096,Blake Corum,RB,BE,False,14.1,7.5,False
15,True,4,Injured Reserve ,4432577,C.J. Stroud,QB,QB,True,23.4,17.26,False
15,True,4,Injured Reserve ,3915189,Roquan Smith,LB,BE,False,14.0,9.8,False
15,True,4,Injured Reserve ,15835,Zach Ertz,TE,TE,True,0.0,0.0,False
15,True,4,Injured Reserve ,4429022,Kayshon Boutte,WR,BE,False,3.5,7.56,False
15,True,4,Injured Reserve ,4430871,Sean Tucker,RB,RB/WR/TE,True,6.7,2.88,False
15,True,4,Injured Reserve ,4035232,Tyrel Dodson,LB,DP,True,10.0,9.62,False
15,True,4,Injured Reserve ,-16013,Raiders D/ST,D/ST,D/ST,True,-1.0,4.68,False
15,True,4,Injured Reserve ,4574716,Harrison Mevis,K,K,True,12.0,9.06,False
16,True,13,Christopher's Kryptonite ,4430807,Bijan Robinson,RB,RB,True,26.3,21.44,False
16,True,13,Christopher's Kryptonite ,4362238,Chase Brown,RB,RB,True,30.9,12.69,False
16,True,13,Christopher's Kryptonite ,4430878,Jaxon Smith-Njigba,WR,WR,True,19.6,16.31,False
16,True,13,Christopher's Kryptonite ,4035538,David Montgomery,RB,BE,False,1.4,8.64,False
16,True,13,Christopher's Kryptonite ,4428209,Ricky Pearsall,WR,BE,False,0.0,0.0,False
16,True,13,Christopher's Kryptonite ,3116165,Chris Godwin Jr.,WR,BE,False,5.5,8.66,False
16,True,13,Christopher's Kryptonite ,4242355,Jake Ferguson,TE,BE,False,3.4,7.58,False
16,True,13,Christopher's Kryptonite ,-16026,Seahawks D/ST,D/ST,BE,False,-4.0,5.6,False
16,True,13,Christopher's Kryptonite ,4685472,Tetairoa McMillan,WR,RB/WR/TE,True,16.3,11.01,False
16,True,13,Christopher's Kryptonite ,4723086,Colston Loveland,TE,TE,True,4.5,8.0,False
16,True,13,Christopher's Kryptonite ,3915511,Joe Burrow,QB,BE,False,28.96,17.13,False
16,True,13,Christopher's Kryptonite ,4361741,Brock Purdy,QB,QB,True,30.9,17.46,False
16,True,13,Christopher's Kryptonite ,4035434,Devin White,LB,DP,True,11.0,10.63,False
16,True,13,Christopher's Kryptonite ,16737,Mike Evans,WR,WR,True,11.6,10.67,False
16,True,13,Christopher's Kryptonite ,2971573,Ka'imi Fairbairn,K,K,True,16.0,8.27,False
16,True,13,Christopher's Kryptonite ,-16018,Saints D/ST,D/ST,D/ST,True,19.0,8.23,False
16,True,13,Christopher's Kryptonite ,4242557,Colby Parkinson,TE,BE,False,3.1,7.63,False
16,True,5,Flowers for Allgeiernon,4362628,Ja'Marr Chase,WR,WR,True,15.4,15.27,False
16,True,5,Flowers for Allgeiernon,4430737,Kyren Williams,RB,RB,True,10.0,11.15,False
16,True,5,Flowers for Allgeiernon,4361307,Trey McBride,TE,TE,True,4.7,13.38,False
16,True,5,Flowers for Allgeiernon,4239996,Travis Etienne Jr.,RB,RB,True,14.6,12.65,False
16,True,5,Flowers for Allgeiernon,4241478,DeVonta Smith,WR,WR,True,13.2,10.74,False
16,True,5,Flowers for Allgeiernon,4429615,Zay Flowers,WR,RB/WR/TE,True,17.7,11.17,False
16,True,5,Flowers for Allgeiernon,4373626,Tyler Allgeier,RB,BE,False,7.8,7.7,False
16,True,5,Flowers for Allgeiernon,12483,Matthew Stafford,QB,QB,True,30.88,14.74,False
16,True,5,Flowers for Allgeiernon,4431280,Troy Franklin,WR,BE,False,8.6,6.37,False
16,True,5,Flowers for Allgeiernon,-16030,Jaguars D/ST,D/ST,BE,False,2.0,5.66,False
16,True,5,Flowers for Allgeiernon,4608686,Kyle Monangai,RB,BE,False,10.8,10.28,False
16,True,5,Flowers for Allgeiernon,4248528,Christian Watson,WR,BE,False,2.7,10.11,False
16,True,5,Flowers for Allgeiernon,2473037,Jason Myers,K,K,True,2.0,8.13,False
16,True,5,Flowers for Allgeiernon,4887558,Emanuel Wilson,RB,BE,False,8.2,3.74,False
16,True,5,Flowers for Allgeiernon,4876017,Carson Schwesinger,LB,DP,True,16.0,9.68,False
16,True,5,Flowers for Allgeiernon,4360310,Trevor Lawrence,QB,BE,False,31.16,16.59,False
16,True,5,Flowers for Allgeiernon,-16002,Bills D/ST,D/ST,D/ST,True,9.0,7.23,False
16,True,3,Jim Ward's Ole Dick Necks,4429160,De'Von Achane,RB,RB,True,16.5,22.69,False
16,True,3,Jim Ward's Ole Dick Necks,4047646,A.J. Brown,WR,WR,True,14.0,14.55,False
16,True,3,Jim Ward's Ole Dick Necks,4569618,Garrett Wilson,WR,IR,False,0.0,0.0,False
16,True,3,Jim Ward's Ole Dick Necks,4259545,D'Andre Swift,RB,RB/WR/TE,True,8.0,11.92,False
16,True,3,Jim Ward's Ole Dick Necks,4372016,Jaylen Waddle,WR,WR,True,10.7,10.38,False
16,True,3,Jim Ward's Ole Dick Necks,4036378,Jordan Love,QB,BE,False,3.78,17.31,False
16,True,3,Jim Ward's Ole Dick Necks,3121023,Dallas Goedert,TE,TE,True,10.7,9.58,False
16,True,3,Jim Ward's Ole Dick Necks,4038941,Justin Herbert,QB,QB,True,30.2,18.62,False
16,True,3,Jim Ward's Ole Dick Necks,4043130,Jordyn Brooks,LB,DP,True,14.0,11.51,False
16,True,3,Jim Ward's Ole Dick Necks,-16009,Packers D/ST,D/ST,BE,False,-3.0,3.62,False
16,True,3,Jim Ward's Ole Dick Necks,3117256,Dalton Schultz,TE,BE,False,12.0,7.99,False
16,True,3,Jim Ward's Ole Dick Necks,3043078,Derrick Henry,RB,RB,True,22.8,13.72,False
16,True,3,Jim Ward's Ole Dick Necks,4569923,Andy Borregales,K,K,True,10.0,8.07,False
16,True,3,Jim Ward's Ole Dick Necks,-16024,Chargers D/ST,D/ST,BE,False,4.0,4.2,False
16,True,3,Jim Ward's Ole Dick Necks,4567096,John Metchie III,WR,BE,False,0.9,7.06,False
16,True,3,Jim Ward's Ole Dick Necks,4433970,J.J. McCarthy,QB,BE,False,8.32,17.03,False
16,True,3,Jim Ward's Ole Dick Necks,-16001,Falcons D/ST,D/ST,D/ST,True,4.0,5.57,False
16,True,3,Jim Ward's Ole Dick Necks,3116724,Germaine Pratt,LB,BE,False,6.0,9.27,False
16,True,6,Thom-ASS,3117251,Christian McCaffrey,RB,RB,True,29.6,19.48,False
16,True,6,Thom-ASS,4242335,Jonathan Taylor,RB,RB/WR/TE,True,15.4,22.41,False
16,True,6,Thom-ASS,4040715,Jalen Hurts,QB,QB,True,19.4,22.65,False
16,True,6,Thom-ASS,3128429,Courtland Sutton,WR,WR,True,17.6,10.55,False
16,True,6,Thom-ASS,15847,Travis Kelce,TE,TE,True,1.1,8.98,False
16,True,6,Thom-ASS,4360516,Tyrone Tracy Jr.,RB,RB,True,8.8,11.63,False
16,True,6,Thom-ASS,2976212,Stefon Diggs,WR,BE,False,18.3,8.93,False
16,True,6,Thom-ASS,4362249,Jayden Reed,WR,BE,False,5.6,9.23,False
16,True,6,Thom-ASS,4689936,Jake Bates,K,K,True,6.0,8.79,False
16,True,6,Thom-ASS,4569587,Wan'Dale Robinson,WR,WR,True,3.7,10.79,False
16,True,6,Thom-ASS,14979,Bobby Wagner,LB,BE,False,12.0,9.98,False
16,True,6,Thom-ASS,-16014,Rams D/ST,D/ST,D/ST,True,4.0,5.61,False
16,True,6,Thom-ASS,3916148,Tony Pollard,RB,BE,False,10.2,11.28,False
16,True,6,Thom-ASS,4597500,Adonai Mitchell,WR,BE,False,5.8,8.96,False
16,True,6,Thom-ASS,4032473,Rashid Shaheed,WR,BE,False,9.1,8.17,False
16,True,6,Thom-ASS,-16016,Vikings D/ST,D/ST,BE,False,13.0,6.26,False
16,True,6,Thom-ASS,4362851,Ernest Jones IV,LB,DP,True,12.0,9.06,False
16,True,14,Deston's Ride or Dies ,4426515,Puka Nacua,WR,WR,True,40.5,15.93,False
16,True,14,Deston's Ride or Dies ,4596448,Bucky Irving,RB,RB,True,7.1,13.7,False
16,True,14,Deston's Ride or Dies ,4432708,Marvin Harrison Jr.,WR,BE,False,1.9,10.2,False
16,True,14,Deston's Ride or Dies ,4427366,Breece Hall,RB,RB,True,7.3,13.39,False
16,True,14,Deston's Ride or Dies ,4432710,TreVeyon Henderson,RB,RB/WR/TE,True,1.7,12.61,False
16,True,14,Deston's Ride or Dies ,4567750,Emeka Egbuka,WR,WR,True,4.5,9.2,False
16,True,14,Deston's Ride or Dies ,4431459,Tyler Warren,TE,TE,True,4.5,9.41,False
16,True,14,Deston's Ride or Dies ,4426385,Zach Charbonnet,RB,BE,False,15.4,7.6,False
16,True,14,Deston's Ride or Dies ,4429025,Quentin Johnston,WR,BE,False,18.4,7.67,False
16,True,14,Deston's Ride or Dies ,3886598,Jauan Jennings,WR,BE,False,15.6,10.76,False
16,True,14,Deston's Ride or Dies ,4569603,Malik Washington,WR,BE,False,9.7,6.15,False
16,True,14,Deston's Ride or Dies ,17372,Chris Boswell,K,K,True,10.0,8.56,False
16,True,14,Deston's Ride or Dies ,3728281,Blake Cashman,LB,DP,True,16.0,11.13,False
16,True,14,Deston's Ride or Dies ,4427728,Bam Knight,RB,BE,False,0.0,0.0,False
16,True,14,Deston's Ride or Dies ,3046779,Jared Goff,QB,QB,True,26.46,17.62,False
16,True,14,Deston's Ride or Dies ,4682652,Devin Neal,RB,BE,False,0.0,0.0,False
16,True,14,Deston's Ride or Dies ,-16012,Chiefs D/ST,D/ST,D/ST,True,1.0,6.47,False
16,True,10,Silence of the Lamb,4241389,CeeDee Lamb,WR,WR,True,8.1,13.84,False
16,True,10,Silence of the Lamb,4426502,Drake London,WR,WR,True,4.2,14.78,False
16,True,10,Silence of the Lamb,3916387,Lamar Jackson,QB,BE,False,4.74,16.01,False
16,True,10,Silence of the Lamb,3054850,Alvin Kamara,RB,BE,False,0.0,0.0,False
16,True,10,Silence of the Lamb,4047650,DK Metcalf,WR,BE,False,6.2,11.36,False
16,True,10,Silence of the Lamb,4361529,Isiah Pacheco,RB,BE,False,10.5,8.68,False
16,True,10,Silence of the Lamb,4426388,Jameson Williams,WR,RB/WR/TE,True,9.5,13.61,False
16,True,10,Silence of the Lamb,4361579,Javonte Williams,RB,RB,True,5.3,14.11,False
16,True,10,Silence of the Lamb,3953687,Brandon Aubrey,K,K,True,5.0,8.63,False
16,True,10,Silence of the Lamb,-16007,Broncos D/ST,D/ST,D/ST,True,4.0,6.89,False
16,True,10,Silence of the Lamb,4431452,Drake Maye,QB,QB,True,23.7,19.36,False
16,True,10,Silence of the Lamb,4361432,Romeo Doubs,WR,BE,False,16.9,8.0,False
16,True,10,Silence of the Lamb,4429148,Theo Johnson,TE,TE,True,0.0,7.18,False
16,True,10,Silence of the Lamb,4385690,Dalton Kincaid,TE,BE,False,0.0,6.64,False
16,True,10,Silence of the Lamb,4040761,Devin Singletary,RB,BE,False,5.1,6.93,False
16,True,10,Silence of the Lamb,4361331,Jamien Sherwood,LB,DP,True,13.0,10.18,False
16,True,10,Silence of the Lamb,4569682,Audric Estime,RB,RB,True,5.1,9.02,False
16,True,9,Men of Will,4262921,Justin Jefferson,WR,WR,True,11.5,12.32,False
16,True,9,Men of Will,4432773,Brian Thomas Jr.,WR,WR,True,2.8,9.9,False
16,True,9,Men of Will,3918298,Josh Allen,QB,QB,True,6.9,19.86,False
16,True,9,Men of Will,3040151,George Kittle,TE,TE,True,21.0,12.24,False
16,True,9,Men of Will,3042519,Aaron Jones Sr.,RB,RB,True,10.3,12.58,False
16,True,9,Men of Will,4426338,Bo Nix,QB,BE,False,15.18,16.2,False
16,True,9,Men of Will,4373678,Khalil Shakir,WR,BE,False,5.4,7.69,False
16,True,9,Men of Will,4686361,Cam Little,K,K,True,11.0,8.15,False
16,True,9,Men of Will,15818,Keenan Allen,WR,BE,False,6.9,8.56,False
16,True,9,Men of Will,4429059,Woody Marks,RB,RB,True,0.0,0.0,False
16,True,9,Men of Will,-16017,Patriots D/ST,D/ST,BE,False,5.0,6.05,False
16,True,9,Men of Will,4360761,Michael Wilson,WR,RB/WR/TE,True,12.2,11.56,False
16,True,9,Men of Will,4877706,Jayden Higgins,WR,BE,False,2.2,7.11,False
16,True,9,Men of Will,2576925,Darren Waller,TE,BE,False,5.5,7.74,False
16,True,9,Men of Will,14958,Demario Davis,LB,DP,True,8.0,9.7,False
16,True,9,Men of Will,4241416,Chuba Hubbard,RB,BE,False,3.9,8.95,False
16,True,9,Men of Will,-16021,Eagles D/ST,D/ST,D/ST,True,6.0,7.04,False
16,True,8,SCLSU Mud Dogs,4429795,Jahmyr Gibbs,RB,RB,True,17.8,21.42,False
16,True,8,SCLSU Mud Dogs,4432665,Brock Bowers,TE,RB/WR/TE,True,11.8,10.54,False
16,True,8,SCLSU Mud Dogs,4426348,Jayden Daniels,QB,BE,False,0.0,0.0,False
16,True,8,SCLSU Mud Dogs,16800,Davante Adams,WR,BE,False,0.0,0.0,False
16,True,8,SCLSU Mud Dogs,3915416,DJ Moore,WR,WR,True,19.4,11.66,False
16,True,8,SCLSU Mud Dogs,4428331,Rashee Rice,WR,BE,False,0.0,0.0,False
16,True,8,SCLSU Mud Dogs,4360569,Jordan Mason,RB,BE,False,1.6,8.32,False
16,True,8,SCLSU Mud Dogs,4429205,Jordan Addison,WR,BE,False,3.6,8.81,False
16,True,8,SCLSU Mud Dogs,4360248,Kyle Pitts Sr.,TE,TE,True,15.2,9.63,False
16,True,8,SCLSU Mud Dogs,4689114,Jaxson Dart,QB,BE,False,0.02,17.88,False
16,True,8,SCLSU Mud Dogs,3059915,Kareem Hunt,RB,RB,True,0.2,10.19,False
16,True,8,SCLSU Mud Dogs,4595342,Oronde Gadsden,TE,BE,False,1.2,7.95,False
16,True,8,SCLSU Mud Dogs,4697745,Tyler Loop,K,K,True,5.0,7.97,False
16,True,8,SCLSU Mud Dogs,3121422,Terry McLaurin,WR,WR,True,6.8,10.45,False
16,True,8,SCLSU Mud Dogs,4360423,Michael Penix Jr.,QB,IR,False,0.0,0.0,False
16,True,8,SCLSU Mud Dogs,2578570,Jacoby Brissett,QB,QB,True,10.62,18.74,False
16,True,8,SCLSU Mud Dogs,-16027,Buccaneers D/ST,D/ST,D/ST,True,4.0,5.07,False
16,True,8,SCLSU Mud Dogs,4243181,Nate Landman,LB,DP,True,7.0,9.37,False
16,True,1,Nico Suave,4258173,Nico Collins,WR,WR,True,7.9,13.96,False
16,True,1,Nico Suave,4685382,Omarion Hampton,RB,RB/WR/TE,True,16.0,12.19,False
16,True,1,Nico Suave,4426354,George Pickens,WR,WR,True,23.5,11.56,False
16,True,1,Nico Suave,3916433,Jakobi Meyers,WR,BE,False,6.6,10.27,False
16,True,1,Nico Suave,3116365,Mark Andrews,TE,BE,False,3.4,6.98,False
16,True,1,Nico Suave,2577417,Dak Prescott,QB,QB,True,19.16,16.88,False
16,True,1,Nico Suave,3929645,Juwan Johnson,TE,TE,True,12.9,7.24,False
16,True,1,Nico Suave,4371733,Kenneth Gainwell,RB,RB,True,21.3,12.21,False
16,True,1,Nico Suave,-16005,Browns D/ST,D/ST,BE,False,4.0,4.29,False
16,True,1,Nico Suave,4688813,Josh Downs,WR,BE,False,9.3,6.9,False
16,True,1,Nico Suave,4430968,Kimani Vidal,RB,BE,False,1.1,8.23,False
16,True,1,Nico Suave,4431299,Rome Odunze,WR,BE,False,0.0,0.0,False
16,True,1,Nico Suave,4567048,Kenneth Walker III,RB,BE,False,24.9,9.75,False
16,True,1,Nico Suave,4568490,RJ Harvey,RB,RB,True,20.1,11.85,False
16,True,1,Nico Suave,4362759,Nick Bolton,LB,DP,True,12.0,10.33,False
16,True,1,Nico Suave,3050478,Jake Elliott,K,K,True,1.0,8.25,False
16,True,1,Nico Suave,-16015,Dolphins D/ST,D/ST,D/ST,True,-4.0,6.24,False
16,True,4,Injured Reserve ,4374302,Amon-Ra St. Brown,WR,WR,True,7.4,17.56,False
16,True,4,Injured Reserve ,4047365,Josh Jacobs,RB,RB,True,3.8,17.7,False
16,True,4,Injured Reserve ,4361370,Chris Olave,WR,BE,False,31.8,11.71,False
16,True,4,Injured Reserve ,4430027,Sam LaPorta,TE,BE,False,0.0,0.0,False
16,True,4,Injured Reserve ,4569173,Rhamondre Stevenson,RB,BE,False,16.8,8.17,False
16,True,4,Injured Reserve ,3052587,Baker Mayfield,QB,BE,False,12.7,16.64,False
16,True,4,Injured Reserve ,3126486,Deebo Samuel,WR,WR,True,5.0,10.12,False
16,True,4,Injured Reserve ,4569987,Jaylen Warren,RB,RB,True,28.1,12.9,False
16,True,4,Injured Reserve ,4429096,Blake Corum,RB,BE,False,12.6,6.03,False
16,True,4,Injured Reserve ,4432577,C.J. Stroud,QB,QB,True,11.48,17.41,False
16,True,4,Injured Reserve ,3915189,Roquan Smith,LB,BE,False,10.0,9.93,False
16,True,4,Injured Reserve ,15835,Zach Ertz,TE,TE,True,0.0,0.0,False
16,True,4,Injured Reserve ,4429022,Kayshon Boutte,WR,BE,False,3.1,6.54,False
16,True,4,Injured Reserve ,4430871,Sean Tucker,RB,RB/WR/TE,True,6.3,2.6,False
16,True,4,Injured Reserve ,4035232,Tyrel Dodson,LB,DP,True,8.0,9.81,False
16,True,4,Injured Reserve ,-16013,Raiders D/ST,D/ST,D/ST,True,3.0,3.69,False
16,True,4,Injured Reserve ,4574716,Harrison Mevis,K,K,True,13.0,8.16,False
16,True,11,ConcreteJungleWet DreamTomato,4890973,Ashton Jeanty,RB,RB/WR/TE,True,31.3,12.61,False
16,True,11,ConcreteJungleWet DreamTomato,4379399,James Cook III,RB,RB,True,25.9,17.04,False
16,True,11,ConcreteJungleWet DreamTomato,3139477,Patrick Mahomes,QB,BE,False,0.0,0.0,False
16,True,11,ConcreteJungleWet DreamTomato,4036133,T.J. Hockenson,TE,BE,False,0.7,6.79,False
16,True,11,ConcreteJungleWet DreamTomato,4241463,Jerry Jeudy,WR,BE,False,2.7,6.82,False
16,True,11,ConcreteJungleWet DreamTomato,4685702,Quinshon Judkins,RB,RB,True,7.6,14.16,False
16,True,11,ConcreteJungleWet DreamTomato,-16034,Texans D/ST,D/ST,D/ST,True,11.0,9.81,False
16,True,11,ConcreteJungleWet DreamTomato,4035687,Michael Pittman Jr.,WR,WR,True,5.2,9.79,False
16,True,11,ConcreteJungleWet DreamTomato,3046439,Hunter Henry,TE,TE,True,12.5,8.6,False
16,True,11,ConcreteJungleWet DreamTomato,4040655,Darnell Mooney,WR,BE,False,3.4,5.23,False
16,True,11,ConcreteJungleWet DreamTomato,3055899,Harrison Butker,K,K,True,11.0,7.98,False
16,True,11,ConcreteJungleWet DreamTomato,4686472,Marvin Mims Jr.,WR,BE,False,4.4,2.56,False
16,True,11,ConcreteJungleWet DreamTomato,3129446,Robert Spillane,LB,BE,False,0.0,0.0,False
16,True,11,ConcreteJungleWet DreamTomato,4243389,Calvin Austin III,WR,BE,False,1.3,2.21,False
16,True,11,ConcreteJungleWet DreamTomato,4431268,Chimere Dike,WR,WR,True,11.5,8.56,False
16,True,11,ConcreteJungleWet DreamTomato,2576980,Marcus Mariota,QB,QB,True,3.7,14.91,False
16,True,11,ConcreteJungleWet DreamTomato,4379416,Quay Walker,LB,DP,True,14.0,9.34,False
16,True,12,Blake's Holographic Charizard,3929630,Saquon Barkley,RB,RB,True,21.2,17.61,False
16,True,12,Blake's Holographic Charizard,4612826,Ladd McConkey,WR,WR,True,12.3,10.37,False
16,True,12,Blake's Holographic Charizard,4239993,Tee Higgins,WR,BE,False,12.8,11.42,False
16,True,12,Blake's Holographic Charizard,4683062,Xavier Worthy,WR,WR,True,5.1,10.5,False
16,True,12,Blake's Holographic Charizard,4241474,Brian Robinson Jr.,RB,BE,False,2.0,4.24,False
16,True,12,Blake's Holographic Charizard,4431611,Caleb Williams,QB,QB,True,21.0,17.69,False
16,True,12,Blake's Holographic Charizard,4362081,Cameron Dicker,K,K,True,10.0,8.82,False
16,True,12,Blake's Holographic Charizard,4575131,Jacory Croskey-Merritt,RB,RB/WR/TE,True,8.5,4.28,False
16,True,12,Blake's Holographic Charizard,5083076,Harold Fannin Jr.,TE,TE,True,18.5,9.82,False
16,True,12,Blake's Holographic Charizard,-16011,Colts D/ST,D/ST,BE,False,-3.0,4.33,False
16,True,12,Blake's Holographic Charizard,4430539,Brenton Strange,TE,BE,False,12.4,6.4,False
16,True,12,Blake's Holographic Charizard,4038815,Rico Dowdle,RB,RB,True,6.3,14.09,False
16,True,12,Blake's Holographic Charizard,3912547,Sam Darnold,QB,BE,False,19.5,13.89,False
16,True,12,Blake's Holographic Charizard,4569465,Jack Campbell,LB,DP,True,18.0,10.38,False
16,True,12,Blake's Holographic Charizard,4428718,Tre Tucker,WR,BE,False,7.4,7.13,False
16,True,12,Blake's Holographic Charizard,-16006,Cowboys D/ST,D/ST,D/ST,True,-6.0,4.62,False
16,True,12,Blake's Holographic Charizard,4240657,Michael Carter,RB,BE,False,6.5,9.58,False
17,True,13,Christopher's Kryptonite ,4430807,Bijan Robinson,RB,RB,True,37.4,19.15,False
17,True,13,Christopher's Kryptonite ,4362238,Chase Brown,RB,RB,True,27.6,14.32,False
17,True,13,Christopher's Kryptonite ,4430878,Jaxon Smith-Njigba,WR,WR,True,11.7,18.11,False
17,True,13,Christopher's Kryptonite ,4035538,David Montgomery,RB,BE,False,5.0,7.67,False
17,True,13,Christopher's Kryptonite ,4428209,Ricky Pearsall,WR,BE,False,11.0,7.42,False
17,True,13,Christopher's Kryptonite ,3116165,Chris Godwin Jr.,WR,BE,False,20.3,8.35,False
17,True,13,Christopher's Kryptonite ,4242355,Jake Ferguson,TE,BE,False,7.1,7.43,False
17,True,13,Christopher's Kryptonite ,-16026,Seahawks D/ST,D/ST,D/ST,True,12.0,6.66,False
17,True,13,Christopher's Kryptonite ,4685472,Tetairoa McMillan,WR,RB/WR/TE,True,2.0,10.13,False
17,True,13,Christopher's Kryptonite ,4723086,Colston Loveland,TE,TE,True,18.4,7.84,False
17,True,13,Christopher's Kryptonite ,3915511,Joe Burrow,QB,BE,False,20.4,19.07,False
17,True,13,Christopher's Kryptonite ,4361741,Brock Purdy,QB,QB,True,36.92,19.54,False
17,True,13,Christopher's Kryptonite ,4035434,Devin White,LB,DP,True,8.0,10.84,False
17,True,13,Christopher's Kryptonite ,16737,Mike Evans,WR,WR,True,10.6,11.19,False
17,True,13,Christopher's Kryptonite ,2971573,Ka'imi Fairbairn,K,K,True,10.0,7.74,False
17,True,13,Christopher's Kryptonite ,-16018,Saints D/ST,D/ST,BE,False,12.0,6.23,False
17,True,13,Christopher's Kryptonite ,4242557,Colby Parkinson,TE,BE,False,8.3,7.75,False
17,True,3,Jim Ward's Ole Dick Necks,4429160,De'Von Achane,RB,RB,True,12.7,20.3,False
17,True,3,Jim Ward's Ole Dick Necks,4047646,A.J. Brown,WR,WR,True,9.3,12.88,False
17,True,3,Jim Ward's Ole Dick Necks,4569618,Garrett Wilson,WR,IR,False,0.0,0.0,False
17,True,3,Jim Ward's Ole Dick Necks,4259545,D'Andre Swift,RB,RB/WR/TE,True,20.9,12.9,False
17,True,3,Jim Ward's Ole Dick Necks,4372016,Jaylen Waddle,WR,WR,True,0.7,10.76,False
17,True,3,Jim Ward's Ole Dick Necks,4036378,Jordan Love,QB,BE,False,0.0,0.0,False
17,True,3,Jim Ward's Ole Dick Necks,3121023,Dallas Goedert,TE,TE,True,8.3,7.92,False
17,True,3,Jim Ward's Ole Dick Necks,4038941,Justin Herbert,QB,QB,True,15.14,14.93,False
17,True,3,Jim Ward's Ole Dick Necks,4043130,Jordyn Brooks,LB,DP,True,5.0,11.35,False
17,True,3,Jim Ward's Ole Dick Necks,-16009,Packers D/ST,D/ST,BE,False,-5.0,6.31,False
17,True,3,Jim Ward's Ole Dick Necks,3117256,Dalton Schultz,TE,BE,False,3.4,7.55,False
17,True,3,Jim Ward's Ole Dick Necks,3043078,Derrick Henry,RB,RB,True,45.6,12.66,False
17,True,3,Jim Ward's Ole Dick Necks,4569923,Andy Borregales,K,K,True,5.0,8.7,False
17,True,3,Jim Ward's Ole Dick Necks,-16024,Chargers D/ST,D/ST,BE,False,3.0,6.08,False
17,True,3,Jim Ward's Ole Dick Necks,4567096,John Metchie III,WR,BE,False,5.6,5.9,False
17,True,3,Jim Ward's Ole Dick Necks,4433970,J.J. McCarthy,QB,BE,False,0.0,0.0,False
17,True,3,Jim Ward's Ole Dick Necks,3116724,Germaine Pratt,LB,BE,False,9.0,8.88,False
17,True,3,Jim Ward's Ole Dick Necks,-16023,Steelers D/ST,D/ST,D/ST,True,11.0,7.2,False
17,True,6,Thom-ASS,3117251,Christian McCaffrey,RB,RB/WR/TE,True,26.1,22.81,False
17,True,6,Thom-ASS,4242335,Jonathan Taylor,RB,RB,True,15.9,18.1,False
17,True,6,Thom-ASS,4040715,Jalen Hurts,QB,QB,True,8.9,18.86,False
17,True,6,Thom-ASS,3128429,Courtland Sutton,WR,WR,True,6.0,11.85,False
17,True,6,Thom-ASS,15847,Travis Kelce,TE,TE,True,6.1,7.92,False
17,True,6,Thom-ASS,4360516,Tyrone Tracy Jr.,RB,RB,True,6.2,12.13,False
17,True,6,Thom-ASS,2976212,Stefon Diggs,WR,WR,True,19.1,10.99,False
17,True,6,Thom-ASS,4362249,Jayden Reed,WR,BE,False,6.1,7.65,False
17,True,6,Thom-ASS,4689936,Jake Bates,K,K,True,5.0,8.31,False
17,True,6,Thom-ASS,4569587,Wan'Dale Robinson,WR,BE,False,16.8,9.96,False
17,True,6,Thom-ASS,14979,Bobby Wagner,LB,BE,False,11.0,10.42,False
17,True,6,Thom-ASS,-16014,Rams D/ST,D/ST,D/ST,True,8.0,5.25,False
17,True,6,Thom-ASS,3916148,Tony Pollard,RB,BE,False,10.5,11.11,False
17,True,6,Thom-ASS,4597500,Adonai Mitchell,WR,BE,False,3.7,8.23,False
17,True,6,Thom-ASS,4032473,Rashid Shaheed,WR,BE,False,1.3,8.1,False
17,True,6,Thom-ASS,-16016,Vikings D/ST,D/ST,BE,False,22.0,3.37,False
17,True,6,Thom-ASS,4362851,Ernest Jones IV,LB,DP,True,5.0,9.36,False
17,True,5,Flowers for Allgeiernon,4362628,Ja'Marr Chase,WR,WR,True,21.5,17.01,False
17,True,5,Flowers for Allgeiernon,4430737,Kyren Williams,RB,RB,True,14.5,14.3,False
17,True,5,Flowers for Allgeiernon,4361307,Trey McBride,TE,TE,True,18.6,15.42,False
17,True,5,Flowers for Allgeiernon,4239996,Travis Etienne Jr.,RB,RB,True,10.2,14.41,False
17,True,5,Flowers for Allgeiernon,4241478,DeVonta Smith,WR,WR,True,3.5,9.28,False
17,True,5,Flowers for Allgeiernon,4429615,Zay Flowers,WR,RB/WR/TE,True,11.0,9.36,False
17,True,5,Flowers for Allgeiernon,4373626,Tyler Allgeier,RB,BE,False,2.3,6.5,False
17,True,5,Flowers for Allgeiernon,12483,Matthew Stafford,QB,QB,True,13.76,19.44,False
17,True,5,Flowers for Allgeiernon,4431280,Troy Franklin,WR,BE,False,3.7,8.75,False
17,True,5,Flowers for Allgeiernon,-16030,Jaguars D/ST,D/ST,D/ST,True,9.0,6.63,False
17,True,5,Flowers for Allgeiernon,4608686,Kyle Monangai,RB,BE,False,6.2,9.42,False
17,True,5,Flowers for Allgeiernon,4248528,Christian Watson,WR,BE,False,19.8,9.51,False
17,True,5,Flowers for Allgeiernon,2473037,Jason Myers,K,K,True,10.0,8.43,False
17,True,5,Flowers for Allgeiernon,4887558,Emanuel Wilson,RB,BE,False,2.9,3.8,False
17,True,5,Flowers for Allgeiernon,4876017,Carson Schwesinger,LB,DP,True,9.0,9.81,False
17,True,5,Flowers for Allgeiernon,4360310,Trevor Lawrence,QB,BE,False,23.12,19.43,False
17,True,5,Flowers for Allgeiernon,-16002,Bills D/ST,D/ST,BE,False,7.0,4.65,False
17,True,14,Deston's Ride or Dies ,4426515,Puka Nacua,WR,WR,True,13.2,19.31,False
17,True,14,Deston's Ride or Dies ,4596448,Bucky Irving,RB,RB,True,5.8,13.4,False
17,True,14,Deston's Ride or Dies ,4432708,Marvin Harrison Jr.,WR,BE,False,0.0,9.73,False
17,True,14,Deston's Ride or Dies ,4427366,Breece Hall,RB,RB,True,19.9,12.24,False
17,True,14,Deston's Ride or Dies ,4432710,TreVeyon Henderson,RB,RB/WR/TE,True,8.2,12.5,False
17,True,14,Deston's Ride or Dies ,4567750,Emeka Egbuka,WR,WR,True,3.5,4.57,False
17,True,14,Deston's Ride or Dies ,4431459,Tyler Warren,TE,TE,True,6.8,9.75,False
17,True,14,Deston's Ride or Dies ,4426385,Zach Charbonnet,RB,BE,False,25.2,9.16,False
17,True,14,Deston's Ride or Dies ,4429025,Quentin Johnston,WR,BE,False,12.3,6.92,False
17,True,14,Deston's Ride or Dies ,3886598,Jauan Jennings,WR,BE,False,11.2,11.46,False
17,True,14,Deston's Ride or Dies ,4569603,Malik Washington,WR,BE,False,1.0,4.93,False
17,True,14,Deston's Ride or Dies ,17372,Chris Boswell,K,K,True,7.0,8.26,False
17,True,14,Deston's Ride or Dies ,3728281,Blake Cashman,LB,DP,True,19.0,11.62,False
17,True,14,Deston's Ride or Dies ,4427728,Bam Knight,RB,BE,False,0.0,0.0,False
17,True,14,Deston's Ride or Dies ,3046779,Jared Goff,QB,QB,True,2.08,16.16,False
17,True,14,Deston's Ride or Dies ,4682652,Devin Neal,RB,BE,False,0.0,0.0,False
17,True,14,Deston's Ride or Dies ,-16012,Chiefs D/ST,D/ST,D/ST,True,3.0,3.51,False
17,True,8,SCLSU Mud Dogs,4429795,Jahmyr Gibbs,RB,RB,True,5.4,18.46,False
17,True,8,SCLSU Mud Dogs,4432665,Brock Bowers,TE,BE,False,0.0,0.0,False
17,True,8,SCLSU Mud Dogs,4426348,Jayden Daniels,QB,BE,False,0.0,0.0,False
17,True,8,SCLSU Mud Dogs,16800,Davante Adams,WR,BE,False,0.0,0.0,False
17,True,8,SCLSU Mud Dogs,3915416,DJ Moore,WR,RB/WR/TE,True,1.2,9.76,False
17,True,8,SCLSU Mud Dogs,4428331,Rashee Rice,WR,BE,False,0.0,0.0,False
17,True,8,SCLSU Mud Dogs,4360569,Jordan Mason,RB,BE,False,0.0,0.0,False
17,True,8,SCLSU Mud Dogs,4429205,Jordan Addison,WR,WR,True,12.5,7.31,False
17,True,8,SCLSU Mud Dogs,4360248,Kyle Pitts Sr.,TE,TE,True,2.6,10.0,False
17,True,8,SCLSU Mud Dogs,4689114,Jaxson Dart,QB,BE,False,25.08,16.56,False
17,True,8,SCLSU Mud Dogs,3059915,Kareem Hunt,RB,RB,True,3.8,6.04,False
17,True,8,SCLSU Mud Dogs,4595342,Oronde Gadsden,TE,BE,False,10.7,5.31,False
17,True,8,SCLSU Mud Dogs,4697745,Tyler Loop,K,K,True,11.0,7.66,False
17,True,8,SCLSU Mud Dogs,3121422,Terry McLaurin,WR,WR,True,8.8,10.47,False
17,True,8,SCLSU Mud Dogs,4360423,Michael Penix Jr.,QB,IR,False,0.0,0.0,False
17,True,8,SCLSU Mud Dogs,2578570,Jacoby Brissett,QB,QB,True,16.48,20.26,False
17,True,8,SCLSU Mud Dogs,-16027,Buccaneers D/ST,D/ST,D/ST,True,4.0,5.51,False
17,True,8,SCLSU Mud Dogs,4243181,Nate Landman,LB,DP,True,6.0,9.47,False
17,True,10,Silence of the Lamb,4241389,CeeDee Lamb,WR,WR,True,7.1,14.53,False
17,True,10,Silence of the Lamb,4426502,Drake London,WR,RB/WR/TE,True,0.9,12.82,False
17,True,10,Silence of the Lamb,3916387,Lamar Jackson,QB,BE,False,0.0,0.0,False
17,True,10,Silence of the Lamb,3054850,Alvin Kamara,RB,BE,False,0.0,0.0,False
17,True,10,Silence of the Lamb,4047650,DK Metcalf,WR,BE,False,0.0,0.0,False
17,True,10,Silence of the Lamb,4361529,Isiah Pacheco,RB,BE,False,3.2,8.63,False
17,True,10,Silence of the Lamb,4426388,Jameson Williams,WR,WR,True,4.7,11.44,False
17,True,10,Silence of the Lamb,4361579,Javonte Williams,RB,RB,True,11.4,15.42,False
17,True,10,Silence of the Lamb,3953687,Brandon Aubrey,K,K,True,16.0,9.17,False
17,True,10,Silence of the Lamb,-16007,Broncos D/ST,D/ST,D/ST,True,7.0,8.93,False
17,True,10,Silence of the Lamb,4431452,Drake Maye,QB,QB,True,32.44,22.03,False
17,True,10,Silence of the Lamb,4361432,Romeo Doubs,WR,BE,False,7.7,7.95,False
17,True,10,Silence of the Lamb,4429148,Theo Johnson,TE,BE,False,0.0,0.0,False
17,True,10,Silence of the Lamb,4040761,Devin Singletary,RB,RB,True,15.0,8.78,False
17,True,10,Silence of the Lamb,4361331,Jamien Sherwood,LB,DP,True,7.0,10.03,False
17,True,10,Silence of the Lamb,4569682,Audric Estime,RB,BE,False,16.3,8.14,False
17,True,10,Silence of the Lamb,4259147,Jake Tonges,TE,TE,True,15.5,8.84,False
17,True,9,Men of Will,4262921,Justin Jefferson,WR,WR,True,5.0,9.99,False
17,True,9,Men of Will,4432773,Brian Thomas Jr.,WR,WR,True,5.9,9.72,False
17,True,9,Men of Will,3918298,Josh Allen,QB,QB,True,23.18,18.28,False
17,True,9,Men of Will,3042519,Aaron Jones Sr.,RB,RB,True,13.8,11.02,False
17,True,9,Men of Will,4426338,Bo Nix,QB,BE,False,19.48,17.87,False
17,True,9,Men of Will,4373678,Khalil Shakir,WR,BE,False,6.5,7.43,False
17,True,9,Men of Will,4686361,Cam Little,K,K,True,14.0,8.64,False
17,True,9,Men of Will,15818,Keenan Allen,WR,BE,False,2.2,6.52,False
17,True,9,Men of Will,4429059,Woody Marks,RB,RB,True,8.0,9.73,False
17,True,9,Men of Will,-16017,Patriots D/ST,D/ST,D/ST,True,6.0,8.38,False
17,True,9,Men of Will,4360761,Michael Wilson,WR,RB/WR/TE,True,17.4,11.17,False
17,True,9,Men of Will,4877706,Jayden Higgins,WR,BE,False,15.8,5.28,False
17,True,9,Men of Will,2576925,Darren Waller,TE,BE,False,0.5,7.34,False
17,True,9,Men of Will,14958,Demario Davis,LB,DP,True,7.0,9.54,False
17,True,9,Men of Will,4241416,Chuba Hubbard,RB,BE,False,1.3,6.71,False
17,True,9,Men of Will,-16021,Eagles D/ST,D/ST,BE,False,12.0,4.63,False
17,True,9,Men of Will,4258595,Cole Kmet,TE,TE,True,2.6,4.91,False
17,True,1,Nico Suave,4258173,Nico Collins,WR,WR,True,7.2,12.61,False
17,True,1,Nico Suave,4685382,Omarion Hampton,RB,RB/WR/TE,True,16.0,13.76,False
17,True,1,Nico Suave,4426354,George Pickens,WR,WR,True,9.8,14.0,False
17,True,1,Nico Suave,3916433,Jakobi Meyers,WR,BE,False,4.9,11.28,False
17,True,1,Nico Suave,3116365,Mark Andrews,TE,BE,False,4.8,6.56,False
17,True,1,Nico Suave,2577417,Dak Prescott,QB,QB,True,22.68,20.47,False
17,True,1,Nico Suave,3929645,Juwan Johnson,TE,TE,True,11.5,7.94,False
17,True,1,Nico Suave,4371733,Kenneth Gainwell,RB,RB,True,5.3,12.26,False
17,True,1,Nico Suave,-16005,Browns D/ST,D/ST,BE,False,8.0,5.24,False
17,True,1,Nico Suave,4688813,Josh Downs,WR,BE,False,5.4,7.29,False
17,True,1,Nico Suave,4430968,Kimani Vidal,RB,BE,False,0.0,0.0,False
17,True,1,Nico Suave,4431299,Rome Odunze,WR,BE,False,0.0,0.0,False
17,True,1,Nico Suave,4567048,Kenneth Walker III,RB,BE,False,6.7,11.92,False
17,True,1,Nico Suave,4568490,RJ Harvey,RB,RB,True,16.1,11.95,False
17,True,1,Nico Suave,4034949,Eddy Pineiro,K,K,True,6.0,8.84,False
17,True,1,Nico Suave,-16008,Lions D/ST,D/ST,D/ST,True,10.0,8.35,False
17,True,1,Nico Suave,2612151,Alex Singleton,LB,DP,True,4.0,9.3,False
17,True,11,ConcreteJungleWet DreamTomato,4890973,Ashton Jeanty,RB,RB,True,9.3,18.23,False
17,True,11,ConcreteJungleWet DreamTomato,4379399,James Cook III,RB,RB,True,8.2,16.13,False
17,True,11,ConcreteJungleWet DreamTomato,3139477,Patrick Mahomes,QB,IR,False,0.0,0.0,False
17,True,11,ConcreteJungleWet DreamTomato,4036133,T.J. Hockenson,TE,BE,False,0.0,0.0,False
17,True,11,ConcreteJungleWet DreamTomato,4241463,Jerry Jeudy,WR,BE,False,8.9,5.92,False
17,True,11,ConcreteJungleWet DreamTomato,4685702,Quinshon Judkins,RB,BE,False,0.0,0.0,False
17,True,11,ConcreteJungleWet DreamTomato,-16034,Texans D/ST,D/ST,D/ST,True,10.0,6.81,False
17,True,11,ConcreteJungleWet DreamTomato,4035687,Michael Pittman Jr.,WR,WR,True,2.6,8.83,False
17,True,11,ConcreteJungleWet DreamTomato,3046439,Hunter Henry,TE,TE,True,12.4,8.98,False
17,True,11,ConcreteJungleWet DreamTomato,4040655,Darnell Mooney,WR,BE,False,4.5,4.85,False
17,True,11,ConcreteJungleWet DreamTomato,3055899,Harrison Butker,K,K,True,10.0,7.38,False
17,True,11,ConcreteJungleWet DreamTomato,4686472,Marvin Mims Jr.,WR,WR,True,2.5,6.25,False
17,True,11,ConcreteJungleWet DreamTomato,3129446,Robert Spillane,LB,BE,False,0.0,0.0,False
17,True,11,ConcreteJungleWet DreamTomato,4243389,Calvin Austin III,WR,BE,False,0.0,0.0,False
17,True,11,ConcreteJungleWet DreamTomato,4431268,Chimere Dike,WR,RB/WR/TE,True,8.2,8.89,False
17,True,11,ConcreteJungleWet DreamTomato,2576980,Marcus Mariota,QB,BE,False,0.0,0.0,False
17,True,11,ConcreteJungleWet DreamTomato,4379416,Quay Walker,LB,DP,True,14.0,9.61,False
17,True,11,ConcreteJungleWet DreamTomato,4360689,Tyler Shough,QB,QB,True,21.92,16.73,False
17,True,12,Blake's Holographic Charizard,3929630,Saquon Barkley,RB,RB,True,6.8,16.6,False
17,True,12,Blake's Holographic Charizard,4612826,Ladd McConkey,WR,WR,True,3.6,8.57,False
17,True,12,Blake's Holographic Charizard,4239993,Tee Higgins,WR,BE,False,7.9,11.83,False
17,True,12,Blake's Holographic Charizard,4683062,Xavier Worthy,WR,WR,True,0.1,7.88,False
17,True,12,Blake's Holographic Charizard,4241474,Brian Robinson Jr.,RB,BE,False,3.3,5.06,False
17,True,12,Blake's Holographic Charizard,4431611,Caleb Williams,QB,QB,True,23.0,18.45,False
17,True,12,Blake's Holographic Charizard,4362081,Cameron Dicker,K,K,True,3.0,8.34,False
17,True,12,Blake's Holographic Charizard,4575131,Jacory Croskey-Merritt,RB,RB/WR/TE,True,22.5,10.7,False
17,True,12,Blake's Holographic Charizard,5083076,Harold Fannin Jr.,TE,TE,True,10.0,9.49,False
17,True,12,Blake's Holographic Charizard,-16011,Colts D/ST,D/ST,BE,False,5.0,4.5,False
17,True,12,Blake's Holographic Charizard,4430539,Brenton Strange,TE,BE,False,6.9,7.01,False
17,True,12,Blake's Holographic Charizard,4038815,Rico Dowdle,RB,RB,True,7.8,11.53,False
17,True,12,Blake's Holographic Charizard,3912547,Sam Darnold,QB,BE,False,9.08,15.98,False
17,True,12,Blake's Holographic Charizard,4569465,Jack Campbell,LB,DP,True,6.0,10.51,False
17,True,12,Blake's Holographic Charizard,4428718,Tre Tucker,WR,BE,False,8.4,8.93,False
17,True,12,Blake's Holographic Charizard,-16006,Cowboys D/ST,D/ST,D/ST,True,2.0,5.92,False
17,True,12,Blake's Holographic Charizard,4240657,Michael Carter,RB,BE,False,5.3,11.43,False
17,True,4,Injured Reserve ,4374302,Amon-Ra St. Brown,WR,WR,True,11.8,15.88,False
17,True,4,Injured Reserve ,4047365,Josh Jacobs,RB,RB,True,0.8,13.7,False
17,True,4,Injured Reserve ,4361370,Chris Olave,WR,BE,False,21.9,14.02,False
17,True,4,Injured Reserve ,4430027,Sam LaPorta,TE,BE,False,0.0,0.0,False
17,True,4,Injured Reserve ,4569173,Rhamondre Stevenson,RB,BE,False,24.7,11.77,False
17,True,4,Injured Reserve ,3052587,Baker Mayfield,QB,BE,False,17.44,15.18,False
17,True,4,Injured Reserve ,3126486,Deebo Samuel,WR,WR,True,10.3,9.64,False
17,True,4,Injured Reserve ,4569987,Jaylen Warren,RB,RB,True,6.4,12.57,False
17,True,4,Injured Reserve ,4429096,Blake Corum,RB,BE,False,1.8,9.32,False
17,True,4,Injured Reserve ,4432577,C.J. Stroud,QB,QB,True,13.76,14.69,False
17,True,4,Injured Reserve ,3915189,Roquan Smith,LB,BE,False,3.0,9.8,False
17,True,4,Injured Reserve ,15835,Zach Ertz,TE,TE,True,0.0,0.0,False
17,True,4,Injured Reserve ,4429022,Kayshon Boutte,WR,BE,False,0.0,0.0,False
17,True,4,Injured Reserve ,4430871,Sean Tucker,RB,RB/WR/TE,True,0.8,3.25,False
17,True,4,Injured Reserve ,4035232,Tyrel Dodson,LB,DP,True,7.0,9.48,False
17,True,4,Injured Reserve ,-16013,Raiders D/ST,D/ST,D/ST,True,1.0,4.57,False
17,True,4,Injured Reserve ,4574716,Harrison Mevis,K,K,True,6.0,8.99,False
