week,is_playoff,team_id,team_name,player_id,player_name,position,slot,started,points,projected_points,on_bye
1,False,6,Thom-ASS,15847,Travis Kelce,TE,TE,True,0.0,0.0,False
1,False,6,Thom-ASS,2976212,Stefon Diggs,WR,WR,True,21.2,0.0,False
1,False,6,Thom-ASS,3916387,Lamar Jackson,QB,QB,True,6.56,0.0,False
1,False,6,Thom-ASS,4360238,Dameon Pierce,RB,RB,True,5.7,0.0,False
1,False,6,Thom-ASS,3045147,James Conner,RB,RB,True,9.5,0.0,False
1,False,6,Thom-ASS,16737,Mike Evans,WR,WR,True,15.6,0.0,False
1,False,6,Thom-ASS,4241372,Marquise Brown,WR,RB/WR/TE,True,7.2,0.0,False
1,False,6,Thom-ASS,4360294,Antonio Gibson,RB,BE,False,0.4,0.0,False
1,False,6,Thom-ASS,4567156,Treylon Burks,WR,BE,False,3.7,0.0,False
1,False,6,Thom-ASS,4429615,Zay Flowers,WR,BE,False,14.2,0.0,False
1,False,6,Thom-ASS,3917232,Tyler Bass,K,K,True,13.0,7.99,False
1,False,6,Thom-ASS,-16006,Cowboys D/ST,D/ST,D/ST,True,35.0,0.0,False
1,False,6,Thom-ASS,4429025,Quentin Johnston,WR,BE,False,1.9,0.0,False
1,False,6,Thom-ASS,3128390,Allen Lazard,WR,BE,False,5.6,0.0,False
1,False,6,Thom-ASS,3125116,D'Onta Foreman,RB,BE,False,3.4,0.0,False
1,False,6,Thom-ASS,3918639,Gerald Everett,TE,BE,False,3.3,0.0,False
1,False,6,Thom-ASS,3121544,T.J. Edwards,LB,DP,True,14.0,0.0,False
1,False,10,Amon-Ra Dog,3117251,Christian McCaffrey,RB,RB,True,24.4,0.0,False
1,False,10,Amon-Ra Dog,4374302,Amon-Ra St. Brown,WR,WR,True,16.1,0.0,False
1,False,10,Amon-Ra Dog,4241478,DeVonta Smith,WR,WR,True,14.2,0.0,False
1,False,10,Amon-Ra Dog,4241463,Jerry Jeudy,WR,BE,False,0.0,0.0,False
1,False,10,Amon-Ra Dog,4697815,Rachaad White,RB,RB,True,5.9,0.0,False
1,False,10,Amon-Ra Dog,4035886,Khalil Herbert,RB,RB/WR/TE,True,9.9,0.0,False
1,False,10,Amon-Ra Dog,4360248,Kyle Pitts,TE,TE,True,5.4,0.0,False
1,False,10,Amon-Ra Dog,4426354,George Pickens,WR,BE,False,6.1,0.0,False
1,False,10,Amon-Ra Dog,8439,Aaron Rodgers,QB,BE,False,0.0,0.0,False
1,False,10,Amon-Ra Dog,4429084,Anthony Richardson,QB,QB,True,20.92,0.0,False
1,False,10,Amon-Ra Dog,-16021,Eagles D/ST,D/ST,D/ST,True,11.0,0.0,False
1,False,10,Amon-Ra Dog,4035434,Devin White,LB,DP,True,12.0,0.0,False
1,False,10,Amon-Ra Dog,3051909,Daniel Carlson,K,K,True,5.0,8.17,False
1,False,10,Amon-Ra Dog,4426485,Jonathan Mingo,WR,BE,False,3.7,0.0,False
1,False,10,Amon-Ra Dog,3912550,Ronald Jones,RB,BE,False,0.0,0.0,False
1,False,10,Amon-Ra Dog,3051926,Gus Edwards,RB,BE,False,5.2,0.0,False
1,False,10,Amon-Ra Dog,4686472,Marvin Mims Jr.,WR,BE,False,1.9,0.0,False
1,False,13,Christopher's Kryptonite ,3929630,Saquon Barkley,RB,RB,True,7.8,0.0,False
1,False,13,Christopher's Kryptonite ,4241389,CeeDee Lamb,WR,WR,True,9.7,0.0,False
1,False,13,Christopher's Kryptonite ,3116365,Mark Andrews,TE,BE,False,0.0,0.0,False
1,False,13,Christopher's Kryptonite ,4362887,Justin Fields,QB,QB,True,14.54,0.0,False
1,False,13,Christopher's Kryptonite ,4045163,Miles Sanders,RB,RB,True,9.8,0.0,False
1,False,13,Christopher's Kryptonite ,4426502,Drake London,WR,RB/WR/TE,True,0.0,0.0,False
1,False,13,Christopher's Kryptonite ,4360438,Brandon Aiyuk,WR,BE,False,28.9,0.0,False
1,False,13,Christopher's Kryptonite ,4243537,Gabe Davis,WR,BE,False,4.2,0.0,False
1,False,13,Christopher's Kryptonite ,3116389,Samaje Perine,RB,BE,False,9.8,0.0,False
1,False,13,Christopher's Kryptonite ,4429160,De'Von Achane,RB,BE,False,0.0,0.0,False
1,False,13,Christopher's Kryptonite ,3050073,Foyesade Oluokun,LB,DP,True,13.0,0.0,False
1,False,13,Christopher's Kryptonite ,4240600,Kadarius Toney,WR,WR,True,0.5,0.0,False
1,False,13,Christopher's Kryptonite ,4241479,Tua Tagovailoa,QB,BE,False,27.14,0.0,False
1,False,13,Christopher's Kryptonite ,3049899,Younghoe Koo,K,K,True,7.0,7.92,False
1,False,13,Christopher's Kryptonite ,4241416,Chuba Hubbard,RB,BE,False,7.9,0.0,False
1,False,13,Christopher's Kryptonite ,-16030,Jaguars D/ST,D/ST,D/ST,True,13.0,0.0,False
1,False,13,Christopher's Kryptonite ,4361050,Isaiah Likely,TE,TE,True,0.9,0.0,False
1,False,5,You Can Chuck the Tubb,3128720,Nick Chubb,RB,RB,True,14.7,0.0,False
1,False,5,You Can Chuck the Tubb,3116385,Joe Mixon,RB,RB,True,8.8,0.0,False
1,False,5,You Can Chuck the Tubb,3126486,Deebo Samuel,WR,WR,True,8.8,0.0,False
1,False,5,You Can Chuck the Tubb,2976499,Amari Cooper,WR,WR,True,5.2,0.0,False
1,False,5,You Can Chuck the Tubb,4035687,Michael Pittman Jr.,WR,BE,False,20.7,0.0,False
1,False,5,You Can Chuck the Tubb,3116593,Dalvin Cook,RB,RB/WR/TE,True,7.4,10.68,False
1,False,5,You Can Chuck the Tubb,14880,Kirk Cousins,QB,QB,True,16.46,0.0,False
1,False,5,You Can Chuck the Tubb,16782,Jerick McKinnon,RB,BE,False,1.5,9.54,False
1,False,5,You Can Chuck the Tubb,3116164,Mike Gesicki,TE,BE,False,5.1,0.0,False
1,False,5,You Can Chuck the Tubb,15683,Justin Tucker,K,K,True,5.0,8.79,False
1,False,5,You Can Chuck the Tubb,-16017,Patriots D/ST,D/ST,BE,False,7.0,0.0,False
1,False,5,You Can Chuck the Tubb,4360939,Rashod Bateman,WR,BE,False,5.0,0.0,False
1,False,5,You Can Chuck the Tubb,4426386,Roschon Johnson,RB,BE,False,14.5,0.0,False
1,False,5,You Can Chuck the Tubb,4362249,Jayden Reed,WR,BE,False,5.6,0.0,False
1,False,5,You Can Chuck the Tubb,3929645,Juwan Johnson,TE,TE,True,6.1,0.0,False
1,False,5,You Can Chuck the Tubb,-16028,Commanders D/ST,D/ST,D/ST,True,12.0,0.0,False
1,False,5,You Can Chuck the Tubb,3040150,Josey Jewell,LB,DP,True,6.0,0.0,False
1,False,1,Garretteed Satisfaction ,3916148,Tony Pollard,RB,RB,True,21.2,0.0,False
1,False,1,Garretteed Satisfaction ,4569618,Garrett Wilson,WR,WR,True,11.9,0.0,False
1,False,1,Garretteed Satisfaction ,4361370,Chris Olave,WR,WR,True,15.2,0.0,False
1,False,1,Garretteed Satisfaction ,4047650,DK Metcalf,WR,RB/WR/TE,True,12.2,0.0,False
1,False,1,Garretteed Satisfaction ,2576925,Darren Waller,TE,TE,True,6.1,0.0,False
1,False,1,Garretteed Satisfaction ,4379399,James Cook,RB,RB,True,8.3,0.0,False
1,False,1,Garretteed Satisfaction ,3054850,Alvin Kamara,RB,BE,False,0.0,0.0,False
1,False,1,Garretteed Satisfaction ,2577417,Dak Prescott,QB,QB,True,6.32,0.0,False
1,False,1,Garretteed Satisfaction ,4430191,Skyy Moore,WR,BE,False,0.4,0.0,False
1,False,1,Garretteed Satisfaction ,4426385,Zach Charbonnet,RB,BE,False,1.1,0.0,False
1,False,1,Garretteed Satisfaction ,4258173,Nico Collins,WR,BE,False,11.0,0.0,False
1,False,1,Garretteed Satisfaction ,3117253,Bobby Okereke,LB,DP,True,7.0,0.0,False
1,False,1,Garretteed Satisfaction ,4241555,Elijah Mitchell,RB,BE,False,1.0,0.0,False
1,False,1,Garretteed Satisfaction ,4240703,Kenny Pickett,QB,BE,False,9.68,0.0,False
1,False,1,Garretteed Satisfaction ,17427,Cairo Santos,K,K,True,7.0,8.09,False
1,False,1,Garretteed Satisfaction ,-16016,Vikings D/ST,D/ST,D/ST,True,3.0,0.0,False
1,False,1,Garretteed Satisfaction ,4372019,Jerome Ford,RB,BE,False,1.6,0.0,False
1,False,9,Men of Will,3068267,Austin Ekeler,RB,RB,True,24.4,0.0,False
1,False,9,Men of Will,4047365,Josh Jacobs,RB,RB,True,8.1,0.0,False
1,False,9,Men of Will,3918298,Josh Allen,QB,QB,True,9.04,0.0,False
1,False,9,Men of Will,3925357,Calvin Ridley,WR,WR,True,20.1,0.0,False
1,False,9,Men of Will,4248528,Christian Watson,WR,BE,False,0.0,0.0,False
1,False,9,Men of Will,3116165,Chris Godwin,WR,RB/WR/TE,True,7.6,0.0,False
1,False,9,Men of Will,4259545,D'Andre Swift,RB,BE,False,0.8,0.0,False
1,False,9,Men of Will,3128429,Courtland Sutton,WR,BE,False,11.2,0.0,False
1,False,9,Men of Will,2976316,Michael Thomas,WR,WR,True,8.6,9.54,False
1,False,9,Men of Will,16460,Adam Thielen,WR,BE,False,2.2,0.0,False
1,False,9,Men of Will,-16002,Bills D/ST,D/ST,D/ST,True,7.0,0.0,False
1,False,9,Men of Will,3123076,David Njoku,TE,TE,True,3.4,0.0,False
1,False,9,Men of Will,3124005,Zaire Franklin,LB,DP,True,19.0,0.0,False
1,False,9,Men of Will,4249087,Matt Gay,K,K,True,3.0,7.95,False
1,False,9,Men of Will,4036348,Michael Gallup,WR,BE,False,1.5,7.95,False
1,False,9,Men of Will,14881,Russell Wilson,QB,BE,False,15.18,0.0,False
1,False,9,Men of Will,4599739,Kendre Miller,RB,BE,False,0.0,0.0,False
1,False,3,Jim Ward's Ole Dick Necks,4262921,Justin Jefferson,WR,WR,True,20.5,0.0,False
1,False,3,Jim Ward's Ole Dick Necks,3042519,Aaron Jones,RB,RB,True,25.7,0.0,False
1,False,3,Jim Ward's Ole Dick Necks,4040715,Jalen Hurts,QB,QB,True,12.5,0.0,False
1,False,3,Jim Ward's Ole Dick Necks,4048244,Alexander Mattison,RB,RB,True,11.9,0.0,False
1,False,3,Jim Ward's Ole Dick Necks,15795,DeAndre Hopkins,WR,WR,True,12.0,0.0,False
1,False,3,Jim Ward's Ole Dick Necks,4361529,Isiah Pacheco,RB,BE,False,7.4,0.0,False
1,False,3,Jim Ward's Ole Dick Necks,2980453,Jamaal Williams,RB,RB/WR/TE,True,6.2,0.0,False
1,False,3,Jim Ward's Ole Dick Necks,3139925,Rashaad Penny,RB,BE,False,0.0,0.0,False
1,False,3,Jim Ward's Ole Dick Necks,4361409,Jahan Dotson,WR,BE,False,6.5,0.0,False
1,False,3,Jim Ward's Ole Dick Necks,4385690,Dalton Kincaid,TE,BE,False,4.6,0.0,False
1,False,3,Jim Ward's Ole Dick Necks,4258595,Cole Kmet,TE,TE,True,6.9,0.0,False
1,False,3,Jim Ward's Ole Dick Necks,4688813,Josh Downs,WR,BE,False,4.5,0.0,False
1,False,3,Jim Ward's Ole Dick Necks,4429013,Tank Bigsby,RB,BE,False,6.3,0.0,False
1,False,3,Jim Ward's Ole Dick Necks,-16007,Broncos D/ST,D/ST,D/ST,True,5.0,0.0,False
1,False,3,Jim Ward's Ole Dick Necks,3124679,Jason Sanders,K,K,True,14.0,7.9,False
1,False,3,Jim Ward's Ole Dick Necks,4242540,Isaiah Hodgins,WR,BE,False,0.9,5.63,False
1,False,3,Jim Ward's Ole Dick Necks,3040180,De'Vondre Campbell,LB,DP,True,7.0,0.0,False
1,False,2,Pour One Out For Mahomies!!,4241457,Najee Harris,RB,RB,True,4.3,0.0,False
1,False,2,Pour One Out For Mahomies!!,3139477,Patrick Mahomes,QB,QB,True,19.54,0.0,False
1,False,2,Pour One Out For Mahomies!!,4239993,Tee Higgins,WR,WR,True,0.0,0.0,False
1,False,2,Pour One Out For Mahomies!!,4427366,Breece Hall,RB,BE,False,15.2,0.0,False
1,False,2,Pour One Out For Mahomies!!,3915416,DJ Moore,WR,WR,True,4.5,0.0,False
1,False,2,Pour One Out For Mahomies!!,3040151,George Kittle,TE,TE,True,3.4,0.0,False
1,False,2,Pour One Out For Mahomies!!,2577327,Tyler Lockett,WR,RB/WR/TE,True,2.0,0.0,False
1,False,2,Pour One Out For Mahomies!!,4239934,AJ Dillon,RB,RB,True,4.6,0.0,False
1,False,2,Pour One Out For Mahomies!!,3120348,JuJu Smith-Schuster,WR,BE,False,5.3,0.0,False
1,False,2,Pour One Out For Mahomies!!,-16020,Jets D/ST,D/ST,D/ST,True,20.0,0.0,False
1,False,2,Pour One Out For Mahomies!!,3055899,Harrison Butker,K,K,True,8.0,8.41,False
1,False,2,Pour One Out For Mahomies!!,3915189,Roquan Smith,LB,DP,True,18.0,0.0,False
1,False,2,Pour One Out For Mahomies!!,3122976,Jeff Wilson Jr.,RB,IR,False,0.0,0.0,False
1,False,2,Pour One Out For Mahomies!!,3117256,Dalton Schultz,TE,BE,False,1.4,0.0,False
1,False,2,Pour One Out For Mahomies!!,4685720,Bryce Young,QB,BE,False,7.54,0.0,False
1,False,2,Pour One Out For Mahomies!!,4361432,Romeo Doubs,WR,BE,False,16.6,0.0,False
1,False,2,Pour One Out For Mahomies!!,4040605,Nick Bosa,DE,BE,False,2.0,0.0,False
1,False,11,Bijan mustard,4430807,Bijan Robinson,RB,RB,True,17.3,0.0,False
1,False,11,Bijan mustard,4242335,Jonathan Taylor,RB,BE,False,0.0,0.0,False
1,False,11,Bijan mustard,4372016,Jaylen Waddle,WR,WR,True,10.8,0.0,False
1,False,11,Bijan mustard,4036133,T.J. Hockenson,TE,TE,True,7.5,10.11,False
1,False,11,Bijan mustard,3122840,Deshaun Watson,QB,QB,True,20.66,0.0,False
1,False,11,Bijan mustard,3895856,Christian Kirk,WR,WR,True,1.4,0.0,False
1,False,11,Bijan mustard,4035538,David Montgomery,RB,RB/WR/TE,True,13.4,0.0,False
1,False,11,Bijan mustard,4430878,Jaxon Smith-Njigba,WR,BE,False,2.8,0.0,False
1,False,11,Bijan mustard,-16025,49ers D/ST,D/ST,D/ST,True,14.0,0.0,False
1,False,11,Bijan mustard,4040761,Devin Singletary,RB,RB,True,1.5,0.0,False
1,False,11,Bijan mustard,16733,Odell Beckham Jr.,WR,BE,False,4.7,9.02,False
1,False,11,Bijan mustard,3056362,Shaquille Leonard,LB,DP,True,8.0,9.84,False
1,False,11,Bijan mustard,4050373,Quez Watkins,WR,BE,False,2.7,2.76,False
1,False,11,Bijan mustard,12460,Graham Gano,K,K,True,-2.0,8.09,False
1,False,11,Bijan mustard,3917792,Daniel Jones,QB,BE,False,4.46,0.0,False
1,False,11,Bijan mustard,4035115,Albert Okwuegbunam,TE,BE,False,0.0,0.0,False
1,False,11,Bijan mustard,4240455,Deon Jackson,RB,BE,False,1.3,0.0,False
1,False,8,SCLSU Mud Dogs,2977187,Cooper Kupp,WR,BE,False,0.0,0.0,False
1,False,8,SCLSU Mud Dogs,3116406,Tyreek Hill,WR,WR,True,39.0,0.0,False
1,False,8,SCLSU Mud Dogs,4569173,Rhamondre Stevenson,RB,RB,True,11.9,0.0,False
1,False,8,SCLSU Mud Dogs,3915511,Joe Burrow,QB,QB,True,3.18,0.0,False
1,False,8,SCLSU Mud Dogs,4241985,J.K. Dobbins,RB,RB,True,10.7,11.84,False
1,False,8,SCLSU Mud Dogs,4240021,Cam Akers,RB,RB/WR/TE,True,8.9,12.4,False
1,False,8,SCLSU Mud Dogs,4241474,Brian Robinson Jr.,RB,BE,False,13.1,0.0,False
1,False,8,SCLSU Mud Dogs,3932905,Diontae Johnson,WR,WR,True,6.3,0.0,False
1,False,8,SCLSU Mud Dogs,3925347,Damien Harris,RB,BE,False,2.9,5.01,False
1,False,8,SCLSU Mud Dogs,4372414,Elijah Moore,WR,BE,False,8.7,0.0,False
1,False,8,SCLSU Mud Dogs,4361411,Pat Freiermuth,TE,TE,True,7.8,0.0,False
1,False,8,SCLSU Mud Dogs,16720,C.J. Mosley,LB,DP,True,7.0,0.0,False
1,False,8,SCLSU Mud Dogs,4360635,Chigoziem Okonkwo,TE,BE,False,0.0,0.0,False
1,False,8,SCLSU Mud Dogs,4373626,Tyler Allgeier,RB,BE,False,22.9,0.0,False
1,False,8,SCLSU Mud Dogs,15864,Geno Smith,QB,BE,False,9.08,0.0,False
1,False,8,SCLSU Mud Dogs,-16033,Ravens D/ST,D/ST,D/ST,True,12.0,0.0,False
1,False,8,SCLSU Mud Dogs,16339,Brandon McManus,K,K,True,8.0,8.27,False
1,False,12,Rule  #76,4362628,Ja'Marr Chase,WR,WR,True,6.6,0.0,False
1,False,12,Rule  #76,4047646,A.J. Brown,WR,WR,True,11.4,0.0,False
1,False,12,Rule  #76,4429795,Jahmyr Gibbs,RB,RB,True,7.0,0.0,False
1,False,12,Rule  #76,4360310,Trevor Lawrence,QB,QB,True,17.74,0.0,False
1,False,12,Rule  #76,4567048,Kenneth Walker III,RB,RB,True,8.7,0.0,False
1,False,12,Rule  #76,3121422,Terry McLaurin,WR,BE,False,5.1,0.0,False
1,False,12,Rule  #76,4361579,Javonte Williams,RB,RB/WR/TE,True,7.7,0.0,False
1,False,12,Rule  #76,3051876,Evan Engram,TE,TE,True,7.4,0.0,False
1,False,12,Rule  #76,4429205,Jordan Addison,WR,BE,False,14.1,0.0,False
1,False,12,Rule  #76,4371733,Kenneth Gainwell,RB,BE,False,9.4,0.0,False
1,False,12,Rule  #76,3051392,Ezekiel Elliott,RB,BE,False,4.8,6.96,False
1,False,12,Rule  #76,4360234,Evan McPherson,K,K,True,3.0,0.0,False
1,False,12,Rule  #76,14979,Bobby Wagner,LB,DP,True,18.0,0.0,False
1,False,12,Rule  #76,4569987,Jaylen Warren,RB,BE,False,4.3,0.0,False
1,False,12,Rule  #76,4242355,Jake Ferguson,TE,BE,False,2.1,0.0,False
1,False,12,Rule  #76,-16023,Steelers D/ST,D/ST,D/ST,True,3.0,0.0,False
1,False,12,Rule  #76,4569609,Evan Hull,RB,BE,False,1.2,0.0,False
1,False,4,King Me,3043078,Derrick Henry,RB,RB,True,12.9,0.0,False
1,False,4,King Me,16800,Davante Adams,WR,WR,True,9.6,0.0,False
1,False,4,King Me,4239996,Travis Etienne Jr.,RB,RB,True,18.9,0.0,False
1,False,4,King Me,4038941,Justin Herbert,QB,QB,True,20.86,0.0,False
1,False,4,King Me,15818,Keenan Allen,WR,WR,True,11.2,0.0,False
1,False,4,King Me,3121023,Dallas Goedert,TE,TE,True,0.0,0.0,False
1,False,4,King Me,3045138,Mike Williams,WR,RB/WR/TE,True,6.5,0.0,False
1,False,4,King Me,16731,Brandin Cooks,WR,BE,False,3.2,0.0,False
1,False,4,King Me,3115394,DJ Chark Jr.,WR,BE,False,0.0,0.0,False
1,False,4,King Me,3916433,Jakobi Meyers,WR,BE,False,24.6,0.0,False
1,False,4,King Me,2576414,Raheem Mostert,RB,BE,False,12.0,0.0,False
1,False,4,King Me,4362759,Nick Bolton,LB,DP,True,7.0,0.0,False
1,False,4,King Me,-16015,Dolphins D/ST,D/ST,D/ST,True,-1.0,0.0,False
1,False,4,King Me,2573401,Tyler Higbee,TE,BE,False,6.4,9.36,False
1,False,4,King Me,4372485,Rondale Moore,WR,BE,False,6.0,0.0,False
1,False,4,King Me,12483,Matthew Stafford,QB,BE,False,14.46,0.0,False
1,False,4,King Me,3050478,Jake Elliott,K,K,True,18.0,8.29,False
2,False,10,Amon-Ra Dog,3117251,Christian McCaffrey,RB,RB,True,21.0,19.99,False
2,False,10,Amon-Ra Dog,4374302,Amon-Ra St. Brown,WR,WR,True,12.2,13.38,False
2,False,10,Amon-Ra Dog,4241478,DeVonta Smith,WR,WR,True,22.1,12.48,False
2,False,10,Amon-Ra Dog,4241463,Jerry Jeudy,WR,BE,False,4.0,9.64,False
2,False,10,Amon-Ra Dog,4697815,Rachaad White,RB,RB,True,18.8,13.76,False
2,False,10,Amon-Ra Dog,4035886,Khalil Herbert,RB,RB/WR/TE,True,6.3,9.62,False
2,False,10,Amon-Ra Dog,4360248,Kyle Pitts,TE,BE,False,3.5,7.57,False
2,False,10,Amon-Ra Dog,4426354,George Pickens,WR,BE,False,20.7,9.15,False
2,False,10,Amon-Ra Dog,4429084,Anthony Richardson,QB,QB,True,17.74,17.56,False
2,False,10,Amon-Ra Dog,-16021,Eagles D/ST,D/ST,BE,False,6.0,5.12,False
2,False,10,Amon-Ra Dog,4035434,Devin White,LB,DP,True,2.0,8.48,False
2,False,10,Amon-Ra Dog,3051909,Daniel Carlson,K,K,True,6.0,7.63,False
2,False,10,Amon-Ra Dog,4426485,Jonathan Mingo,WR,BE,False,4.1,6.23,False
2,False,10,Amon-Ra Dog,3051926,Gus Edwards,RB,BE,False,12.2,5.39,False
2,False,10,Amon-Ra Dog,4361741,Brock Purdy,QB,BE,False,14.74,17.13,False
2,False,10,Amon-Ra Dog,-16018,Saints D/ST,D/ST,D/ST,True,9.0,7.25,False
2,False,10,Amon-Ra Dog,4428085,Luke Musgrave,TE,TE,True,3.5,6.91,False
2,False,5,You Can Chuck the Tubb,3128720,Nick Chubb,RB,RB,True,6.4,14.73,False
2,False,5,You Can Chuck the Tubb,3116385,Joe Mixon,RB,RB,True,11.5,14.26,False
2,False,5,You Can Chuck the Tubb,3126486,Deebo Samuel,WR,WR,True,19.1,12.32,False
2,False,5,You Can Chuck the Tubb,2976499,Amari Cooper,WR,BE,False,12.5,0.0,False
2,False,5,You Can Chuck the Tubb,4035687,Michael Pittman Jr.,WR,WR,True,9.6,10.68,False
2,False,5,You Can Chuck the Tubb,3116593,Dalvin Cook,RB,RB/WR/TE,True,-0.3,9.15,False
2,False,5,You Can Chuck the Tubb,14880,Kirk Cousins,QB,QB,True,28.56,17.89,False
2,False,5,You Can Chuck the Tubb,16782,Jerick McKinnon,RB,BE,False,3.7,7.09,False
2,False,5,You Can Chuck the Tubb,3116164,Mike Gesicki,TE,BE,False,5.8,4.24,False
2,False,5,You Can Chuck the Tubb,15683,Justin Tucker,K,K,True,10.0,8.44,False
2,False,5,You Can Chuck the Tubb,-16017,Patriots D/ST,D/ST,BE,False,4.0,4.32,False
2,False,5,You Can Chuck the Tubb,4426386,Roschon Johnson,RB,BE,False,6.2,7.31,False
2,False,5,You Can Chuck the Tubb,3929645,Juwan Johnson,TE,TE,True,2.3,6.2,False
2,False,5,You Can Chuck the Tubb,-16028,Commanders D/ST,D/ST,D/ST,True,9.0,6.58,False
2,False,5,You Can Chuck the Tubb,2579621,Denzel Perryman,LB,DP,True,7.0,10.88,False
2,False,5,You Can Chuck the Tubb,4426515,Puka Nacua,WR,BE,False,22.6,9.78,False
2,False,5,You Can Chuck the Tubb,3059722,Zay Jones,WR,BE,False,0.0,9.61,False
2,False,9,Men of Will,3068267,Austin Ekeler,RB,BE,False,0.0,0.0,False
2,False,9,Men of Will,4047365,Josh Jacobs,RB,RB,True,8.4,13.93,False
2,False,9,Men of Will,3918298,Josh Allen,QB,QB,True,23.66,24.45,False
2,False,9,Men of Will,3925357,Calvin Ridley,WR,WR,True,4.2,13.95,False
2,False,9,Men of Will,4248528,Christian Watson,WR,BE,False,0.0,0.0,False
2,False,9,Men of Will,3116165,Chris Godwin,WR,RB/WR/TE,True,8.3,11.1,False
2,False,9,Men of Will,4259545,D'Andre Swift,RB,BE,False,25.6,11.16,False
2,False,9,Men of Will,3128429,Courtland Sutton,WR,BE,False,9.1,9.3,False
2,False,9,Men of Will,2976316,Michael Thomas,WR,WR,True,9.0,9.16,False
2,False,9,Men of Will,16460,Adam Thielen,WR,BE,False,16.9,6.31,False
2,False,9,Men of Will,-16002,Bills D/ST,D/ST,BE,False,11.0,6.06,False
2,False,9,Men of Will,3123076,David Njoku,TE,TE,True,4.8,7.73,False
2,False,9,Men of Will,3124005,Zaire Franklin,LB,DP,True,13.0,10.26,False
2,False,9,Men of Will,4249087,Matt Gay,K,K,True,8.0,7.78,False
2,False,9,Men of Will,14881,Russell Wilson,QB,BE,False,25.92,15.75,False
2,False,9,Men of Will,3910544,Joshua Kelley,RB,RB,True,3.9,13.02,False
2,False,9,Men of Will,-16027,Buccaneers D/ST,D/ST,D/ST,True,19.0,7.16,False
2,False,6,Thom-ASS,15847,Travis Kelce,TE,TE,True,10.6,13.48,False
2,False,6,Thom-ASS,2976212,Stefon Diggs,WR,WR,True,10.1,14.75,False
2,False,6,Thom-ASS,3916387,Lamar Jackson,QB,QB,True,22.88,20.59,False
2,False,6,Thom-ASS,4360238,Dameon Pierce,RB,RB,True,4.5,12.26,False
2,False,6,Thom-ASS,3045147,James Conner,RB,RB,True,16.6,13.49,False
2,False,6,Thom-ASS,16737,Mike Evans,WR,WR,True,26.1,11.34,False
2,False,6,Thom-ASS,4241372,Marquise Brown,WR,BE,False,14.4,9.82,False
2,False,6,Thom-ASS,4360294,Antonio Gibson,RB,BE,False,6.8,7.1,False
2,False,6,Thom-ASS,4567156,Treylon Burks,WR,BE,False,9.1,8.55,False
2,False,6,Thom-ASS,4429615,Zay Flowers,WR,RB/WR/TE,True,8.8,10.13,False
2,False,6,Thom-ASS,3917232,Tyler Bass,K,K,True,8.0,8.76,False
2,False,6,Thom-ASS,-16006,Cowboys D/ST,D/ST,D/ST,True,16.0,8.33,False
2,False,6,Thom-ASS,4429025,Quentin Johnston,WR,BE,False,1.2,5.17,False
2,False,6,Thom-ASS,3128390,Allen Lazard,WR,BE,False,3.3,7.7,False
2,False,6,Thom-ASS,3125116,D'Onta Foreman,RB,BE,False,0.0,0.0,False
2,False,6,Thom-ASS,3918639,Gerald Everett,TE,BE,False,6.2,5.71,False
2,False,6,Thom-ASS,3121544,T.J. Edwards,LB,DP,True,12.0,10.24,False
2,False,1,Garretteed Satisfaction ,3916148,Tony Pollard,RB,RB,True,16.4,15.95,False
2,False,1,Garretteed Satisfaction ,4569618,Garrett Wilson,WR,WR,True,16.3,11.55,False
2,False,1,Garretteed Satisfaction ,4361370,Chris Olave,WR,WR,True,11.6,11.92,False
2,False,1,Garretteed Satisfaction ,4047650,DK Metcalf,WR,RB/WR/TE,True,10.5,12.79,False
2,False,1,Garretteed Satisfaction ,2576925,Darren Waller,TE,TE,True,10.6,9.1,False
2,False,1,Garretteed Satisfaction ,4379399,James Cook,RB,RB,True,17.9,13.56,False
2,False,1,Garretteed Satisfaction ,3054850,Alvin Kamara,RB,BE,False,0.0,0.0,False
2,False,1,Garretteed Satisfaction ,2577417,Dak Prescott,QB,QB,True,19.6,15.65,False
2,False,1,Garretteed Satisfaction ,4430191,Skyy Moore,WR,BE,False,14.5,7.06,False
2,False,1,Garretteed Satisfaction ,4426385,Zach Charbonnet,RB,BE,False,4.0,4.14,False
2,False,1,Garretteed Satisfaction ,4258173,Nico Collins,WR,BE,False,24.1,8.49,False
2,False,1,Garretteed Satisfaction ,3117253,Bobby Okereke,LB,DP,True,8.0,8.82,False
2,False,1,Garretteed Satisfaction ,4241555,Elijah Mitchell,RB,BE,False,0.0,5.28,False
2,False,1,Garretteed Satisfaction ,17427,Cairo Santos,K,K,True,7.0,7.92,False
2,False,1,Garretteed Satisfaction ,4372019,Jerome Ford,RB,BE,False,22.6,5.42,False
2,False,1,Garretteed Satisfaction ,-16019,Giants D/ST,D/ST,D/ST,True,-2.0,7.54,False
2,False,1,Garretteed Satisfaction ,4036378,Jordan Love,QB,BE,False,20.34,15.28,False
2,False,13,Christopher's Kryptonite ,3929630,Saquon Barkley,RB,RB,True,24.2,16.82,False
2,False,13,Christopher's Kryptonite ,4241389,CeeDee Lamb,WR,WR,True,19.8,13.07,False
2,False,13,Christopher's Kryptonite ,3116365,Mark Andrews,TE,TE,True,13.0,9.68,False
2,False,13,Christopher's Kryptonite ,4362887,Justin Fields,QB,QB,True,14.74,18.97,False
2,False,13,Christopher's Kryptonite ,4045163,Miles Sanders,RB,RB,True,6.2,12.5,False
2,False,13,Christopher's Kryptonite ,4426502,Drake London,WR,BE,False,15.7,8.87,False
2,False,13,Christopher's Kryptonite ,4360438,Brandon Aiyuk,WR,WR,True,5.8,11.61,False
2,False,13,Christopher's Kryptonite ,4243537,Gabe Davis,WR,RB/WR/TE,True,18.2,10.03,False
2,False,13,Christopher's Kryptonite ,3116389,Samaje Perine,RB,BE,False,3.9,8.39,False
2,False,13,Christopher's Kryptonite ,4429160,De'Von Achane,RB,BE,False,1.4,3.34,False
2,False,13,Christopher's Kryptonite ,3050073,Foyesade Oluokun,LB,DP,True,12.0,11.14,False
2,False,13,Christopher's Kryptonite ,4240600,Kadarius Toney,WR,BE,False,6.3,6.24,False
2,False,13,Christopher's Kryptonite ,4241479,Tua Tagovailoa,QB,BE,False,12.26,17.87,False
2,False,13,Christopher's Kryptonite ,3049899,Younghoe Koo,K,K,True,13.0,7.79,False
2,False,13,Christopher's Kryptonite ,4241416,Chuba Hubbard,RB,BE,False,7.5,6.64,False
2,False,13,Christopher's Kryptonite ,-16011,Colts D/ST,D/ST,D/ST,True,7.0,6.56,False
2,False,13,Christopher's Kryptonite ,4040655,Darnell Mooney,WR,BE,False,0.0,6.92,False
2,False,2,Pour One Out For Mahomies!!,4241457,Najee Harris,RB,RB,True,4.8,11.76,False
2,False,2,Pour One Out For Mahomies!!,3139477,Patrick Mahomes,QB,QB,True,21.2,23.3,False
2,False,2,Pour One Out For Mahomies!!,4239993,Tee Higgins,WR,WR,True,24.9,12.23,False
2,False,2,Pour One Out For Mahomies!!,4427366,Breece Hall,RB,BE,False,0.9,9.31,False
2,False,2,Pour One Out For Mahomies!!,3915416,DJ Moore,WR,WR,True,13.4,10.23,False
2,False,2,Pour One Out For Mahomies!!,3040151,George Kittle,TE,TE,True,4.5,9.41,False
2,False,2,Pour One Out For Mahomies!!,2577327,Tyler Lockett,WR,RB/WR/TE,True,21.9,10.36,False
2,False,2,Pour One Out For Mahomies!!,4239934,AJ Dillon,RB,RB,True,6.8,13.98,False
2,False,2,Pour One Out For Mahomies!!,3120348,JuJu Smith-Schuster,WR,BE,False,5.3,4.16,False
2,False,2,Pour One Out For Mahomies!!,-16020,Jets D/ST,D/ST,D/ST,True,-1.0,4.86,False
2,False,2,Pour One Out For Mahomies!!,3055899,Harrison Butker,K,K,True,5.0,8.59,False
2,False,2,Pour One Out For Mahomies!!,3915189,Roquan Smith,LB,DP,True,5.0,11.28,False
2,False,2,Pour One Out For Mahomies!!,3122976,Jeff Wilson Jr.,RB,IR,False,0.0,0.0,False
2,False,2,Pour One Out For Mahomies!!,3117256,Dalton Schultz,TE,BE,False,5.4,7.15,False
2,False,2,Pour One Out For Mahomies!!,4685720,Bryce Young,QB,BE,False,13.52,12.69,False
2,False,2,Pour One Out For Mahomies!!,4361432,Romeo Doubs,WR,BE,False,4.0,8.17,False
2,False,2,Pour One Out For Mahomies!!,4040605,Nick Bosa,DE,BE,False,2.0,5.24,False
2,False,2,Pour One Out For Mahomies!!,3046439,Hunter Henry,TE,BE,False,14.2,6.41,False
2,False,8,SCLSU Mud Dogs,2977187,Cooper Kupp,WR,IR,False,0.0,0.0,False
2,False,8,SCLSU Mud Dogs,3116406,Tyreek Hill,WR,WR,True,13.5,18.32,False
2,False,8,SCLSU Mud Dogs,4569173,Rhamondre Stevenson,RB,RB/WR/TE,True,13.5,12.93,False
2,False,8,SCLSU Mud Dogs,3915511,Joe Burrow,QB,QB,True,16.38,20.73,False
2,False,8,SCLSU Mud Dogs,4240021,Cam Akers,RB,BE,False,0.0,0.0,False
2,False,8,SCLSU Mud Dogs,4241474,Brian Robinson Jr.,RB,RB,True,27.9,9.83,False
2,False,8,SCLSU Mud Dogs,3932905,Diontae Johnson,WR,BE,False,0.0,0.0,False
2,False,8,SCLSU Mud Dogs,3925347,Damien Harris,RB,BE,False,9.3,4.06,False
2,False,8,SCLSU Mud Dogs,4372414,Elijah Moore,WR,WR,True,5.6,8.03,False
2,False,8,SCLSU Mud Dogs,4361411,Pat Freiermuth,TE,TE,True,3.7,7.53,False
2,False,8,SCLSU Mud Dogs,16720,C.J. Mosley,LB,DP,True,9.0,9.91,False
2,False,8,SCLSU Mud Dogs,4373626,Tyler Allgeier,RB,RB,True,4.8,12.27,False
2,False,8,SCLSU Mud Dogs,15864,Geno Smith,QB,BE,False,23.12,17.62,False
2,False,8,SCLSU Mud Dogs,16339,Brandon McManus,K,K,True,10.0,8.42,False
2,False,8,SCLSU Mud Dogs,4430737,Kyren Williams,RB,BE,False,26.0,10.26,False
2,False,8,SCLSU Mud Dogs,4430027,Sam LaPorta,TE,BE,False,9.8,6.92,False
2,False,8,SCLSU Mud Dogs,-16005,Browns D/ST,D/ST,D/ST,True,9.0,7.8,False
2,False,8,SCLSU Mud Dogs,4428557,Tyjae Spears,RB,BE,False,6.5,4.93,False
2,False,4,King Me,3043078,Derrick Henry,RB,RB,True,17.0,16.62,False
2,False,4,King Me,16800,Davante Adams,WR,WR,True,17.4,15.56,False
2,False,4,King Me,4239996,Travis Etienne Jr.,RB,RB,True,5.2,14.51,False
2,False,4,King Me,4038941,Justin Herbert,QB,QB,True,22.2,19.05,False
2,False,4,King Me,15818,Keenan Allen,WR,WR,True,27.1,12.23,False
2,False,4,King Me,3121023,Dallas Goedert,TE,TE,True,5.2,8.4,False
2,False,4,King Me,3045138,Mike Williams,WR,RB/WR/TE,True,12.6,10.54,False
2,False,4,King Me,16731,Brandin Cooks,WR,BE,False,0.0,0.0,False
2,False,4,King Me,3115394,DJ Chark Jr.,WR,BE,False,2.0,7.18,False
2,False,4,King Me,3916433,Jakobi Meyers,WR,BE,False,0.0,0.0,False
2,False,4,King Me,2576414,Raheem Mostert,RB,BE,False,25.2,11.34,False
2,False,4,King Me,4362759,Nick Bolton,LB,DP,True,8.0,9.98,False
2,False,4,King Me,-16015,Dolphins D/ST,D/ST,D/ST,True,11.0,6.87,False
2,False,4,King Me,2573401,Tyler Higbee,TE,BE,False,2.7,7.77,False
2,False,4,King Me,4372485,Rondale Moore,WR,BE,False,1.9,6.21,False
2,False,4,King Me,12483,Matthew Stafford,QB,BE,False,13.98,14.19,False
2,False,4,King Me,3050478,Jake Elliott,K,K,True,11.0,8.84,False
2,False,3,Jim Ward's Ole Dick Necks,4262921,Justin Jefferson,WR,WR,True,19.4,18.05,False
2,False,3,Jim Ward's Ole Dick Necks,3042519,Aaron Jones,RB,BE,False,0.0,0.0,False
2,False,3,Jim Ward's Ole Dick Necks,4040715,Jalen Hurts,QB,QB,True,25.22,24.66,False
2,False,3,Jim Ward's Ole Dick Necks,4048244,Alexander Mattison,RB,RB,True,4.4,12.19,False
2,False,3,Jim Ward's Ole Dick Necks,15795,DeAndre Hopkins,WR,BE,False,6.0,10.34,False
2,False,3,Jim Ward's Ole Dick Necks,4361529,Isiah Pacheco,RB,RB/WR/TE,True,7.5,11.54,False
2,False,3,Jim Ward's Ole Dick Necks,2980453,Jamaal Williams,RB,RB,True,2.9,12.05,False
2,False,3,Jim Ward's Ole Dick Necks,3139925,Rashaad Penny,RB,BE,False,1.9,7.79,False
2,False,3,Jim Ward's Ole Dick Necks,4361409,Jahan Dotson,WR,WR,True,3.7,9.59,False
2,False,3,Jim Ward's Ole Dick Necks,4385690,Dalton Kincaid,TE,BE,False,6.8,6.8,False
2,False,3,Jim Ward's Ole Dick Necks,4258595,Cole Kmet,TE,TE,True,5.8,6.51,False
2,False,3,Jim Ward's Ole Dick Necks,4688813,Josh Downs,WR,BE,False,5.7,5.86,False
2,False,3,Jim Ward's Ole Dick Necks,4429013,Tank Bigsby,RB,BE,False,0.0,6.1,False
2,False,3,Jim Ward's Ole Dick Necks,-16007,Broncos D/ST,D/ST,D/ST,True,0.0,7.02,False
2,False,3,Jim Ward's Ole Dick Necks,3124679,Jason Sanders,K,K,True,4.0,8.06,False
2,False,3,Jim Ward's Ole Dick Necks,4242540,Isaiah Hodgins,WR,BE,False,12.0,6.04,False
2,False,3,Jim Ward's Ole Dick Necks,3040180,De'Vondre Campbell,LB,DP,True,14.0,8.51,False
2,False,12,Rule  #76,4362628,Ja'Marr Chase,WR,WR,True,5.6,16.93,False
2,False,12,Rule  #76,4047646,A.J. Brown,WR,WR,True,4.9,12.62,False
2,False,12,Rule  #76,4429795,Jahmyr Gibbs,RB,RB,True,9.1,11.67,False
2,False,12,Rule  #76,4360310,Trevor Lawrence,QB,QB,True,9.24,18.38,False
2,False,12,Rule  #76,4567048,Kenneth Walker III,RB,RB,True,17.9,13.65,False
2,False,12,Rule  #76,3121422,Terry McLaurin,WR,BE,False,13.9,10.67,False
2,False,12,Rule  #76,4361579,Javonte Williams,RB,RB/WR/TE,True,6.8,13.25,False
2,False,12,Rule  #76,3051876,Evan Engram,TE,TE,True,8.7,7.84,False
2,False,12,Rule  #76,4429205,Jordan Addison,WR,BE,False,14.7,9.68,False
2,False,12,Rule  #76,4371733,Kenneth Gainwell,RB,BE,False,0.0,0.0,False
2,False,12,Rule  #76,3051392,Ezekiel Elliott,RB,BE,False,1.3,6.3,False
2,False,12,Rule  #76,4360234,Evan McPherson,K,K,True,6.0,8.55,False
2,False,12,Rule  #76,14979,Bobby Wagner,LB,DP,True,10.0,10.26,False
2,False,12,Rule  #76,4242355,Jake Ferguson,TE,BE,False,8.6,6.51,False
2,False,12,Rule  #76,-16023,Steelers D/ST,D/ST,D/ST,True,23.0,5.89,False
2,False,12,Rule  #76,4038441,Justice Hill,RB,BE,False,6.8,6.58,False
2,False,12,Rule  #76,4035676,Zack Moss,RB,BE,False,18.7,9.35,False
2,False,11,Bijan mustard,4430807,Bijan Robinson,RB,RB,True,19.2,14.3,False
2,False,11,Bijan mustard,4242335,Jonathan Taylor,RB,BE,False,0.0,0.0,False
2,False,11,Bijan mustard,4372016,Jaylen Waddle,WR,WR,True,10.4,11.87,False
2,False,11,Bijan mustard,4036133,T.J. Hockenson,TE,TE,True,22.1,10.63,False
2,False,11,Bijan mustard,3122840,Deshaun Watson,QB,QB,True,11.6,17.01,False
2,False,11,Bijan mustard,3895856,Christian Kirk,WR,WR,True,16.46,8.47,False
2,False,11,Bijan mustard,4035538,David Montgomery,RB,RB/WR/TE,True,11.9,12.83,False
2,False,11,Bijan mustard,4430878,Jaxon Smith-Njigba,WR,BE,False,5.9,9.32,False
2,False,11,Bijan mustard,-16025,49ers D/ST,D/ST,D/ST,True,4.0,6.55,False
2,False,11,Bijan mustard,4040761,Devin Singletary,RB,RB,True,2.9,6.73,False
2,False,11,Bijan mustard,16733,Odell Beckham Jr.,WR,BE,False,4.4,8.43,False
2,False,11,Bijan mustard,3056362,Shaquille Leonard,LB,DP,True,4.0,8.71,False
2,False,11,Bijan mustard,4050373,Quez Watkins,WR,BE,False,0.0,3.62,False
2,False,11,Bijan mustard,12460,Graham Gano,K,K,True,7.0,8.27,False
2,False,11,Bijan mustard,3917792,Daniel Jones,QB,BE,False,31.74,18.13,False
2,False,11,Bijan mustard,4035115,Albert Okwuegbunam,TE,BE,False,0.0,0.0,False
2,False,11,Bijan mustard,4240455,Deon Jackson,RB,BE,False,0.0,7.18,False
3,False,9,Men of Will,3068267,Austin Ekeler,RB,BE,False,0.0,0.0,False
3,False,9,Men of Will,4047365,Josh Jacobs,RB,RB,True,9.5,15.05,False
3,False,9,Men of Will,3918298,Josh Allen,QB,QB,True,21.32,20.76,False
3,False,9,Men of Will,3925357,Calvin Ridley,WR,WR,True,5.5,12.39,False
3,False,9,Men of Will,4248528,Christian Watson,WR,BE,False,0.0,0.0,False
3,False,9,Men of Will,3116165,Chris Godwin,WR,RB/WR/TE,True,6.7,10.63,False
3,False,9,Men of Will,4259545,D'Andre Swift,RB,BE,False,14.3,9.39,False
3,False,9,Men of Will,3128429,Courtland Sutton,WR,BE,False,15.1,9.4,False
3,False,9,Men of Will,2976316,Michael Thomas,WR,WR,True,8.0,10.13,False
3,False,9,Men of Will,16460,Adam Thielen,WR,BE,False,26.0,7.72,False
3,False,9,Men of Will,-16002,Bills D/ST,D/ST,D/ST,True,31.0,6.59,False
3,False,9,Men of Will,3123076,David Njoku,TE,TE,True,4.0,6.84,False
3,False,9,Men of Will,3124005,Zaire Franklin,LB,DP,True,17.0,10.43,False
3,False,9,Men of Will,4249087,Matt Gay,K,K,True,24.0,7.46,False
3,False,9,Men of Will,14881,Russell Wilson,QB,BE,False,15.24,16.99,False
3,False,9,Men of Will,3910544,Joshua Kelley,RB,RB,True,2.2,12.87,False
3,False,9,Men of Will,-16027,Buccaneers D/ST,D/ST,BE,False,0.0,4.97,False
3,False,10,Amon-Ra Dog,3117251,Christian McCaffrey,RB,RB,True,20.4,19.12,False
3,False,10,Amon-Ra Dog,4374302,Amon-Ra St. Brown,WR,WR,True,16.1,12.6,False
3,False,10,Amon-Ra Dog,4241478,DeVonta Smith,WR,WR,True,4.8,12.42,False
3,False,10,Amon-Ra Dog,4241463,Jerry Jeudy,WR,BE,False,10.6,10.91,False
3,False,10,Amon-Ra Dog,4697815,Rachaad White,RB,RB,True,6.7,11.34,False
3,False,10,Amon-Ra Dog,4035886,Khalil Herbert,RB,BE,False,2.5,9.31,False
3,False,10,Amon-Ra Dog,4360248,Kyle Pitts,TE,TE,True,6.2,7.42,False
3,False,10,Amon-Ra Dog,4426354,George Pickens,WR,BE,False,9.5,11.62,False
3,False,10,Amon-Ra Dog,4429084,Anthony Richardson,QB,BE,False,0.0,0.0,False
3,False,10,Amon-Ra Dog,-16021,Eagles D/ST,D/ST,D/ST,True,14.0,6.87,False
3,False,10,Amon-Ra Dog,4426485,Jonathan Mingo,WR,BE,False,3.6,6.58,False
3,False,10,Amon-Ra Dog,3051926,Gus Edwards,RB,RB/WR/TE,True,5.1,12.51,False
3,False,10,Amon-Ra Dog,4361741,Brock Purdy,QB,QB,True,20.3,17.64,False
3,False,10,Amon-Ra Dog,-16018,Saints D/ST,D/ST,BE,False,9.0,5.91,False
3,False,10,Amon-Ra Dog,4428085,Luke Musgrave,TE,BE,False,7.9,6.48,False
3,False,10,Amon-Ra Dog,4372066,Jake Moody,K,K,True,12.0,8.64,False
3,False,10,Amon-Ra Dog,3138826,Fred Warner,LB,DP,True,4.0,9.42,False
3,False,5,You Can Chuck the Tubb,3116385,Joe Mixon,RB,RB,True,13.5,15.22,False
3,False,5,You Can Chuck the Tubb,3126486,Deebo Samuel,WR,WR,True,22.1,16.68,False
3,False,5,You Can Chuck the Tubb,2976499,Amari Cooper,WR,BE,False,21.1,10.93,False
3,False,5,You Can Chuck the Tubb,4035687,Michael Pittman Jr.,WR,RB/WR/TE,True,12.2,12.25,False
3,False,5,You Can Chuck the Tubb,3116593,Dalvin Cook,RB,BE,False,4.4,9.08,False
3,False,5,You Can Chuck the Tubb,14880,Kirk Cousins,QB,QB,True,25.68,19.89,False
3,False,5,You Can Chuck the Tubb,16782,Jerick McKinnon,RB,BE,False,16.3,5.03,False
3,False,5,You Can Chuck the Tubb,3116164,Mike Gesicki,TE,BE,False,2.3,4.02,False
3,False,5,You Can Chuck the Tubb,15683,Justin Tucker,K,K,True,6.0,8.71,False
3,False,5,You Can Chuck the Tubb,-16017,Patriots D/ST,D/ST,D/ST,True,11.0,7.44,False
3,False,5,You Can Chuck the Tubb,4426386,Roschon Johnson,RB,RB,True,5.9,7.31,False
3,False,5,You Can Chuck the Tubb,3929645,Juwan Johnson,TE,BE,False,2.2,5.7,False
3,False,5,You Can Chuck the Tubb,4426515,Puka Nacua,WR,WR,True,9.7,13.19,False
3,False,5,You Can Chuck the Tubb,4046676,Tony Jones Jr.,RB,BE,False,7.2,6.3,False
3,False,5,You Can Chuck the Tubb,4379416,Quay Walker,LB,DP,True,7.0,8.23,False
3,False,5,You Can Chuck the Tubb,15835,Zach Ertz,TE,TE,True,1.6,7.13,False
3,False,5,You Can Chuck the Tubb,4362249,Jayden Reed,WR,BE,False,7.8,9.07,False
3,False,1,Garretteed Satisfaction ,3916148,Tony Pollard,RB,RB,True,13.6,17.58,False
3,False,1,Garretteed Satisfaction ,4569618,Garrett Wilson,WR,BE,False,7.3,12.09,False
3,False,1,Garretteed Satisfaction ,4361370,Chris Olave,WR,WR,True,14.4,12.66,False
3,False,1,Garretteed Satisfaction ,4047650,DK Metcalf,WR,WR,True,15.2,11.61,False
3,False,1,Garretteed Satisfaction ,2576925,Darren Waller,TE,TE,True,3.5,8.82,False
3,False,1,Garretteed Satisfaction ,4379399,James Cook,RB,RB,True,12.2,12.7,False
3,False,1,Garretteed Satisfaction ,3054850,Alvin Kamara,RB,BE,False,0.0,0.0,False
3,False,1,Garretteed Satisfaction ,2577417,Dak Prescott,QB,QB,True,14.36,17.2,False
3,False,1,Garretteed Satisfaction ,4430191,Skyy Moore,WR,BE,False,6.2,5.94,False
3,False,1,Garretteed Satisfaction ,4426385,Zach Charbonnet,RB,BE,False,6.0,4.17,False
3,False,1,Garretteed Satisfaction ,4258173,Nico Collins,WR,BE,False,4.4,10.33,False
3,False,1,Garretteed Satisfaction ,3117253,Bobby Okereke,LB,DP,True,9.0,9.24,False
3,False,1,Garretteed Satisfaction ,4241555,Elijah Mitchell,RB,BE,False,5.9,3.51,False
3,False,1,Garretteed Satisfaction ,4372019,Jerome Ford,RB,RB/WR/TE,True,18.1,12.36,False
3,False,1,Garretteed Satisfaction ,4036378,Jordan Love,QB,BE,False,24.26,14.01,False
3,False,1,Garretteed Satisfaction ,-16033,Ravens D/ST,D/ST,D/ST,True,7.0,6.56,False
3,False,1,Garretteed Satisfaction ,4362081,Cameron Dicker,K,K,True,3.0,8.58,False
3,False,6,Thom-ASS,15847,Travis Kelce,TE,TE,True,16.4,15.18,False
3,False,6,Thom-ASS,2976212,Stefon Diggs,WR,WR,True,15.1,13.29,False
3,False,6,Thom-ASS,3916387,Lamar Jackson,QB,QB,True,28.18,20.84,False
3,False,6,Thom-ASS,4360238,Dameon Pierce,RB,RB,True,13.4,9.77,False
3,False,6,Thom-ASS,3045147,James Conner,RB,RB,True,18.6,12.03,False
3,False,6,Thom-ASS,16737,Mike Evans,WR,WR,True,14.5,12.13,False
3,False,6,Thom-ASS,4241372,Marquise Brown,WR,BE,False,14.6,9.91,False
3,False,6,Thom-ASS,4360294,Antonio Gibson,RB,BE,False,2.9,5.12,False
3,False,6,Thom-ASS,4567156,Treylon Burks,WR,BE,False,1.0,7.2,False
3,False,6,Thom-ASS,4429615,Zay Flowers,WR,RB/WR/TE,True,9.0,10.59,False
3,False,6,Thom-ASS,3917232,Tyler Bass,K,K,True,15.0,8.43,False
3,False,6,Thom-ASS,-16006,Cowboys D/ST,D/ST,D/ST,True,-2.0,8.18,False
3,False,6,Thom-ASS,3128390,Allen Lazard,WR,BE,False,5.4,7.11,False
3,False,6,Thom-ASS,3918639,Gerald Everett,TE,BE,False,6.0,5.48,False
3,False,6,Thom-ASS,3121544,T.J. Edwards,LB,DP,True,17.0,9.95,False
3,False,6,Thom-ASS,4360797,Tutu Atwell,WR,BE,False,15.2,9.55,False
3,False,6,Thom-ASS,4599739,Kendre Miller,RB,BE,False,3.9,7.08,False
3,False,13,Christopher's Kryptonite ,3929630,Saquon Barkley,RB,BE,False,0.0,0.0,False
3,False,13,Christopher's Kryptonite ,4241389,CeeDee Lamb,WR,RB/WR/TE,True,8.2,13.22,False
3,False,13,Christopher's Kryptonite ,3116365,Mark Andrews,TE,TE,True,5.5,11.29,False
3,False,13,Christopher's Kryptonite ,4362887,Justin Fields,QB,BE,False,10.66,18.71,False
3,False,13,Christopher's Kryptonite ,4045163,Miles Sanders,RB,RB,True,14.7,14.26,False
3,False,13,Christopher's Kryptonite ,4426502,Drake London,WR,WR,True,4.1,8.9,False
3,False,13,Christopher's Kryptonite ,4360438,Brandon Aiyuk,WR,BE,False,0.0,0.0,False
3,False,13,Christopher's Kryptonite ,4243537,Gabe Davis,WR,WR,True,10.8,9.76,False
3,False,13,Christopher's Kryptonite ,3116389,Samaje Perine,RB,BE,False,4.4,8.35,False
3,False,13,Christopher's Kryptonite ,3050073,Foyesade Oluokun,LB,DP,True,14.0,10.89,False
3,False,13,Christopher's Kryptonite ,4240600,Kadarius Toney,WR,BE,False,0.4,7.69,False
3,False,13,Christopher's Kryptonite ,4241479,Tua Tagovailoa,QB,QB,True,28.36,20.43,False
3,False,13,Christopher's Kryptonite ,3049899,Younghoe Koo,K,K,True,6.0,8.27,False
3,False,13,Christopher's Kryptonite ,4241416,Chuba Hubbard,RB,BE,False,1.4,7.31,False
3,False,13,Christopher's Kryptonite ,4040655,Darnell Mooney,WR,BE,False,0.0,7.35,False
3,False,13,Christopher's Kryptonite ,4569987,Jaylen Warren,RB,RB,True,6.7,10.65,False
3,False,13,Christopher's Kryptonite ,-16030,Jaguars D/ST,D/ST,D/ST,True,-4.0,6.97,False
3,False,4,King Me,3043078,Derrick Henry,RB,RB,True,2.0,15.48,False
3,False,4,King Me,16800,Davante Adams,WR,WR,True,35.7,16.67,False
3,False,4,King Me,4239996,Travis Etienne Jr.,RB,RB,True,15.8,15.24,False
3,False,4,King Me,4038941,Justin Herbert,QB,QB,True,29.3,20.21,False
3,False,4,King Me,15818,Keenan Allen,WR,WR,True,36.46,13.08,False
3,False,4,King Me,3121023,Dallas Goedert,TE,TE,True,6.6,7.74,False
3,False,4,King Me,3045138,Mike Williams,WR,BE,False,21.6,11.69,False
3,False,4,King Me,16731,Brandin Cooks,WR,BE,False,2.7,7.52,False
3,False,4,King Me,3115394,DJ Chark Jr.,WR,BE,False,16.6,6.52,False
3,False,4,King Me,3916433,Jakobi Meyers,WR,BE,False,12.0,9.92,False
3,False,4,King Me,2576414,Raheem Mostert,RB,RB/WR/TE,True,41.7,13.17,False
3,False,4,King Me,4362759,Nick Bolton,LB,IR,False,0.0,0.0,False
3,False,4,King Me,-16015,Dolphins D/ST,D/ST,D/ST,True,6.0,6.23,False
3,False,4,King Me,2573401,Tyler Higbee,TE,BE,False,9.6,6.46,False
3,False,4,King Me,4372485,Rondale Moore,WR,BE,False,14.2,4.55,False
3,False,4,King Me,12483,Matthew Stafford,QB,BE,False,11.46,15.71,False
3,False,4,King Me,3050478,Jake Elliott,K,K,True,11.0,8.52,False
3,False,4,King Me,4362851,Ernest Jones,LB,DP,True,9.0,10.49,False
3,False,2,Pour One Out For Mahomies!!,4241457,Najee Harris,RB,RB,True,6.5,11.57,False
3,False,2,Pour One Out For Mahomies!!,3139477,Patrick Mahomes,QB,QB,True,25.68,24.14,False
3,False,2,Pour One Out For Mahomies!!,4239993,Tee Higgins,WR,WR,True,3.1,12.2,False
3,False,2,Pour One Out For Mahomies!!,4427366,Breece Hall,RB,BE,False,3.2,9.67,False
3,False,2,Pour One Out For Mahomies!!,3915416,DJ Moore,WR,WR,True,11.6,10.5,False
3,False,2,Pour One Out For Mahomies!!,3040151,George Kittle,TE,TE,True,12.5,9.95,False
3,False,2,Pour One Out For Mahomies!!,2577327,Tyler Lockett,WR,RB/WR/TE,True,6.9,10.36,False
3,False,2,Pour One Out For Mahomies!!,4239934,AJ Dillon,RB,RB,True,3.3,12.79,False
3,False,2,Pour One Out For Mahomies!!,3120348,JuJu Smith-Schuster,WR,BE,False,1.0,5.99,False
3,False,2,Pour One Out For Mahomies!!,-16020,Jets D/ST,D/ST,D/ST,True,2.0,6.8,False
3,False,2,Pour One Out For Mahomies!!,3055899,Harrison Butker,K,K,True,12.0,8.51,False
3,False,2,Pour One Out For Mahomies!!,3915189,Roquan Smith,LB,DP,True,13.0,11.06,False
3,False,2,Pour One Out For Mahomies!!,3122976,Jeff Wilson Jr.,RB,IR,False,0.0,0.0,False
3,False,2,Pour One Out For Mahomies!!,3117256,Dalton Schultz,TE,BE,False,1.4,6.96,False
3,False,2,Pour One Out For Mahomies!!,4685720,Bryce Young,QB,BE,False,0.0,0.0,False
3,False,2,Pour One Out For Mahomies!!,4361432,Romeo Doubs,WR,BE,False,16.8,7.63,False
3,False,2,Pour One Out For Mahomies!!,4040605,Nick Bosa,DE,BE,False,5.0,5.47,False
3,False,2,Pour One Out For Mahomies!!,3046439,Hunter Henry,TE,BE,False,2.7,6.6,False
3,False,8,SCLSU Mud Dogs,2977187,Cooper Kupp,WR,IR,False,0.0,0.0,False
3,False,8,SCLSU Mud Dogs,3116406,Tyreek Hill,WR,WR,True,26.2,20.03,False
3,False,8,SCLSU Mud Dogs,4569173,Rhamondre Stevenson,RB,RB,True,6.7,12.84,False
3,False,8,SCLSU Mud Dogs,3915511,Joe Burrow,QB,BE,False,8.16,19.39,False
3,False,8,SCLSU Mud Dogs,4240021,Cam Akers,RB,BE,False,0.0,0.0,False
3,False,8,SCLSU Mud Dogs,4241474,Brian Robinson Jr.,RB,RB,True,7.0,11.84,False
3,False,8,SCLSU Mud Dogs,3932905,Diontae Johnson,WR,BE,False,0.0,0.0,False
3,False,8,SCLSU Mud Dogs,3925347,Damien Harris,RB,BE,False,1.5,2.84,False
3,False,8,SCLSU Mud Dogs,4372414,Elijah Moore,WR,WR,True,7.3,8.94,False
3,False,8,SCLSU Mud Dogs,4361411,Pat Freiermuth,TE,BE,False,11.6,6.84,False
3,False,8,SCLSU Mud Dogs,16720,C.J. Mosley,LB,DP,True,10.0,9.64,False
3,False,8,SCLSU Mud Dogs,4373626,Tyler Allgeier,RB,BE,False,3.9,11.03,False
3,False,8,SCLSU Mud Dogs,15864,Geno Smith,QB,QB,True,15.44,16.51,False
3,False,8,SCLSU Mud Dogs,16339,Brandon McManus,K,K,True,3.0,8.33,False
3,False,8,SCLSU Mud Dogs,4430737,Kyren Williams,RB,RB/WR/TE,True,7.5,16.43,False
3,False,8,SCLSU Mud Dogs,4430027,Sam LaPorta,TE,TE,True,18.4,7.27,False
3,False,8,SCLSU Mud Dogs,4428557,Tyjae Spears,RB,BE,False,2.9,4.59,False
3,False,8,SCLSU Mud Dogs,-16012,Chiefs D/ST,D/ST,D/ST,True,12.0,7.85,False
3,False,12,Rule  #76,4362628,Ja'Marr Chase,WR,WR,True,20.1,16.83,False
3,False,12,Rule  #76,4047646,A.J. Brown,WR,WR,True,17.6,12.49,False
3,False,12,Rule  #76,4429795,Jahmyr Gibbs,RB,RB,True,8.7,13.86,False
3,False,12,Rule  #76,4360310,Trevor Lawrence,QB,QB,True,14.36,17.57,False
3,False,12,Rule  #76,4567048,Kenneth Walker III,RB,RB,True,29.1,13.78,False
3,False,12,Rule  #76,3121422,Terry McLaurin,WR,BE,False,7.1,10.12,False
3,False,12,Rule  #76,4361579,Javonte Williams,RB,BE,False,7.5,12.47,False
3,False,12,Rule  #76,3051876,Evan Engram,TE,TE,True,10.2,7.53,False
3,False,12,Rule  #76,4429205,Jordan Addison,WR,BE,False,9.2,9.03,False
3,False,12,Rule  #76,4371733,Kenneth Gainwell,RB,BE,False,5.3,9.42,False
3,False,12,Rule  #76,4360234,Evan McPherson,K,K,True,18.0,8.46,False
3,False,12,Rule  #76,14979,Bobby Wagner,LB,DP,True,5.0,10.18,False
3,False,12,Rule  #76,4242355,Jake Ferguson,TE,BE,False,7.3,6.97,False
3,False,12,Rule  #76,-16023,Steelers D/ST,D/ST,D/ST,True,9.0,5.7,False
3,False,12,Rule  #76,4038441,Justice Hill,RB,BE,False,0.0,0.0,False
3,False,12,Rule  #76,4035676,Zack Moss,RB,RB/WR/TE,True,21.5,12.56,False
3,False,12,Rule  #76,3059915,Kareem Hunt,RB,BE,False,4.5,4.06,False
3,False,3,Jim Ward's Ole Dick Necks,4262921,Justin Jefferson,WR,WR,True,24.4,19.03,False
3,False,3,Jim Ward's Ole Dick Necks,3042519,Aaron Jones,RB,BE,False,0.0,0.0,False
3,False,3,Jim Ward's Ole Dick Necks,4040715,Jalen Hurts,QB,QB,True,20.88,21.79,False
3,False,3,Jim Ward's Ole Dick Necks,4048244,Alexander Mattison,RB,RB,True,15.0,13.19,False
3,False,3,Jim Ward's Ole Dick Necks,15795,DeAndre Hopkins,WR,RB/WR/TE,True,6.3,10.71,False
3,False,3,Jim Ward's Ole Dick Necks,4361529,Isiah Pacheco,RB,RB,True,14.8,13.41,False
3,False,3,Jim Ward's Ole Dick Necks,2980453,Jamaal Williams,RB,BE,False,0.0,0.0,False
3,False,3,Jim Ward's Ole Dick Necks,3139925,Rashaad Penny,RB,BE,False,0.0,1.46,False
3,False,3,Jim Ward's Ole Dick Necks,4361409,Jahan Dotson,WR,BE,False,3.1,9.0,False
3,False,3,Jim Ward's Ole Dick Necks,4385690,Dalton Kincaid,TE,BE,False,1.3,6.26,False
3,False,3,Jim Ward's Ole Dick Necks,4258595,Cole Kmet,TE,TE,True,4.2,7.29,False
3,False,3,Jim Ward's Ole Dick Necks,4688813,Josh Downs,WR,WR,True,9.7,7.6,False
3,False,3,Jim Ward's Ole Dick Necks,4429013,Tank Bigsby,RB,BE,False,7.0,4.09,False
3,False,3,Jim Ward's Ole Dick Necks,3124679,Jason Sanders,K,K,True,10.0,8.22,False
3,False,3,Jim Ward's Ole Dick Necks,4242540,Isaiah Hodgins,WR,BE,False,0.0,5.98,False
3,False,3,Jim Ward's Ole Dick Necks,3040180,De'Vondre Campbell,LB,DP,True,1.0,8.51,False
3,False,3,Jim Ward's Ole Dick Necks,-16009,Packers D/ST,D/ST,D/ST,True,7.0,5.24,False
3,False,11,Bijan mustard,4430807,Bijan Robinson,RB,RB,True,8.0,16.37,False
3,False,11,Bijan mustard,4242335,Jonathan Taylor,RB,IR,False,0.0,0.0,False
3,False,11,Bijan mustard,4372016,Jaylen Waddle,WR,BE,False,0.0,0.0,False
3,False,11,Bijan mustard,4036133,T.J. Hockenson,TE,TE,True,9.8,11.59,False
3,False,11,Bijan mustard,3122840,Deshaun Watson,QB,QB,True,21.16,17.38,False
3,False,11,Bijan mustard,3895856,Christian Kirk,WR,WR,True,13.4,9.81,False
3,False,11,Bijan mustard,4035538,David Montgomery,RB,BE,False,0.0,0.0,False
3,False,11,Bijan mustard,4430878,Jaxon Smith-Njigba,WR,WR,True,1.5,7.13,False
3,False,11,Bijan mustard,-16025,49ers D/ST,D/ST,D/ST,True,10.0,8.66,False
3,False,11,Bijan mustard,4040761,Devin Singletary,RB,BE,False,5.5,4.96,False
3,False,11,Bijan mustard,16733,Odell Beckham Jr.,WR,BE,False,0.0,0.0,False
3,False,11,Bijan mustard,3056362,Shaquille Leonard,LB,DP,True,6.0,7.88,False
3,False,11,Bijan mustard,4050373,Quez Watkins,WR,BE,False,0.0,0.0,False
3,False,11,Bijan mustard,12460,Graham Gano,K,K,True,9.0,6.69,False
3,False,11,Bijan mustard,3917792,Daniel Jones,QB,BE,False,3.98,15.77,False
3,False,11,Bijan mustard,4035115,Albert Okwuegbunam,TE,BE,False,0.0,0.0,False
3,False,11,Bijan mustard,4421446,Craig Reynolds,RB,RB/WR/TE,True,2.5,8.69,False
3,False,11,Bijan mustard,4248909,Elijah Dotson,RB,RB,True,0.0,6.72,False
4,False,10,Amon-Ra Dog,3117251,Christian McCaffrey,RB,RB,True,45.2,19.23,False
4,False,10,Amon-Ra Dog,4374302,Amon-Ra St. Brown,WR,WR,True,14.1,13.37,False
4,False,10,Amon-Ra Dog,4241478,DeVonta Smith,WR,WR,True,11.3,11.78,False
4,False,10,Amon-Ra Dog,4241463,Jerry Jeudy,WR,BE,False,6.7,11.35,False
4,False,10,Amon-Ra Dog,4697815,Rachaad White,RB,RB,True,9.3,11.34,False
4,False,10,Amon-Ra Dog,4035886,Khalil Herbert,RB,RB/WR/TE,True,20.2,11.18,False
4,False,10,Amon-Ra Dog,4360248,Kyle Pitts,TE,BE,False,3.1,7.59,False
4,False,10,Amon-Ra Dog,4426354,George Pickens,WR,BE,False,4.0,11.76,False
4,False,10,Amon-Ra Dog,4429084,Anthony Richardson,QB,QB,True,29.6,20.2,False
4,False,10,Amon-Ra Dog,-16021,Eagles D/ST,D/ST,D/ST,True,3.0,8.88,False
4,False,10,Amon-Ra Dog,4426485,Jonathan Mingo,WR,BE,False,0.0,0.0,False
4,False,10,Amon-Ra Dog,3051926,Gus Edwards,RB,BE,False,5.9,6.51,False
4,False,10,Amon-Ra Dog,4361741,Brock Purdy,QB,BE,False,21.32,17.88,False
4,False,10,Amon-Ra Dog,-16018,Saints D/ST,D/ST,BE,False,2.0,7.31,False
4,False,10,Amon-Ra Dog,4428085,Luke Musgrave,TE,TE,True,0.6,7.39,False
4,False,10,Amon-Ra Dog,4372066,Jake Moody,K,K,True,5.0,8.71,False
4,False,10,Amon-Ra Dog,4039254,Kyzir White,LB,DP,True,7.0,9.29,False
4,False,1,Garretteed Satisfaction ,3916148,Tony Pollard,RB,RB,True,7.5,16.89,False
4,False,1,Garretteed Satisfaction ,4569618,Garrett Wilson,WR,BE,False,10.5,11.6,False
4,False,1,Garretteed Satisfaction ,4361370,Chris Olave,WR,WR,True,0.9,13.71,False
4,False,1,Garretteed Satisfaction ,4047650,DK Metcalf,WR,WR,True,10.9,11.84,False
4,False,1,Garretteed Satisfaction ,2576925,Darren Waller,TE,TE,True,3.6,8.82,False
4,False,1,Garretteed Satisfaction ,4379399,James Cook,RB,RB,True,14.2,13.28,False
4,False,1,Garretteed Satisfaction ,3054850,Alvin Kamara,RB,RB/WR/TE,True,14.9,12.73,False
4,False,1,Garretteed Satisfaction ,2577417,Dak Prescott,QB,BE,False,14.34,14.32,False
4,False,1,Garretteed Satisfaction ,4430191,Skyy Moore,WR,BE,False,1.9,6.49,False
4,False,1,Garretteed Satisfaction ,4426385,Zach Charbonnet,RB,BE,False,4.5,6.21,False
4,False,1,Garretteed Satisfaction ,4258173,Nico Collins,WR,BE,False,32.3,10.04,False
4,False,1,Garretteed Satisfaction ,3117253,Bobby Okereke,LB,DP,True,10.0,9.53,False
4,False,1,Garretteed Satisfaction ,4241555,Elijah Mitchell,RB,BE,False,0.0,0.0,False
4,False,1,Garretteed Satisfaction ,4372019,Jerome Ford,RB,BE,False,7.0,10.86,False
4,False,1,Garretteed Satisfaction ,4036378,Jordan Love,QB,QB,True,17.64,16.82,False
4,False,1,Garretteed Satisfaction ,-16033,Ravens D/ST,D/ST,D/ST,True,17.0,8.04,False
4,False,1,Garretteed Satisfaction ,4362081,Cameron Dicker,K,K,True,7.0,8.6,False
4,False,13,Christopher's Kryptonite ,3929630,Saquon Barkley,RB,BE,False,0.0,0.0,False
4,False,13,Christopher's Kryptonite ,4241389,CeeDee Lamb,WR,RB/WR/TE,True,12.8,11.75,False
4,False,13,Christopher's Kryptonite ,3116365,Mark Andrews,TE,TE,True,22.5,9.64,False
4,False,13,Christopher's Kryptonite ,4362887,Justin Fields,QB,BE,False,27.9,19.97,False
4,False,13,Christopher's Kryptonite ,4045163,Miles Sanders,RB,RB,True,4.7,13.92,False
4,False,13,Christopher's Kryptonite ,4426502,Drake London,WR,BE,False,10.3,7.51,False
4,False,13,Christopher's Kryptonite ,4360438,Brandon Aiyuk,WR,WR,True,17.8,11.6,False
4,False,13,Christopher's Kryptonite ,4243537,Gabe Davis,WR,BE,False,13.6,8.97,False
4,False,13,Christopher's Kryptonite ,3116389,Samaje Perine,RB,BE,False,4.5,7.38,False
4,False,13,Christopher's Kryptonite ,3050073,Foyesade Oluokun,LB,DP,True,9.0,11.15,False
4,False,13,Christopher's Kryptonite ,4241479,Tua Tagovailoa,QB,QB,True,13.98,18.47,False
4,False,13,Christopher's Kryptonite ,3049899,Younghoe Koo,K,K,True,1.0,7.6,False
4,False,13,Christopher's Kryptonite ,4241416,Chuba Hubbard,RB,BE,False,6.3,5.45,False
4,False,13,Christopher's Kryptonite ,4569987,Jaylen Warren,RB,RB,True,8.5,8.76,False
4,False,13,Christopher's Kryptonite ,4366031,Tank Dell,WR,WR,True,3.4,9.89,False
4,False,13,Christopher's Kryptonite ,-16004,Bengals D/ST,D/ST,D/ST,True,2.0,6.72,False
4,False,13,Christopher's Kryptonite ,-16028,Commanders D/ST,D/ST,BE,False,-1.0,4.36,False
4,False,9,Men of Will,3068267,Austin Ekeler,RB,BE,False,0.0,0.0,False
4,False,9,Men of Will,4047365,Josh Jacobs,RB,RB,True,23.9,13.44,False
4,False,9,Men of Will,3918298,Josh Allen,QB,QB,True,36.5,20.91,False
4,False,9,Men of Will,3925357,Calvin Ridley,WR,RB/WR/TE,True,10.8,11.66,False
4,False,9,Men of Will,4248528,Christian Watson,WR,BE,False,10.5,9.42,False
4,False,9,Men of Will,3116165,Chris Godwin,WR,BE,False,16.4,9.94,False
4,False,9,Men of Will,4259545,D'Andre Swift,RB,RB,True,15.9,13.34,False
4,False,9,Men of Will,3128429,Courtland Sutton,WR,WR,True,10.2,11.56,False
4,False,9,Men of Will,2976316,Michael Thomas,WR,BE,False,7.3,9.41,False
4,False,9,Men of Will,16460,Adam Thielen,WR,WR,True,11.7,10.61,False
4,False,9,Men of Will,-16002,Bills D/ST,D/ST,D/ST,True,7.0,3.32,False
4,False,9,Men of Will,3124005,Zaire Franklin,LB,DP,True,13.0,10.54,False
4,False,9,Men of Will,4249087,Matt Gay,K,K,True,0.0,8.13,False
4,False,9,Men of Will,14881,Russell Wilson,QB,BE,False,22.22,18.59,False
4,False,9,Men of Will,3910544,Joshua Kelley,RB,BE,False,6.5,12.66,False
4,False,9,Men of Will,-16027,Buccaneers D/ST,D/ST,BE,False,15.0,5.62,False
4,False,9,Men of Will,16813,Logan Thomas,TE,TE,True,5.8,6.81,False
4,False,6,Thom-ASS,15847,Travis Kelce,TE,TE,True,10.0,13.81,False
4,False,6,Thom-ASS,2976212,Stefon Diggs,WR,WR,True,33.0,14.08,False
4,False,6,Thom-ASS,3916387,Lamar Jackson,QB,QB,True,28.14,17.92,False
4,False,6,Thom-ASS,4360238,Dameon Pierce,RB,RB,True,11.3,11.2,False
4,False,6,Thom-ASS,3045147,James Conner,RB,RB,True,6.1,12.61,False
4,False,6,Thom-ASS,16737,Mike Evans,WR,WR,True,5.5,11.64,False
4,False,6,Thom-ASS,4241372,Marquise Brown,WR,RB/WR/TE,True,13.1,10.65,False
4,False,6,Thom-ASS,4567156,Treylon Burks,WR,IR,False,0.0,0.0,False
4,False,6,Thom-ASS,4429615,Zay Flowers,WR,BE,False,6.5,10.34,False
4,False,6,Thom-ASS,3917232,Tyler Bass,K,K,True,14.0,8.57,False
4,False,6,Thom-ASS,-16006,Cowboys D/ST,D/ST,D/ST,True,26.0,7.29,False
4,False,6,Thom-ASS,3918639,Gerald Everett,TE,BE,False,1.9,6.75,False
4,False,6,Thom-ASS,3121544,T.J. Edwards,LB,DP,True,9.0,9.79,False
4,False,6,Thom-ASS,4360797,Tutu Atwell,WR,BE,False,5.9,11.04,False
4,False,6,Thom-ASS,3049916,Matt Breida,RB,BE,False,10.3,10.21,False
4,False,6,Thom-ASS,4242214,Clyde Edwards-Helaire,RB,BE,False,1.8,3.71,False
4,False,6,Thom-ASS,4432577,C.J. Stroud,QB,BE,False,21.84,15.26,False
4,False,5,You Can Chuck the Tubb,3116385,Joe Mixon,RB,RB,True,8.1,13.11,False
4,False,5,You Can Chuck the Tubb,3126486,Deebo Samuel,WR,WR,True,0.6,14.42,False
4,False,5,You Can Chuck the Tubb,2976499,Amari Cooper,WR,RB/WR/TE,True,2.1,9.58,False
4,False,5,You Can Chuck the Tubb,4035687,Michael Pittman Jr.,WR,BE,False,4.0,11.77,False
4,False,5,You Can Chuck the Tubb,3116593,Dalvin Cook,RB,BE,False,2.3,7.85,False
4,False,5,You Can Chuck the Tubb,14880,Kirk Cousins,QB,QB,True,9.56,19.05,False
4,False,5,You Can Chuck the Tubb,16782,Jerick McKinnon,RB,BE,False,0.7,4.43,False
4,False,5,You Can Chuck the Tubb,3116164,Mike Gesicki,TE,BE,False,1.7,4.08,False
4,False,5,You Can Chuck the Tubb,15683,Justin Tucker,K,K,True,4.0,7.36,False
4,False,5,You Can Chuck the Tubb,-16017,Patriots D/ST,D/ST,BE,False,2.0,4.52,False
4,False,5,You Can Chuck the Tubb,4426386,Roschon Johnson,RB,RB,True,2.0,10.19,False
4,False,5,You Can Chuck the Tubb,4426515,Puka Nacua,WR,WR,True,26.8,11.67,False
4,False,5,You Can Chuck the Tubb,4379416,Quay Walker,LB,DP,True,19.0,9.97,False
4,False,5,You Can Chuck the Tubb,15835,Zach Ertz,TE,TE,True,8.3,7.22,False
4,False,5,You Can Chuck the Tubb,4362249,Jayden Reed,WR,BE,False,9.0,8.23,False
4,False,5,You Can Chuck the Tubb,-16026,Seahawks D/ST,D/ST,D/ST,True,29.0,7.02,False
4,False,5,You Can Chuck the Tubb,3051392,Ezekiel Elliott,RB,BE,False,3.2,6.07,False
4,False,2,Pour One Out For Mahomies!!,4241457,Najee Harris,RB,RB,True,10.8,10.2,False
4,False,2,Pour One Out For Mahomies!!,3139477,Patrick Mahomes,QB,QB,True,13.22,21.21,False
4,False,2,Pour One Out For Mahomies!!,4239993,Tee Higgins,WR,WR,True,2.9,12.09,False
4,False,2,Pour One Out For Mahomies!!,4427366,Breece Hall,RB,RB,True,8.4,10.35,False
4,False,2,Pour One Out For Mahomies!!,3915416,DJ Moore,WR,WR,True,23.1,10.48,False
4,False,2,Pour One Out For Mahomies!!,3040151,George Kittle,TE,TE,True,1.4,9.18,False
4,False,2,Pour One Out For Mahomies!!,2577327,Tyler Lockett,WR,RB/WR/TE,True,7.4,10.67,False
4,False,2,Pour One Out For Mahomies!!,4239934,AJ Dillon,RB,BE,False,1.1,7.34,False
4,False,2,Pour One Out For Mahomies!!,3120348,JuJu Smith-Schuster,WR,BE,False,2.9,6.06,False
4,False,2,Pour One Out For Mahomies!!,-16020,Jets D/ST,D/ST,D/ST,True,4.0,2.82,False
4,False,2,Pour One Out For Mahomies!!,3055899,Harrison Butker,K,K,True,11.0,8.36,False
4,False,2,Pour One Out For Mahomies!!,3915189,Roquan Smith,LB,DP,True,10.0,10.71,False
4,False,2,Pour One Out For Mahomies!!,3122976,Jeff Wilson Jr.,RB,IR,False,0.0,0.0,False
4,False,2,Pour One Out For Mahomies!!,3117256,Dalton Schultz,TE,BE,False,11.7,5.79,False
4,False,2,Pour One Out For Mahomies!!,4685720,Bryce Young,QB,BE,False,7.16,15.42,False
4,False,2,Pour One Out For Mahomies!!,4361432,Romeo Doubs,WR,BE,False,14.0,7.4,False
4,False,2,Pour One Out For Mahomies!!,4040605,Nick Bosa,DE,BE,False,1.0,5.01,False
4,False,2,Pour One Out For Mahomies!!,3046439,Hunter Henry,TE,BE,False,7.1,6.56,False
4,False,12,Rule  #76,4362628,Ja'Marr Chase,WR,WR,True,10.8,16.37,False
4,False,12,Rule  #76,4047646,A.J. Brown,WR,WR,True,34.0,13.11,False
4,False,12,Rule  #76,4429795,Jahmyr Gibbs,RB,RB,True,7.1,10.64,False
4,False,12,Rule  #76,4360310,Trevor Lawrence,QB,QB,True,16.48,15.88,False
4,False,12,Rule  #76,4567048,Kenneth Walker III,RB,RB,True,13.9,16.4,False
4,False,12,Rule  #76,3121422,Terry McLaurin,WR,BE,False,18.6,10.29,False
4,False,12,Rule  #76,4361579,Javonte Williams,RB,BE,False,2.4,11.28,False
4,False,12,Rule  #76,4371733,Kenneth Gainwell,RB,BE,False,5.1,7.72,False
4,False,12,Rule  #76,4360234,Evan McPherson,K,K,True,3.0,8.34,False
4,False,12,Rule  #76,14979,Bobby Wagner,LB,DP,True,21.0,9.89,False
4,False,12,Rule  #76,4242355,Jake Ferguson,TE,BE,False,11.2,6.77,False
4,False,12,Rule  #76,-16023,Steelers D/ST,D/ST,D/ST,True,-6.0,6.26,False
4,False,12,Rule  #76,4038441,Justice Hill,RB,IR,False,3.3,8.43,False
4,False,12,Rule  #76,4035676,Zack Moss,RB,RB/WR/TE,True,9.0,13.07,False
4,False,12,Rule  #76,3059915,Kareem Hunt,RB,BE,False,1.2,4.96,False
4,False,12,Rule  #76,4242433,Joshua Palmer,WR,BE,False,9.2,9.47,False
4,False,12,Rule  #76,4040761,Devin Singletary,RB,BE,False,8.34,6.08,False
4,False,12,Rule  #76,4036133,T.J. Hockenson,TE,TE,True,3.4,11.18,False
4,False,11,Bijan mustard,4430807,Bijan Robinson,RB,RB,True,16.2,15.53,False
4,False,11,Bijan mustard,4242335,Jonathan Taylor,RB,IR,False,0.0,0.0,False
4,False,11,Bijan mustard,4372016,Jaylen Waddle,WR,WR,True,6.6,12.11,False
4,False,11,Bijan mustard,3122840,Deshaun Watson,QB,BE,False,0.0,0.0,False
4,False,11,Bijan mustard,3895856,Christian Kirk,WR,WR,True,12.4,9.51,False
4,False,11,Bijan mustard,4035538,David Montgomery,RB,BE,False,33.1,12.09,False
4,False,11,Bijan mustard,-16025,49ers D/ST,D/ST,D/ST,True,1.0,7.7,False
4,False,11,Bijan mustard,16733,Odell Beckham Jr.,WR,BE,False,0.0,0.0,False
4,False,11,Bijan mustard,3056362,Shaquille Leonard,LB,DP,True,3.0,7.87,False
4,False,11,Bijan mustard,12460,Graham Gano,K,K,True,5.0,8.14,False
4,False,11,Bijan mustard,3917792,Daniel Jones,QB,QB,True,8.72,17.58,False
4,False,11,Bijan mustard,4035115,Albert Okwuegbunam,TE,BE,False,0.0,0.0,False
4,False,11,Bijan mustard,4421446,Craig Reynolds,RB,BE,False,1.0,0.0,False
4,False,11,Bijan mustard,4429160,De'Von Achane,RB,RB,True,25.5,11.4,False
4,False,11,Bijan mustard,3045523,Kendrick Bourne,WR,BE,False,4.6,8.83,False
4,False,11,Bijan mustard,3045144,Tyler Boyd,WR,BE,False,4.6,8.27,False
4,False,11,Bijan mustard,4429205,Jordan Addison,WR,RB/WR/TE,True,0.0,9.12,False
4,False,11,Bijan mustard,3051876,Evan Engram,TE,TE,True,9.4,8.1,False
4,False,4,King Me,3043078,Derrick Henry,RB,RB,True,23.88,15.7,False
4,False,4,King Me,16800,Davante Adams,WR,WR,True,11.5,16.9,False
4,False,4,King Me,4239996,Travis Etienne Jr.,RB,RB,True,8.7,15.82,False
4,False,4,King Me,4038941,Justin Herbert,QB,QB,True,23.38,21.92,False
4,False,4,King Me,15818,Keenan Allen,WR,WR,True,10.7,16.1,False
4,False,4,King Me,3121023,Dallas Goedert,TE,TE,True,3.5,7.63,False
4,False,4,King Me,3045138,Mike Williams,WR,BE,False,0.0,0.0,False
4,False,4,King Me,16731,Brandin Cooks,WR,BE,False,4.7,6.8,False
4,False,4,King Me,3115394,DJ Chark Jr.,WR,BE,False,3.8,8.62,False
4,False,4,King Me,3916433,Jakobi Meyers,WR,BE,False,4.3,9.8,False
4,False,4,King Me,2576414,Raheem Mostert,RB,RB/WR/TE,True,4.0,12.86,False
4,False,4,King Me,4362759,Nick Bolton,LB,IR,False,0.0,0.0,False
4,False,4,King Me,-16015,Dolphins D/ST,D/ST,D/ST,True,-6.0,4.27,False
4,False,4,King Me,2573401,Tyler Higbee,TE,BE,False,8.9,6.52,False
4,False,4,King Me,4372485,Rondale Moore,WR,BE,False,0.0,6.31,False
4,False,4,King Me,12483,Matthew Stafford,QB,BE,False,16.16,14.37,False
4,False,4,King Me,3050478,Jake Elliott,K,K,True,18.0,8.74,False
4,False,4,King Me,4362851,Ernest Jones,LB,DP,True,12.0,10.56,False
4,False,3,Jim Ward's Ole Dick Necks,4262921,Justin Jefferson,WR,WR,True,23.5,18.19,False
4,False,3,Jim Ward's Ole Dick Necks,3042519,Aaron Jones,RB,RB/WR/TE,True,1.9,12.35,False
4,False,3,Jim Ward's Ole Dick Necks,4040715,Jalen Hurts,QB,QB,True,24.16,21.68,False
4,False,3,Jim Ward's Ole Dick Necks,4048244,Alexander Mattison,RB,RB,True,10.3,13.61,False
4,False,3,Jim Ward's Ole Dick Necks,15795,DeAndre Hopkins,WR,WR,True,8.3,10.4,False
4,False,3,Jim Ward's Ole Dick Necks,4361529,Isiah Pacheco,RB,RB,True,23.3,12.13,False
4,False,3,Jim Ward's Ole Dick Necks,2980453,Jamaal Williams,RB,IR,False,0.0,0.0,False
4,False,3,Jim Ward's Ole Dick Necks,3139925,Rashaad Penny,RB,BE,False,0.0,0.0,False
4,False,3,Jim Ward's Ole Dick Necks,4361409,Jahan Dotson,WR,BE,False,10.7,8.45,False
4,False,3,Jim Ward's Ole Dick Necks,4385690,Dalton Kincaid,TE,BE,False,4.7,6.42,False
4,False,3,Jim Ward's Ole Dick Necks,4258595,Cole Kmet,TE,TE,True,24.1,6.15,False
4,False,3,Jim Ward's Ole Dick Necks,4688813,Josh Downs,WR,BE,False,4.4,8.38,False
4,False,3,Jim Ward's Ole Dick Necks,4429013,Tank Bigsby,RB,BE,False,1.0,2.22,False
4,False,3,Jim Ward's Ole Dick Necks,3124679,Jason Sanders,K,K,True,2.0,8.09,False
4,False,3,Jim Ward's Ole Dick Necks,4242540,Isaiah Hodgins,WR,BE,False,3.9,4.42,False
4,False,3,Jim Ward's Ole Dick Necks,4259166,Terrel Bernard,LB,DP,True,7.0,9.74,False
4,False,3,Jim Ward's Ole Dick Necks,-16034,Texans D/ST,D/ST,D/ST,True,11.0,6.45,False
4,False,3,Jim Ward's Ole Dick Necks,4686472,Marvin Mims Jr.,WR,BE,False,5.7,5.95,False
4,False,8,SCLSU Mud Dogs,2977187,Cooper Kupp,WR,IR,False,0.0,0.0,False
4,False,8,SCLSU Mud Dogs,3116406,Tyreek Hill,WR,WR,True,8.7,18.41,False
4,False,8,SCLSU Mud Dogs,4569173,Rhamondre Stevenson,RB,RB,True,5.0,11.3,False
4,False,8,SCLSU Mud Dogs,3915511,Joe Burrow,QB,QB,True,4.7,18.87,False
4,False,8,SCLSU Mud Dogs,4240021,Cam Akers,RB,BE,False,6.1,1.85,False
4,False,8,SCLSU Mud Dogs,4241474,Brian Robinson Jr.,RB,RB,True,12.1,10.51,False
4,False,8,SCLSU Mud Dogs,3932905,Diontae Johnson,WR,BE,False,0.0,0.0,False
4,False,8,SCLSU Mud Dogs,3925347,Damien Harris,RB,BE,False,2.9,2.59,False
4,False,8,SCLSU Mud Dogs,4372414,Elijah Moore,WR,WR,True,1.0,8.11,False
4,False,8,SCLSU Mud Dogs,4361411,Pat Freiermuth,TE,BE,False,2.2,7.42,False
4,False,8,SCLSU Mud Dogs,16720,C.J. Mosley,LB,DP,True,13.0,9.43,False
4,False,8,SCLSU Mud Dogs,4373626,Tyler Allgeier,RB,BE,False,1.7,9.38,False
4,False,8,SCLSU Mud Dogs,15864,Geno Smith,QB,BE,False,8.7,17.37,False
4,False,8,SCLSU Mud Dogs,4430737,Kyren Williams,RB,RB/WR/TE,True,26.2,16.38,False
4,False,8,SCLSU Mud Dogs,4430027,Sam LaPorta,TE,TE,True,7.6,8.5,False
4,False,8,SCLSU Mud Dogs,4428557,Tyjae Spears,RB,BE,False,7.3,7.42,False
4,False,8,SCLSU Mud Dogs,-16012,Chiefs D/ST,D/ST,D/ST,True,4.0,8.3,False
4,False,8,SCLSU Mud Dogs,3953687,Brandon Aubrey,K,K,True,12.0,7.79,False
5,False,13,Christopher's Kryptonite ,3929630,Saquon Barkley,RB,BE,False,0.0,0.0,False
5,False,13,Christopher's Kryptonite ,4241389,CeeDee Lamb,WR,RB/WR/TE,True,6.9,13.03,False
5,False,13,Christopher's Kryptonite ,3116365,Mark Andrews,TE,TE,True,9.5,10.09,False
5,False,13,Christopher's Kryptonite ,4362887,Justin Fields,QB,BE,False,32.98,17.53,False
5,False,13,Christopher's Kryptonite ,4045163,Miles Sanders,RB,RB,True,1.2,11.17,False
5,False,13,Christopher's Kryptonite ,4426502,Drake London,WR,BE,False,11.68,7.75,False
5,False,13,Christopher's Kryptonite ,4360438,Brandon Aiyuk,WR,WR,True,7.8,12.64,False
5,False,13,Christopher's Kryptonite ,4243537,Gabe Davis,WR,WR,True,19.0,8.15,False
5,False,13,Christopher's Kryptonite ,3116389,Samaje Perine,RB,BE,False,9.5,10.12,False
5,False,13,Christopher's Kryptonite ,3050073,Foyesade Oluokun,LB,DP,True,6.0,11.39,False
5,False,13,Christopher's Kryptonite ,4241479,Tua Tagovailoa,QB,QB,True,16.92,19.04,False
5,False,13,Christopher's Kryptonite ,3049899,Younghoe Koo,K,K,True,7.0,7.68,False
5,False,13,Christopher's Kryptonite ,4241416,Chuba Hubbard,RB,BE,False,4.0,5.42,False
5,False,13,Christopher's Kryptonite ,4569987,Jaylen Warren,RB,RB,True,9.4,9.39,False
5,False,13,Christopher's Kryptonite ,4366031,Tank Dell,WR,BE,False,6.8,9.71,False
5,False,13,Christopher's Kryptonite ,-16028,Commanders D/ST,D/ST,D/ST,True,-5.0,7.29,False
5,False,13,Christopher's Kryptonite ,4722893,Jaleel McLaughlin,RB,BE,False,16.4,9.99,False
5,False,10,Amon-Ra Dog,3117251,Christian McCaffrey,RB,RB,True,12.8,19.65,False
5,False,10,Amon-Ra Dog,4374302,Amon-Ra St. Brown,WR,BE,False,0.0,0.0,False
5,False,10,Amon-Ra Dog,4241478,DeVonta Smith,WR,WR,True,1.1,12.26,False
5,False,10,Amon-Ra Dog,4241463,Jerry Jeudy,WR,BE,False,8.0,9.93,False
5,False,10,Amon-Ra Dog,4697815,Rachaad White,RB,BE,False,0.0,0.0,True
5,False,10,Amon-Ra Dog,4035886,Khalil Herbert,RB,RB,True,7.6,10.64,False
5,False,10,Amon-Ra Dog,4360248,Kyle Pitts,TE,BE,False,12.2,6.92,False
5,False,10,Amon-Ra Dog,4426354,George Pickens,WR,WR,True,23.6,10.54,False
5,False,10,Amon-Ra Dog,4429084,Anthony Richardson,QB,QB,True,4.42,20.65,False
5,False,10,Amon-Ra Dog,-16021,Eagles D/ST,D/ST,BE,False,7.0,5.16,False
5,False,10,Amon-Ra Dog,4426485,Jonathan Mingo,WR,BE,False,8.3,5.31,False
5,False,10,Amon-Ra Dog,3051926,Gus Edwards,RB,RB/WR/TE,True,4.8,9.37,False
5,False,10,Amon-Ra Dog,4361741,Brock Purdy,QB,BE,False,26.08,16.55,False
5,False,10,Amon-Ra Dog,-16018,Saints D/ST,D/ST,D/ST,True,22.0,6.58,False
5,False,10,Amon-Ra Dog,4428085,Luke Musgrave,TE,TE,True,6.4,6.61,False
5,False,10,Amon-Ra Dog,4372066,Jake Moody,K,K,True,6.0,8.25,False
5,False,10,Amon-Ra Dog,4039254,Kyzir White,LB,DP,True,10.0,9.13,False
5,False,1,Garretteed Satisfaction ,3916148,Tony Pollard,RB,RB,True,6.4,16.02,False
5,False,1,Garretteed Satisfaction ,4569618,Garrett Wilson,WR,WR,True,7.9,14.62,False
5,False,1,Garretteed Satisfaction ,4361370,Chris Olave,WR,WR,True,8.2,12.18,False
5,False,1,Garretteed Satisfaction ,4047650,DK Metcalf,WR,BE,False,0.0,0.0,True
5,False,1,Garretteed Satisfaction ,2576925,Darren Waller,TE,TE,True,12.6,8.01,False
5,False,1,Garretteed Satisfaction ,4379399,James Cook,RB,RB,True,3.6,13.45,False
5,False,1,Garretteed Satisfaction ,3054850,Alvin Kamara,RB,RB/WR/TE,True,17.2,14.2,False
5,False,1,Garretteed Satisfaction ,2577417,Dak Prescott,QB,BE,False,4.32,15.68,False
5,False,1,Garretteed Satisfaction ,4430191,Skyy Moore,WR,BE,False,2.1,5.86,False
5,False,1,Garretteed Satisfaction ,4426385,Zach Charbonnet,RB,BE,False,0.0,0.0,True
5,False,1,Garretteed Satisfaction ,4258173,Nico Collins,WR,BE,False,5.4,11.67,False
5,False,1,Garretteed Satisfaction ,3117253,Bobby Okereke,LB,DP,True,12.0,9.38,False
5,False,1,Garretteed Satisfaction ,4241555,Elijah Mitchell,RB,BE,False,0.0,0.0,False
5,False,1,Garretteed Satisfaction ,4372019,Jerome Ford,RB,BE,False,0.0,0.0,True
5,False,1,Garretteed Satisfaction ,4036378,Jordan Love,QB,QB,True,4.98,18.17,False
5,False,1,Garretteed Satisfaction ,-16033,Ravens D/ST,D/ST,D/ST,True,8.0,7.8,False
5,False,1,Garretteed Satisfaction ,4243371,Riley Patterson,K,K,True,6.0,8.47,False
5,False,6,Thom-ASS,15847,Travis Kelce,TE,TE,True,17.7,14.51,False
5,False,6,Thom-ASS,2976212,Stefon Diggs,WR,WR,True,21.1,14.54,False
5,False,6,Thom-ASS,3916387,Lamar Jackson,QB,QB,True,10.94,20.77,False
5,False,6,Thom-ASS,4360238,Dameon Pierce,RB,RB,True,8.7,11.39,False
5,False,6,Thom-ASS,3045147,James Conner,RB,RB,True,4.6,13.9,False
5,False,6,Thom-ASS,16737,Mike Evans,WR,BE,False,0.0,0.0,True
5,False,6,Thom-ASS,4241372,Marquise Brown,WR,WR,True,14.1,11.71,False
5,False,6,Thom-ASS,4567156,Treylon Burks,WR,IR,False,0.0,0.0,False
5,False,6,Thom-ASS,4429615,Zay Flowers,WR,RB/WR/TE,True,9.8,9.84,False
5,False,6,Thom-ASS,3917232,Tyler Bass,K,K,True,2.0,8.65,False
5,False,6,Thom-ASS,-16006,Cowboys D/ST,D/ST,D/ST,True,-3.0,3.92,False
5,False,6,Thom-ASS,3918639,Gerald Everett,TE,BE,False,0.0,0.0,True
5,False,6,Thom-ASS,3121544,T.J. Edwards,LB,DP,True,12.0,10.41,False
5,False,6,Thom-ASS,4360797,Tutu Atwell,WR,BE,False,7.9,8.79,False
5,False,6,Thom-ASS,3049916,Matt Breida,RB,BE,False,2.9,10.81,False
5,False,6,Thom-ASS,4242214,Clyde Edwards-Helaire,RB,BE,False,0.4,3.53,False
5,False,6,Thom-ASS,4432577,C.J. Stroud,QB,BE,False,14.16,16.77,False
5,False,9,Men of Will,3068267,Austin Ekeler,RB,BE,False,0.0,0.0,True
5,False,9,Men of Will,4047365,Josh Jacobs,RB,RB,True,17.4,16.14,False
5,False,9,Men of Will,3918298,Josh Allen,QB,QB,True,27.76,20.73,False
5,False,9,Men of Will,3925357,Calvin Ridley,WR,RB/WR/TE,True,17.1,9.92,False
5,False,9,Men of Will,4248528,Christian Watson,WR,WR,True,10.1,10.18,False
5,False,9,Men of Will,3116165,Chris Godwin,WR,BE,False,0.0,0.0,True
5,False,9,Men of Will,4259545,D'Andre Swift,RB,RB,True,13.8,14.52,False
5,False,9,Men of Will,3128429,Courtland Sutton,WR,BE,False,1.8,9.68,False
5,False,9,Men of Will,2976316,Michael Thomas,WR,BE,False,8.5,8.72,False
5,False,9,Men of Will,16460,Adam Thielen,WR,WR,True,22.2,11.04,False
5,False,9,Men of Will,-16002,Bills D/ST,D/ST,D/ST,True,4.0,5.8,False
5,False,9,Men of Will,3124005,Zaire Franklin,LB,DP,True,12.0,10.86,False
5,False,9,Men of Will,4249087,Matt Gay,K,K,True,12.0,8.37,False
5,False,9,Men of Will,14881,Russell Wilson,QB,BE,False,18.74,17.67,False
5,False,9,Men of Will,3910544,Joshua Kelley,RB,BE,False,0.0,0.0,True
5,False,9,Men of Will,-16027,Buccaneers D/ST,D/ST,BE,False,0.0,0.0,True
5,False,9,Men of Will,3915486,Tyler Conklin,TE,TE,True,8.7,6.72,False
5,False,5,You Can Chuck the Tubb,3116385,Joe Mixon,RB,RB,True,11.4,13.37,False
5,False,5,You Can Chuck the Tubb,3126486,Deebo Samuel,WR,WR,True,10.0,13.52,False
5,False,5,You Can Chuck the Tubb,2976499,Amari Cooper,WR,BE,False,0.0,0.0,True
5,False,5,You Can Chuck the Tubb,4035687,Michael Pittman Jr.,WR,RB/WR/TE,True,7.7,10.45,False
5,False,5,You Can Chuck the Tubb,3116593,Dalvin Cook,RB,BE,False,2.3,7.74,False
5,False,5,You Can Chuck the Tubb,14880,Kirk Cousins,QB,BE,False,19.86,17.81,False
5,False,5,You Can Chuck the Tubb,16782,Jerick McKinnon,RB,BE,False,3.5,4.19,False
5,False,5,You Can Chuck the Tubb,15683,Justin Tucker,K,K,True,4.0,8.22,False
5,False,5,You Can Chuck the Tubb,-16017,Patriots D/ST,D/ST,D/ST,True,1.0,6.33,False
5,False,5,You Can Chuck the Tubb,4426386,Roschon Johnson,RB,RB,True,1.9,6.4,False
5,False,5,You Can Chuck the Tubb,4426515,Puka Nacua,WR,WR,True,16.6,11.79,False
5,False,5,You Can Chuck the Tubb,4379416,Quay Walker,LB,DP,True,4.0,10.26,False
5,False,5,You Can Chuck the Tubb,15835,Zach Ertz,TE,TE,True,8.0,7.93,False
5,False,5,You Can Chuck the Tubb,4362249,Jayden Reed,WR,BE,False,2.2,7.95,False
5,False,5,You Can Chuck the Tubb,-16026,Seahawks D/ST,D/ST,BE,False,0.0,0.0,True
5,False,5,You Can Chuck the Tubb,3051392,Ezekiel Elliott,RB,BE,False,5.8,6.12,False
5,False,5,You Can Chuck the Tubb,3044720,Joshua Dobbs,QB,QB,True,8.74,18.37,False
5,False,11,Bijan mustard,4430807,Bijan Robinson,RB,RB,True,10.8,16.31,False
5,False,11,Bijan mustard,4242335,Jonathan Taylor,RB,IR,False,3.9,11.8,False
5,False,11,Bijan mustard,4372016,Jaylen Waddle,WR,WR,True,13.0,11.33,False
5,False,11,Bijan mustard,3122840,Deshaun Watson,QB,BE,False,0.0,0.0,True
5,False,11,Bijan mustard,3895856,Christian Kirk,WR,WR,True,11.4,9.3,False
5,False,11,Bijan mustard,4035538,David Montgomery,RB,RB/WR/TE,True,19.9,16.94,False
5,False,11,Bijan mustard,-16025,49ers D/ST,D/ST,D/ST,True,18.0,4.76,False
5,False,11,Bijan mustard,16733,Odell Beckham Jr.,WR,BE,False,3.3,6.92,False
5,False,11,Bijan mustard,4421446,Craig Reynolds,RB,BE,False,11.2,5.07,False
5,False,11,Bijan mustard,4429160,De'Von Achane,RB,RB,True,21.0,14.77,False
5,False,11,Bijan mustard,3045523,Kendrick Bourne,WR,BE,False,5.3,6.78,False
5,False,11,Bijan mustard,4429205,Jordan Addison,WR,BE,False,15.4,8.47,False
5,False,11,Bijan mustard,3051876,Evan Engram,TE,TE,True,4.8,7.71,False
5,False,11,Bijan mustard,4360761,Michael Wilson,WR,BE,False,2.3,7.57,False
5,False,11,Bijan mustard,11122,Matt Prater,K,K,True,2.0,8.51,False
5,False,11,Bijan mustard,4241993,Pete Werner,LB,DP,True,5.0,9.68,False
5,False,11,Bijan mustard,3115306,Josh Reynolds,WR,BE,False,15.6,7.98,False
5,False,11,Bijan mustard,4426875,Sam Howell,QB,QB,True,25.42,16.32,False
5,False,2,Pour One Out For Mahomies!!,4241457,Najee Harris,RB,RB,True,4.5,8.68,False
5,False,2,Pour One Out For Mahomies!!,3139477,Patrick Mahomes,QB,QB,True,19.24,22.41,False
5,False,2,Pour One Out For Mahomies!!,4239993,Tee Higgins,WR,BE,False,0.0,0.0,False
5,False,2,Pour One Out For Mahomies!!,4427366,Breece Hall,RB,RB,True,26.9,11.98,False
5,False,2,Pour One Out For Mahomies!!,3915416,DJ Moore,WR,WR,True,45.0,12.12,False
5,False,2,Pour One Out For Mahomies!!,3040151,George Kittle,TE,TE,True,26.2,8.23,False
5,False,2,Pour One Out For Mahomies!!,2577327,Tyler Lockett,WR,BE,False,0.0,0.0,True
5,False,2,Pour One Out For Mahomies!!,4239934,AJ Dillon,RB,BE,False,13.6,6.73,False
5,False,2,Pour One Out For Mahomies!!,3120348,JuJu Smith-Schuster,WR,WR,True,2.1,5.15,False
5,False,2,Pour One Out For Mahomies!!,-16020,Jets D/ST,D/ST,D/ST,True,18.0,5.66,False
5,False,2,Pour One Out For Mahomies!!,3055899,Harrison Butker,K,K,True,10.0,8.56,False
5,False,2,Pour One Out For Mahomies!!,3915189,Roquan Smith,LB,DP,True,11.0,10.81,False
5,False,2,Pour One Out For Mahomies!!,3122976,Jeff Wilson Jr.,RB,IR,False,0.0,0.0,False
5,False,2,Pour One Out For Mahomies!!,3117256,Dalton Schultz,TE,BE,False,16.0,5.92,False
5,False,2,Pour One Out For Mahomies!!,4685720,Bryce Young,QB,BE,False,18.28,12.25,False
5,False,2,Pour One Out For Mahomies!!,4361432,Romeo Doubs,WR,RB/WR/TE,True,0.9,8.92,False
5,False,2,Pour One Out For Mahomies!!,4040605,Nick Bosa,DE,BE,False,5.0,4.56,False
5,False,2,Pour One Out For Mahomies!!,3046439,Hunter Henry,TE,BE,False,0.0,7.51,False
5,False,12,Rule  #76,4362628,Ja'Marr Chase,WR,WR,True,44.7,17.0,False
5,False,12,Rule  #76,4047646,A.J. Brown,WR,WR,True,15.7,15.62,False
5,False,12,Rule  #76,4429795,Jahmyr Gibbs,RB,BE,False,0.0,0.0,False
5,False,12,Rule  #76,4360310,Trevor Lawrence,QB,QB,True,15.7,15.0,False
5,False,12,Rule  #76,4567048,Kenneth Walker III,RB,BE,False,0.0,0.0,True
5,False,12,Rule  #76,3121422,Terry McLaurin,WR,RB/WR/TE,True,6.9,10.73,False
5,False,12,Rule  #76,4361579,Javonte Williams,RB,BE,False,0.0,0.0,False
5,False,12,Rule  #76,14979,Bobby Wagner,LB,BE,False,0.0,0.0,True
5,False,12,Rule  #76,4242355,Jake Ferguson,TE,BE,False,4.3,8.02,False
5,False,12,Rule  #76,4035676,Zack Moss,RB,RB,True,32.5,6.37,False
5,False,12,Rule  #76,3059915,Kareem Hunt,RB,BE,False,0.0,0.0,True
5,False,12,Rule  #76,4036133,T.J. Hockenson,TE,TE,True,7.6,11.22,False
5,False,12,Rule  #76,4426388,Jameson Williams,WR,BE,False,1.2,5.66,False
5,False,12,Rule  #76,-16008,Lions D/ST,D/ST,D/ST,True,7.0,7.16,False
5,False,12,Rule  #76,2971573,Ka'imi Fairbairn,K,K,True,15.0,8.1,False
5,False,12,Rule  #76,3138826,Fred Warner,LB,DP,True,14.0,9.48,False
5,False,12,Rule  #76,15920,Latavius Murray,RB,RB,True,1.2,4.77,False
5,False,3,Jim Ward's Ole Dick Necks,4262921,Justin Jefferson,WR,WR,True,4.3,18.83,False
5,False,3,Jim Ward's Ole Dick Necks,3042519,Aaron Jones,RB,RB/WR/TE,True,0.0,0.0,False
5,False,3,Jim Ward's Ole Dick Necks,4040715,Jalen Hurts,QB,QB,True,27.32,21.94,False
5,False,3,Jim Ward's Ole Dick Necks,4048244,Alexander Mattison,RB,RB,True,11.6,12.14,False
5,False,3,Jim Ward's Ole Dick Necks,15795,DeAndre Hopkins,WR,WR,True,18.0,10.5,False
5,False,3,Jim Ward's Ole Dick Necks,4361529,Isiah Pacheco,RB,RB,True,12.9,13.62,False
5,False,3,Jim Ward's Ole Dick Necks,2980453,Jamaal Williams,RB,IR,False,0.0,0.0,False
5,False,3,Jim Ward's Ole Dick Necks,3139925,Rashaad Penny,RB,BE,False,0.0,0.0,False
5,False,3,Jim Ward's Ole Dick Necks,4361409,Jahan Dotson,WR,BE,False,4.5,8.53,False
5,False,3,Jim Ward's Ole Dick Necks,4385690,Dalton Kincaid,TE,BE,False,2.9,6.52,False
5,False,3,Jim Ward's Ole Dick Necks,4258595,Cole Kmet,TE,TE,True,12.7,7.73,False
5,False,3,Jim Ward's Ole Dick Necks,4688813,Josh Downs,WR,BE,False,12.7,7.24,False
5,False,3,Jim Ward's Ole Dick Necks,4429013,Tank Bigsby,RB,BE,False,0.8,1.84,False
5,False,3,Jim Ward's Ole Dick Necks,3124679,Jason Sanders,K,K,True,8.0,8.31,False
5,False,3,Jim Ward's Ole Dick Necks,4242540,Isaiah Hodgins,WR,BE,False,2.9,2.61,False
5,False,3,Jim Ward's Ole Dick Necks,4259166,Terrel Bernard,LB,DP,True,16.0,9.34,False
5,False,3,Jim Ward's Ole Dick Necks,-16034,Texans D/ST,D/ST,D/ST,True,1.0,6.33,False
5,False,3,Jim Ward's Ole Dick Necks,4686472,Marvin Mims Jr.,WR,BE,False,-1.1,6.31,False
5,False,4,King Me,3043078,Derrick Henry,RB,RB,True,7.7,14.0,False
5,False,4,King Me,16800,Davante Adams,WR,WR,True,6.5,18.26,False
5,False,4,King Me,4239996,Travis Etienne Jr.,RB,RB,True,34.4,13.13,False
5,False,4,King Me,4038941,Justin Herbert,QB,BE,False,0.0,0.0,True
5,False,4,King Me,15818,Keenan Allen,WR,BE,False,0.0,0.0,True
5,False,4,King Me,3121023,Dallas Goedert,TE,TE,True,21.7,7.41,False
5,False,4,King Me,3045138,Mike Williams,WR,BE,False,0.0,0.0,True
5,False,4,King Me,16731,Brandin Cooks,WR,BE,False,1.8,6.66,False
5,False,4,King Me,3115394,DJ Chark Jr.,WR,BE,False,11.7,6.24,False
5,False,4,King Me,3916433,Jakobi Meyers,WR,WR,True,17.0,9.8,False
5,False,4,King Me,2576414,Raheem Mostert,RB,RB/WR/TE,True,14.8,13.2,False
5,False,4,King Me,4362759,Nick Bolton,LB,IR,False,0.0,0.0,False
5,False,4,King Me,-16015,Dolphins D/ST,D/ST,D/ST,True,12.0,8.64,False
5,False,4,King Me,2573401,Tyler Higbee,TE,BE,False,3.0,6.23,False
5,False,4,King Me,4372485,Rondale Moore,WR,BE,False,9.1,5.87,False
5,False,4,King Me,12483,Matthew Stafford,QB,QB,True,16.88,15.83,False
5,False,4,King Me,3050478,Jake Elliott,K,K,True,11.0,8.7,False
5,False,4,King Me,4362851,Ernest Jones,LB,DP,True,15.0,10.48,False
5,False,8,SCLSU Mud Dogs,2977187,Cooper Kupp,WR,WR,True,15.8,13.89,False
5,False,8,SCLSU Mud Dogs,3116406,Tyreek Hill,WR,WR,True,28.1,17.34,False
5,False,8,SCLSU Mud Dogs,4569173,Rhamondre Stevenson,RB,RB,True,2.4,11.55,False
5,False,8,SCLSU Mud Dogs,3915511,Joe Burrow,QB,QB,True,23.38,18.33,False
5,False,8,SCLSU Mud Dogs,4240021,Cam Akers,RB,BE,False,2.8,5.99,False
5,False,8,SCLSU Mud Dogs,4241474,Brian Robinson Jr.,RB,RB,True,6.3,13.27,False
5,False,8,SCLSU Mud Dogs,3932905,Diontae Johnson,WR,IR,False,0.0,0.0,False
5,False,8,SCLSU Mud Dogs,4372414,Elijah Moore,WR,BE,False,0.0,0.0,True
5,False,8,SCLSU Mud Dogs,16720,C.J. Mosley,LB,DP,True,13.0,9.17,False
5,False,8,SCLSU Mud Dogs,4373626,Tyler Allgeier,RB,BE,False,6.0,8.64,False
5,False,8,SCLSU Mud Dogs,15864,Geno Smith,QB,BE,False,0.0,0.0,True
5,False,8,SCLSU Mud Dogs,4430737,Kyren Williams,RB,RB/WR/TE,True,6.7,15.98,False
5,False,8,SCLSU Mud Dogs,4430027,Sam LaPorta,TE,TE,True,18.2,8.44,False
5,False,8,SCLSU Mud Dogs,4428557,Tyjae Spears,RB,BE,False,15.9,7.26,False
5,False,8,SCLSU Mud Dogs,-16012,Chiefs D/ST,D/ST,D/ST,True,5.0,5.65,False
5,False,8,SCLSU Mud Dogs,3953687,Brandon Aubrey,K,K,True,6.0,8.04,False
5,False,8,SCLSU Mud Dogs,3046779,Jared Goff,QB,BE,False,27.44,14.77,False
5,False,8,SCLSU Mud Dogs,4371733,Kenneth Gainwell,RB,BE,False,2.9,6.39,False
6,False,10,Amon-Ra Dog,3117251,Christian McCaffrey,RB,RB,True,12.7,20.39,False
6,False,10,Amon-Ra Dog,4374302,Amon-Ra St. Brown,WR,WR,True,24.4,12.41,False
6,False,10,Amon-Ra Dog,4241478,DeVonta Smith,WR,RB/WR/TE,True,6.9,11.75,False
6,False,10,Amon-Ra Dog,4241463,Jerry Jeudy,WR,WR,True,3.9,10.47,False
6,False,10,Amon-Ra Dog,4697815,Rachaad White,RB,RB,True,5.3,10.52,False
6,False,10,Amon-Ra Dog,4035886,Khalil Herbert,RB,BE,False,0.0,0.0,False
6,False,10,Amon-Ra Dog,4360248,Kyle Pitts,TE,TE,True,13.3,7.61,False
6,False,10,Amon-Ra Dog,4426354,George Pickens,WR,BE,False,0.0,0.0,True
6,False,10,Amon-Ra Dog,4429084,Anthony Richardson,QB,IR,False,0.0,0.0,False
6,False,10,Amon-Ra Dog,-16021,Eagles D/ST,D/ST,D/ST,True,7.0,8.0,False
6,False,10,Amon-Ra Dog,4426485,Jonathan Mingo,WR,BE,False,3.1,8.16,False
6,False,10,Amon-Ra Dog,3051926,Gus Edwards,RB,BE,False,5.8,9.49,False
6,False,10,Amon-Ra Dog,4361741,Brock Purdy,QB,QB,True,7.7,15.9,False
6,False,10,Amon-Ra Dog,-16018,Saints D/ST,D/ST,BE,False,6.0,5.2,False
6,False,10,Amon-Ra Dog,4428085,Luke Musgrave,TE,BE,False,0.0,0.0,True
6,False,10,Amon-Ra Dog,4372066,Jake Moody,K,K,True,3.0,8.4,False
6,False,10,Amon-Ra Dog,4039254,Kyzir White,LB,DP,True,10.0,9.33,False
6,False,10,Amon-Ra Dog,4038524,Gardner Minshew,QB,BE,False,9.56,13.9,False
6,False,2,Pour One Out For Mahomies!!,4241457,Najee Harris,RB,BE,False,0.0,0.0,True
6,False,2,Pour One Out For Mahomies!!,3139477,Patrick Mahomes,QB,QB,True,17.34,24.46,False
6,False,2,Pour One Out For Mahomies!!,4239993,Tee Higgins,WR,RB/WR/TE,True,3.0,11.59,False
6,False,2,Pour One Out For Mahomies!!,4427366,Breece Hall,RB,RB,True,17.8,11.97,False
6,False,2,Pour One Out For Mahomies!!,3915416,DJ Moore,WR,WR,True,10.6,14.41,False
6,False,2,Pour One Out For Mahomies!!,3040151,George Kittle,TE,TE,True,0.6,8.03,False
6,False,2,Pour One Out For Mahomies!!,2577327,Tyler Lockett,WR,WR,True,12.4,10.99,False
6,False,2,Pour One Out For Mahomies!!,4239934,AJ Dillon,RB,BE,False,0.0,0.0,True
6,False,2,Pour One Out For Mahomies!!,3120348,JuJu Smith-Schuster,WR,BE,False,0.0,0.0,False
6,False,2,Pour One Out For Mahomies!!,-16020,Jets D/ST,D/ST,D/ST,True,11.0,4.24,False
6,False,2,Pour One Out For Mahomies!!,3055899,Harrison Butker,K,K,True,17.0,8.62,False
6,False,2,Pour One Out For Mahomies!!,3915189,Roquan Smith,LB,DP,True,9.0,10.53,False
6,False,2,Pour One Out For Mahomies!!,3122976,Jeff Wilson Jr.,RB,IR,False,0.0,0.0,False
6,False,2,Pour One Out For Mahomies!!,3117256,Dalton Schultz,TE,BE,False,14.1,7.17,False
6,False,2,Pour One Out For Mahomies!!,4685720,Bryce Young,QB,BE,False,12.68,14.87,False
6,False,2,Pour One Out For Mahomies!!,4361432,Romeo Doubs,WR,BE,False,0.0,0.0,True
6,False,2,Pour One Out For Mahomies!!,4040605,Nick Bosa,DE,BE,False,5.0,4.77,False
6,False,2,Pour One Out For Mahomies!!,4421446,Craig Reynolds,RB,RB,True,5.3,7.37,False
6,False,6,Thom-ASS,15847,Travis Kelce,TE,TE,True,16.9,14.85,False
6,False,6,Thom-ASS,2976212,Stefon Diggs,WR,WR,True,15.0,15.36,False
6,False,6,Thom-ASS,3916387,Lamar Jackson,QB,QB,True,17.12,21.37,False
6,False,6,Thom-ASS,4360238,Dameon Pierce,RB,RB,True,3.4,11.7,False
6,False,6,Thom-ASS,3045147,James Conner,RB,IR,False,0.0,0.0,False
6,False,6,Thom-ASS,16737,Mike Evans,WR,RB/WR/TE,True,6.9,14.03,False
6,False,6,Thom-ASS,4241372,Marquise Brown,WR,WR,True,5.4,11.94,False
6,False,6,Thom-ASS,4429615,Zay Flowers,WR,BE,False,14.1,11.08,False
6,False,6,Thom-ASS,3917232,Tyler Bass,K,K,True,0.0,8.81,False
6,False,6,Thom-ASS,-16006,Cowboys D/ST,D/ST,D/ST,True,6.0,4.17,False
6,False,6,Thom-ASS,3918639,Gerald Everett,TE,BE,False,9.3,5.75,False
6,False,6,Thom-ASS,3121544,T.J. Edwards,LB,DP,True,12.0,10.97,False
6,False,6,Thom-ASS,4360797,Tutu Atwell,WR,BE,False,3.5,8.87,False
6,False,6,Thom-ASS,3049916,Matt Breida,RB,BE,False,1.3,2.14,False
6,False,6,Thom-ASS,4242214,Clyde Edwards-Helaire,RB,BE,False,2.1,3.67,False
6,False,6,Thom-ASS,4432577,C.J. Stroud,QB,BE,False,14.16,15.81,False
6,False,6,Thom-ASS,3121427,Curtis Samuel,WR,BE,False,12.2,7.22,False
6,False,6,Thom-ASS,3051392,Ezekiel Elliott,RB,RB,True,11.4,6.82,False
6,False,3,Jim Ward's Ole Dick Necks,4262921,Justin Jefferson,WR,BE,False,0.0,0.0,False
6,False,3,Jim Ward's Ole Dick Necks,3042519,Aaron Jones,RB,BE,False,0.0,0.0,True
6,False,3,Jim Ward's Ole Dick Necks,4040715,Jalen Hurts,QB,QB,True,19.9,21.58,False
6,False,3,Jim Ward's Ole Dick Necks,4048244,Alexander Mattison,RB,RB,True,9.2,12.17,False
6,False,3,Jim Ward's Ole Dick Necks,15795,DeAndre Hopkins,WR,WR,True,2.5,11.78,False
6,False,3,Jim Ward's Ole Dick Necks,4361529,Isiah Pacheco,RB,RB,True,12.8,16.44,False
6,False,3,Jim Ward's Ole Dick Necks,2980453,Jamaal Williams,RB,IR,False,0.0,0.0,False
6,False,3,Jim Ward's Ole Dick Necks,3139925,Rashaad Penny,RB,BE,False,0.0,0.0,False
6,False,3,Jim Ward's Ole Dick Necks,4361409,Jahan Dotson,WR,RB/WR/TE,True,0.0,7.41,False
6,False,3,Jim Ward's Ole Dick Necks,4385690,Dalton Kincaid,TE,BE,False,0.0,0.0,False
6,False,3,Jim Ward's Ole Dick Necks,4258595,Cole Kmet,TE,TE,True,1.9,8.73,False
6,False,3,Jim Ward's Ole Dick Necks,4688813,Josh Downs,WR,WR,True,10.6,9.11,False
6,False,3,Jim Ward's Ole Dick Necks,4429013,Tank Bigsby,RB,BE,False,1.3,2.41,False
6,False,3,Jim Ward's Ole Dick Necks,3124679,Jason Sanders,K,K,True,6.0,8.34,False
6,False,3,Jim Ward's Ole Dick Necks,4242540,Isaiah Hodgins,WR,BE,False,0.0,2.89,False
6,False,3,Jim Ward's Ole Dick Necks,4259166,Terrel Bernard,LB,DP,True,12.0,9.79,False
6,False,3,Jim Ward's Ole Dick Necks,-16034,Texans D/ST,D/ST,D/ST,True,4.0,5.95,False
6,False,3,Jim Ward's Ole Dick Necks,4686472,Marvin Mims Jr.,WR,BE,False,0.0,5.02,False
6,False,5,You Can Chuck the Tubb,3116385,Joe Mixon,RB,RB,True,7.7,12.7,False
6,False,5,You Can Chuck the Tubb,3126486,Deebo Samuel,WR,WR,True,1.1,12.39,False
6,False,5,You Can Chuck the Tubb,2976499,Amari Cooper,WR,BE,False,12.8,10.73,False
6,False,5,You Can Chuck the Tubb,4035687,Michael Pittman Jr.,WR,RB/WR/TE,True,15.4,11.56,False
6,False,5,You Can Chuck the Tubb,3116593,Dalvin Cook,RB,BE,False,1.9,4.38,False
6,False,5,You Can Chuck the Tubb,14880,Kirk Cousins,QB,QB,True,8.74,20.13,False
6,False,5,You Can Chuck the Tubb,16782,Jerick McKinnon,RB,BE,False,3.5,5.07,False
6,False,5,You Can Chuck the Tubb,15683,Justin Tucker,K,K,True,19.0,8.49,False
6,False,5,You Can Chuck the Tubb,4426386,Roschon Johnson,RB,BE,False,0.0,0.0,False
6,False,5,You Can Chuck the Tubb,4426515,Puka Nacua,WR,WR,True,4.6,12.67,False
6,False,5,You Can Chuck the Tubb,4379416,Quay Walker,LB,BE,False,0.0,0.0,True
6,False,5,You Can Chuck the Tubb,15835,Zach Ertz,TE,TE,True,4.2,7.95,False
6,False,5,You Can Chuck the Tubb,-16026,Seahawks D/ST,D/ST,D/ST,True,8.0,6.12,False
6,False,5,You Can Chuck the Tubb,3044720,Joshua Dobbs,QB,BE,False,10.1,16.32,False
6,False,5,You Can Chuck the Tubb,4038441,Justice Hill,RB,BE,False,5.0,7.13,False
6,False,5,You Can Chuck the Tubb,3125116,D'Onta Foreman,RB,RB,True,7.2,9.92,False
6,False,5,You Can Chuck the Tubb,4037626,Divine Deablo,LB,DP,True,7.0,8.61,False
6,False,8,SCLSU Mud Dogs,2977187,Cooper Kupp,WR,WR,True,24.3,16.55,False
6,False,8,SCLSU Mud Dogs,3116406,Tyreek Hill,WR,WR,True,25.3,18.6,False
6,False,8,SCLSU Mud Dogs,4569173,Rhamondre Stevenson,RB,RB,True,15.5,10.98,False
6,False,8,SCLSU Mud Dogs,3915511,Joe Burrow,QB,QB,True,13.8,17.77,False
6,False,8,SCLSU Mud Dogs,4240021,Cam Akers,RB,BE,False,2.0,6.93,False
6,False,8,SCLSU Mud Dogs,4241474,Brian Robinson Jr.,RB,RB,True,12.6,9.69,False
6,False,8,SCLSU Mud Dogs,3932905,Diontae Johnson,WR,IR,False,0.0,0.0,True
6,False,8,SCLSU Mud Dogs,4372414,Elijah Moore,WR,BE,False,4.7,9.02,False
6,False,8,SCLSU Mud Dogs,16720,C.J. Mosley,LB,DP,True,11.0,9.8,False
6,False,8,SCLSU Mud Dogs,4373626,Tyler Allgeier,RB,BE,False,5.1,9.51,False
6,False,8,SCLSU Mud Dogs,15864,Geno Smith,QB,BE,False,11.04,16.32,False
6,False,8,SCLSU Mud Dogs,4430737,Kyren Williams,RB,RB/WR/TE,True,21.8,17.7,False
6,False,8,SCLSU Mud Dogs,4430027,Sam LaPorta,TE,TE,True,5.6,8.27,False
6,False,8,SCLSU Mud Dogs,4428557,Tyjae Spears,RB,BE,False,7.8,7.76,False
6,False,8,SCLSU Mud Dogs,-16012,Chiefs D/ST,D/ST,D/ST,True,16.0,7.07,False
6,False,8,SCLSU Mud Dogs,3953687,Brandon Aubrey,K,K,True,8.0,8.2,False
6,False,8,SCLSU Mud Dogs,3046779,Jared Goff,QB,BE,False,22.42,13.98,False
6,False,8,SCLSU Mud Dogs,4371733,Kenneth Gainwell,RB,BE,False,2.2,5.84,False
6,False,9,Men of Will,3068267,Austin Ekeler,RB,RB/WR/TE,True,8.2,16.51,False
6,False,9,Men of Will,4047365,Josh Jacobs,RB,RB,True,10.3,15.97,False
6,False,9,Men of Will,3918298,Josh Allen,QB,QB,True,13.86,22.91,False
6,False,9,Men of Will,3925357,Calvin Ridley,WR,WR,True,4.6,11.68,False
6,False,9,Men of Will,4248528,Christian Watson,WR,BE,False,0.0,0.0,True
6,False,9,Men of Will,3116165,Chris Godwin,WR,BE,False,10.7,11.04,False
6,False,9,Men of Will,4259545,D'Andre Swift,RB,RB,True,13.8,14.55,False
6,False,9,Men of Will,3128429,Courtland Sutton,WR,BE,False,12.6,10.25,False
6,False,9,Men of Will,2976316,Michael Thomas,WR,BE,False,8.0,9.97,False
6,False,9,Men of Will,16460,Adam Thielen,WR,WR,True,23.0,12.53,False
6,False,9,Men of Will,-16002,Bills D/ST,D/ST,D/ST,True,6.0,8.03,False
6,False,9,Men of Will,3124005,Zaire Franklin,LB,DP,True,8.0,10.92,False
6,False,9,Men of Will,4249087,Matt Gay,K,K,True,11.0,7.69,False
6,False,9,Men of Will,14881,Russell Wilson,QB,BE,False,6.9,16.71,False
6,False,9,Men of Will,-16027,Buccaneers D/ST,D/ST,BE,False,2.0,4.79,False
6,False,9,Men of Will,3915486,Tyler Conklin,TE,BE,False,3.9,6.59,False
6,False,9,Men of Will,16813,Logan Thomas,TE,TE,True,0.7,7.33,False
6,False,4,King Me,3043078,Derrick Henry,RB,RB,True,18.3,12.75,False
6,False,4,King Me,16800,Davante Adams,WR,WR,True,3.9,15.96,False
6,False,4,King Me,4239996,Travis Etienne Jr.,RB,RB,True,21.8,15.51,False
6,False,4,King Me,4038941,Justin Herbert,QB,QB,True,18.58,18.61,False
6,False,4,King Me,15818,Keenan Allen,WR,WR,True,18.0,14.07,False
6,False,4,King Me,3121023,Dallas Goedert,TE,TE,True,6.7,8.04,False
6,False,4,King Me,3045138,Mike Williams,WR,BE,False,0.0,0.0,False
6,False,4,King Me,16731,Brandin Cooks,WR,BE,False,13.0,7.36,False
6,False,4,King Me,3115394,DJ Chark Jr.,WR,BE,False,4.1,7.84,False
6,False,4,King Me,3916433,Jakobi Meyers,WR,BE,False,14.6,11.13,False
6,False,4,King Me,2576414,Raheem Mostert,RB,RB/WR/TE,True,32.7,16.72,False
6,False,4,King Me,4362759,Nick Bolton,LB,IR,False,6.0,8.1,False
6,False,4,King Me,-16015,Dolphins D/ST,D/ST,D/ST,True,7.0,6.72,False
6,False,4,King Me,4372485,Rondale Moore,WR,BE,False,4.6,6.62,False
6,False,4,King Me,12483,Matthew Stafford,QB,BE,False,13.24,16.95,False
6,False,4,King Me,3050478,Jake Elliott,K,K,True,1.0,8.65,False
6,False,4,King Me,4362851,Ernest Jones,LB,DP,True,10.0,10.37,False
6,False,1,Garretteed Satisfaction ,3916148,Tony Pollard,RB,RB,True,14.0,16.55,False
6,False,1,Garretteed Satisfaction ,4569618,Garrett Wilson,WR,BE,False,13.0,12.36,False
6,False,1,Garretteed Satisfaction ,4361370,Chris Olave,WR,BE,False,13.1,11.74,False
6,False,1,Garretteed Satisfaction ,4047650,DK Metcalf,WR,WR,True,8.9,11.2,False
6,False,1,Garretteed Satisfaction ,2576925,Darren Waller,TE,TE,True,6.8,9.04,False
6,False,1,Garretteed Satisfaction ,4379399,James Cook,RB,RB,True,7.1,13.21,False
6,False,1,Garretteed Satisfaction ,3054850,Alvin Kamara,RB,RB/WR/TE,True,13.9,15.39,False
6,False,1,Garretteed Satisfaction ,2577417,Dak Prescott,QB,QB,True,24.88,16.17,False
6,False,1,Garretteed Satisfaction ,4430191,Skyy Moore,WR,BE,False,3.2,5.45,False
6,False,1,Garretteed Satisfaction ,4426385,Zach Charbonnet,RB,BE,False,2.9,5.91,False
6,False,1,Garretteed Satisfaction ,4258173,Nico Collins,WR,WR,True,13.0,12.49,False
6,False,1,Garretteed Satisfaction ,3117253,Bobby Okereke,LB,DP,True,13.0,9.86,False
6,False,1,Garretteed Satisfaction ,4241555,Elijah Mitchell,RB,BE,False,-0.3,0.0,False
6,False,1,Garretteed Satisfaction ,4372019,Jerome Ford,RB,BE,False,10.1,11.2,False
6,False,1,Garretteed Satisfaction ,4036378,Jordan Love,QB,BE,False,0.0,0.0,True
6,False,1,Garretteed Satisfaction ,-16033,Ravens D/ST,D/ST,D/ST,True,13.0,7.74,False
6,False,1,Garretteed Satisfaction ,4243371,Riley Patterson,K,K,True,7.0,8.14,False
6,False,12,Rule  #76,4362628,Ja'Marr Chase,WR,WR,True,12.0,17.59,False
6,False,12,Rule  #76,4047646,A.J. Brown,WR,WR,True,16.6,14.07,False
6,False,12,Rule  #76,4429795,Jahmyr Gibbs,RB,BE,False,0.0,0.0,False
6,False,12,Rule  #76,4360310,Trevor Lawrence,QB,QB,True,14.74,17.54,False
6,False,12,Rule  #76,4567048,Kenneth Walker III,RB,RB,True,17.4,15.58,False
6,False,12,Rule  #76,3121422,Terry McLaurin,WR,RB/WR/TE,True,11.1,9.15,False
6,False,12,Rule  #76,14979,Bobby Wagner,LB,DP,True,4.0,10.16,False
6,False,12,Rule  #76,4242355,Jake Ferguson,TE,BE,False,2.0,7.8,False
6,False,12,Rule  #76,4035676,Zack Moss,RB,RB,True,14.9,9.62,False
6,False,12,Rule  #76,3059915,Kareem Hunt,RB,BE,False,14.6,4.51,False
6,False,12,Rule  #76,4426388,Jameson Williams,WR,BE,False,12.3,5.1,False
6,False,12,Rule  #76,-16008,Lions D/ST,D/ST,D/ST,True,9.0,6.22,False
6,False,12,Rule  #76,2971573,Ka'imi Fairbairn,K,K,True,8.0,7.88,False
6,False,12,Rule  #76,4362478,Emari Demercado,RB,BE,False,2.2,8.99,False
6,False,12,Rule  #76,3916566,K.J. Osborn,WR,BE,False,6.8,10.82,False
6,False,12,Rule  #76,3116365,Mark Andrews,TE,TE,True,8.9,10.49,False
6,False,12,Rule  #76,4428331,Rashee Rice,WR,BE,False,10.2,8.2,False
6,False,13,Christopher's Kryptonite ,3929630,Saquon Barkley,RB,RB,True,11.8,13.56,False
6,False,13,Christopher's Kryptonite ,4241389,CeeDee Lamb,WR,WR,True,15.2,12.26,False
6,False,13,Christopher's Kryptonite ,4362887,Justin Fields,QB,QB,True,4.92,20.26,False
6,False,13,Christopher's Kryptonite ,4045163,Miles Sanders,RB,BE,False,0.0,0.0,False
6,False,13,Christopher's Kryptonite ,4426502,Drake London,WR,BE,False,17.0,8.37,False
6,False,13,Christopher's Kryptonite ,4360438,Brandon Aiyuk,WR,WR,True,9.6,11.9,False
6,False,13,Christopher's Kryptonite ,4243537,Gabe Davis,WR,RB/WR/TE,True,1.6,9.4,False
6,False,13,Christopher's Kryptonite ,3050073,Foyesade Oluokun,LB,DP,True,15.0,11.34,False
6,False,13,Christopher's Kryptonite ,4241479,Tua Tagovailoa,QB,BE,False,22.48,20.27,False
6,False,13,Christopher's Kryptonite ,4241416,Chuba Hubbard,RB,BE,False,15.5,10.44,False
6,False,13,Christopher's Kryptonite ,4569987,Jaylen Warren,RB,BE,False,0.0,0.0,True
6,False,13,Christopher's Kryptonite ,4366031,Tank Dell,WR,BE,False,0.0,0.0,False
6,False,13,Christopher's Kryptonite ,4722893,Jaleel McLaughlin,RB,BE,False,5.2,5.14,False
6,False,13,Christopher's Kryptonite ,-16013,Raiders D/ST,D/ST,D/ST,True,11.0,6.29,False
6,False,13,Christopher's Kryptonite ,16486,Brett Maher,K,K,True,15.0,8.7,False
6,False,13,Christopher's Kryptonite ,4361579,Javonte Williams,RB,RB,True,7.2,8.7,False
6,False,13,Christopher's Kryptonite ,4036133,T.J. Hockenson,TE,TE,True,9.0,11.72,False
6,False,11,Bijan mustard,4430807,Bijan Robinson,RB,RB,True,10.5,15.74,False
6,False,11,Bijan mustard,4242335,Jonathan Taylor,RB,BE,False,9.0,11.06,False
6,False,11,Bijan mustard,4372016,Jaylen Waddle,WR,WR,True,14.6,12.58,False
6,False,11,Bijan mustard,3122840,Deshaun Watson,QB,BE,False,0.0,0.0,False
6,False,11,Bijan mustard,3895856,Christian Kirk,WR,WR,True,13.4,10.98,False
6,False,11,Bijan mustard,4035538,David Montgomery,RB,RB,True,3.8,17.67,False
6,False,11,Bijan mustard,-16025,49ers D/ST,D/ST,D/ST,True,6.0,8.52,False
6,False,11,Bijan mustard,16733,Odell Beckham Jr.,WR,BE,False,4.4,5.62,False
6,False,11,Bijan mustard,4429160,De'Von Achane,RB,IR,False,0.0,0.0,False
6,False,11,Bijan mustard,3045523,Kendrick Bourne,WR,BE,False,14.3,8.27,False
6,False,11,Bijan mustard,4429205,Jordan Addison,WR,RB/WR/TE,True,10.3,11.07,False
6,False,11,Bijan mustard,3051876,Evan Engram,TE,TE,True,7.6,8.29,False
6,False,11,Bijan mustard,4360761,Michael Wilson,WR,BE,False,7.7,5.66,False
6,False,11,Bijan mustard,11122,Matt Prater,K,K,True,11.0,8.12,False
6,False,11,Bijan mustard,4241993,Pete Werner,LB,DP,True,6.0,7.62,False
6,False,11,Bijan mustard,3115306,Josh Reynolds,WR,BE,False,6.5,5.1,False
6,False,11,Bijan mustard,4426875,Sam Howell,QB,BE,False,18.34,14.03,False
6,False,11,Bijan mustard,3052587,Baker Mayfield,QB,QB,True,6.84,15.93,False
7,False,2,Pour One Out For Mahomies!!,4241457,Najee Harris,RB,RB,True,14.3,7.69,False
7,False,2,Pour One Out For Mahomies!!,3139477,Patrick Mahomes,QB,QB,True,33.86,22.79,False
7,False,2,Pour One Out For Mahomies!!,4239993,Tee Higgins,WR,BE,False,0.0,0.0,True
7,False,2,Pour One Out For Mahomies!!,4427366,Breece Hall,RB,BE,False,0.0,0.0,True
7,False,2,Pour One Out For Mahomies!!,3915416,DJ Moore,WR,WR,True,9.4,11.28,False
7,False,2,Pour One Out For Mahomies!!,3040151,George Kittle,TE,TE,True,10.5,8.55,False
7,False,2,Pour One Out For Mahomies!!,2577327,Tyler Lockett,WR,WR,True,5.8,12.05,False
7,False,2,Pour One Out For Mahomies!!,4239934,AJ Dillon,RB,RB/WR/TE,True,10.5,8.42,False
7,False,2,Pour One Out For Mahomies!!,3120348,JuJu Smith-Schuster,WR,BE,False,0.0,0.0,False
7,False,2,Pour One Out For Mahomies!!,-16020,Jets D/ST,D/ST,BE,False,0.0,0.0,True
7,False,2,Pour One Out For Mahomies!!,3055899,Harrison Butker,K,K,True,7.0,8.75,False
7,False,2,Pour One Out For Mahomies!!,3915189,Roquan Smith,LB,DP,True,8.0,10.91,False
7,False,2,Pour One Out For Mahomies!!,3122976,Jeff Wilson Jr.,RB,IR,False,0.9,7.17,False
7,False,2,Pour One Out For Mahomies!!,3117256,Dalton Schultz,TE,BE,False,0.0,0.0,True
7,False,2,Pour One Out For Mahomies!!,4685720,Bryce Young,QB,BE,False,0.0,0.0,True
7,False,2,Pour One Out For Mahomies!!,4361432,Romeo Doubs,WR,BE,False,10.0,8.15,False
7,False,2,Pour One Out For Mahomies!!,4421446,Craig Reynolds,RB,RB,True,3.0,5.95,False
7,False,2,Pour One Out For Mahomies!!,-16009,Packers D/ST,D/ST,D/ST,True,1.0,6.06,False
7,False,6,Thom-ASS,15847,Travis Kelce,TE,TE,True,29.9,14.79,False
7,False,6,Thom-ASS,2976212,Stefon Diggs,WR,WR,True,14.8,15.66,False
7,False,6,Thom-ASS,3916387,Lamar Jackson,QB,QB,True,33.88,19.09,False
7,False,6,Thom-ASS,4360238,Dameon Pierce,RB,BE,False,0.0,0.0,True
7,False,6,Thom-ASS,3045147,James Conner,RB,IR,False,0.0,0.0,False
7,False,6,Thom-ASS,16737,Mike Evans,WR,RB/WR/TE,True,17.2,13.28,False
7,False,6,Thom-ASS,4241372,Marquise Brown,WR,WR,True,6.4,12.27,False
7,False,6,Thom-ASS,4429615,Zay Flowers,WR,BE,False,9.5,11.22,False
7,False,6,Thom-ASS,3917232,Tyler Bass,K,K,True,4.0,8.43,False
7,False,6,Thom-ASS,-16006,Cowboys D/ST,D/ST,BE,False,0.0,0.0,True
7,False,6,Thom-ASS,3918639,Gerald Everett,TE,BE,False,10.1,6.46,False
7,False,6,Thom-ASS,3121544,T.J. Edwards,LB,DP,True,2.0,10.75,False
7,False,6,Thom-ASS,4360797,Tutu Atwell,WR,BE,False,9.6,7.19,False
7,False,6,Thom-ASS,4432577,C.J. Stroud,QB,BE,False,0.0,0.0,True
7,False,6,Thom-ASS,3121427,Curtis Samuel,WR,BE,False,4.5,8.01,False
7,False,6,Thom-ASS,3051392,Ezekiel Elliott,RB,RB,True,9.1,6.61,False
7,False,6,Thom-ASS,-16005,Browns D/ST,D/ST,D/ST,True,12.0,6.51,False
7,False,6,Thom-ASS,4360294,Antonio Gibson,RB,RB,True,4.1,5.42,False
7,False,3,Jim Ward's Ole Dick Necks,4262921,Justin Jefferson,WR,BE,False,0.0,0.0,False
7,False,3,Jim Ward's Ole Dick Necks,3042519,Aaron Jones,RB,RB/WR/TE,True,7.2,14.08,False
7,False,3,Jim Ward's Ole Dick Necks,4040715,Jalen Hurts,QB,QB,True,23.26,23.53,False
7,False,3,Jim Ward's Ole Dick Necks,4048244,Alexander Mattison,RB,RB,True,5.2,10.76,False
7,False,3,Jim Ward's Ole Dick Necks,15795,DeAndre Hopkins,WR,BE,False,0.0,0.0,True
7,False,3,Jim Ward's Ole Dick Necks,4361529,Isiah Pacheco,RB,RB,True,14.0,14.84,False
7,False,3,Jim Ward's Ole Dick Necks,2980453,Jamaal Williams,RB,IR,False,1.4,4.94,False
7,False,3,Jim Ward's Ole Dick Necks,3139925,Rashaad Penny,RB,BE,False,0.0,0.0,False
7,False,3,Jim Ward's Ole Dick Necks,4361409,Jahan Dotson,WR,WR,True,6.8,5.72,False
7,False,3,Jim Ward's Ole Dick Necks,4385690,Dalton Kincaid,TE,BE,False,12.5,5.05,False
7,False,3,Jim Ward's Ole Dick Necks,4258595,Cole Kmet,TE,TE,True,0.0,7.61,False
7,False,3,Jim Ward's Ole Dick Necks,4688813,Josh Downs,WR,WR,True,21.0,7.53,False
7,False,3,Jim Ward's Ole Dick Necks,4429013,Tank Bigsby,RB,BE,False,0.2,2.57,False
7,False,3,Jim Ward's Ole Dick Necks,3124679,Jason Sanders,K,K,True,6.0,8.34,False
7,False,3,Jim Ward's Ole Dick Necks,4242540,Isaiah Hodgins,WR,BE,False,2.3,1.86,False
7,False,3,Jim Ward's Ole Dick Necks,4259166,Terrel Bernard,LB,DP,True,13.0,9.74,False
7,False,3,Jim Ward's Ole Dick Necks,4686472,Marvin Mims Jr.,WR,BE,False,-1.1,4.23,False
7,False,3,Jim Ward's Ole Dick Necks,-16028,Commanders D/ST,D/ST,D/ST,True,8.0,6.33,False
7,False,5,You Can Chuck the Tubb,3116385,Joe Mixon,RB,BE,False,0.0,0.0,True
7,False,5,You Can Chuck the Tubb,3126486,Deebo Samuel,WR,BE,False,0.0,0.0,False
7,False,5,You Can Chuck the Tubb,2976499,Amari Cooper,WR,RB/WR/TE,True,4.2,10.58,False
7,False,5,You Can Chuck the Tubb,4035687,Michael Pittman Jr.,WR,WR,True,15.3,10.71,False
7,False,5,You Can Chuck the Tubb,14880,Kirk Cousins,QB,QB,True,21.02,15.72,False
7,False,5,You Can Chuck the Tubb,15683,Justin Tucker,K,K,True,8.0,7.98,False
7,False,5,You Can Chuck the Tubb,4426386,Roschon Johnson,RB,BE,False,0.0,0.0,False
7,False,5,You Can Chuck the Tubb,4426515,Puka Nacua,WR,WR,True,20.4,13.02,False
7,False,5,You Can Chuck the Tubb,4379416,Quay Walker,LB,BE,False,5.0,9.71,False
7,False,5,You Can Chuck the Tubb,15835,Zach Ertz,TE,TE,True,3.4,5.67,False
7,False,5,You Can Chuck the Tubb,-16026,Seahawks D/ST,D/ST,D/ST,True,9.0,6.21,False
7,False,5,You Can Chuck the Tubb,3044720,Joshua Dobbs,QB,BE,False,16.14,15.34,False
7,False,5,You Can Chuck the Tubb,4038441,Justice Hill,RB,BE,False,5.3,7.08,False
7,False,5,You Can Chuck the Tubb,3125116,D'Onta Foreman,RB,RB,True,31.5,9.84,False
7,False,5,You Can Chuck the Tubb,4037626,Divine Deablo,LB,DP,True,4.0,8.31,False
7,False,5,You Can Chuck the Tubb,15920,Latavius Murray,RB,RB,True,3.8,8.28,False
7,False,5,You Can Chuck the Tubb,15807,Cordarrelle Patterson,RB,BE,False,5.6,1.11,False
7,False,8,SCLSU Mud Dogs,2977187,Cooper Kupp,WR,WR,True,5.9,16.83,False
7,False,8,SCLSU Mud Dogs,3116406,Tyreek Hill,WR,RB/WR/TE,True,20.3,20.5,False
7,False,8,SCLSU Mud Dogs,4569173,Rhamondre Stevenson,RB,RB,True,11.5,10.94,False
7,False,8,SCLSU Mud Dogs,3915511,Joe Burrow,QB,BE,False,0.0,0.0,True
7,False,8,SCLSU Mud Dogs,4241474,Brian Robinson Jr.,RB,RB,True,8.3,10.73,False
7,False,8,SCLSU Mud Dogs,3932905,Diontae Johnson,WR,WR,True,10.4,10.21,False
7,False,8,SCLSU Mud Dogs,4372414,Elijah Moore,WR,BE,False,7.9,8.97,False
7,False,8,SCLSU Mud Dogs,16720,C.J. Mosley,LB,BE,False,0.0,0.0,True
7,False,8,SCLSU Mud Dogs,4373626,Tyler Allgeier,RB,BE,False,12.7,6.75,False
7,False,8,SCLSU Mud Dogs,15864,Geno Smith,QB,QB,True,13.76,16.81,False
7,False,8,SCLSU Mud Dogs,4430737,Kyren Williams,RB,BE,False,0.0,0.0,False
7,False,8,SCLSU Mud Dogs,4430027,Sam LaPorta,TE,TE,True,8.2,9.7,False
7,False,8,SCLSU Mud Dogs,-16012,Chiefs D/ST,D/ST,D/ST,True,9.0,4.56,False
7,False,8,SCLSU Mud Dogs,3046779,Jared Goff,QB,BE,False,9.36,14.83,False
7,False,8,SCLSU Mud Dogs,16339,Brandon McManus,K,K,True,8.0,7.61,False
7,False,8,SCLSU Mud Dogs,3926229,Cody Barton,LB,DP,True,1.0,9.62,False
7,False,8,SCLSU Mud Dogs,4569987,Jaylen Warren,RB,BE,False,9.6,8.5,False
7,False,9,Men of Will,3068267,Austin Ekeler,RB,RB/WR/TE,True,5.1,16.02,False
7,False,9,Men of Will,4047365,Josh Jacobs,RB,RB,True,5.6,15.95,False
7,False,9,Men of Will,3918298,Josh Allen,QB,QB,True,24.3,19.69,False
7,False,9,Men of Will,3925357,Calvin Ridley,WR,WR,True,1.0,11.49,False
7,False,9,Men of Will,4248528,Christian Watson,WR,BE,False,4.2,10.78,False
7,False,9,Men of Will,3116165,Chris Godwin,WR,WR,True,9.6,9.73,False
7,False,9,Men of Will,4259545,D'Andre Swift,RB,RB,True,9.0,13.87,False
7,False,9,Men of Will,3128429,Courtland Sutton,WR,BE,False,16.6,10.14,False
7,False,9,Men of Will,2976316,Michael Thomas,WR,BE,False,11.7,9.37,False
7,False,9,Men of Will,16460,Adam Thielen,WR,BE,False,0.0,0.0,True
7,False,9,Men of Will,-16002,Bills D/ST,D/ST,D/ST,True,1.0,7.25,False
7,False,9,Men of Will,3124005,Zaire Franklin,LB,DP,True,11.0,10.89,False
7,False,9,Men of Will,4249087,Matt Gay,K,K,True,7.0,6.85,False
7,False,9,Men of Will,14881,Russell Wilson,QB,BE,False,13.86,16.21,False
7,False,9,Men of Will,-16027,Buccaneers D/ST,D/ST,BE,False,3.0,6.49,False
7,False,9,Men of Will,16813,Logan Thomas,TE,BE,False,8.1,7.02,False
7,False,9,Men of Will,3054212,Jonnu Smith,TE,TE,True,5.2,7.25,False
7,False,4,King Me,3043078,Derrick Henry,RB,BE,False,0.0,0.0,True
7,False,4,King Me,16800,Davante Adams,WR,WR,True,9.2,13.26,False
7,False,4,King Me,4239996,Travis Etienne Jr.,RB,RB,True,21.2,14.65,False
7,False,4,King Me,4038941,Justin Herbert,QB,QB,True,10.86,18.93,False
7,False,4,King Me,15818,Keenan Allen,WR,WR,True,7.5,15.01,False
7,False,4,King Me,3121023,Dallas Goedert,TE,TE,True,16.2,9.46,False
7,False,4,King Me,3045138,Mike Williams,WR,IR,False,0.0,0.0,False
7,False,4,King Me,16731,Brandin Cooks,WR,BE,False,0.0,0.0,True
7,False,4,King Me,3115394,DJ Chark Jr.,WR,BE,False,0.0,0.0,True
7,False,4,King Me,3916433,Jakobi Meyers,WR,RB/WR/TE,True,15.5,10.8,False
7,False,4,King Me,2576414,Raheem Mostert,RB,RB,True,5.6,16.7,False
7,False,4,King Me,4362759,Nick Bolton,LB,BE,False,9.0,9.18,False
7,False,4,King Me,-16015,Dolphins D/ST,D/ST,D/ST,True,11.0,4.66,False
7,False,4,King Me,4372485,Rondale Moore,WR,BE,False,3.6,6.95,False
7,False,4,King Me,12483,Matthew Stafford,QB,BE,False,14.04,15.21,False
7,False,4,King Me,3050478,Jake Elliott,K,K,True,7.0,8.61,False
7,False,4,King Me,4362851,Ernest Jones,LB,DP,True,4.0,10.12,False
7,False,4,King Me,3123076,David Njoku,TE,BE,False,7.9,6.18,False
7,False,1,Garretteed Satisfaction ,3916148,Tony Pollard,RB,BE,False,0.0,0.0,True
7,False,1,Garretteed Satisfaction ,4569618,Garrett Wilson,WR,BE,False,0.0,0.0,True
7,False,1,Garretteed Satisfaction ,4361370,Chris Olave,WR,WR,True,9.2,11.62,False
7,False,1,Garretteed Satisfaction ,4047650,DK Metcalf,WR,BE,False,0.0,0.0,False
7,False,1,Garretteed Satisfaction ,2576925,Darren Waller,TE,TE,True,19.3,8.62,False
7,False,1,Garretteed Satisfaction ,4379399,James Cook,RB,RB,True,17.7,11.6,False
7,False,1,Garretteed Satisfaction ,3054850,Alvin Kamara,RB,RB,True,23.3,14.09,False
7,False,1,Garretteed Satisfaction ,2577417,Dak Prescott,QB,BE,False,0.0,0.0,True
7,False,1,Garretteed Satisfaction ,4258173,Nico Collins,WR,BE,False,0.0,0.0,True
7,False,1,Garretteed Satisfaction ,3117253,Bobby Okereke,LB,DP,True,11.0,9.97,False
7,False,1,Garretteed Satisfaction ,4241555,Elijah Mitchell,RB,BE,False,-0.1,3.02,False
7,False,1,Garretteed Satisfaction ,4372019,Jerome Ford,RB,RB/WR/TE,True,16.4,11.08,False
7,False,1,Garretteed Satisfaction ,4036378,Jordan Love,QB,QB,True,15.3,17.83,False
7,False,1,Garretteed Satisfaction ,-16033,Ravens D/ST,D/ST,BE,False,11.0,4.39,False
7,False,1,Garretteed Satisfaction ,4243371,Riley Patterson,K,K,True,0.0,7.86,False
7,False,1,Garretteed Satisfaction ,-16014,Rams D/ST,D/ST,D/ST,True,2.0,6.49,False
7,False,1,Garretteed Satisfaction ,4430878,Jaxon Smith-Njigba,WR,WR,True,14.3,8.74,False
7,False,12,Rule  #76,4362628,Ja'Marr Chase,WR,BE,False,0.0,0.0,True
7,False,12,Rule  #76,4047646,A.J. Brown,WR,WR,True,24.7,15.68,False
7,False,12,Rule  #76,4429795,Jahmyr Gibbs,RB,RB,True,23.1,14.13,False
7,False,12,Rule  #76,4360310,Trevor Lawrence,QB,QB,True,18.06,15.09,False
7,False,12,Rule  #76,4567048,Kenneth Walker III,RB,RB,True,12.1,19.67,False
7,False,12,Rule  #76,3121422,Terry McLaurin,WR,WR,True,12.0,10.61,False
7,False,12,Rule  #76,14979,Bobby Wagner,LB,DP,True,9.0,9.81,False
7,False,12,Rule  #76,4242355,Jake Ferguson,TE,BE,False,0.0,0.0,True
7,False,12,Rule  #76,4035676,Zack Moss,RB,RB/WR/TE,True,6.7,8.87,False
7,False,12,Rule  #76,3059915,Kareem Hunt,RB,BE,False,15.1,7.34,False
7,False,12,Rule  #76,-16008,Lions D/ST,D/ST,D/ST,True,-7.0,5.55,False
7,False,12,Rule  #76,3916566,K.J. Osborn,WR,BE,False,7.2,9.75,False
7,False,12,Rule  #76,3116365,Mark Andrews,TE,TE,True,20.3,9.96,False
7,False,12,Rule  #76,4428331,Rashee Rice,WR,BE,False,14.5,8.23,False
7,False,12,Rule  #76,4685035,Zach Evans,RB,BE,False,0.0,4.17,False
7,False,12,Rule  #76,2473037,Jason Myers,K,K,True,9.0,8.27,False
7,False,12,Rule  #76,16757,Derek Carr,QB,BE,False,17.44,14.21,False
7,False,13,Christopher's Kryptonite ,3929630,Saquon Barkley,RB,RB,True,17.3,16.31,False
7,False,13,Christopher's Kryptonite ,4241389,CeeDee Lamb,WR,BE,False,0.0,0.0,True
7,False,13,Christopher's Kryptonite ,4362887,Justin Fields,QB,BE,False,0.0,0.0,False
7,False,13,Christopher's Kryptonite ,4045163,Miles Sanders,RB,BE,False,0.0,0.0,True
7,False,13,Christopher's Kryptonite ,4426502,Drake London,WR,WR,True,8.4,9.9,False
7,False,13,Christopher's Kryptonite ,4360438,Brandon Aiyuk,WR,RB/WR/TE,True,8.2,13.31,False
7,False,13,Christopher's Kryptonite ,4243537,Gabe Davis,WR,WR,True,1.1,8.21,False
7,False,13,Christopher's Kryptonite ,3050073,Foyesade Oluokun,LB,DP,True,22.0,11.44,False
7,False,13,Christopher's Kryptonite ,4241479,Tua Tagovailoa,QB,QB,True,10.34,20.35,False
7,False,13,Christopher's Kryptonite ,4241416,Chuba Hubbard,RB,BE,False,0.0,0.0,True
7,False,13,Christopher's Kryptonite ,4366031,Tank Dell,WR,BE,False,0.0,0.0,True
7,False,13,Christopher's Kryptonite ,4722893,Jaleel McLaughlin,RB,BE,False,5.1,7.51,False
7,False,13,Christopher's Kryptonite ,-16013,Raiders D/ST,D/ST,D/ST,True,4.0,6.39,False
7,False,13,Christopher's Kryptonite ,16486,Brett Maher,K,K,True,2.0,8.06,False
7,False,13,Christopher's Kryptonite ,4361579,Javonte Williams,RB,RB,True,11.1,8.3,False
7,False,13,Christopher's Kryptonite ,4036133,T.J. Hockenson,TE,TE,True,14.1,11.01,False
7,False,13,Christopher's Kryptonite ,4428557,Tyjae Spears,RB,BE,False,0.0,0.0,True
7,False,11,Bijan mustard,4430807,Bijan Robinson,RB,RB,True,0.3,13.37,False
7,False,11,Bijan mustard,4242335,Jonathan Taylor,RB,RB,True,19.5,11.91,False
7,False,11,Bijan mustard,4372016,Jaylen Waddle,WR,WR,True,9.3,13.81,False
7,False,11,Bijan mustard,3122840,Deshaun Watson,QB,BE,False,-1.8,16.28,False
7,False,11,Bijan mustard,3895856,Christian Kirk,WR,WR,True,16.0,10.49,False
7,False,11,Bijan mustard,4035538,David Montgomery,RB,BE,False,0.0,0.0,False
7,False,11,Bijan mustard,-16025,49ers D/ST,D/ST,D/ST,True,-3.0,5.97,False
7,False,11,Bijan mustard,16733,Odell Beckham Jr.,WR,BE,False,7.4,5.61,False
7,False,11,Bijan mustard,4429160,De'Von Achane,RB,IR,False,0.0,0.0,False
7,False,11,Bijan mustard,3045523,Kendrick Bourne,WR,BE,False,14.3,8.41,False
7,False,11,Bijan mustard,4429205,Jordan Addison,WR,RB/WR/TE,True,28.8,11.23,False
7,False,11,Bijan mustard,3051876,Evan Engram,TE,TE,True,7.0,8.05,False
7,False,11,Bijan mustard,4360761,Michael Wilson,WR,BE,False,4.1,5.08,False
7,False,11,Bijan mustard,11122,Matt Prater,K,K,True,4.0,7.74,False
7,False,11,Bijan mustard,4241993,Pete Werner,LB,DP,True,4.0,8.44,False
7,False,11,Bijan mustard,3115306,Josh Reynolds,WR,BE,False,5.3,6.05,False
7,False,11,Bijan mustard,4426875,Sam Howell,QB,QB,True,9.46,15.55,False
7,False,11,Bijan mustard,3052587,Baker Mayfield,QB,BE,False,16.2,16.01,False
7,False,10,Amon-Ra Dog,3117251,Christian McCaffrey,RB,RB,True,21.1,21.38,False
7,False,10,Amon-Ra Dog,4374302,Amon-Ra St. Brown,WR,WR,True,16.7,14.11,False
7,False,10,Amon-Ra Dog,4241478,DeVonta Smith,WR,RB/WR/TE,True,6.9,12.04,False
7,False,10,Amon-Ra Dog,4241463,Jerry Jeudy,WR,BE,False,8.9,8.77,False
7,False,10,Amon-Ra Dog,4697815,Rachaad White,RB,RB,True,12.9,10.46,False
7,False,10,Amon-Ra Dog,4035886,Khalil Herbert,RB,IR,False,0.0,0.0,False
7,False,10,Amon-Ra Dog,4360248,Kyle Pitts,TE,TE,True,6.2,7.95,False
7,False,10,Amon-Ra Dog,4426354,George Pickens,WR,WR,True,13.2,10.28,False
7,False,10,Amon-Ra Dog,-16021,Eagles D/ST,D/ST,BE,False,11.0,3.44,False
7,False,10,Amon-Ra Dog,3051926,Gus Edwards,RB,BE,False,20.9,8.25,False
7,False,10,Amon-Ra Dog,4361741,Brock Purdy,QB,QB,True,12.78,16.66,False
7,False,10,Amon-Ra Dog,-16018,Saints D/ST,D/ST,D/ST,True,4.0,5.21,False
7,False,10,Amon-Ra Dog,4428085,Luke Musgrave,TE,BE,False,5.0,6.77,False
7,False,10,Amon-Ra Dog,4372066,Jake Moody,K,K,True,6.0,8.47,False
7,False,10,Amon-Ra Dog,4039254,Kyzir White,LB,DP,True,5.0,9.24,False
7,False,10,Amon-Ra Dog,4038524,Gardner Minshew,QB,BE,False,27.1,11.48,False
7,False,10,Amon-Ra Dog,4360569,Jordan Mason,RB,BE,False,1.0,3.16,False
7,False,10,Amon-Ra Dog,4242433,Joshua Palmer,WR,BE,False,16.8,9.6,False
8,False,5,You Can Chuck the Tubb,3116385,Joe Mixon,RB,RB,True,18.5,12.04,False
8,False,5,You Can Chuck the Tubb,3126486,Deebo Samuel,WR,BE,False,0.0,0.0,False
8,False,5,You Can Chuck the Tubb,2976499,Amari Cooper,WR,RB/WR/TE,True,11.9,9.55,False
8,False,5,You Can Chuck the Tubb,4035687,Michael Pittman Jr.,WR,WR,True,14.0,10.53,False
8,False,5,You Can Chuck the Tubb,14880,Kirk Cousins,QB,QB,True,19.86,17.36,False
8,False,5,You Can Chuck the Tubb,15683,Justin Tucker,K,K,True,7.0,8.71,False
8,False,5,You Can Chuck the Tubb,4426386,Roschon Johnson,RB,BE,False,4.6,8.69,False
8,False,5,You Can Chuck the Tubb,4426515,Puka Nacua,WR,WR,True,5.8,13.91,False
8,False,5,You Can Chuck the Tubb,-16026,Seahawks D/ST,D/ST,D/ST,True,8.0,8.67,False
8,False,5,You Can Chuck the Tubb,3125116,D'Onta Foreman,RB,RB,True,4.1,8.09,False
8,False,5,You Can Chuck the Tubb,15920,Latavius Murray,RB,BE,False,1.6,7.98,False
8,False,5,You Can Chuck the Tubb,15807,Cordarrelle Patterson,RB,BE,False,0.7,1.39,False
8,False,5,You Can Chuck the Tubb,-16019,Giants D/ST,D/ST,BE,False,13.0,7.4,False
8,False,5,You Can Chuck the Tubb,4361307,Trey McBride,TE,TE,True,21.5,6.04,False
8,False,5,You Can Chuck the Tubb,3110565,Quincy Williams,LB,DP,True,11.0,9.6,False
8,False,5,You Can Chuck the Tubb,4040761,Devin Singletary,RB,BE,False,6.3,8.21,False
8,False,5,You Can Chuck the Tubb,3116593,Dalvin Cook,RB,BE,False,0.5,3.58,False
8,False,2,Pour One Out For Mahomies!!,4241457,Najee Harris,RB,RB,True,8.0,9.17,False
8,False,2,Pour One Out For Mahomies!!,3139477,Patrick Mahomes,QB,QB,True,5.6,24.33,False
8,False,2,Pour One Out For Mahomies!!,4239993,Tee Higgins,WR,WR,True,9.4,10.66,False
8,False,2,Pour One Out For Mahomies!!,4427366,Breece Hall,RB,RB/WR/TE,True,18.3,14.19,False
8,False,2,Pour One Out For Mahomies!!,3915416,DJ Moore,WR,WR,True,7.5,13.84,False
8,False,2,Pour One Out For Mahomies!!,3040151,George Kittle,TE,TE,True,20.4,9.24,False
8,False,2,Pour One Out For Mahomies!!,2577327,Tyler Lockett,WR,BE,False,18.1,9.17,False
8,False,2,Pour One Out For Mahomies!!,4239934,AJ Dillon,RB,BE,False,7.7,6.72,False
8,False,2,Pour One Out For Mahomies!!,3120348,JuJu Smith-Schuster,WR,BE,False,6.8,5.53,False
8,False,2,Pour One Out For Mahomies!!,-16020,Jets D/ST,D/ST,D/ST,True,10.0,7.52,False
8,False,2,Pour One Out For Mahomies!!,3055899,Harrison Butker,K,K,True,11.0,8.7,False
8,False,2,Pour One Out For Mahomies!!,3915189,Roquan Smith,LB,DP,True,11.0,10.35,False
8,False,2,Pour One Out For Mahomies!!,3122976,Jeff Wilson Jr.,RB,IR,False,4.7,6.95,False
8,False,2,Pour One Out For Mahomies!!,3117256,Dalton Schultz,TE,BE,False,1.5,8.29,False
8,False,2,Pour One Out For Mahomies!!,4685720,Bryce Young,QB,BE,False,14.5,14.13,False
8,False,2,Pour One Out For Mahomies!!,4361432,Romeo Doubs,WR,BE,False,9.8,6.8,False
8,False,2,Pour One Out For Mahomies!!,4421446,Craig Reynolds,RB,RB,True,7.1,8.63,False
8,False,2,Pour One Out For Mahomies!!,-16009,Packers D/ST,D/ST,BE,False,7.0,4.58,False
8,False,9,Men of Will,3068267,Austin Ekeler,RB,RB/WR/TE,True,19.8,16.42,False
8,False,9,Men of Will,4047365,Josh Jacobs,RB,RB,True,15.8,14.2,False
8,False,9,Men of Will,3918298,Josh Allen,QB,QB,True,29.06,21.33,False
8,False,9,Men of Will,3925357,Calvin Ridley,WR,BE,False,11.3,10.61,False
8,False,9,Men of Will,4248528,Christian Watson,WR,BE,False,4.8,10.14,False
8,False,9,Men of Will,3116165,Chris Godwin,WR,BE,False,15.3,11.12,False
8,False,9,Men of Will,4259545,D'Andre Swift,RB,RB,True,13.4,14.05,False
8,False,9,Men of Will,3128429,Courtland Sutton,WR,WR,True,9.9,10.2,False
8,False,9,Men of Will,2976316,Michael Thomas,WR,BE,False,8.8,8.78,False
8,False,9,Men of Will,16460,Adam Thielen,WR,WR,True,11.2,13.63,False
8,False,9,Men of Will,-16002,Bills D/ST,D/ST,D/ST,True,5.0,5.69,False
8,False,9,Men of Will,3124005,Zaire Franklin,LB,DP,True,14.0,11.47,False
8,False,9,Men of Will,4249087,Matt Gay,K,K,True,10.0,8.14,False
8,False,9,Men of Will,14881,Russell Wilson,QB,BE,False,17.56,15.5,False
8,False,9,Men of Will,-16027,Buccaneers D/ST,D/ST,BE,False,1.0,3.57,False
8,False,9,Men of Will,16813,Logan Thomas,TE,TE,True,13.4,7.22,False
8,False,9,Men of Will,3054212,Jonnu Smith,TE,BE,False,1.8,6.1,False
8,False,3,Jim Ward's Ole Dick Necks,4262921,Justin Jefferson,WR,BE,False,0.0,0.0,False
8,False,3,Jim Ward's Ole Dick Necks,3042519,Aaron Jones,RB,RB/WR/TE,True,6.6,11.77,False
8,False,3,Jim Ward's Ole Dick Necks,4040715,Jalen Hurts,QB,QB,True,27.36,22.77,False
8,False,3,Jim Ward's Ole Dick Necks,4048244,Alexander Mattison,RB,RB,True,3.8,10.87,False
8,False,3,Jim Ward's Ole Dick Necks,15795,DeAndre Hopkins,WR,WR,True,32.8,10.13,False
8,False,3,Jim Ward's Ole Dick Necks,4361529,Isiah Pacheco,RB,RB,True,5.2,15.61,False
8,False,3,Jim Ward's Ole Dick Necks,2980453,Jamaal Williams,RB,BE,False,4.3,3.73,False
8,False,3,Jim Ward's Ole Dick Necks,3139925,Rashaad Penny,RB,BE,False,0.0,0.0,False
8,False,3,Jim Ward's Ole Dick Necks,4361409,Jahan Dotson,WR,BE,False,20.8,7.26,False
8,False,3,Jim Ward's Ole Dick Necks,4385690,Dalton Kincaid,TE,TE,True,15.0,8.2,False
8,False,3,Jim Ward's Ole Dick Necks,4258595,Cole Kmet,TE,BE,False,12.9,7.04,False
8,False,3,Jim Ward's Ole Dick Necks,4688813,Josh Downs,WR,WR,True,11.7,8.5,False
8,False,3,Jim Ward's Ole Dick Necks,3124679,Jason Sanders,K,K,True,7.0,8.28,False
8,False,3,Jim Ward's Ole Dick Necks,4259166,Terrel Bernard,LB,DP,True,8.0,9.83,False
8,False,3,Jim Ward's Ole Dick Necks,4686472,Marvin Mims Jr.,WR,BE,False,0.5,4.7,False
8,False,3,Jim Ward's Ole Dick Necks,-16034,Texans D/ST,D/ST,D/ST,True,9.0,6.76,False
8,False,1,Garretteed Satisfaction ,3916148,Tony Pollard,RB,RB,True,6.0,16.84,False
8,False,1,Garretteed Satisfaction ,4569618,Garrett Wilson,WR,WR,True,14.1,11.96,False
8,False,1,Garretteed Satisfaction ,4361370,Chris Olave,WR,BE,False,7.1,12.11,False
8,False,1,Garretteed Satisfaction ,4047650,DK Metcalf,WR,BE,False,9.2,10.92,False
8,False,1,Garretteed Satisfaction ,2576925,Darren Waller,TE,TE,True,0.9,9.29,False
8,False,1,Garretteed Satisfaction ,4379399,James Cook,RB,RB,True,7.8,12.15,False
8,False,1,Garretteed Satisfaction ,3054850,Alvin Kamara,RB,RB/WR/TE,True,25.0,15.17,False
8,False,1,Garretteed Satisfaction ,2577417,Dak Prescott,QB,QB,True,29.06,16.62,False
8,False,1,Garretteed Satisfaction ,4258173,Nico Collins,WR,WR,True,5.0,11.39,False
8,False,1,Garretteed Satisfaction ,3117253,Bobby Okereke,LB,DP,True,9.0,9.78,False
8,False,1,Garretteed Satisfaction ,4241555,Elijah Mitchell,RB,BE,False,0.2,4.27,False
8,False,1,Garretteed Satisfaction ,4372019,Jerome Ford,RB,BE,False,4.4,8.7,False
8,False,1,Garretteed Satisfaction ,4036378,Jordan Love,QB,BE,False,14.56,14.89,False
8,False,1,Garretteed Satisfaction ,-16033,Ravens D/ST,D/ST,D/ST,True,6.0,7.37,False
8,False,1,Garretteed Satisfaction ,4243371,Riley Patterson,K,K,True,16.0,8.34,False
8,False,1,Garretteed Satisfaction ,4430878,Jaxon Smith-Njigba,WR,BE,False,11.1,5.97,False
8,False,1,Garretteed Satisfaction ,-16023,Steelers D/ST,D/ST,BE,False,8.0,4.86,False
8,False,8,SCLSU Mud Dogs,2977187,Cooper Kupp,WR,WR,True,4.1,15.53,False
8,False,8,SCLSU Mud Dogs,3116406,Tyreek Hill,WR,WR,True,22.2,18.73,False
8,False,8,SCLSU Mud Dogs,4569173,Rhamondre Stevenson,RB,RB,True,6.0,12.01,False
8,False,8,SCLSU Mud Dogs,3915511,Joe Burrow,QB,BE,False,27.62,16.38,False
8,False,8,SCLSU Mud Dogs,4241474,Brian Robinson Jr.,RB,BE,False,8.9,7.79,False
8,False,8,SCLSU Mud Dogs,3932905,Diontae Johnson,WR,RB/WR/TE,True,12.5,10.19,False
8,False,8,SCLSU Mud Dogs,4372414,Elijah Moore,WR,BE,False,4.0,7.38,False
8,False,8,SCLSU Mud Dogs,16720,C.J. Mosley,LB,DP,True,13.0,9.91,False
8,False,8,SCLSU Mud Dogs,4373626,Tyler Allgeier,RB,BE,False,3.1,7.71,False
8,False,8,SCLSU Mud Dogs,15864,Geno Smith,QB,BE,False,13.86,13.82,False
8,False,8,SCLSU Mud Dogs,4430737,Kyren Williams,RB,BE,False,0.0,0.0,False
8,False,8,SCLSU Mud Dogs,4430027,Sam LaPorta,TE,TE,True,15.7,9.4,False
8,False,8,SCLSU Mud Dogs,-16012,Chiefs D/ST,D/ST,D/ST,True,12.0,7.08,False
8,False,8,SCLSU Mud Dogs,3046779,Jared Goff,QB,QB,True,12.68,16.01,False
8,False,8,SCLSU Mud Dogs,16339,Brandon McManus,K,K,True,16.0,8.07,False
8,False,8,SCLSU Mud Dogs,4569987,Jaylen Warren,RB,BE,False,5.8,8.0,False
8,False,8,SCLSU Mud Dogs,4039359,Darrell Henderson Jr.,RB,RB,True,10.0,11.41,False
8,False,13,Christopher's Kryptonite ,3929630,Saquon Barkley,RB,RB,True,14.3,15.0,False
8,False,13,Christopher's Kryptonite ,4241389,CeeDee Lamb,WR,WR,True,35.0,12.71,False
8,False,13,Christopher's Kryptonite ,4362887,Justin Fields,QB,BE,False,0.0,0.0,False
8,False,13,Christopher's Kryptonite ,4045163,Miles Sanders,RB,BE,False,0.0,10.42,False
8,False,13,Christopher's Kryptonite ,4426502,Drake London,WR,RB/WR/TE,True,8.0,9.46,False
8,False,13,Christopher's Kryptonite ,4360438,Brandon Aiyuk,WR,WR,True,13.4,13.15,False
8,False,13,Christopher's Kryptonite ,4243537,Gabe Davis,WR,BE,False,19.2,8.43,False
8,False,13,Christopher's Kryptonite ,3050073,Foyesade Oluokun,LB,DP,True,13.0,10.74,False
8,False,13,Christopher's Kryptonite ,4241479,Tua Tagovailoa,QB,QB,True,21.76,18.89,False
8,False,13,Christopher's Kryptonite ,4241416,Chuba Hubbard,RB,BE,False,6.4,7.03,False
8,False,13,Christopher's Kryptonite ,4366031,Tank Dell,WR,BE,False,4.6,10.11,False
8,False,13,Christopher's Kryptonite ,4722893,Jaleel McLaughlin,RB,BE,False,4.9,5.87,False
8,False,13,Christopher's Kryptonite ,4361579,Javonte Williams,RB,RB,True,17.3,10.35,False
8,False,13,Christopher's Kryptonite ,4036133,T.J. Hockenson,TE,TE,True,17.8,11.8,False
8,False,13,Christopher's Kryptonite ,4428557,Tyjae Spears,RB,BE,False,5.1,6.17,False
8,False,13,Christopher's Kryptonite ,-16001,Falcons D/ST,D/ST,D/ST,True,2.0,7.55,False
8,False,13,Christopher's Kryptonite ,3049899,Younghoe Koo,K,K,True,12.0,7.42,False
8,False,4,King Me,3043078,Derrick Henry,RB,RB/WR/TE,True,14.2,12.72,False
8,False,4,King Me,16800,Davante Adams,WR,WR,True,1.6,14.44,False
8,False,4,King Me,4239996,Travis Etienne Jr.,RB,RB,True,24.4,16.64,False
8,False,4,King Me,4038941,Justin Herbert,QB,QB,True,24.02,19.67,False
8,False,4,King Me,15818,Keenan Allen,WR,WR,True,10.9,14.59,False
8,False,4,King Me,3121023,Dallas Goedert,TE,TE,True,5.6,8.42,False
8,False,4,King Me,3045138,Mike Williams,WR,IR,False,0.0,0.0,False
8,False,4,King Me,16731,Brandin Cooks,WR,BE,False,12.7,7.81,False
8,False,4,King Me,3115394,DJ Chark Jr.,WR,BE,False,3.3,7.48,False
8,False,4,King Me,3916433,Jakobi Meyers,WR,BE,False,2.4,12.61,False
8,False,4,King Me,2576414,Raheem Mostert,RB,RB,True,10.6,15.84,False
8,False,4,King Me,4362759,Nick Bolton,LB,BE,False,0.0,0.0,False
8,False,4,King Me,-16015,Dolphins D/ST,D/ST,D/ST,True,8.0,6.89,False
8,False,4,King Me,4372485,Rondale Moore,WR,BE,False,3.1,7.19,False
8,False,4,King Me,12483,Matthew Stafford,QB,BE,False,11.38,14.85,False
8,False,4,King Me,3050478,Jake Elliott,K,K,True,10.0,8.61,False
8,False,4,King Me,4362851,Ernest Jones,LB,DP,True,8.0,9.55,False
8,False,4,King Me,3123076,David Njoku,TE,BE,False,16.7,7.36,False
8,False,10,Amon-Ra Dog,3117251,Christian McCaffrey,RB,RB,True,26.8,20.64,False
8,False,10,Amon-Ra Dog,4374302,Amon-Ra St. Brown,WR,WR,True,13.8,13.9,False
8,False,10,Amon-Ra Dog,4241478,DeVonta Smith,WR,WR,True,19.4,10.58,False
8,False,10,Amon-Ra Dog,4241463,Jerry Jeudy,WR,BE,False,12.0,9.18,False
8,False,10,Amon-Ra Dog,4697815,Rachaad White,RB,RB,True,14.4,10.89,False
8,False,10,Amon-Ra Dog,4035886,Khalil Herbert,RB,IR,False,0.0,0.0,False
8,False,10,Amon-Ra Dog,4360248,Kyle Pitts,TE,TE,True,5.0,6.9,False
8,False,10,Amon-Ra Dog,4426354,George Pickens,WR,BE,False,8.7,10.83,False
8,False,10,Amon-Ra Dog,-16021,Eagles D/ST,D/ST,D/ST,True,-3.0,9.45,False
8,False,10,Amon-Ra Dog,3051926,Gus Edwards,RB,RB/WR/TE,True,28.4,11.38,False
8,False,10,Amon-Ra Dog,4361741,Brock Purdy,QB,QB,True,19.3,16.79,False
8,False,10,Amon-Ra Dog,-16018,Saints D/ST,D/ST,BE,False,3.0,5.34,False
8,False,10,Amon-Ra Dog,4428085,Luke Musgrave,TE,BE,False,1.9,6.67,False
8,False,10,Amon-Ra Dog,4372066,Jake Moody,K,K,True,5.0,8.35,False
8,False,10,Amon-Ra Dog,4039254,Kyzir White,LB,DP,True,9.0,9.05,False
8,False,10,Amon-Ra Dog,4038524,Gardner Minshew,QB,BE,False,14.82,13.08,False
8,False,10,Amon-Ra Dog,4360569,Jordan Mason,RB,BE,False,1.0,2.39,False
8,False,10,Amon-Ra Dog,4242433,Joshua Palmer,WR,BE,False,3.9,8.84,False
8,False,12,Rule  #76,4362628,Ja'Marr Chase,WR,WR,True,20.2,17.54,False
8,False,12,Rule  #76,4047646,A.J. Brown,WR,WR,True,29.0,15.92,False
8,False,12,Rule  #76,4429795,Jahmyr Gibbs,RB,RB,True,27.4,17.25,False
8,False,12,Rule  #76,4360310,Trevor Lawrence,QB,QB,True,14.68,16.87,False
8,False,12,Rule  #76,4567048,Kenneth Walker III,RB,RB,True,7.5,15.01,False
8,False,12,Rule  #76,3121422,Terry McLaurin,WR,RB/WR/TE,True,14.8,11.55,False
8,False,12,Rule  #76,14979,Bobby Wagner,LB,DP,True,13.0,10.01,False
8,False,12,Rule  #76,4242355,Jake Ferguson,TE,BE,False,12.7,7.25,False
8,False,12,Rule  #76,4035676,Zack Moss,RB,BE,False,13.9,7.77,False
8,False,12,Rule  #76,3059915,Kareem Hunt,RB,BE,False,13.2,6.31,False
8,False,12,Rule  #76,-16008,Lions D/ST,D/ST,D/ST,True,14.0,6.78,False
8,False,12,Rule  #76,3916566,K.J. Osborn,WR,BE,False,13.9,9.14,False
8,False,12,Rule  #76,3116365,Mark Andrews,TE,TE,True,12.0,10.62,False
8,False,12,Rule  #76,4428331,Rashee Rice,WR,BE,False,7.6,8.84,False
8,False,12,Rule  #76,2473037,Jason Myers,K,K,True,6.0,7.36,False
8,False,12,Rule  #76,16757,Derek Carr,QB,BE,False,18.3,14.21,False
8,False,12,Rule  #76,3122672,Royce Freeman,RB,BE,False,10.4,7.81,False
8,False,6,Thom-ASS,15847,Travis Kelce,TE,TE,True,8.8,15.82,False
8,False,6,Thom-ASS,2976212,Stefon Diggs,WR,WR,True,11.5,16.56,False
8,False,6,Thom-ASS,3916387,Lamar Jackson,QB,QB,True,11.98,23.52,False
8,False,6,Thom-ASS,4360238,Dameon Pierce,RB,RB,True,4.6,10.32,False
8,False,6,Thom-ASS,3045147,James Conner,RB,IR,False,0.0,0.0,False
8,False,6,Thom-ASS,16737,Mike Evans,WR,RB/WR/TE,True,11.4,13.92,False
8,False,6,Thom-ASS,4241372,Marquise Brown,WR,WR,True,12.3,10.8,False
8,False,6,Thom-ASS,4429615,Zay Flowers,WR,BE,False,4.4,12.05,False
8,False,6,Thom-ASS,-16006,Cowboys D/ST,D/ST,BE,False,16.0,5.7,False
8,False,6,Thom-ASS,3918639,Gerald Everett,TE,BE,False,0.0,0.0,False
8,False,6,Thom-ASS,3121544,T.J. Edwards,LB,DP,True,15.0,10.56,False
8,False,6,Thom-ASS,4360797,Tutu Atwell,WR,BE,False,5.9,5.47,False
8,False,6,Thom-ASS,4432577,C.J. Stroud,QB,BE,False,12.9,17.83,False
8,False,6,Thom-ASS,3121427,Curtis Samuel,WR,BE,False,4.2,8.2,False
8,False,6,Thom-ASS,3051392,Ezekiel Elliott,RB,RB,True,3.6,6.64,False
8,False,6,Thom-ASS,-16005,Browns D/ST,D/ST,D/ST,True,4.0,6.29,False
8,False,6,Thom-ASS,2971573,Ka'imi Fairbairn,K,K,True,2.0,8.41,False
8,False,6,Thom-ASS,4362478,Emari Demercado,RB,BE,False,8.4,10.24,False
8,False,11,Bijan mustard,4430807,Bijan Robinson,RB,RB,True,12.2,14.22,False
8,False,11,Bijan mustard,4242335,Jonathan Taylor,RB,RB,True,10.2,17.14,False
8,False,11,Bijan mustard,4372016,Jaylen Waddle,WR,WR,True,21.6,12.85,False
8,False,11,Bijan mustard,3122840,Deshaun Watson,QB,BE,False,0.0,0.0,False
8,False,11,Bijan mustard,3895856,Christian Kirk,WR,WR,True,6.6,10.98,False
8,False,11,Bijan mustard,4035538,David Montgomery,RB,BE,False,0.0,0.0,False
8,False,11,Bijan mustard,-16025,49ers D/ST,D/ST,D/ST,True,1.0,6.8,False
8,False,11,Bijan mustard,16733,Odell Beckham Jr.,WR,BE,False,0.0,8.03,False
8,False,11,Bijan mustard,4429160,De'Von Achane,RB,IR,False,0.0,0.0,False
8,False,11,Bijan mustard,3045523,Kendrick Bourne,WR,BE,False,11.1,8.52,False
8,False,11,Bijan mustard,4429205,Jordan Addison,WR,RB/WR/TE,True,17.9,12.25,False
8,False,11,Bijan mustard,3051876,Evan Engram,TE,TE,True,11.8,8.28,False
8,False,11,Bijan mustard,4360761,Michael Wilson,WR,BE,False,7.8,4.82,False
8,False,11,Bijan mustard,3115306,Josh Reynolds,WR,BE,False,-0.2,5.3,False
8,False,11,Bijan mustard,4426875,Sam Howell,QB,QB,True,30.98,15.5,False
8,False,11,Bijan mustard,3052587,Baker Mayfield,QB,BE,False,21.38,16.16,False
8,False,11,Bijan mustard,3138826,Fred Warner,LB,DP,True,12.0,9.53,False
8,False,11,Bijan mustard,3953687,Brandon Aubrey,K,K,True,13.0,8.02,False
9,False,2,Pour One Out For Mahomies!!,4241457,Najee Harris,RB,RB,True,14.6,9.5,False
9,False,2,Pour One Out For Mahomies!!,3139477,Patrick Mahomes,QB,QB,True,15.8,21.79,False
9,False,2,Pour One Out For Mahomies!!,4239993,Tee Higgins,WR,WR,True,15.0,10.27,False
9,False,2,Pour One Out For Mahomies!!,4427366,Breece Hall,RB,RB,True,9.0,14.35,False
9,False,2,Pour One Out For Mahomies!!,3915416,DJ Moore,WR,WR,True,4.9,11.6,False
9,False,2,Pour One Out For Mahomies!!,3040151,George Kittle,TE,BE,False,0.0,0.0,True
9,False,2,Pour One Out For Mahomies!!,2577327,Tyler Lockett,WR,RB/WR/TE,True,4.7,10.06,False
9,False,2,Pour One Out For Mahomies!!,4239934,AJ Dillon,RB,BE,False,4.8,7.92,False
9,False,2,Pour One Out For Mahomies!!,3120348,JuJu Smith-Schuster,WR,BE,False,9.1,6.06,False
9,False,2,Pour One Out For Mahomies!!,-16020,Jets D/ST,D/ST,D/ST,True,8.0,4.12,False
9,False,2,Pour One Out For Mahomies!!,3055899,Harrison Butker,K,K,True,3.0,8.33,False
9,False,2,Pour One Out For Mahomies!!,3915189,Roquan Smith,LB,DP,True,5.0,10.32,False
9,False,2,Pour One Out For Mahomies!!,3122976,Jeff Wilson Jr.,RB,IR,False,5.3,6.45,False
9,False,2,Pour One Out For Mahomies!!,3117256,Dalton Schultz,TE,TE,True,22.0,8.73,False
9,False,2,Pour One Out For Mahomies!!,4685720,Bryce Young,QB,BE,False,9.02,14.7,False
9,False,2,Pour One Out For Mahomies!!,4361432,Romeo Doubs,WR,BE,False,5.1,7.33,False
9,False,2,Pour One Out For Mahomies!!,4421446,Craig Reynolds,RB,BE,False,0.0,0.0,True
9,False,2,Pour One Out For Mahomies!!,-16009,Packers D/ST,D/ST,BE,False,12.0,7.03,False
9,False,9,Men of Will,3068267,Austin Ekeler,RB,RB/WR/TE,True,20.0,15.98,False
9,False,9,Men of Will,4047365,Josh Jacobs,RB,RB,True,21.8,15.07,False
9,False,9,Men of Will,3918298,Josh Allen,QB,QB,True,24.72,22.52,False
9,False,9,Men of Will,3925357,Calvin Ridley,WR,BE,False,0.0,0.0,True
9,False,9,Men of Will,4248528,Christian Watson,WR,BE,False,4.2,9.42,False
9,False,9,Men of Will,3116165,Chris Godwin,WR,WR,True,2.6,10.6,False
9,False,9,Men of Will,4259545,D'Andre Swift,RB,RB,True,8.4,12.86,False
9,False,9,Men of Will,3128429,Courtland Sutton,WR,BE,False,0.0,0.0,True
9,False,9,Men of Will,2976316,Michael Thomas,WR,BE,False,0.0,8.67,False
9,False,9,Men of Will,16460,Adam Thielen,WR,WR,True,5.4,13.4,False
9,False,9,Men of Will,-16002,Bills D/ST,D/ST,D/ST,True,0.0,5.62,False
9,False,9,Men of Will,3124005,Zaire Franklin,LB,BE,False,0.0,0.0,False
9,False,9,Men of Will,4249087,Matt Gay,K,K,True,11.0,8.46,False
9,False,9,Men of Will,14881,Russell Wilson,QB,BE,False,0.0,0.0,True
9,False,9,Men of Will,-16027,Buccaneers D/ST,D/ST,BE,False,-3.0,3.87,False
9,False,9,Men of Will,16813,Logan Thomas,TE,TE,True,5.1,7.58,False
9,False,9,Men of Will,2514270,Jordan Hicks,LB,DP,True,13.0,9.57,False
9,False,3,Jim Ward's Ole Dick Necks,4262921,Justin Jefferson,WR,BE,False,0.0,0.0,False
9,False,3,Jim Ward's Ole Dick Necks,3042519,Aaron Jones,RB,RB/WR/TE,True,15.9,12.09,False
9,False,3,Jim Ward's Ole Dick Necks,4040715,Jalen Hurts,QB,QB,True,25.88,21.04,False
9,False,3,Jim Ward's Ole Dick Necks,4048244,Alexander Mattison,RB,RB,True,16.3,9.41,False
9,False,3,Jim Ward's Ole Dick Necks,15795,DeAndre Hopkins,WR,WR,True,8.5,11.9,False
9,False,3,Jim Ward's Ole Dick Necks,4361529,Isiah Pacheco,RB,RB,True,6.6,12.02,False
9,False,3,Jim Ward's Ole Dick Necks,2980453,Jamaal Williams,RB,BE,False,2.2,3.34,False
9,False,3,Jim Ward's Ole Dick Necks,3139925,Rashaad Penny,RB,BE,False,0.8,0.0,False
9,False,3,Jim Ward's Ole Dick Necks,4361409,Jahan Dotson,WR,BE,False,14.9,9.17,False
9,False,3,Jim Ward's Ole Dick Necks,4385690,Dalton Kincaid,TE,TE,True,11.1,9.01,False
9,False,3,Jim Ward's Ole Dick Necks,4258595,Cole Kmet,TE,BE,False,22.5,7.0,False
9,False,3,Jim Ward's Ole Dick Necks,4688813,Josh Downs,WR,WR,True,1.5,9.28,False
9,False,3,Jim Ward's Ole Dick Necks,3124679,Jason Sanders,K,K,True,2.0,8.23,False
9,False,3,Jim Ward's Ole Dick Necks,4259166,Terrel Bernard,LB,DP,True,4.0,9.84,False
9,False,3,Jim Ward's Ole Dick Necks,-16034,Texans D/ST,D/ST,D/ST,True,1.0,5.32,False
9,False,3,Jim Ward's Ole Dick Necks,3045144,Tyler Boyd,WR,BE,False,7.1,6.74,False
9,False,1,Garretteed Satisfaction ,3916148,Tony Pollard,RB,RB,True,7.8,13.79,False
9,False,1,Garretteed Satisfaction ,4569618,Garrett Wilson,WR,WR,True,9.5,13.47,False
9,False,1,Garretteed Satisfaction ,4361370,Chris Olave,WR,BE,False,13.6,12.3,False
9,False,1,Garretteed Satisfaction ,4047650,DK Metcalf,WR,BE,False,5.5,11.99,False
9,False,1,Garretteed Satisfaction ,2576925,Darren Waller,TE,BE,False,0.0,0.0,False
9,False,1,Garretteed Satisfaction ,4379399,James Cook,RB,RB,True,5.9,11.62,False
9,False,1,Garretteed Satisfaction ,3054850,Alvin Kamara,RB,RB/WR/TE,True,9.0,15.67,False
9,False,1,Garretteed Satisfaction ,2577417,Dak Prescott,QB,QB,True,28.36,17.39,False
9,False,1,Garretteed Satisfaction ,4258173,Nico Collins,WR,WR,True,12.9,11.9,False
9,False,1,Garretteed Satisfaction ,3117253,Bobby Okereke,LB,DP,True,7.0,9.75,False
9,False,1,Garretteed Satisfaction ,4372019,Jerome Ford,RB,BE,False,10.2,10.06,False
9,False,1,Garretteed Satisfaction ,4036378,Jordan Love,QB,BE,False,13.82,14.72,False
9,False,1,Garretteed Satisfaction ,-16033,Ravens D/ST,D/ST,BE,False,15.0,6.12,False
9,False,1,Garretteed Satisfaction ,4430878,Jaxon Smith-Njigba,WR,BE,False,9.3,5.87,False
9,False,1,Garretteed Satisfaction ,-16023,Steelers D/ST,D/ST,D/ST,True,7.0,5.81,False
9,False,1,Garretteed Satisfaction ,2468609,Taysom Hill,TE,TE,True,18.62,6.26,False
9,False,1,Garretteed Satisfaction ,4360234,Evan McPherson,K,K,True,6.0,8.38,False
9,False,8,SCLSU Mud Dogs,2977187,Cooper Kupp,WR,RB/WR/TE,True,6.8,13.13,False
9,False,8,SCLSU Mud Dogs,3116406,Tyreek Hill,WR,WR,True,8.5,20.4,False
9,False,8,SCLSU Mud Dogs,4569173,Rhamondre Stevenson,RB,RB,True,20.9,13.0,False
9,False,8,SCLSU Mud Dogs,3915511,Joe Burrow,QB,QB,True,22.32,18.22,False
9,False,8,SCLSU Mud Dogs,4241474,Brian Robinson Jr.,RB,BE,False,11.2,8.54,False
9,False,8,SCLSU Mud Dogs,3932905,Diontae Johnson,WR,WR,True,18.5,11.29,False
9,False,8,SCLSU Mud Dogs,16720,C.J. Mosley,LB,DP,True,11.0,10.05,False
9,False,8,SCLSU Mud Dogs,4430737,Kyren Williams,RB,BE,False,0.0,0.0,False
9,False,8,SCLSU Mud Dogs,4430027,Sam LaPorta,TE,BE,False,0.0,0.0,True
9,False,8,SCLSU Mud Dogs,-16012,Chiefs D/ST,D/ST,D/ST,True,14.0,4.02,False
9,False,8,SCLSU Mud Dogs,3046779,Jared Goff,QB,BE,False,0.0,0.0,True
9,False,8,SCLSU Mud Dogs,16339,Brandon McManus,K,BE,False,0.0,0.0,True
9,False,8,SCLSU Mud Dogs,4569987,Jaylen Warren,RB,BE,False,12.8,8.62,False
9,False,8,SCLSU Mud Dogs,4039359,Darrell Henderson Jr.,RB,RB,True,4.5,10.18,False
9,False,8,SCLSU Mud Dogs,4429086,Michael Mayer,TE,TE,True,2.1,4.43,False
9,False,8,SCLSU Mud Dogs,15965,Dustin Hopkins,K,K,True,9.0,7.69,False
9,False,8,SCLSU Mud Dogs,4426385,Zach Charbonnet,RB,BE,False,1.8,4.92,False
9,False,13,Christopher's Kryptonite ,3929630,Saquon Barkley,RB,RB,True,12.8,16.4,False
9,False,13,Christopher's Kryptonite ,4241389,CeeDee Lamb,WR,WR,True,22.6,15.16,False
9,False,13,Christopher's Kryptonite ,4362887,Justin Fields,QB,BE,False,0.0,0.0,False
9,False,13,Christopher's Kryptonite ,4045163,Miles Sanders,RB,BE,False,7.6,6.36,False
9,False,13,Christopher's Kryptonite ,4426502,Drake London,WR,BE,False,0.0,0.0,False
9,False,13,Christopher's Kryptonite ,4360438,Brandon Aiyuk,WR,BE,False,0.0,0.0,True
9,False,13,Christopher's Kryptonite ,4243537,Gabe Davis,WR,WR,True,1.0,10.86,False
9,False,13,Christopher's Kryptonite ,3050073,Foyesade Oluokun,LB,BE,False,0.0,0.0,True
9,False,13,Christopher's Kryptonite ,4241479,Tua Tagovailoa,QB,QB,True,12.42,19.18,False
9,False,13,Christopher's Kryptonite ,4241416,Chuba Hubbard,RB,RB,True,8.7,9.01,False
9,False,13,Christopher's Kryptonite ,4366031,Tank Dell,WR,RB/WR/TE,True,26.6,9.19,False
9,False,13,Christopher's Kryptonite ,4361579,Javonte Williams,RB,BE,False,0.0,0.0,True
9,False,13,Christopher's Kryptonite ,4036133,T.J. Hockenson,TE,TE,True,10.4,9.61,False
9,False,13,Christopher's Kryptonite ,4428557,Tyjae Spears,RB,BE,False,4.2,6.64,False
9,False,13,Christopher's Kryptonite ,-16001,Falcons D/ST,D/ST,D/ST,True,8.0,8.2,False
9,False,13,Christopher's Kryptonite ,3049899,Younghoe Koo,K,K,True,19.0,7.37,False
9,False,13,Christopher's Kryptonite ,3919117,Azeez Al-Shaair,LB,DP,True,10.0,9.83,False
9,False,4,King Me,3043078,Derrick Henry,RB,RB,True,17.7,14.94,False
9,False,4,King Me,16800,Davante Adams,WR,WR,True,5.4,11.26,False
9,False,4,King Me,4239996,Travis Etienne Jr.,RB,BE,False,0.0,0.0,True
9,False,4,King Me,4038941,Justin Herbert,QB,QB,True,7.14,17.97,False
9,False,4,King Me,15818,Keenan Allen,WR,WR,True,11.7,14.04,False
9,False,4,King Me,3121023,Dallas Goedert,TE,TE,True,6.5,8.36,False
9,False,4,King Me,3045138,Mike Williams,WR,IR,False,0.0,0.0,False
9,False,4,King Me,16731,Brandin Cooks,WR,BE,False,1.2,8.06,False
9,False,4,King Me,3115394,DJ Chark Jr.,WR,BE,False,7.9,6.38,False
9,False,4,King Me,3916433,Jakobi Meyers,WR,RB/WR/TE,True,12.5,9.71,False
9,False,4,King Me,2576414,Raheem Mostert,RB,RB,True,14.5,14.62,False
9,False,4,King Me,4362759,Nick Bolton,LB,BE,False,0.0,0.0,False
9,False,4,King Me,-16015,Dolphins D/ST,D/ST,D/ST,True,7.0,4.05,False
9,False,4,King Me,4372485,Rondale Moore,WR,BE,False,1.3,7.12,False
9,False,4,King Me,12483,Matthew Stafford,QB,BE,False,0.0,0.0,False
9,False,4,King Me,3050478,Jake Elliott,K,K,True,4.0,8.38,False
9,False,4,King Me,3123076,David Njoku,TE,BE,False,10.6,8.5,False
9,False,4,King Me,4372576,Jack Sanborn,LB,DP,True,10.0,9.73,False
9,False,10,Amon-Ra Dog,3117251,Christian McCaffrey,RB,BE,False,0.0,0.0,True
9,False,10,Amon-Ra Dog,4374302,Amon-Ra St. Brown,WR,BE,False,0.0,0.0,True
9,False,10,Amon-Ra Dog,4241478,DeVonta Smith,WR,WR,True,12.6,10.81,False
9,False,10,Amon-Ra Dog,4241463,Jerry Jeudy,WR,BE,False,0.0,0.0,True
9,False,10,Amon-Ra Dog,4697815,Rachaad White,RB,RB,True,25.9,11.43,False
9,False,10,Amon-Ra Dog,4035886,Khalil Herbert,RB,IR,False,0.0,0.0,False
9,False,10,Amon-Ra Dog,4360248,Kyle Pitts,TE,TE,True,7.6,7.03,False
9,False,10,Amon-Ra Dog,4426354,George Pickens,WR,WR,True,0.9,11.52,False
9,False,10,Amon-Ra Dog,-16021,Eagles D/ST,D/ST,BE,False,4.0,5.32,False
9,False,10,Amon-Ra Dog,3051926,Gus Edwards,RB,RB,True,17.2,12.05,False
9,False,10,Amon-Ra Dog,4361741,Brock Purdy,QB,BE,False,0.0,0.0,True
9,False,10,Amon-Ra Dog,-16018,Saints D/ST,D/ST,D/ST,True,12.0,6.57,False
9,False,10,Amon-Ra Dog,4039254,Kyzir White,LB,DP,True,7.0,9.15,False
9,False,10,Amon-Ra Dog,4038524,Gardner Minshew,QB,QB,True,9.58,14.21,False
9,False,10,Amon-Ra Dog,4242433,Joshua Palmer,WR,BE,False,0.0,0.0,False
9,False,10,Amon-Ra Dog,4259619,Blake Grupe,K,K,True,7.0,7.87,False
9,False,10,Amon-Ra Dog,4038441,Justice Hill,RB,BE,False,4.0,5.16,False
9,False,10,Amon-Ra Dog,4032473,Rashid Shaheed,WR,RB/WR/TE,True,3.7,7.09,False
9,False,12,Rule  #76,4362628,Ja'Marr Chase,WR,WR,True,6.1,18.5,False
9,False,12,Rule  #76,4047646,A.J. Brown,WR,WR,True,16.1,16.42,False
9,False,12,Rule  #76,4429795,Jahmyr Gibbs,RB,BE,False,0.0,0.0,True
9,False,12,Rule  #76,4360310,Trevor Lawrence,QB,BE,False,0.0,0.0,True
9,False,12,Rule  #76,4567048,Kenneth Walker III,RB,RB,True,2.2,13.94,False
9,False,12,Rule  #76,3121422,Terry McLaurin,WR,RB/WR/TE,True,9.8,12.03,False
9,False,12,Rule  #76,14979,Bobby Wagner,LB,DP,True,11.0,10.1,False
9,False,12,Rule  #76,4242355,Jake Ferguson,TE,BE,False,18.6,6.77,False
9,False,12,Rule  #76,4035676,Zack Moss,RB,RB,True,2.6,11.9,False
9,False,12,Rule  #76,3059915,Kareem Hunt,RB,BE,False,9.8,7.64,False
9,False,12,Rule  #76,3916566,K.J. Osborn,WR,BE,False,2.7,7.15,False
9,False,12,Rule  #76,3116365,Mark Andrews,TE,TE,True,12.5,9.85,False
9,False,12,Rule  #76,4428331,Rashee Rice,WR,BE,False,8.7,8.7,False
9,False,12,Rule  #76,16757,Derek Carr,QB,QB,True,16.74,14.52,False
9,False,12,Rule  #76,3122672,Royce Freeman,RB,BE,False,5.2,7.09,False
9,False,12,Rule  #76,-16016,Vikings D/ST,D/ST,D/ST,True,4.0,5.98,False
9,False,12,Rule  #76,3917232,Tyler Bass,K,K,True,4.0,8.32,False
9,False,6,Thom-ASS,15847,Travis Kelce,TE,TE,True,2.9,15.55,False
9,False,6,Thom-ASS,2976212,Stefon Diggs,WR,WR,True,19.6,18.51,False
9,False,6,Thom-ASS,3916387,Lamar Jackson,QB,QB,True,11.48,20.28,False
9,False,6,Thom-ASS,4360238,Dameon Pierce,RB,BE,False,0.0,0.0,False
9,False,6,Thom-ASS,3045147,James Conner,RB,IR,False,0.0,0.0,False
9,False,6,Thom-ASS,16737,Mike Evans,WR,RB/WR/TE,True,10.7,12.58,False
9,False,6,Thom-ASS,4241372,Marquise Brown,WR,WR,True,5.4,10.29,False
9,False,6,Thom-ASS,4429615,Zay Flowers,WR,BE,False,1.6,11.35,False
9,False,6,Thom-ASS,-16006,Cowboys D/ST,D/ST,BE,False,4.0,4.8,False
9,False,6,Thom-ASS,3918639,Gerald Everett,TE,BE,False,2.8,5.96,False
9,False,6,Thom-ASS,3121544,T.J. Edwards,LB,DP,True,15.0,11.36,False
9,False,6,Thom-ASS,4360797,Tutu Atwell,WR,BE,False,3.3,5.94,False
9,False,6,Thom-ASS,4432577,C.J. Stroud,QB,BE,False,41.8,16.18,False
9,False,6,Thom-ASS,3051392,Ezekiel Elliott,RB,RB,True,4.7,7.02,False
9,False,6,Thom-ASS,-16005,Browns D/ST,D/ST,D/ST,True,23.0,8.32,False
9,False,6,Thom-ASS,2971573,Ka'imi Fairbairn,K,K,True,6.0,8.16,False
9,False,6,Thom-ASS,4362478,Emari Demercado,RB,BE,False,0.0,0.0,False
9,False,6,Thom-ASS,4362087,Keaontay Ingram,RB,RB,True,0.8,8.66,False
9,False,11,Bijan mustard,4430807,Bijan Robinson,RB,RB,True,4.9,13.47,False
9,False,11,Bijan mustard,4242335,Jonathan Taylor,RB,RB,True,15.4,15.31,False
9,False,11,Bijan mustard,4372016,Jaylen Waddle,WR,WR,True,6.9,13.31,False
9,False,11,Bijan mustard,3122840,Deshaun Watson,QB,BE,False,18.96,15.39,False
9,False,11,Bijan mustard,3895856,Christian Kirk,WR,BE,False,0.0,0.0,True
9,False,11,Bijan mustard,4035538,David Montgomery,RB,BE,False,0.0,0.0,True
9,False,11,Bijan mustard,-16025,49ers D/ST,D/ST,BE,False,0.0,0.0,True
9,False,11,Bijan mustard,16733,Odell Beckham Jr.,WR,WR,True,12.1,6.68,False
9,False,11,Bijan mustard,4429160,De'Von Achane,RB,IR,False,0.0,0.0,False
9,False,11,Bijan mustard,4429205,Jordan Addison,WR,RB/WR/TE,True,7.7,10.2,False
9,False,11,Bijan mustard,3051876,Evan Engram,TE,BE,False,0.0,0.0,True
9,False,11,Bijan mustard,4426875,Sam Howell,QB,QB,True,17.7,16.51,False
9,False,11,Bijan mustard,3052587,Baker Mayfield,QB,BE,False,19.0,15.99,False
9,False,11,Bijan mustard,3138826,Fred Warner,LB,BE,False,0.0,0.0,True
9,False,11,Bijan mustard,3953687,Brandon Aubrey,K,K,True,7.0,8.03,False
9,False,11,Bijan mustard,-16013,Raiders D/ST,D/ST,D/ST,True,18.0,7.97,False
9,False,11,Bijan mustard,4360635,Chigoziem Okonkwo,TE,TE,True,4.3,6.72,False
9,False,11,Bijan mustard,3040180,De'Vondre Campbell,LB,DP,True,8.0,9.77,False
9,False,5,You Can Chuck the Tubb,3116385,Joe Mixon,RB,RB,True,15.3,13.67,False
9,False,5,You Can Chuck the Tubb,3126486,Deebo Samuel,WR,BE,False,0.0,0.0,True
9,False,5,You Can Chuck the Tubb,2976499,Amari Cooper,WR,RB/WR/TE,True,22.4,10.27,False
9,False,5,You Can Chuck the Tubb,4035687,Michael Pittman Jr.,WR,WR,True,10.4,11.46,False
9,False,5,You Can Chuck the Tubb,15683,Justin Tucker,K,K,True,14.0,8.38,False
9,False,5,You Can Chuck the Tubb,4426386,Roschon Johnson,RB,BE,False,3.0,8.32,False
9,False,5,You Can Chuck the Tubb,4426515,Puka Nacua,WR,WR,True,4.7,11.97,False
9,False,5,You Can Chuck the Tubb,-16026,Seahawks D/ST,D/ST,BE,False,-4.0,4.46,False
9,False,5,You Can Chuck the Tubb,3125116,D'Onta Foreman,RB,BE,False,8.3,7.35,False
9,False,5,You Can Chuck the Tubb,-16019,Giants D/ST,D/ST,D/ST,True,-1.0,7.37,False
9,False,5,You Can Chuck the Tubb,4361307,Trey McBride,TE,TE,True,4.7,7.07,False
9,False,5,You Can Chuck the Tubb,3110565,Quincy Williams,LB,DP,True,3.0,9.73,False
9,False,5,You Can Chuck the Tubb,4040761,Devin Singletary,RB,RB,True,3.6,10.27,False
9,False,5,You Can Chuck the Tubb,4361418,Will Levis,QB,QB,True,8.68,14.97,False
9,False,5,You Can Chuck the Tubb,3917315,Kyler Murray,QB,BE,False,0.0,0.0,False
9,False,5,You Can Chuck the Tubb,4240021,Cam Akers,RB,BE,False,5.3,6.31,False
9,False,5,You Can Chuck the Tubb,3044720,Joshua Dobbs,QB,BE,False,24.92,0.0,False
10,False,1,Garretteed Satisfaction ,3916148,Tony Pollard,RB,RB,True,5.5,14.26,False
10,False,1,Garretteed Satisfaction ,4569618,Garrett Wilson,WR,BE,False,13.8,11.02,False
10,False,1,Garretteed Satisfaction ,4361370,Chris Olave,WR,WR,True,19.4,11.74,False
10,False,1,Garretteed Satisfaction ,4047650,DK Metcalf,WR,WR,True,13.3,12.24,False
10,False,1,Garretteed Satisfaction ,2576925,Darren Waller,TE,BE,False,0.0,0.0,False
10,False,1,Garretteed Satisfaction ,4379399,James Cook,RB,RB,True,12.0,13.45,False
10,False,1,Garretteed Satisfaction ,3054850,Alvin Kamara,RB,RB/WR/TE,True,15.0,14.27,False
10,False,1,Garretteed Satisfaction ,2577417,Dak Prescott,QB,QB,True,37.86,18.13,False
10,False,1,Garretteed Satisfaction ,4258173,Nico Collins,WR,BE,False,0.0,0.0,False
10,False,1,Garretteed Satisfaction ,3117253,Bobby Okereke,LB,DP,True,11.0,10.19,False
10,False,1,Garretteed Satisfaction ,4372019,Jerome Ford,RB,BE,False,11.4,10.0,False
10,False,1,Garretteed Satisfaction ,4036378,Jordan Love,QB,BE,False,16.66,13.97,False
10,False,1,Garretteed Satisfaction ,-16033,Ravens D/ST,D/ST,D/ST,True,13.0,6.78,False
10,False,1,Garretteed Satisfaction ,4430878,Jaxon Smith-Njigba,WR,BE,False,7.3,7.0,False
10,False,1,Garretteed Satisfaction ,-16023,Steelers D/ST,D/ST,BE,False,6.0,6.0,False
10,False,1,Garretteed Satisfaction ,2468609,Taysom Hill,TE,TE,True,3.3,8.87,False
10,False,1,Garretteed Satisfaction ,4360234,Evan McPherson,K,K,True,11.0,8.52,False
10,False,2,Pour One Out For Mahomies!!,4241457,Najee Harris,RB,RB,True,17.1,10.7,False
10,False,2,Pour One Out For Mahomies!!,3139477,Patrick Mahomes,QB,BE,False,0.0,0.0,True
10,False,2,Pour One Out For Mahomies!!,4239993,Tee Higgins,WR,BE,False,0.0,0.0,False
10,False,2,Pour One Out For Mahomies!!,4427366,Breece Hall,RB,RB,True,9.0,14.04,False
10,False,2,Pour One Out For Mahomies!!,3915416,DJ Moore,WR,WR,True,8.4,10.2,False
10,False,2,Pour One Out For Mahomies!!,3040151,George Kittle,TE,RB/WR/TE,True,19.1,8.73,False
10,False,2,Pour One Out For Mahomies!!,2577327,Tyler Lockett,WR,WR,True,19.2,10.84,False
10,False,2,Pour One Out For Mahomies!!,4239934,AJ Dillon,RB,BE,False,8.6,6.94,False
10,False,2,Pour One Out For Mahomies!!,3120348,JuJu Smith-Schuster,WR,BE,False,1.4,5.59,False
10,False,2,Pour One Out For Mahomies!!,-16020,Jets D/ST,D/ST,D/ST,True,10.0,6.96,False
10,False,2,Pour One Out For Mahomies!!,3915189,Roquan Smith,LB,DP,True,21.0,10.41,False
10,False,2,Pour One Out For Mahomies!!,3122976,Jeff Wilson Jr.,RB,BE,False,0.0,0.0,True
10,False,2,Pour One Out For Mahomies!!,3117256,Dalton Schultz,TE,TE,True,9.1,10.96,False
10,False,2,Pour One Out For Mahomies!!,4685720,Bryce Young,QB,QB,True,9.2,12.57,False
10,False,2,Pour One Out For Mahomies!!,4361432,Romeo Doubs,WR,BE,False,11.6,6.51,False
10,False,2,Pour One Out For Mahomies!!,4421446,Craig Reynolds,RB,BE,False,0.0,0.0,False
10,False,2,Pour One Out For Mahomies!!,4243371,Riley Patterson,K,K,True,12.0,8.03,False
10,False,13,Christopher's Kryptonite ,3929630,Saquon Barkley,RB,RB,True,6.6,14.6,False
10,False,13,Christopher's Kryptonite ,4241389,CeeDee Lamb,WR,WR,True,34.0,15.06,False
10,False,13,Christopher's Kryptonite ,4362887,Justin Fields,QB,BE,False,0.0,0.0,False
10,False,13,Christopher's Kryptonite ,4045163,Miles Sanders,RB,BE,False,2.0,6.75,False
10,False,13,Christopher's Kryptonite ,4426502,Drake London,WR,BE,False,5.1,9.62,False
10,False,13,Christopher's Kryptonite ,4360438,Brandon Aiyuk,WR,RB/WR/TE,True,13.0,12.6,False
10,False,13,Christopher's Kryptonite ,4243537,Gabe Davis,WR,BE,False,9.6,10.08,False
10,False,13,Christopher's Kryptonite ,3050073,Foyesade Oluokun,LB,DP,True,13.0,10.91,False
10,False,13,Christopher's Kryptonite ,4241479,Tua Tagovailoa,QB,BE,False,0.0,0.0,True
10,False,13,Christopher's Kryptonite ,4241416,Chuba Hubbard,RB,BE,False,4.9,8.75,False
10,False,13,Christopher's Kryptonite ,4366031,Tank Dell,WR,WR,True,16.9,11.98,False
10,False,13,Christopher's Kryptonite ,4361579,Javonte Williams,RB,RB,True,19.0,11.87,False
10,False,13,Christopher's Kryptonite ,4036133,T.J. Hockenson,TE,TE,True,24.9,8.72,False
10,False,13,Christopher's Kryptonite ,-16001,Falcons D/ST,D/ST,D/ST,True,3.0,4.66,False
10,False,13,Christopher's Kryptonite ,3049899,Younghoe Koo,K,K,True,5.0,7.79,False
10,False,13,Christopher's Kryptonite ,4373626,Tyler Allgeier,RB,BE,False,4.3,8.6,False
10,False,13,Christopher's Kryptonite ,15864,Geno Smith,QB,QB,True,24.06,15.84,False
10,False,3,Jim Ward's Ole Dick Necks,4262921,Justin Jefferson,WR,BE,False,0.0,0.0,False
10,False,3,Jim Ward's Ole Dick Necks,3042519,Aaron Jones,RB,RB,True,7.4,13.11,False
10,False,3,Jim Ward's Ole Dick Necks,4040715,Jalen Hurts,QB,BE,False,0.0,0.0,True
10,False,3,Jim Ward's Ole Dick Necks,4048244,Alexander Mattison,RB,RB,True,3.8,11.84,False
10,False,3,Jim Ward's Ole Dick Necks,15795,DeAndre Hopkins,WR,WR,True,4.2,12.48,False
10,False,3,Jim Ward's Ole Dick Necks,4361529,Isiah Pacheco,RB,BE,False,0.0,0.0,True
10,False,3,Jim Ward's Ole Dick Necks,4361409,Jahan Dotson,WR,BE,False,0.0,8.91,False
10,False,3,Jim Ward's Ole Dick Necks,4385690,Dalton Kincaid,TE,TE,True,13.6,9.74,False
10,False,3,Jim Ward's Ole Dick Necks,4258595,Cole Kmet,TE,BE,False,7.1,8.28,False
10,False,3,Jim Ward's Ole Dick Necks,4688813,Josh Downs,WR,BE,False,5.0,6.87,False
10,False,3,Jim Ward's Ole Dick Necks,3124679,Jason Sanders,K,BE,False,0.0,0.0,True
10,False,3,Jim Ward's Ole Dick Necks,3045144,Tyler Boyd,WR,WR,True,15.7,9.14,False
10,False,3,Jim Ward's Ole Dick Necks,2565969,Taylor Heinicke,QB,QB,True,9.6,15.37,False
10,False,3,Jim Ward's Ole Dick Necks,-16011,Colts D/ST,D/ST,D/ST,True,13.0,6.44,False
10,False,3,Jim Ward's Ole Dick Necks,2473037,Jason Myers,K,K,True,21.0,7.98,False
10,False,3,Jim Ward's Ole Dick Necks,14985,Lavonte David,LB,DP,True,5.0,9.24,False
10,False,3,Jim Ward's Ole Dick Necks,3121409,Noah Brown,WR,RB/WR/TE,True,20.7,9.21,False
10,False,10,Amon-Ra Dog,3117251,Christian McCaffrey,RB,RB,True,17.2,18.08,False
10,False,10,Amon-Ra Dog,4374302,Amon-Ra St. Brown,WR,WR,True,26.5,15.05,False
10,False,10,Amon-Ra Dog,4241478,DeVonta Smith,WR,BE,False,0.0,0.0,True
10,False,10,Amon-Ra Dog,4241463,Jerry Jeudy,WR,WR,True,5.0,9.7,False
10,False,10,Amon-Ra Dog,4697815,Rachaad White,RB,RB,True,16.8,13.51,False
10,False,10,Amon-Ra Dog,4035886,Khalil Herbert,RB,IR,False,0.0,0.0,False
10,False,10,Amon-Ra Dog,4360248,Kyle Pitts,TE,TE,True,4.5,7.3,False
10,False,10,Amon-Ra Dog,4426354,George Pickens,WR,BE,False,6.0,9.89,False
10,False,10,Amon-Ra Dog,-16021,Eagles D/ST,D/ST,BE,False,0.0,0.0,True
10,False,10,Amon-Ra Dog,3051926,Gus Edwards,RB,RB/WR/TE,True,9.3,11.69,False
10,False,10,Amon-Ra Dog,4361741,Brock Purdy,QB,QB,True,23.84,16.12,False
10,False,10,Amon-Ra Dog,-16018,Saints D/ST,D/ST,D/ST,True,0.0,6.52,False
10,False,10,Amon-Ra Dog,4039254,Kyzir White,LB,DP,True,11.0,9.06,False
10,False,10,Amon-Ra Dog,4038524,Gardner Minshew,QB,BE,False,5.66,13.17,False
10,False,10,Amon-Ra Dog,4259619,Blake Grupe,K,K,True,4.0,7.33,False
10,False,10,Amon-Ra Dog,4038441,Justice Hill,RB,BE,False,0.7,4.83,False
10,False,10,Amon-Ra Dog,4032473,Rashid Shaheed,WR,BE,False,4.9,5.82,False
10,False,10,Amon-Ra Dog,4427095,DeMario Douglas,WR,BE,False,11.4,8.85,False
10,False,8,SCLSU Mud Dogs,2977187,Cooper Kupp,WR,BE,False,0.0,0.0,True
10,False,8,SCLSU Mud Dogs,3116406,Tyreek Hill,WR,BE,False,0.0,0.0,True
10,False,8,SCLSU Mud Dogs,4569173,Rhamondre Stevenson,RB,RB,True,11.7,11.96,False
10,False,8,SCLSU Mud Dogs,3915511,Joe Burrow,QB,QB,True,19.88,19.19,False
10,False,8,SCLSU Mud Dogs,4241474,Brian Robinson Jr.,RB,RB/WR/TE,True,24.7,9.01,False
10,False,8,SCLSU Mud Dogs,3932905,Diontae Johnson,WR,WR,True,2.2,10.83,False
10,False,8,SCLSU Mud Dogs,16720,C.J. Mosley,LB,DP,True,14.0,9.59,False
10,False,8,SCLSU Mud Dogs,4430737,Kyren Williams,RB,IR,False,0.0,0.0,True
10,False,8,SCLSU Mud Dogs,4430027,Sam LaPorta,TE,TE,True,6.0,10.33,False
10,False,8,SCLSU Mud Dogs,-16012,Chiefs D/ST,D/ST,BE,False,0.0,0.0,True
10,False,8,SCLSU Mud Dogs,3046779,Jared Goff,QB,BE,False,21.12,16.16,False
10,False,8,SCLSU Mud Dogs,16339,Brandon McManus,K,K,True,3.0,8.23,False
10,False,8,SCLSU Mud Dogs,4569987,Jaylen Warren,RB,RB,True,18.0,8.88,False
10,False,8,SCLSU Mud Dogs,4426385,Zach Charbonnet,RB,BE,False,8.2,6.19,False
10,False,8,SCLSU Mud Dogs,3059722,Zay Jones,WR,BE,False,0.0,0.0,False
10,False,8,SCLSU Mud Dogs,-16004,Bengals D/ST,D/ST,D/ST,True,0.0,3.21,False
10,False,8,SCLSU Mud Dogs,4428557,Tyjae Spears,RB,BE,False,8.0,7.53,False
10,False,8,SCLSU Mud Dogs,4373678,Khalil Shakir,WR,WR,True,2.9,6.9,False
10,False,6,Thom-ASS,15847,Travis Kelce,TE,BE,False,0.0,0.0,True
10,False,6,Thom-ASS,2976212,Stefon Diggs,WR,WR,True,5.9,17.0,False
10,False,6,Thom-ASS,3916387,Lamar Jackson,QB,QB,True,13.02,19.61,False
10,False,6,Thom-ASS,4360238,Dameon Pierce,RB,IR,False,0.0,0.0,False
10,False,6,Thom-ASS,3045147,James Conner,RB,RB,True,7.3,12.39,False
10,False,6,Thom-ASS,16737,Mike Evans,WR,RB/WR/TE,True,23.3,11.48,False
10,False,6,Thom-ASS,4241372,Marquise Brown,WR,WR,True,3.3,11.26,False
10,False,6,Thom-ASS,4429615,Zay Flowers,WR,BE,False,9.8,8.9,False
10,False,6,Thom-ASS,-16006,Cowboys D/ST,D/ST,D/ST,True,11.0,8.47,False
10,False,6,Thom-ASS,3918639,Gerald Everett,TE,TE,True,0.0,6.21,False
10,False,6,Thom-ASS,3121544,T.J. Edwards,LB,DP,True,12.0,11.36,False
10,False,6,Thom-ASS,4360797,Tutu Atwell,WR,BE,False,0.0,0.0,True
10,False,6,Thom-ASS,4432577,C.J. Stroud,QB,BE,False,19.04,18.8,False
10,False,6,Thom-ASS,3051392,Ezekiel Elliott,RB,RB,True,9.8,6.63,False
10,False,6,Thom-ASS,-16005,Browns D/ST,D/ST,BE,False,15.0,4.47,False
10,False,6,Thom-ASS,10621,Nick Folk,K,K,True,5.0,8.26,False
10,False,4,King Me,3043078,Derrick Henry,RB,RB,True,2.5,14.94,False
10,False,4,King Me,16800,Davante Adams,WR,WR,True,11.6,10.76,False
10,False,4,King Me,4239996,Travis Etienne Jr.,RB,RB,True,6.4,16.21,False
10,False,4,King Me,4038941,Justin Herbert,QB,QB,True,28.42,18.87,False
10,False,4,King Me,15818,Keenan Allen,WR,WR,True,35.0,14.98,False
10,False,4,King Me,3121023,Dallas Goedert,TE,BE,False,0.0,0.0,True
10,False,4,King Me,3045138,Mike Williams,WR,IR,False,0.0,0.0,False
10,False,4,King Me,16731,Brandin Cooks,WR,BE,False,27.8,6.57,False
10,False,4,King Me,3115394,DJ Chark Jr.,WR,BE,False,0.0,0.0,False
10,False,4,King Me,3916433,Jakobi Meyers,WR,RB/WR/TE,True,3.1,8.38,False
10,False,4,King Me,2576414,Raheem Mostert,RB,BE,False,0.0,0.0,True
10,False,4,King Me,-16015,Dolphins D/ST,D/ST,BE,False,0.0,0.0,True
10,False,4,King Me,4372485,Rondale Moore,WR,BE,False,6.8,6.47,False
10,False,4,King Me,3050478,Jake Elliott,K,BE,False,0.0,0.0,True
10,False,4,King Me,3123076,David Njoku,TE,TE,True,8.8,8.59,False
10,False,4,King Me,4372576,Jack Sanborn,LB,DP,True,7.0,10.06,False
10,False,4,King Me,-16003,Bears D/ST,D/ST,D/ST,True,8.0,6.87,False
10,False,4,King Me,4362081,Cameron Dicker,K,K,True,9.0,8.38,False
10,False,5,You Can Chuck the Tubb,3116385,Joe Mixon,RB,RB,True,11.5,13.75,False
10,False,5,You Can Chuck the Tubb,3126486,Deebo Samuel,WR,WR,True,13.9,12.55,False
10,False,5,You Can Chuck the Tubb,2976499,Amari Cooper,WR,RB/WR/TE,True,12.8,9.72,False
10,False,5,You Can Chuck the Tubb,4035687,Michael Pittman Jr.,WR,WR,True,12.4,11.46,False
10,False,5,You Can Chuck the Tubb,15683,Justin Tucker,K,K,True,6.0,8.44,False
10,False,5,You Can Chuck the Tubb,4426386,Roschon Johnson,RB,BE,False,5.2,6.32,False
10,False,5,You Can Chuck the Tubb,4426515,Puka Nacua,WR,BE,False,0.0,0.0,True
10,False,5,You Can Chuck the Tubb,-16026,Seahawks D/ST,D/ST,D/ST,True,4.0,6.97,False
10,False,5,You Can Chuck the Tubb,3125116,D'Onta Foreman,RB,RB,True,16.2,11.73,False
10,False,5,You Can Chuck the Tubb,-16019,Giants D/ST,D/ST,BE,False,-8.0,4.58,False
10,False,5,You Can Chuck the Tubb,4361307,Trey McBride,TE,TE,True,17.1,8.04,False
10,False,5,You Can Chuck the Tubb,4040761,Devin Singletary,RB,BE,False,22.6,11.34,False
10,False,5,You Can Chuck the Tubb,4361418,Will Levis,QB,BE,False,5.96,15.27,False
10,False,5,You Can Chuck the Tubb,3917315,Kyler Murray,QB,BE,False,18.26,15.54,False
10,False,5,You Can Chuck the Tubb,3044720,Joshua Dobbs,QB,QB,True,25.12,15.15,False
10,False,5,You Can Chuck the Tubb,4596334,Keaton Mitchell,RB,BE,False,13.1,2.47,False
10,False,5,You Can Chuck the Tubb,3918330,Logan Wilson,LB,DP,True,8.0,8.93,False
10,False,12,Rule  #76,4362628,Ja'Marr Chase,WR,WR,True,20.9,17.45,False
10,False,12,Rule  #76,4047646,A.J. Brown,WR,BE,False,0.0,0.0,True
10,False,12,Rule  #76,4429795,Jahmyr Gibbs,RB,RB,True,24.7,10.56,False
10,False,12,Rule  #76,4360310,Trevor Lawrence,QB,QB,True,3.1,17.3,False
10,False,12,Rule  #76,4567048,Kenneth Walker III,RB,RB,True,19.2,14.65,False
10,False,12,Rule  #76,3121422,Terry McLaurin,WR,WR,True,5.3,11.36,False
10,False,12,Rule  #76,14979,Bobby Wagner,LB,DP,True,11.0,10.05,False
10,False,12,Rule  #76,4242355,Jake Ferguson,TE,BE,False,10.6,8.04,False
10,False,12,Rule  #76,4035676,Zack Moss,RB,RB/WR/TE,True,0.2,8.06,False
10,False,12,Rule  #76,3059915,Kareem Hunt,RB,BE,False,9.2,6.71,False
10,False,12,Rule  #76,3916566,K.J. Osborn,WR,BE,False,0.0,0.0,False
10,False,12,Rule  #76,3116365,Mark Andrews,TE,TE,True,5.4,10.04,False
10,False,12,Rule  #76,4428331,Rashee Rice,WR,BE,False,0.0,0.0,True
10,False,12,Rule  #76,16757,Derek Carr,QB,BE,False,5.4,13.83,False
10,False,12,Rule  #76,3122672,Royce Freeman,RB,BE,False,0.0,0.0,True
10,False,12,Rule  #76,-16016,Vikings D/ST,D/ST,D/ST,True,9.0,5.19,False
10,False,12,Rule  #76,3917232,Tyler Bass,K,K,True,3.0,8.45,False
10,False,9,Men of Will,3068267,Austin Ekeler,RB,RB,True,19.5,16.57,False
10,False,9,Men of Will,4047365,Josh Jacobs,RB,RB,True,11.7,14.54,False
10,False,9,Men of Will,3918298,Josh Allen,QB,QB,True,14.38,24.91,False
10,False,9,Men of Will,3925357,Calvin Ridley,WR,RB/WR/TE,True,3.0,11.19,False
10,False,9,Men of Will,4248528,Christian Watson,WR,BE,False,3.3,8.53,False
10,False,9,Men of Will,3116165,Chris Godwin,WR,WR,True,8.4,10.96,False
10,False,9,Men of Will,4259545,D'Andre Swift,RB,BE,False,0.0,0.0,True
10,False,9,Men of Will,3128429,Courtland Sutton,WR,BE,False,13.3,10.26,False
10,False,9,Men of Will,2976316,Michael Thomas,WR,BE,False,1.4,7.7,False
10,False,9,Men of Will,16460,Adam Thielen,WR,WR,True,7.2,11.88,False
10,False,9,Men of Will,-16002,Bills D/ST,D/ST,D/ST,True,6.0,6.7,False
10,False,9,Men of Will,3124005,Zaire Franklin,LB,BE,False,17.0,0.0,False
10,False,9,Men of Will,4249087,Matt Gay,K,K,True,5.0,8.24,False
10,False,9,Men of Will,14881,Russell Wilson,QB,BE,False,18.72,16.2,False
10,False,9,Men of Will,-16027,Buccaneers D/ST,D/ST,BE,False,12.0,5.62,False
10,False,9,Men of Will,16813,Logan Thomas,TE,TE,True,6.5,7.17,False
10,False,9,Men of Will,2514270,Jordan Hicks,LB,DP,True,7.0,9.95,False
10,False,11,Bijan mustard,4430807,Bijan Robinson,RB,RB,True,17.1,12.8,False
10,False,11,Bijan mustard,4242335,Jonathan Taylor,RB,RB,True,14.0,15.76,False
10,False,11,Bijan mustard,4372016,Jaylen Waddle,WR,BE,False,0.0,0.0,True
10,False,11,Bijan mustard,3122840,Deshaun Watson,QB,BE,False,16.22,13.33,False
10,False,11,Bijan mustard,3895856,Christian Kirk,WR,WR,True,11.4,10.38,False
10,False,11,Bijan mustard,4035538,David Montgomery,RB,RB/WR/TE,True,17.6,13.11,False
10,False,11,Bijan mustard,-16025,49ers D/ST,D/ST,BE,False,19.0,4.41,False
10,False,11,Bijan mustard,16733,Odell Beckham Jr.,WR,BE,False,10.5,6.37,False
10,False,11,Bijan mustard,4429160,De'Von Achane,RB,IR,False,0.0,0.0,True
10,False,11,Bijan mustard,4429205,Jordan Addison,WR,WR,True,8.9,9.72,False
10,False,11,Bijan mustard,3051876,Evan Engram,TE,TE,True,3.2,9.46,False
10,False,11,Bijan mustard,4426875,Sam Howell,QB,QB,True,24.18,17.38,False
10,False,11,Bijan mustard,3052587,Baker Mayfield,QB,BE,False,18.32,17.13,False
10,False,11,Bijan mustard,3138826,Fred Warner,LB,DP,True,9.0,9.96,False
10,False,11,Bijan mustard,3953687,Brandon Aubrey,K,K,True,7.0,8.27,False
10,False,11,Bijan mustard,-16013,Raiders D/ST,D/ST,D/ST,True,6.0,7.08,False
10,False,11,Bijan mustard,4360635,Chigoziem Okonkwo,TE,BE,False,4.2,6.65,False
10,False,11,Bijan mustard,4722893,Jaleel McLaughlin,RB,BE,False,2.2,5.22,False
11,False,2,Pour One Out For Mahomies!!,4241457,Najee Harris,RB,RB,True,4.1,11.18,False
11,False,2,Pour One Out For Mahomies!!,3139477,Patrick Mahomes,QB,QB,True,16.88,20.91,False
11,False,2,Pour One Out For Mahomies!!,4239993,Tee Higgins,WR,BE,False,0.0,0.0,False
11,False,2,Pour One Out For Mahomies!!,4427366,Breece Hall,RB,RB,True,15.8,12.31,False
11,False,2,Pour One Out For Mahomies!!,3915416,DJ Moore,WR,WR,True,19.1,11.9,False
11,False,2,Pour One Out For Mahomies!!,3040151,George Kittle,TE,RB/WR/TE,True,18.9,9.76,False
11,False,2,Pour One Out For Mahomies!!,2577327,Tyler Lockett,WR,WR,True,8.6,11.04,False
11,False,2,Pour One Out For Mahomies!!,4239934,AJ Dillon,RB,BE,False,8.1,6.79,False
11,False,2,Pour One Out For Mahomies!!,3120348,JuJu Smith-Schuster,WR,BE,False,0.0,0.0,True
11,False,2,Pour One Out For Mahomies!!,-16020,Jets D/ST,D/ST,D/ST,True,1.0,4.56,False
11,False,2,Pour One Out For Mahomies!!,3915189,Roquan Smith,LB,DP,True,10.0,10.64,False
11,False,2,Pour One Out For Mahomies!!,3122976,Jeff Wilson Jr.,RB,BE,False,0.0,0.0,False
11,False,2,Pour One Out For Mahomies!!,3117256,Dalton Schultz,TE,TE,True,10.2,9.9,False
11,False,2,Pour One Out For Mahomies!!,4685720,Bryce Young,QB,BE,False,5.22,13.09,False
11,False,2,Pour One Out For Mahomies!!,4361432,Romeo Doubs,WR,BE,False,13.8,6.77,False
11,False,2,Pour One Out For Mahomies!!,4421446,Craig Reynolds,RB,BE,False,-2.0,0.0,False
11,False,2,Pour One Out For Mahomies!!,4243371,Riley Patterson,K,K,True,3.0,8.35,False
11,False,13,Christopher's Kryptonite ,3929630,Saquon Barkley,RB,RB,True,28.0,14.68,False
11,False,13,Christopher's Kryptonite ,4241389,CeeDee Lamb,WR,WR,True,13.5,18.26,False
11,False,13,Christopher's Kryptonite ,4362887,Justin Fields,QB,BE,False,21.16,17.85,False
11,False,13,Christopher's Kryptonite ,4045163,Miles Sanders,RB,BE,False,5.7,4.44,False
11,False,13,Christopher's Kryptonite ,4426502,Drake London,WR,BE,False,0.0,0.0,True
11,False,13,Christopher's Kryptonite ,4360438,Brandon Aiyuk,WR,RB/WR/TE,True,24.1,12.84,False
11,False,13,Christopher's Kryptonite ,4243537,Gabe Davis,WR,BE,False,0.0,8.34,False
11,False,13,Christopher's Kryptonite ,3050073,Foyesade Oluokun,LB,DP,True,9.0,10.57,False
11,False,13,Christopher's Kryptonite ,4241479,Tua Tagovailoa,QB,QB,True,17.6,17.69,False
11,False,13,Christopher's Kryptonite ,4241416,Chuba Hubbard,RB,BE,False,7.5,8.9,False
11,False,13,Christopher's Kryptonite ,4366031,Tank Dell,WR,WR,True,24.9,12.41,False
11,False,13,Christopher's Kryptonite ,4361579,Javonte Williams,RB,RB,True,6.3,12.22,False
11,False,13,Christopher's Kryptonite ,4036133,T.J. Hockenson,TE,TE,True,7.5,11.37,False
11,False,13,Christopher's Kryptonite ,4373626,Tyler Allgeier,RB,BE,False,0.0,0.0,True
11,False,13,Christopher's Kryptonite ,-16028,Commanders D/ST,D/ST,D/ST,True,11.0,8.25,False
11,False,13,Christopher's Kryptonite ,3055899,Harrison Butker,K,K,True,6.0,8.39,False
11,False,13,Christopher's Kryptonite ,4361411,Pat Freiermuth,TE,IR,False,1.2,6.21,False
11,False,13,Christopher's Kryptonite ,15864,Geno Smith,QB,BE,False,13.22,16.13,False
11,False,3,Jim Ward's Ole Dick Necks,4262921,Justin Jefferson,WR,BE,False,0.0,0.0,False
11,False,3,Jim Ward's Ole Dick Necks,3042519,Aaron Jones,RB,RB,True,2.2,13.25,False
11,False,3,Jim Ward's Ole Dick Necks,4040715,Jalen Hurts,QB,QB,True,18.9,21.48,False
11,False,3,Jim Ward's Ole Dick Necks,4048244,Alexander Mattison,RB,RB/WR/TE,True,6.5,10.03,False
11,False,3,Jim Ward's Ole Dick Necks,15795,DeAndre Hopkins,WR,WR,True,13.9,11.13,False
11,False,3,Jim Ward's Ole Dick Necks,4361529,Isiah Pacheco,RB,RB,True,9.6,11.3,False
11,False,3,Jim Ward's Ole Dick Necks,4361409,Jahan Dotson,WR,BE,False,9.8,7.39,False
11,False,3,Jim Ward's Ole Dick Necks,4385690,Dalton Kincaid,TE,TE,True,7.6,8.93,False
11,False,3,Jim Ward's Ole Dick Necks,4258595,Cole Kmet,TE,BE,False,3.5,8.58,False
11,False,3,Jim Ward's Ole Dick Necks,4688813,Josh Downs,WR,BE,False,0.0,0.0,True
11,False,3,Jim Ward's Ole Dick Necks,3124679,Jason Sanders,K,K,True,10.0,8.1,False
11,False,3,Jim Ward's Ole Dick Necks,3045144,Tyler Boyd,WR,WR,True,3.7,9.36,False
11,False,3,Jim Ward's Ole Dick Necks,2565969,Taylor Heinicke,QB,BE,False,0.0,0.0,True
11,False,3,Jim Ward's Ole Dick Necks,-16011,Colts D/ST,D/ST,BE,False,0.0,0.0,True
11,False,3,Jim Ward's Ole Dick Necks,14985,Lavonte David,LB,DP,True,9.0,9.08,False
11,False,3,Jim Ward's Ole Dick Necks,3121409,Noah Brown,WR,BE,False,0.0,0.0,False
11,False,3,Jim Ward's Ole Dick Necks,-16034,Texans D/ST,D/ST,D/ST,True,8.0,4.98,False
11,False,10,Amon-Ra Dog,3117251,Christian McCaffrey,RB,RB,True,18.8,20.86,False
11,False,10,Amon-Ra Dog,4374302,Amon-Ra St. Brown,WR,WR,True,17.7,15.37,False
11,False,10,Amon-Ra Dog,4241478,DeVonta Smith,WR,WR,True,12.9,10.76,False
11,False,10,Amon-Ra Dog,4241463,Jerry Jeudy,WR,BE,False,8.3,8.36,False
11,False,10,Amon-Ra Dog,4697815,Rachaad White,RB,RB,True,14.8,12.92,False
11,False,10,Amon-Ra Dog,4035886,Khalil Herbert,RB,IR,False,5.1,10.37,False
11,False,10,Amon-Ra Dog,4360248,Kyle Pitts,TE,BE,False,0.0,0.0,True
11,False,10,Amon-Ra Dog,4426354,George Pickens,WR,BE,False,5.7,7.33,False
11,False,10,Amon-Ra Dog,3051926,Gus Edwards,RB,RB/WR/TE,True,20.0,10.85,False
11,False,10,Amon-Ra Dog,4361741,Brock Purdy,QB,QB,True,26.72,18.4,False
11,False,10,Amon-Ra Dog,-16018,Saints D/ST,D/ST,BE,False,0.0,0.0,True
11,False,10,Amon-Ra Dog,4039254,Kyzir White,LB,DP,True,3.0,8.96,False
11,False,10,Amon-Ra Dog,4038524,Gardner Minshew,QB,BE,False,0.0,0.0,True
11,False,10,Amon-Ra Dog,4032473,Rashid Shaheed,WR,BE,False,0.0,0.0,True
11,False,10,Amon-Ra Dog,4427095,DeMario Douglas,WR,BE,False,0.0,0.0,True
11,False,10,Amon-Ra Dog,4243331,Cade Otton,TE,TE,True,6.9,6.9,False
11,False,10,Amon-Ra Dog,3975763,Greg Joseph,K,K,True,8.0,7.47,False
11,False,10,Amon-Ra Dog,-16030,Jaguars D/ST,D/ST,D/ST,True,9.0,6.46,False
11,False,8,SCLSU Mud Dogs,2977187,Cooper Kupp,WR,WR,True,1.6,13.57,False
11,False,8,SCLSU Mud Dogs,3116406,Tyreek Hill,WR,RB/WR/TE,True,25.6,17.86,False
11,False,8,SCLSU Mud Dogs,4569173,Rhamondre Stevenson,RB,BE,False,0.0,0.0,True
11,False,8,SCLSU Mud Dogs,3915511,Joe Burrow,QB,QB,True,8.74,17.52,False
11,False,8,SCLSU Mud Dogs,4241474,Brian Robinson Jr.,RB,RB,True,17.7,12.85,False
11,False,8,SCLSU Mud Dogs,3932905,Diontae Johnson,WR,WR,True,2.6,9.35,False
11,False,8,SCLSU Mud Dogs,16720,C.J. Mosley,LB,DP,True,4.0,10.24,False
11,False,8,SCLSU Mud Dogs,4430737,Kyren Williams,RB,IR,False,0.0,0.0,False
11,False,8,SCLSU Mud Dogs,4430027,Sam LaPorta,TE,TE,True,6.3,9.23,False
11,False,8,SCLSU Mud Dogs,-16012,Chiefs D/ST,D/ST,D/ST,True,9.0,5.42,False
11,False,8,SCLSU Mud Dogs,3046779,Jared Goff,QB,BE,False,13.74,16.58,False
11,False,8,SCLSU Mud Dogs,16339,Brandon McManus,K,K,True,10.0,7.76,False
11,False,8,SCLSU Mud Dogs,4569987,Jaylen Warren,RB,RB,True,22.0,9.88,False
11,False,8,SCLSU Mud Dogs,4426385,Zach Charbonnet,RB,BE,False,9.9,6.57,False
11,False,8,SCLSU Mud Dogs,3059722,Zay Jones,WR,BE,False,4.0,5.65,False
11,False,8,SCLSU Mud Dogs,-16004,Bengals D/ST,D/ST,BE,False,-1.0,4.22,False
11,False,8,SCLSU Mud Dogs,4428557,Tyjae Spears,RB,BE,False,3.6,7.71,False
11,False,8,SCLSU Mud Dogs,4373678,Khalil Shakir,WR,BE,False,19.0,5.17,False
11,False,6,Thom-ASS,15847,Travis Kelce,TE,TE,True,11.9,14.09,False
11,False,6,Thom-ASS,2976212,Stefon Diggs,WR,WR,True,4.7,13.34,False
11,False,6,Thom-ASS,3916387,Lamar Jackson,QB,QB,True,23.96,21.73,False
11,False,6,Thom-ASS,4360238,Dameon Pierce,RB,IR,False,0.0,0.0,False
11,False,6,Thom-ASS,3045147,James Conner,RB,RB,True,7.3,12.32,False
11,False,6,Thom-ASS,16737,Mike Evans,WR,RB/WR/TE,True,12.8,12.42,False
11,False,6,Thom-ASS,4241372,Marquise Brown,WR,WR,True,3.2,11.34,False
11,False,6,Thom-ASS,4429615,Zay Flowers,WR,BE,False,6.5,9.77,False
11,False,6,Thom-ASS,-16006,Cowboys D/ST,D/ST,D/ST,True,23.0,7.51,False
11,False,6,Thom-ASS,3121544,T.J. Edwards,LB,DP,True,11.0,11.76,False
11,False,6,Thom-ASS,4360797,Tutu Atwell,WR,BE,False,2.2,6.67,False
11,False,6,Thom-ASS,4432577,C.J. Stroud,QB,BE,False,15.34,20.16,False
11,False,6,Thom-ASS,3051392,Ezekiel Elliott,RB,BE,False,0.0,0.0,True
11,False,6,Thom-ASS,-16005,Browns D/ST,D/ST,BE,False,8.0,6.56,False
11,False,6,Thom-ASS,10621,Nick Folk,K,K,True,2.0,7.66,False
11,False,6,Thom-ASS,4360294,Antonio Gibson,RB,BE,False,0.0,0.0,False
11,False,6,Thom-ASS,4039359,Darrell Henderson Jr.,RB,RB,True,10.9,11.65,False
11,False,6,Thom-ASS,15920,Latavius Murray,RB,BE,False,3.5,7.33,False
11,False,4,King Me,3043078,Derrick Henry,RB,RB,True,4.9,12.86,False
11,False,4,King Me,16800,Davante Adams,WR,WR,True,17.7,12.59,False
11,False,4,King Me,4239996,Travis Etienne Jr.,RB,RB,True,7.4,14.3,False
11,False,4,King Me,4038941,Justin Herbert,QB,QB,True,25.7,18.71,False
11,False,4,King Me,15818,Keenan Allen,WR,WR,True,22.6,14.72,False
11,False,4,King Me,3121023,Dallas Goedert,TE,BE,False,0.0,0.0,False
11,False,4,King Me,3045138,Mike Williams,WR,IR,False,0.0,0.0,False
11,False,4,King Me,16731,Brandin Cooks,WR,BE,False,5.7,8.02,False
11,False,4,King Me,3115394,DJ Chark Jr.,WR,BE,False,0.0,6.27,False
11,False,4,King Me,3916433,Jakobi Meyers,WR,BE,False,6.9,7.51,False
11,False,4,King Me,2576414,Raheem Mostert,RB,RB/WR/TE,True,9.8,10.52,False
11,False,4,King Me,-16015,Dolphins D/ST,D/ST,D/ST,True,13.0,6.56,False
11,False,4,King Me,4372485,Rondale Moore,WR,BE,False,11.9,7.81,False
11,False,4,King Me,3050478,Jake Elliott,K,BE,False,3.0,8.49,False
11,False,4,King Me,3123076,David Njoku,TE,TE,True,9.1,8.65,False
11,False,4,King Me,4372576,Jack Sanborn,LB,BE,False,6.0,10.13,False
11,False,4,King Me,4362081,Cameron Dicker,K,K,True,8.0,8.49,False
11,False,4,King Me,2987743,Elandon Roberts,LB,DP,True,15.0,10.97,False
11,False,5,You Can Chuck the Tubb,3116385,Joe Mixon,RB,RB,True,18.5,11.79,False
11,False,5,You Can Chuck the Tubb,3126486,Deebo Samuel,WR,WR,True,7.7,13.33,False
11,False,5,You Can Chuck the Tubb,2976499,Amari Cooper,WR,RB/WR/TE,True,5.4,9.93,False
11,False,5,You Can Chuck the Tubb,4035687,Michael Pittman Jr.,WR,BE,False,0.0,0.0,True
11,False,5,You Can Chuck the Tubb,15683,Justin Tucker,K,BE,False,11.0,8.59,False
11,False,5,You Can Chuck the Tubb,4426515,Puka Nacua,WR,WR,True,16.2,11.32,False
11,False,5,You Can Chuck the Tubb,-16026,Seahawks D/ST,D/ST,BE,False,6.0,5.34,False
11,False,5,You Can Chuck the Tubb,3125116,D'Onta Foreman,RB,BE,False,7.4,4.37,False
11,False,5,You Can Chuck the Tubb,-16019,Giants D/ST,D/ST,D/ST,True,19.0,6.45,False
11,False,5,You Can Chuck the Tubb,4361307,Trey McBride,TE,TE,True,6.8,9.21,False
11,False,5,You Can Chuck the Tubb,4040761,Devin Singletary,RB,RB,True,18.8,13.16,False
11,False,5,You Can Chuck the Tubb,3917315,Kyler Murray,QB,BE,False,21.66,17.81,False
11,False,5,You Can Chuck the Tubb,3044720,Joshua Dobbs,QB,QB,True,16.94,17.36,False
11,False,5,You Can Chuck the Tubb,4596334,Keaton Mitchell,RB,BE,False,4.6,5.97,False
11,False,5,You Can Chuck the Tubb,3918330,Logan Wilson,LB,DP,True,11.0,8.74,False
11,False,5,You Can Chuck the Tubb,4242431,Ty Chandler,RB,BE,False,14.0,6.88,False
11,False,5,You Can Chuck the Tubb,15965,Dustin Hopkins,K,K,True,7.0,7.11,False
11,False,12,Rule  #76,4362628,Ja'Marr Chase,WR,WR,True,8.2,17.68,False
11,False,12,Rule  #76,4047646,A.J. Brown,WR,WR,True,2.3,15.59,False
11,False,12,Rule  #76,4429795,Jahmyr Gibbs,RB,RB,True,18.5,13.59,False
11,False,12,Rule  #76,4360310,Trevor Lawrence,QB,QB,True,32.18,16.15,False
11,False,12,Rule  #76,4567048,Kenneth Walker III,RB,RB,True,2.1,12.89,False
11,False,12,Rule  #76,3121422,Terry McLaurin,WR,RB/WR/TE,True,7.8,11.46,False
11,False,12,Rule  #76,14979,Bobby Wagner,LB,DP,True,10.0,9.8,False
11,False,12,Rule  #76,4242355,Jake Ferguson,TE,BE,False,4.7,8.7,False
11,False,12,Rule  #76,4035676,Zack Moss,RB,BE,False,0.0,0.0,True
11,False,12,Rule  #76,3059915,Kareem Hunt,RB,BE,False,5.2,8.75,False
11,False,12,Rule  #76,3916566,K.J. Osborn,WR,BE,False,2.2,7.2,False
11,False,12,Rule  #76,3116365,Mark Andrews,TE,TE,True,3.3,10.85,False
11,False,12,Rule  #76,4428331,Rashee Rice,WR,BE,False,6.2,7.68,False
11,False,12,Rule  #76,16757,Derek Carr,QB,BE,False,0.0,0.0,True
11,False,12,Rule  #76,3122672,Royce Freeman,RB,BE,False,7.3,8.71,False
11,False,12,Rule  #76,-16016,Vikings D/ST,D/ST,D/ST,True,4.0,7.1,False
11,False,12,Rule  #76,3917232,Tyler Bass,K,K,True,17.0,8.08,False
11,False,9,Men of Will,3068267,Austin Ekeler,RB,RB,True,6.0,18.93,False
11,False,9,Men of Will,4047365,Josh Jacobs,RB,RB,True,5.6,14.48,False
11,False,9,Men of Will,3918298,Josh Allen,QB,QB,True,22.5,18.94,False
11,False,9,Men of Will,3925357,Calvin Ridley,WR,BE,False,27.6,10.08,False
11,False,9,Men of Will,4248528,Christian Watson,WR,BE,False,9.2,9.23,False
11,False,9,Men of Will,3116165,Chris Godwin,WR,WR,True,6.9,10.57,False
11,False,9,Men of Will,4259545,D'Andre Swift,RB,RB/WR/TE,True,18.2,13.44,False
11,False,9,Men of Will,3128429,Courtland Sutton,WR,BE,False,14.6,10.21,False
11,False,9,Men of Will,2976316,Michael Thomas,WR,BE,False,0.0,0.0,True
11,False,9,Men of Will,16460,Adam Thielen,WR,WR,True,11.4,11.81,False
11,False,9,Men of Will,-16002,Bills D/ST,D/ST,D/ST,True,21.0,8.05,False
11,False,9,Men of Will,3124005,Zaire Franklin,LB,BE,False,0.0,0.0,True
11,False,9,Men of Will,4249087,Matt Gay,K,BE,False,0.0,0.0,True
11,False,9,Men of Will,14881,Russell Wilson,QB,BE,False,14.46,15.13,False
11,False,9,Men of Will,16813,Logan Thomas,TE,TE,True,7.3,7.21,False
11,False,9,Men of Will,4372066,Jake Moody,K,K,True,9.0,8.43,False
11,False,9,Men of Will,2612151,Alex Singleton,LB,DP,True,16.0,10.75,False
11,False,11,Bijan mustard,4430807,Bijan Robinson,RB,BE,False,0.0,0.0,True
11,False,11,Bijan mustard,4242335,Jonathan Taylor,RB,BE,False,0.0,0.0,True
11,False,11,Bijan mustard,4372016,Jaylen Waddle,WR,RB/WR/TE,True,8.5,12.28,False
11,False,11,Bijan mustard,3122840,Deshaun Watson,QB,BE,False,0.0,0.0,False
11,False,11,Bijan mustard,3895856,Christian Kirk,WR,WR,True,6.3,10.96,False
11,False,11,Bijan mustard,4035538,David Montgomery,RB,RB,True,16.8,12.85,False
11,False,11,Bijan mustard,-16025,49ers D/ST,D/ST,D/ST,True,11.0,5.71,False
11,False,11,Bijan mustard,16733,Odell Beckham Jr.,WR,BE,False,13.6,6.82,False
11,False,11,Bijan mustard,4429160,De'Von Achane,RB,IR,False,1.0,11.45,False
11,False,11,Bijan mustard,4429205,Jordan Addison,WR,WR,True,5.9,10.77,False
11,False,11,Bijan mustard,3051876,Evan Engram,TE,TE,True,4.9,8.73,False
11,False,11,Bijan mustard,4426875,Sam Howell,QB,QB,True,17.74,18.07,False
11,False,11,Bijan mustard,3052587,Baker Mayfield,QB,BE,False,10.34,16.57,False
11,False,11,Bijan mustard,3138826,Fred Warner,LB,DP,True,13.0,9.73,False
11,False,11,Bijan mustard,3953687,Brandon Aubrey,K,K,True,9.0,8.67,False
11,False,11,Bijan mustard,-16013,Raiders D/ST,D/ST,BE,False,4.0,2.96,False
11,False,11,Bijan mustard,4360635,Chigoziem Okonkwo,TE,BE,False,1.1,6.06,False
11,False,11,Bijan mustard,4722893,Jaleel McLaughlin,RB,RB,True,4.0,5.14,False
11,False,1,Garretteed Satisfaction ,3916148,Tony Pollard,RB,RB,True,16.0,13.45,False
11,False,1,Garretteed Satisfaction ,4569618,Garrett Wilson,WR,WR,True,0.9,13.33,False
11,False,1,Garretteed Satisfaction ,4361370,Chris Olave,WR,BE,False,0.0,0.0,True
11,False,1,Garretteed Satisfaction ,4047650,DK Metcalf,WR,WR,True,17.9,12.13,False
11,False,1,Garretteed Satisfaction ,2576925,Darren Waller,TE,IR,False,0.0,0.0,False
11,False,1,Garretteed Satisfaction ,4379399,James Cook,RB,RB,True,17.7,10.92,False
11,False,1,Garretteed Satisfaction ,3054850,Alvin Kamara,RB,BE,False,0.0,0.0,True
11,False,1,Garretteed Satisfaction ,2577417,Dak Prescott,QB,QB,True,16.16,21.17,False
11,False,1,Garretteed Satisfaction ,4258173,Nico Collins,WR,BE,False,10.0,11.95,False
11,False,1,Garretteed Satisfaction ,3117253,Bobby Okereke,LB,DP,True,18.0,10.18,False
11,False,1,Garretteed Satisfaction ,4372019,Jerome Ford,RB,RB/WR/TE,True,10.9,11.39,False
11,False,1,Garretteed Satisfaction ,4036378,Jordan Love,QB,BE,False,20.88,15.92,False
11,False,1,Garretteed Satisfaction ,-16033,Ravens D/ST,D/ST,D/ST,True,7.0,6.46,False
11,False,1,Garretteed Satisfaction ,4430878,Jaxon Smith-Njigba,WR,BE,False,5.5,7.83,False
11,False,1,Garretteed Satisfaction ,-16023,Steelers D/ST,D/ST,BE,False,8.0,7.57,False
11,False,1,Garretteed Satisfaction ,2468609,Taysom Hill,TE,BE,False,0.0,0.0,True
11,False,1,Garretteed Satisfaction ,4360234,Evan McPherson,K,K,True,9.0,8.12,False
11,False,1,Garretteed Satisfaction ,3915486,Tyler Conklin,TE,TE,True,2.8,6.01,False
12,False,2,Pour One Out For Mahomies!!,4241457,Najee Harris,RB,RB/WR/TE,True,15.9,11.17,False
12,False,2,Pour One Out For Mahomies!!,3139477,Patrick Mahomes,QB,QB,True,20.82,18.13,False
12,False,2,Pour One Out For Mahomies!!,4239993,Tee Higgins,WR,BE,False,0.0,0.0,False
12,False,2,Pour One Out For Mahomies!!,4427366,Breece Hall,RB,RB,True,8.4,13.38,False
12,False,2,Pour One Out For Mahomies!!,3915416,DJ Moore,WR,WR,True,16.9,11.94,False
12,False,2,Pour One Out For Mahomies!!,3040151,George Kittle,TE,TE,True,3.4,10.66,False
12,False,2,Pour One Out For Mahomies!!,2577327,Tyler Lockett,WR,WR,True,5.5,11.32,False
12,False,2,Pour One Out For Mahomies!!,4239934,AJ Dillon,RB,RB,True,9.6,10.8,False
12,False,2,Pour One Out For Mahomies!!,3120348,JuJu Smith-Schuster,WR,BE,False,2.0,4.04,False
12,False,2,Pour One Out For Mahomies!!,-16020,Jets D/ST,D/ST,D/ST,True,12.0,3.98,False
12,False,2,Pour One Out For Mahomies!!,3915189,Roquan Smith,LB,DP,True,10.0,10.79,False
12,False,2,Pour One Out For Mahomies!!,3122976,Jeff Wilson Jr.,RB,BE,False,8.8,8.84,False
12,False,2,Pour One Out For Mahomies!!,3117256,Dalton Schultz,TE,BE,False,0.7,8.81,False
12,False,2,Pour One Out For Mahomies!!,4685720,Bryce Young,QB,BE,False,8.06,13.85,False
12,False,2,Pour One Out For Mahomies!!,4361432,Romeo Doubs,WR,BE,False,5.2,7.99,False
12,False,2,Pour One Out For Mahomies!!,4421446,Craig Reynolds,RB,BE,False,0.0,0.0,False
12,False,2,Pour One Out For Mahomies!!,4243371,Riley Patterson,K,K,True,0.0,8.35,False
12,False,10,Amon-Ra Dog,3117251,Christian McCaffrey,RB,RB,True,28.4,20.72,False
12,False,10,Amon-Ra Dog,4374302,Amon-Ra St. Brown,WR,WR,True,14.0,14.97,False
12,False,10,Amon-Ra Dog,4241478,DeVonta Smith,WR,WR,True,21.1,10.31,False
12,False,10,Amon-Ra Dog,4241463,Jerry Jeudy,WR,BE,False,2.1,8.16,False
12,False,10,Amon-Ra Dog,4697815,Rachaad White,RB,RB/WR/TE,True,12.0,13.15,False
12,False,10,Amon-Ra Dog,4035886,Khalil Herbert,RB,BE,False,4.8,12.67,False
12,False,10,Amon-Ra Dog,4360248,Kyle Pitts,TE,BE,False,3.2,7.25,False
12,False,10,Amon-Ra Dog,4426354,George Pickens,WR,BE,False,7.3,7.98,False
12,False,10,Amon-Ra Dog,3051926,Gus Edwards,RB,RB,True,4.2,10.58,False
12,False,10,Amon-Ra Dog,4361741,Brock Purdy,QB,QB,True,10.46,19.11,False
12,False,10,Amon-Ra Dog,-16018,Saints D/ST,D/ST,D/ST,True,3.0,6.28,False
12,False,10,Amon-Ra Dog,4038524,Gardner Minshew,QB,BE,False,14.64,13.35,False
12,False,10,Amon-Ra Dog,4032473,Rashid Shaheed,WR,BE,False,1.9,8.99,False
12,False,10,Amon-Ra Dog,4427095,DeMario Douglas,WR,BE,False,7.9,9.03,False
12,False,10,Amon-Ra Dog,4243331,Cade Otton,TE,TE,True,6.5,6.39,False
12,False,10,Amon-Ra Dog,3975763,Greg Joseph,K,K,True,4.0,7.58,False
12,False,10,Amon-Ra Dog,3919117,Azeez Al-Shaair,LB,DP,True,8.0,9.34,False
12,False,3,Jim Ward's Ole Dick Necks,4262921,Justin Jefferson,WR,BE,False,0.0,0.0,False
12,False,3,Jim Ward's Ole Dick Necks,3042519,Aaron Jones,RB,BE,False,0.0,0.0,False
12,False,3,Jim Ward's Ole Dick Necks,4040715,Jalen Hurts,QB,QB,True,34.5,22.34,False
12,False,3,Jim Ward's Ole Dick Necks,4048244,Alexander Mattison,RB,RB,True,7.3,10.23,False
12,False,3,Jim Ward's Ole Dick Necks,15795,DeAndre Hopkins,WR,WR,True,6.4,11.31,False
12,False,3,Jim Ward's Ole Dick Necks,4361529,Isiah Pacheco,RB,RB,True,23.4,12.77,False
12,False,3,Jim Ward's Ole Dick Necks,4361409,Jahan Dotson,WR,BE,False,7.7,6.97,False
12,False,3,Jim Ward's Ole Dick Necks,4385690,Dalton Kincaid,TE,TE,True,6.3,10.56,False
12,False,3,Jim Ward's Ole Dick Necks,4258595,Cole Kmet,TE,RB/WR/TE,True,7.8,7.83,False
12,False,3,Jim Ward's Ole Dick Necks,4688813,Josh Downs,WR,WR,True,7.8,8.51,False
12,False,3,Jim Ward's Ole Dick Necks,3124679,Jason Sanders,K,K,True,13.0,7.68,False
12,False,3,Jim Ward's Ole Dick Necks,3045144,Tyler Boyd,WR,BE,False,3.8,7.55,False
12,False,3,Jim Ward's Ole Dick Necks,2565969,Taylor Heinicke,QB,BE,False,0.0,0.0,False
12,False,3,Jim Ward's Ole Dick Necks,-16011,Colts D/ST,D/ST,BE,False,12.0,5.86,False
12,False,3,Jim Ward's Ole Dick Necks,3121409,Noah Brown,WR,BE,False,0.0,0.0,False
12,False,3,Jim Ward's Ole Dick Necks,-16034,Texans D/ST,D/ST,D/ST,True,-1.0,5.59,False
12,False,3,Jim Ward's Ole Dick Necks,4243181,Nate Landman,LB,DP,True,4.0,10.19,False
12,False,6,Thom-ASS,15847,Travis Kelce,TE,TE,True,12.1,12.4,False
12,False,6,Thom-ASS,2976212,Stefon Diggs,WR,WR,True,16.4,14.21,False
12,False,6,Thom-ASS,3916387,Lamar Jackson,QB,QB,True,14.98,22.27,False
12,False,6,Thom-ASS,4360238,Dameon Pierce,RB,IR,False,2.3,6.53,False
12,False,6,Thom-ASS,3045147,James Conner,RB,RB,True,5.2,13.62,False
12,False,6,Thom-ASS,16737,Mike Evans,WR,RB/WR/TE,True,22.0,12.72,False
12,False,6,Thom-ASS,4241372,Marquise Brown,WR,WR,True,11.8,9.82,False
12,False,6,Thom-ASS,4429615,Zay Flowers,WR,BE,False,20.7,10.61,False
12,False,6,Thom-ASS,-16006,Cowboys D/ST,D/ST,D/ST,True,14.0,8.74,False
12,False,6,Thom-ASS,3121544,T.J. Edwards,LB,DP,True,8.0,11.43,False
12,False,6,Thom-ASS,4432577,C.J. Stroud,QB,BE,False,30.86,18.48,False
12,False,6,Thom-ASS,3051392,Ezekiel Elliott,RB,RB,True,6.2,7.35,False
12,False,6,Thom-ASS,-16005,Browns D/ST,D/ST,BE,False,5.0,7.44,False
12,False,6,Thom-ASS,10621,Nick Folk,K,K,True,7.0,8.49,False
12,False,6,Thom-ASS,4360294,Antonio Gibson,RB,BE,False,5.2,5.08,False
12,False,6,Thom-ASS,4039359,Darrell Henderson Jr.,RB,BE,False,0.0,0.0,False
12,False,6,Thom-ASS,15920,Latavius Murray,RB,BE,False,6.3,5.35,False
12,False,6,Thom-ASS,4362249,Jayden Reed,WR,BE,False,13.0,9.61,False
12,False,8,SCLSU Mud Dogs,2977187,Cooper Kupp,WR,WR,True,3.3,12.82,False
12,False,8,SCLSU Mud Dogs,3116406,Tyreek Hill,WR,WR,True,21.9,17.54,False
12,False,8,SCLSU Mud Dogs,4569173,Rhamondre Stevenson,RB,RB,True,19.2,12.66,False
12,False,8,SCLSU Mud Dogs,4241474,Brian Robinson Jr.,RB,RB,True,7.4,11.06,False
12,False,8,SCLSU Mud Dogs,3932905,Diontae Johnson,WR,BE,False,7.0,9.43,False
12,False,8,SCLSU Mud Dogs,16720,C.J. Mosley,LB,DP,True,14.0,9.75,False
12,False,8,SCLSU Mud Dogs,4430737,Kyren Williams,RB,RB/WR/TE,True,35.4,13.72,False
12,False,8,SCLSU Mud Dogs,4430027,Sam LaPorta,TE,TE,True,15.2,8.66,False
12,False,8,SCLSU Mud Dogs,-16012,Chiefs D/ST,D/ST,D/ST,True,1.0,7.72,False
12,False,8,SCLSU Mud Dogs,3046779,Jared Goff,QB,QB,True,18.18,15.53,False
12,False,8,SCLSU Mud Dogs,16339,Brandon McManus,K,K,True,13.0,7.75,False
12,False,8,SCLSU Mud Dogs,4569987,Jaylen Warren,RB,BE,False,5.7,11.27,False
12,False,8,SCLSU Mud Dogs,4426385,Zach Charbonnet,RB,BE,False,7.8,12.53,False
12,False,8,SCLSU Mud Dogs,3059722,Zay Jones,WR,BE,False,1.5,6.73,False
12,False,8,SCLSU Mud Dogs,4428557,Tyjae Spears,RB,BE,False,1.2,7.74,False
12,False,8,SCLSU Mud Dogs,4373678,Khalil Shakir,WR,BE,False,6.2,6.64,False
12,False,8,SCLSU Mud Dogs,12483,Matthew Stafford,QB,BE,False,23.36,13.06,False
12,False,5,You Can Chuck the Tubb,3116385,Joe Mixon,RB,RB,True,7.0,14.85,False
12,False,5,You Can Chuck the Tubb,3126486,Deebo Samuel,WR,WR,True,18.9,12.18,False
12,False,5,You Can Chuck the Tubb,2976499,Amari Cooper,WR,BE,False,2.6,9.28,False
12,False,5,You Can Chuck the Tubb,4035687,Michael Pittman Jr.,WR,RB/WR/TE,True,15.7,11.97,False
12,False,5,You Can Chuck the Tubb,15683,Justin Tucker,K,K,True,9.0,8.75,False
12,False,5,You Can Chuck the Tubb,4426515,Puka Nacua,WR,WR,True,4.7,11.44,False
12,False,5,You Can Chuck the Tubb,-16026,Seahawks D/ST,D/ST,BE,False,7.0,3.0,False
12,False,5,You Can Chuck the Tubb,3125116,D'Onta Foreman,RB,BE,False,0.0,0.0,False
12,False,5,You Can Chuck the Tubb,-16019,Giants D/ST,D/ST,D/ST,True,13.0,7.11,False
12,False,5,You Can Chuck the Tubb,4361307,Trey McBride,TE,TE,True,9.5,8.87,False
12,False,5,You Can Chuck the Tubb,4040761,Devin Singletary,RB,RB,True,10.2,9.67,False
12,False,5,You Can Chuck the Tubb,3917315,Kyler Murray,QB,QB,True,20.44,17.98,False
12,False,5,You Can Chuck the Tubb,3044720,Joshua Dobbs,QB,BE,False,4.5,16.63,False
12,False,5,You Can Chuck the Tubb,4596334,Keaton Mitchell,RB,BE,False,9.9,7.09,False
12,False,5,You Can Chuck the Tubb,4242431,Ty Chandler,RB,BE,False,1.6,6.47,False
12,False,5,You Can Chuck the Tubb,15965,Dustin Hopkins,K,BE,False,6.0,7.1,False
12,False,5,You Can Chuck the Tubb,4379416,Quay Walker,LB,DP,True,6.0,10.41,False
12,False,4,King Me,3043078,Derrick Henry,RB,RB,True,20.1,13.87,False
12,False,4,King Me,16800,Davante Adams,WR,WR,True,9.8,12.35,False
12,False,4,King Me,4239996,Travis Etienne Jr.,RB,RB,True,10.6,13.48,False
12,False,4,King Me,4038941,Justin Herbert,QB,QB,True,13.38,18.63,False
12,False,4,King Me,15818,Keenan Allen,WR,WR,True,15.6,16.08,False
12,False,4,King Me,3121023,Dallas Goedert,TE,BE,False,0.0,0.0,False
12,False,4,King Me,3045138,Mike Williams,WR,IR,False,0.0,0.0,False
12,False,4,King Me,16731,Brandin Cooks,WR,BE,False,15.2,8.48,False
12,False,4,King Me,3115394,DJ Chark Jr.,WR,BE,False,4.9,5.91,False
12,False,4,King Me,3916433,Jakobi Meyers,WR,BE,False,17.1,5.89,False
12,False,4,King Me,2576414,Raheem Mostert,RB,RB/WR/TE,True,21.4,13.42,False
12,False,4,King Me,-16015,Dolphins D/ST,D/ST,D/ST,True,23.0,8.65,False
12,False,4,King Me,4372485,Rondale Moore,WR,BE,False,4.5,6.9,False
12,False,4,King Me,3050478,Jake Elliott,K,BE,False,9.0,8.72,False
12,False,4,King Me,3123076,David Njoku,TE,TE,True,8.9,9.58,False
12,False,4,King Me,4372576,Jack Sanborn,LB,BE,False,2.0,4.66,False
12,False,4,King Me,4362081,Cameron Dicker,K,K,True,4.0,8.3,False
12,False,4,King Me,2987743,Elandon Roberts,LB,DP,True,6.0,10.41,False
12,False,9,Men of Will,3068267,Austin Ekeler,RB,RB,True,6.9,16.09,False
12,False,9,Men of Will,4047365,Josh Jacobs,RB,RB,True,20.5,13.76,False
12,False,9,Men of Will,3918298,Josh Allen,QB,QB,True,39.66,20.87,False
12,False,9,Men of Will,3925357,Calvin Ridley,WR,WR,True,19.4,11.2,False
12,False,9,Men of Will,4248528,Christian Watson,WR,BE,False,17.9,9.66,False
12,False,9,Men of Will,3116165,Chris Godwin,WR,BE,False,6.0,9.63,False
12,False,9,Men of Will,4259545,D'Andre Swift,RB,RB/WR/TE,True,8.9,14.1,False
12,False,9,Men of Will,3128429,Courtland Sutton,WR,BE,False,7.6,9.36,False
12,False,9,Men of Will,2976316,Michael Thomas,WR,IR,False,0.0,0.0,False
12,False,9,Men of Will,16460,Adam Thielen,WR,WR,True,0.7,12.33,False
12,False,9,Men of Will,-16002,Bills D/ST,D/ST,D/ST,True,2.0,5.05,False
12,False,9,Men of Will,3124005,Zaire Franklin,LB,BE,False,7.0,11.2,False
12,False,9,Men of Will,4249087,Matt Gay,K,BE,False,9.0,8.32,False
12,False,9,Men of Will,14881,Russell Wilson,QB,BE,False,16.76,14.42,False
12,False,9,Men of Will,16813,Logan Thomas,TE,TE,True,2.5,7.42,False
12,False,9,Men of Will,4372066,Jake Moody,K,K,True,7.0,8.42,False
12,False,9,Men of Will,2612151,Alex Singleton,LB,DP,True,12.0,11.34,False
12,False,9,Men of Will,4361050,Isaiah Likely,TE,BE,False,6.0,6.83,False
12,False,12,Rule  #76,4362628,Ja'Marr Chase,WR,WR,True,11.1,13.6,False
12,False,12,Rule  #76,4047646,A.J. Brown,WR,WR,True,12.2,15.65,False
12,False,12,Rule  #76,4429795,Jahmyr Gibbs,RB,RB,True,9.3,14.14,False
12,False,12,Rule  #76,4360310,Trevor Lawrence,QB,QB,True,24.56,17.1,False
12,False,12,Rule  #76,4567048,Kenneth Walker III,RB,BE,False,0.0,0.0,False
12,False,12,Rule  #76,3121422,Terry McLaurin,WR,RB/WR/TE,True,7.0,11.21,False
12,False,12,Rule  #76,14979,Bobby Wagner,LB,DP,True,8.0,9.79,False
12,False,12,Rule  #76,4242355,Jake Ferguson,TE,TE,True,4.0,9.14,False
12,False,12,Rule  #76,4035676,Zack Moss,RB,BE,False,8.0,5.77,False
12,False,12,Rule  #76,3059915,Kareem Hunt,RB,RB,True,2.2,8.9,False
12,False,12,Rule  #76,3916566,K.J. Osborn,WR,BE,False,6.9,6.11,False
12,False,12,Rule  #76,3116365,Mark Andrews,TE,IR,False,0.0,0.0,False
12,False,12,Rule  #76,4428331,Rashee Rice,WR,BE,False,20.7,7.29,False
12,False,12,Rule  #76,16757,Derek Carr,QB,BE,False,10.86,15.01,False
12,False,12,Rule  #76,3122672,Royce Freeman,RB,BE,False,13.7,7.14,False
12,False,12,Rule  #76,-16016,Vikings D/ST,D/ST,D/ST,True,10.0,7.89,False
12,False,12,Rule  #76,3917232,Tyler Bass,K,K,True,10.0,8.26,False
12,False,1,Garretteed Satisfaction ,3916148,Tony Pollard,RB,RB,True,19.3,14.33,False
12,False,1,Garretteed Satisfaction ,4569618,Garrett Wilson,WR,BE,False,13.9,12.34,False
12,False,1,Garretteed Satisfaction ,4361370,Chris Olave,WR,BE,False,14.9,12.25,False
12,False,1,Garretteed Satisfaction ,4047650,DK Metcalf,WR,WR,True,4.7,13.2,False
12,False,1,Garretteed Satisfaction ,2576925,Darren Waller,TE,IR,False,0.0,0.0,False
12,False,1,Garretteed Satisfaction ,4379399,James Cook,RB,BE,False,13.0,11.25,False
12,False,1,Garretteed Satisfaction ,3054850,Alvin Kamara,RB,RB,True,13.9,14.67,False
12,False,1,Garretteed Satisfaction ,2577417,Dak Prescott,QB,QB,True,32.24,22.8,False
12,False,1,Garretteed Satisfaction ,4258173,Nico Collins,WR,WR,True,19.9,12.47,False
12,False,1,Garretteed Satisfaction ,3117253,Bobby Okereke,LB,DP,True,10.0,10.1,False
12,False,1,Garretteed Satisfaction ,4372019,Jerome Ford,RB,RB/WR/TE,True,9.9,11.91,False
12,False,1,Garretteed Satisfaction ,4036378,Jordan Love,QB,BE,False,26.62,16.03,False
12,False,1,Garretteed Satisfaction ,4430878,Jaxon Smith-Njigba,WR,BE,False,5.1,7.48,False
12,False,1,Garretteed Satisfaction ,-16023,Steelers D/ST,D/ST,D/ST,True,11.0,7.19,False
12,False,1,Garretteed Satisfaction ,2468609,Taysom Hill,TE,TE,True,7.1,8.56,False
12,False,1,Garretteed Satisfaction ,4360234,Evan McPherson,K,K,True,5.0,7.53,False
12,False,1,Garretteed Satisfaction ,3915486,Tyler Conklin,TE,BE,False,5.3,5.23,False
12,False,1,Garretteed Satisfaction ,4259166,Terrel Bernard,LB,BE,False,7.0,10.44,False
12,False,11,Bijan mustard,4430807,Bijan Robinson,RB,RB,True,25.8,13.08,False
12,False,11,Bijan mustard,4242335,Jonathan Taylor,RB,RB/WR/TE,True,21.1,17.58,False
12,False,11,Bijan mustard,4372016,Jaylen Waddle,WR,WR,True,15.4,11.56,False
12,False,11,Bijan mustard,3895856,Christian Kirk,WR,WR,True,10.9,10.91,False
12,False,11,Bijan mustard,4035538,David Montgomery,RB,RB,True,15.1,13.75,False
12,False,11,Bijan mustard,-16025,49ers D/ST,D/ST,BE,False,15.0,5.9,False
12,False,11,Bijan mustard,16733,Odell Beckham Jr.,WR,BE,False,4.9,8.33,False
12,False,11,Bijan mustard,4429160,De'Von Achane,RB,BE,False,0.0,0.0,False
12,False,11,Bijan mustard,4429205,Jordan Addison,WR,BE,False,7.9,10.35,False
12,False,11,Bijan mustard,3051876,Evan Engram,TE,TE,True,7.4,8.79,False
12,False,11,Bijan mustard,4426875,Sam Howell,QB,QB,True,17.3,16.68,False
12,False,11,Bijan mustard,3052587,Baker Mayfield,QB,BE,False,13.36,16.43,False
12,False,11,Bijan mustard,3138826,Fred Warner,LB,DP,True,6.0,10.16,False
12,False,11,Bijan mustard,3953687,Brandon Aubrey,K,K,True,9.0,8.81,False
12,False,11,Bijan mustard,-16013,Raiders D/ST,D/ST,BE,False,-1.0,4.11,False
12,False,11,Bijan mustard,4722893,Jaleel McLaughlin,RB,BE,False,0.4,4.57,False
12,False,11,Bijan mustard,-16007,Broncos D/ST,D/ST,D/ST,True,17.0,7.12,False
12,False,13,Christopher's Kryptonite ,3929630,Saquon Barkley,RB,RB,True,5.7,14.74,False
12,False,13,Christopher's Kryptonite ,4241389,CeeDee Lamb,WR,WR,True,15.3,18.62,False
12,False,13,Christopher's Kryptonite ,4362887,Justin Fields,QB,QB,True,10.58,17.43,False
12,False,13,Christopher's Kryptonite ,4045163,Miles Sanders,RB,BE,False,2.8,7.52,False
12,False,13,Christopher's Kryptonite ,4426502,Drake London,WR,BE,False,11.6,8.88,False
12,False,13,Christopher's Kryptonite ,4360438,Brandon Aiyuk,WR,RB/WR/TE,True,12.0,13.74,False
12,False,13,Christopher's Kryptonite ,4243537,Gabe Davis,WR,BE,False,19.5,8.36,False
12,False,13,Christopher's Kryptonite ,3050073,Foyesade Oluokun,LB,DP,True,11.0,11.26,False
12,False,13,Christopher's Kryptonite ,4241479,Tua Tagovailoa,QB,BE,False,7.82,16.47,False
12,False,13,Christopher's Kryptonite ,4241416,Chuba Hubbard,RB,BE,False,17.7,8.6,False
12,False,13,Christopher's Kryptonite ,4366031,Tank Dell,WR,WR,True,14.7,13.24,False
12,False,13,Christopher's Kryptonite ,4361579,Javonte Williams,RB,RB,True,8.6,12.5,False
12,False,13,Christopher's Kryptonite ,4036133,T.J. Hockenson,TE,TE,True,13.5,10.1,False
12,False,13,Christopher's Kryptonite ,4373626,Tyler Allgeier,RB,BE,False,7.4,7.7,False
12,False,13,Christopher's Kryptonite ,3055899,Harrison Butker,K,K,True,7.0,7.75,False
12,False,13,Christopher's Kryptonite ,4361411,Pat Freiermuth,TE,BE,False,16.5,6.27,False
12,False,13,Christopher's Kryptonite ,-16017,Patriots D/ST,D/ST,D/ST,True,13.0,8.39,False
13,False,6,Thom-ASS,15847,Travis Kelce,TE,TE,True,10.1,12.41,False
13,False,6,Thom-ASS,2976212,Stefon Diggs,WR,BE,False,0.0,0.0,True
13,False,6,Thom-ASS,3916387,Lamar Jackson,QB,BE,False,0.0,0.0,True
13,False,6,Thom-ASS,3045147,James Conner,RB,RB,True,22.5,11.16,False
13,False,6,Thom-ASS,16737,Mike Evans,WR,RB/WR/TE,True,26.7,12.53,False
13,False,6,Thom-ASS,4241372,Marquise Brown,WR,WR,True,0.0,10.8,False
13,False,6,Thom-ASS,4429615,Zay Flowers,WR,BE,False,0.0,0.0,True
13,False,6,Thom-ASS,-16006,Cowboys D/ST,D/ST,D/ST,True,-3.0,6.71,False
13,False,6,Thom-ASS,3121544,T.J. Edwards,LB,BE,False,0.0,0.0,True
13,False,6,Thom-ASS,4432577,C.J. Stroud,QB,QB,True,16.06,19.82,False
13,False,6,Thom-ASS,3051392,Ezekiel Elliott,RB,BE,False,11.2,6.57,False
13,False,6,Thom-ASS,-16005,Browns D/ST,D/ST,BE,False,-2.0,5.28,False
13,False,6,Thom-ASS,10621,Nick Folk,K,K,True,9.0,8.33,False
13,False,6,Thom-ASS,4039359,Darrell Henderson Jr.,RB,BE,False,0.0,0.0,False
13,False,6,Thom-ASS,4362249,Jayden Reed,WR,WR,True,3.6,8.47,False
13,False,6,Thom-ASS,3926229,Cody Barton,LB,DP,True,11.0,9.36,False
13,False,6,Thom-ASS,3116389,Samaje Perine,RB,RB,True,1.6,6.13,False
13,False,2,Pour One Out For Mahomies!!,4241457,Najee Harris,RB,RB/WR/TE,True,8.7,12.1,False
13,False,2,Pour One Out For Mahomies!!,3139477,Patrick Mahomes,QB,QB,True,13.0,19.02,False
13,False,2,Pour One Out For Mahomies!!,4239993,Tee Higgins,WR,WR,True,5.1,9.0,False
13,False,2,Pour One Out For Mahomies!!,4427366,Breece Hall,RB,RB,True,7.5,14.17,False
13,False,2,Pour One Out For Mahomies!!,3915416,DJ Moore,WR,BE,False,0.0,0.0,True
13,False,2,Pour One Out For Mahomies!!,3040151,George Kittle,TE,TE,True,8.8,10.87,False
13,False,2,Pour One Out For Mahomies!!,2577327,Tyler Lockett,WR,WR,True,8.2,10.9,False
13,False,2,Pour One Out For Mahomies!!,4239934,AJ Dillon,RB,RB,True,9.2,10.94,False
13,False,2,Pour One Out For Mahomies!!,3120348,JuJu Smith-Schuster,WR,BE,False,1.6,5.64,False
13,False,2,Pour One Out For Mahomies!!,-16020,Jets D/ST,D/ST,D/ST,True,11.0,6.31,False
13,False,2,Pour One Out For Mahomies!!,3915189,Roquan Smith,LB,BE,False,0.0,0.0,True
13,False,2,Pour One Out For Mahomies!!,3122976,Jeff Wilson Jr.,RB,BE,False,1.1,2.99,False
13,False,2,Pour One Out For Mahomies!!,3117256,Dalton Schultz,TE,BE,False,0.0,0.0,False
13,False,2,Pour One Out For Mahomies!!,4685720,Bryce Young,QB,BE,False,7.12,13.0,False
13,False,2,Pour One Out For Mahomies!!,4361432,Romeo Doubs,WR,BE,False,9.2,7.76,False
13,False,2,Pour One Out For Mahomies!!,4243371,Riley Patterson,K,K,True,9.0,8.11,False
13,False,2,Pour One Out For Mahomies!!,3116187,Ja'Whaun Bentley,LB,DP,True,8.0,9.03,False
13,False,5,You Can Chuck the Tubb,3116385,Joe Mixon,RB,RB,True,26.7,12.97,False
13,False,5,You Can Chuck the Tubb,3126486,Deebo Samuel,WR,WR,True,33.8,13.6,False
13,False,5,You Can Chuck the Tubb,2976499,Amari Cooper,WR,BE,False,4.9,9.16,False
13,False,5,You Can Chuck the Tubb,4035687,Michael Pittman Jr.,WR,RB/WR/TE,True,22.0,12.89,False
13,False,5,You Can Chuck the Tubb,15683,Justin Tucker,K,BE,False,0.0,0.0,True
13,False,5,You Can Chuck the Tubb,4426515,Puka Nacua,WR,WR,True,21.9,10.32,False
13,False,5,You Can Chuck the Tubb,3125116,D'Onta Foreman,RB,BE,False,0.0,0.0,True
13,False,5,You Can Chuck the Tubb,4361307,Trey McBride,TE,TE,True,18.9,8.71,False
13,False,5,You Can Chuck the Tubb,4040761,Devin Singletary,RB,RB,True,4.5,10.22,False
13,False,5,You Can Chuck the Tubb,3917315,Kyler Murray,QB,QB,True,11.8,16.6,False
13,False,5,You Can Chuck the Tubb,3044720,Joshua Dobbs,QB,BE,False,0.0,0.0,True
13,False,5,You Can Chuck the Tubb,4596334,Keaton Mitchell,RB,BE,False,0.0,0.0,True
13,False,5,You Can Chuck the Tubb,4242431,Ty Chandler,RB,BE,False,0.0,0.0,True
13,False,5,You Can Chuck the Tubb,15965,Dustin Hopkins,K,K,True,8.0,7.0,False
13,False,5,You Can Chuck the Tubb,4379416,Quay Walker,LB,DP,True,13.0,9.58,False
13,False,5,You Can Chuck the Tubb,-16027,Buccaneers D/ST,D/ST,D/ST,True,8.0,6.97,False
13,False,5,You Can Chuck the Tubb,3918639,Gerald Everett,TE,BE,False,6.4,4.87,False
13,False,3,Jim Ward's Ole Dick Necks,4262921,Justin Jefferson,WR,BE,False,0.0,0.0,True
13,False,3,Jim Ward's Ole Dick Necks,3042519,Aaron Jones,RB,BE,False,0.0,0.0,False
13,False,3,Jim Ward's Ole Dick Necks,4040715,Jalen Hurts,QB,QB,True,23.92,21.16,False
13,False,3,Jim Ward's Ole Dick Necks,4048244,Alexander Mattison,RB,BE,False,0.0,0.0,True
13,False,3,Jim Ward's Ole Dick Necks,15795,DeAndre Hopkins,WR,WR,True,16.4,10.89,False
13,False,3,Jim Ward's Ole Dick Necks,4361529,Isiah Pacheco,RB,RB,True,19.8,14.48,False
13,False,3,Jim Ward's Ole Dick Necks,4361409,Jahan Dotson,WR,BE,False,3.3,6.77,False
13,False,3,Jim Ward's Ole Dick Necks,4385690,Dalton Kincaid,TE,BE,False,0.0,0.0,True
13,False,3,Jim Ward's Ole Dick Necks,4258595,Cole Kmet,TE,BE,False,0.0,0.0,True
13,False,3,Jim Ward's Ole Dick Necks,4688813,Josh Downs,WR,WR,True,2.9,9.2,False
13,False,3,Jim Ward's Ole Dick Necks,3124679,Jason Sanders,K,K,True,10.0,8.24,False
13,False,3,Jim Ward's Ole Dick Necks,3121409,Noah Brown,WR,BE,False,0.0,7.27,False
13,False,3,Jim Ward's Ole Dick Necks,-16034,Texans D/ST,D/ST,D/ST,True,12.0,6.07,False
13,False,3,Jim Ward's Ole Dick Necks,3121427,Curtis Samuel,WR,RB/WR/TE,True,8.5,8.61,False
13,False,3,Jim Ward's Ole Dick Necks,3929645,Juwan Johnson,TE,TE,True,0.0,6.98,False
13,False,3,Jim Ward's Ole Dick Necks,3129310,Drue Tranquill,LB,DP,True,2.0,9.66,False
13,False,3,Jim Ward's Ole Dick Necks,4039358,Patrick Taylor,RB,RB,True,2.9,4.92,False
13,False,9,Men of Will,3068267,Austin Ekeler,RB,RB,True,3.7,15.77,False
13,False,9,Men of Will,4047365,Josh Jacobs,RB,BE,False,0.0,0.0,True
13,False,9,Men of Will,3918298,Josh Allen,QB,BE,False,0.0,0.0,True
13,False,9,Men of Will,3925357,Calvin Ridley,WR,WR,True,5.3,11.29,False
13,False,9,Men of Will,4248528,Christian Watson,WR,BE,False,24.1,9.56,False
13,False,9,Men of Will,3116165,Chris Godwin,WR,BE,False,7.9,9.49,False
13,False,9,Men of Will,4259545,D'Andre Swift,RB,RB,True,3.0,12.6,False
13,False,9,Men of Will,3128429,Courtland Sutton,WR,WR,True,14.7,11.01,False
13,False,9,Men of Will,2976316,Michael Thomas,WR,IR,False,0.0,0.0,False
13,False,9,Men of Will,16460,Adam Thielen,WR,RB/WR/TE,True,4.0,11.39,False
13,False,9,Men of Will,-16002,Bills D/ST,D/ST,BE,False,0.0,0.0,True
13,False,9,Men of Will,3124005,Zaire Franklin,LB,BE,False,6.0,10.42,False
13,False,9,Men of Will,4249087,Matt Gay,K,BE,False,14.0,8.3,False
13,False,9,Men of Will,14881,Russell Wilson,QB,QB,True,15.84,16.87,False
13,False,9,Men of Will,16813,Logan Thomas,TE,TE,True,2.0,7.27,False
13,False,9,Men of Will,4372066,Jake Moody,K,K,True,6.0,8.4,False
13,False,9,Men of Will,2612151,Alex Singleton,LB,DP,True,14.0,10.56,False
13,False,9,Men of Will,-16010,Titans D/ST,D/ST,D/ST,True,7.0,5.0,False
13,False,8,SCLSU Mud Dogs,2977187,Cooper Kupp,WR,WR,True,12.9,10.61,False
13,False,8,SCLSU Mud Dogs,3116406,Tyreek Hill,WR,WR,True,29.8,19.67,False
13,False,8,SCLSU Mud Dogs,4569173,Rhamondre Stevenson,RB,RB,True,2.4,14.12,False
13,False,8,SCLSU Mud Dogs,4241474,Brian Robinson Jr.,RB,BE,False,5.3,10.18,False
13,False,8,SCLSU Mud Dogs,3932905,Diontae Johnson,WR,BE,False,11.3,9.8,False
13,False,8,SCLSU Mud Dogs,16720,C.J. Mosley,LB,DP,True,5.0,10.47,False
13,False,8,SCLSU Mud Dogs,4430737,Kyren Williams,RB,RB/WR/TE,True,18.7,15.44,False
13,False,8,SCLSU Mud Dogs,4430027,Sam LaPorta,TE,TE,True,24.5,9.51,False
13,False,8,SCLSU Mud Dogs,-16012,Chiefs D/ST,D/ST,D/ST,True,1.0,5.78,False
13,False,8,SCLSU Mud Dogs,3046779,Jared Goff,QB,QB,True,16.32,15.38,False
13,False,8,SCLSU Mud Dogs,16339,Brandon McManus,K,K,True,8.0,7.96,False
13,False,8,SCLSU Mud Dogs,4569987,Jaylen Warren,RB,RB,True,6.0,12.38,False
13,False,8,SCLSU Mud Dogs,4426385,Zach Charbonnet,RB,BE,False,16.4,12.19,False
13,False,8,SCLSU Mud Dogs,3059722,Zay Jones,WR,BE,False,10.3,6.13,False
13,False,8,SCLSU Mud Dogs,4428557,Tyjae Spears,RB,BE,False,10.8,7.15,False
13,False,8,SCLSU Mud Dogs,4373678,Khalil Shakir,WR,BE,False,0.0,0.0,True
13,False,8,SCLSU Mud Dogs,12483,Matthew Stafford,QB,BE,False,22.96,12.19,False
13,False,1,Garretteed Satisfaction ,3916148,Tony Pollard,RB,RB,True,15.8,15.45,False
13,False,1,Garretteed Satisfaction ,4569618,Garrett Wilson,WR,BE,False,7.5,12.17,False
13,False,1,Garretteed Satisfaction ,4361370,Chris Olave,WR,RB/WR/TE,True,14.4,13.61,False
13,False,1,Garretteed Satisfaction ,4047650,DK Metcalf,WR,WR,True,34.4,12.64,False
13,False,1,Garretteed Satisfaction ,2576925,Darren Waller,TE,IR,False,0.0,0.0,True
13,False,1,Garretteed Satisfaction ,4379399,James Cook,RB,BE,False,0.0,0.0,True
13,False,1,Garretteed Satisfaction ,3054850,Alvin Kamara,RB,RB,True,25.9,14.8,False
13,False,1,Garretteed Satisfaction ,2577417,Dak Prescott,QB,QB,True,28.26,22.4,False
13,False,1,Garretteed Satisfaction ,4258173,Nico Collins,WR,WR,True,29.6,12.75,False
13,False,1,Garretteed Satisfaction ,3117253,Bobby Okereke,LB,BE,False,0.0,0.0,True
13,False,1,Garretteed Satisfaction ,4372019,Jerome Ford,RB,BE,False,12.7,11.02,False
13,False,1,Garretteed Satisfaction ,4036378,Jordan Love,QB,BE,False,23.68,16.34,False
13,False,1,Garretteed Satisfaction ,4430878,Jaxon Smith-Njigba,WR,BE,False,9.7,6.82,False
13,False,1,Garretteed Satisfaction ,-16023,Steelers D/ST,D/ST,BE,False,4.0,5.57,False
13,False,1,Garretteed Satisfaction ,2468609,Taysom Hill,TE,TE,True,15.4,8.6,False
13,False,1,Garretteed Satisfaction ,-16030,Jaguars D/ST,D/ST,D/ST,True,-2.0,6.82,False
13,False,1,Garretteed Satisfaction ,4362851,Ernest Jones,LB,DP,True,15.0,10.43,False
13,False,1,Garretteed Satisfaction ,17372,Chris Boswell,K,K,True,3.0,8.32,False
13,False,4,King Me,3043078,Derrick Henry,RB,RB,True,24.5,14.08,False
13,False,4,King Me,16800,Davante Adams,WR,BE,False,0.0,0.0,True
13,False,4,King Me,4239996,Travis Etienne Jr.,RB,RB,True,15.9,15.09,False
13,False,4,King Me,4038941,Justin Herbert,QB,QB,True,7.98,18.64,False
13,False,4,King Me,15818,Keenan Allen,WR,WR,True,8.3,15.9,False
13,False,4,King Me,3121023,Dallas Goedert,TE,BE,False,0.0,0.0,False
13,False,4,King Me,3045138,Mike Williams,WR,IR,False,0.0,0.0,False
13,False,4,King Me,16731,Brandin Cooks,WR,WR,True,14.5,8.85,False
13,False,4,King Me,3115394,DJ Chark Jr.,WR,BE,False,7.1,5.65,False
13,False,4,King Me,3916433,Jakobi Meyers,WR,BE,False,0.0,0.0,True
13,False,4,King Me,2576414,Raheem Mostert,RB,RB/WR/TE,True,11.6,10.57,False
13,False,4,King Me,-16015,Dolphins D/ST,D/ST,D/ST,True,14.0,7.6,False
13,False,4,King Me,4372485,Rondale Moore,WR,BE,False,1.1,5.9,False
13,False,4,King Me,3050478,Jake Elliott,K,BE,False,7.0,8.58,False
13,False,4,King Me,3123076,David Njoku,TE,TE,True,2.7,10.34,False
13,False,4,King Me,4372576,Jack Sanborn,LB,BE,False,0.0,0.0,True
13,False,4,King Me,4362081,Cameron Dicker,K,K,True,6.0,8.39,False
13,False,4,King Me,2987743,Elandon Roberts,LB,DP,True,3.0,10.56,False
13,False,13,Christopher's Kryptonite ,3929630,Saquon Barkley,RB,BE,False,0.0,0.0,True
13,False,13,Christopher's Kryptonite ,4241389,CeeDee Lamb,WR,WR,True,26.6,18.24,False
13,False,13,Christopher's Kryptonite ,4362887,Justin Fields,QB,BE,False,0.0,0.0,True
13,False,13,Christopher's Kryptonite ,4045163,Miles Sanders,RB,BE,False,3.4,7.94,False
13,False,13,Christopher's Kryptonite ,4426502,Drake London,WR,BE,False,1.3,8.3,False
13,False,13,Christopher's Kryptonite ,4360438,Brandon Aiyuk,WR,RB/WR/TE,True,13.1,12.98,False
13,False,13,Christopher's Kryptonite ,4243537,Gabe Davis,WR,BE,False,0.0,0.0,True
13,False,13,Christopher's Kryptonite ,3050073,Foyesade Oluokun,LB,DP,True,13.0,10.75,False
13,False,13,Christopher's Kryptonite ,4241479,Tua Tagovailoa,QB,QB,True,19.2,18.31,False
13,False,13,Christopher's Kryptonite ,4241416,Chuba Hubbard,RB,RB,True,22.4,9.77,False
13,False,13,Christopher's Kryptonite ,4366031,Tank Dell,WR,WR,True,0.0,13.79,False
13,False,13,Christopher's Kryptonite ,4361579,Javonte Williams,RB,RB,True,8.5,11.67,False
13,False,13,Christopher's Kryptonite ,4036133,T.J. Hockenson,TE,BE,False,0.0,0.0,True
13,False,13,Christopher's Kryptonite ,4373626,Tyler Allgeier,RB,BE,False,2.6,6.55,False
13,False,13,Christopher's Kryptonite ,3055899,Harrison Butker,K,K,True,7.0,8.22,False
13,False,13,Christopher's Kryptonite ,4361411,Pat Freiermuth,TE,TE,True,4.4,7.65,False
13,False,13,Christopher's Kryptonite ,-16014,Rams D/ST,D/ST,D/ST,True,6.0,5.79,False
13,False,12,Rule  #76,4362628,Ja'Marr Chase,WR,WR,True,26.12,12.65,False
13,False,12,Rule  #76,4047646,A.J. Brown,WR,WR,True,15.4,15.02,False
13,False,12,Rule  #76,4429795,Jahmyr Gibbs,RB,RB,True,5.9,14.07,False
13,False,12,Rule  #76,4360310,Trevor Lawrence,QB,QB,True,25.12,17.67,False
13,False,12,Rule  #76,4567048,Kenneth Walker III,RB,BE,False,0.0,0.0,False
13,False,12,Rule  #76,3121422,Terry McLaurin,WR,RB/WR/TE,True,0.0,10.87,False
13,False,12,Rule  #76,14979,Bobby Wagner,LB,DP,True,14.0,10.37,False
13,False,12,Rule  #76,4242355,Jake Ferguson,TE,TE,True,16.7,8.55,False
13,False,12,Rule  #76,4035676,Zack Moss,RB,RB,True,6.7,15.42,False
13,False,12,Rule  #76,3059915,Kareem Hunt,RB,BE,False,5.3,7.91,False
13,False,12,Rule  #76,3916566,K.J. Osborn,WR,BE,False,0.0,0.0,True
13,False,12,Rule  #76,3116365,Mark Andrews,TE,IR,False,0.0,0.0,True
13,False,12,Rule  #76,4428331,Rashee Rice,WR,BE,False,10.4,8.85,False
13,False,12,Rule  #76,16757,Derek Carr,QB,BE,False,8.94,15.83,False
13,False,12,Rule  #76,3122672,Royce Freeman,RB,BE,False,0.0,6.52,False
13,False,12,Rule  #76,-16016,Vikings D/ST,D/ST,BE,False,0.0,0.0,True
13,False,12,Rule  #76,-16024,Chargers D/ST,D/ST,D/ST,True,14.0,5.71,False
13,False,12,Rule  #76,4360234,Evan McPherson,K,K,True,12.0,7.48,False
13,False,10,Amon-Ra Dog,3117251,Christian McCaffrey,RB,RB,True,20.8,20.46,False
13,False,10,Amon-Ra Dog,4374302,Amon-Ra St. Brown,WR,WR,True,11.9,15.1,False
13,False,10,Amon-Ra Dog,4241478,DeVonta Smith,WR,WR,True,20.1,10.68,False
13,False,10,Amon-Ra Dog,4241463,Jerry Jeudy,WR,BE,False,6.6,8.76,False
13,False,10,Amon-Ra Dog,4697815,Rachaad White,RB,RB,True,18.1,14.01,False
13,False,10,Amon-Ra Dog,4035886,Khalil Herbert,RB,BE,False,0.0,0.0,True
13,False,10,Amon-Ra Dog,4360248,Kyle Pitts,TE,TE,True,7.1,6.07,False
13,False,10,Amon-Ra Dog,4426354,George Pickens,WR,RB/WR/TE,True,10.6,8.08,False
13,False,10,Amon-Ra Dog,3051926,Gus Edwards,RB,BE,False,0.0,0.0,True
13,False,10,Amon-Ra Dog,4361741,Brock Purdy,QB,QB,True,29.46,18.82,False
13,False,10,Amon-Ra Dog,-16018,Saints D/ST,D/ST,BE,False,0.0,3.86,False
13,False,10,Amon-Ra Dog,4038524,Gardner Minshew,QB,BE,False,18.68,13.72,False
13,False,10,Amon-Ra Dog,4427095,DeMario Douglas,WR,BE,False,0.0,0.0,False
13,False,10,Amon-Ra Dog,4243331,Cade Otton,TE,BE,False,0.0,5.62,False
13,False,10,Amon-Ra Dog,3919117,Azeez Al-Shaair,LB,DP,True,14.0,9.16,False
13,False,10,Amon-Ra Dog,3049899,Younghoe Koo,K,K,True,8.0,7.21,False
13,False,10,Amon-Ra Dog,-16011,Colts D/ST,D/ST,D/ST,True,17.0,5.54,False
13,False,11,Bijan mustard,4430807,Bijan Robinson,RB,RB,True,9.4,13.67,False
13,False,11,Bijan mustard,4242335,Jonathan Taylor,RB,BE,False,0.0,0.0,False
13,False,11,Bijan mustard,4372016,Jaylen Waddle,WR,WR,True,7.7,12.75,False
13,False,11,Bijan mustard,3895856,Christian Kirk,WR,WR,True,3.1,10.31,False
13,False,11,Bijan mustard,4035538,David Montgomery,RB,RB,True,12.0,12.78,False
13,False,11,Bijan mustard,-16025,49ers D/ST,D/ST,BE,False,3.0,5.29,False
13,False,11,Bijan mustard,16733,Odell Beckham Jr.,WR,BE,False,0.0,0.0,True
13,False,11,Bijan mustard,4429160,De'Von Achane,RB,RB/WR/TE,True,23.8,12.07,False
13,False,11,Bijan mustard,4429205,Jordan Addison,WR,BE,False,0.0,0.0,True
13,False,11,Bijan mustard,3051876,Evan Engram,TE,TE,True,18.7,9.11,False
13,False,11,Bijan mustard,4426875,Sam Howell,QB,QB,True,19.18,16.48,False
13,False,11,Bijan mustard,3052587,Baker Mayfield,QB,BE,False,9.88,16.25,False
13,False,11,Bijan mustard,3138826,Fred Warner,LB,DP,True,4.0,10.3,False
13,False,11,Bijan mustard,3953687,Brandon Aubrey,K,K,True,15.0,8.78,False
13,False,11,Bijan mustard,-16001,Falcons D/ST,D/ST,D/ST,True,16.0,8.43,False
13,False,11,Bijan mustard,4360238,Dameon Pierce,RB,BE,False,10.1,8.38,False
13,False,11,Bijan mustard,4241401,Trey Sermon,RB,BE,False,0.0,5.59,False
14,False,2,Pour One Out For Mahomies!!,4241457,Najee Harris,RB,RB/WR/TE,True,6.3,11.16,False
14,False,2,Pour One Out For Mahomies!!,3139477,Patrick Mahomes,QB,QB,True,14.64,19.66,False
14,False,2,Pour One Out For Mahomies!!,4239993,Tee Higgins,WR,WR,True,8.2,9.2,False
14,False,2,Pour One Out For Mahomies!!,4427366,Breece Hall,RB,RB,True,22.6,12.1,False
14,False,2,Pour One Out For Mahomies!!,3915416,DJ Moore,WR,BE,False,23.8,13.03,False
14,False,2,Pour One Out For Mahomies!!,3040151,George Kittle,TE,TE,True,15.1,10.54,False
14,False,2,Pour One Out For Mahomies!!,2577327,Tyler Lockett,WR,WR,True,11.9,9.38,False
14,False,2,Pour One Out For Mahomies!!,4239934,AJ Dillon,RB,RB,True,8.8,7.17,False
14,False,2,Pour One Out For Mahomies!!,3120348,JuJu Smith-Schuster,WR,BE,False,11.0,6.84,False
14,False,2,Pour One Out For Mahomies!!,-16020,Jets D/ST,D/ST,D/ST,True,12.0,4.62,False
14,False,2,Pour One Out For Mahomies!!,3915189,Roquan Smith,LB,BE,False,10.0,10.41,False
14,False,2,Pour One Out For Mahomies!!,3122976,Jeff Wilson Jr.,RB,BE,False,0.0,0.92,False
14,False,2,Pour One Out For Mahomies!!,3117256,Dalton Schultz,TE,BE,False,0.0,0.0,False
14,False,2,Pour One Out For Mahomies!!,4685720,Bryce Young,QB,BE,False,7.48,11.79,False
14,False,2,Pour One Out For Mahomies!!,4361432,Romeo Doubs,WR,BE,False,5.2,9.01,False
14,False,2,Pour One Out For Mahomies!!,4243371,Riley Patterson,K,K,True,1.0,7.97,False
14,False,2,Pour One Out For Mahomies!!,3116187,Ja'Whaun Bentley,LB,DP,True,7.0,8.71,False
14,False,5,You Can Chuck the Tubb,3116385,Joe Mixon,RB,RB,True,20.0,13.82,False
14,False,5,You Can Chuck the Tubb,3126486,Deebo Samuel,WR,WR,True,30.5,13.93,False
14,False,5,You Can Chuck the Tubb,2976499,Amari Cooper,WR,BE,False,9.2,9.3,False
14,False,5,You Can Chuck the Tubb,4035687,Michael Pittman Jr.,WR,RB/WR/TE,True,15.5,14.32,False
14,False,5,You Can Chuck the Tubb,15683,Justin Tucker,K,K,True,12.0,8.59,False
14,False,5,You Can Chuck the Tubb,4426515,Puka Nacua,WR,WR,True,11.5,11.06,False
14,False,5,You Can Chuck the Tubb,3125116,D'Onta Foreman,RB,BE,False,8.2,4.99,False
14,False,5,You Can Chuck the Tubb,4361307,Trey McBride,TE,BE,False,0.0,0.0,True
14,False,5,You Can Chuck the Tubb,4040761,Devin Singletary,RB,RB,True,12.5,8.2,False
14,False,5,You Can Chuck the Tubb,3917315,Kyler Murray,QB,BE,False,0.0,0.0,True
14,False,5,You Can Chuck the Tubb,3044720,Joshua Dobbs,QB,QB,True,4.62,15.03,False
14,False,5,You Can Chuck the Tubb,4596334,Keaton Mitchell,RB,BE,False,6.7,7.24,False
14,False,5,You Can Chuck the Tubb,4242431,Ty Chandler,RB,BE,False,6.7,6.22,False
14,False,5,You Can Chuck the Tubb,15965,Dustin Hopkins,K,BE,False,9.0,7.32,False
14,False,5,You Can Chuck the Tubb,-16027,Buccaneers D/ST,D/ST,D/ST,True,4.0,5.95,False
14,False,5,You Can Chuck the Tubb,3918639,Gerald Everett,TE,TE,True,6.4,5.08,False
14,False,5,You Can Chuck the Tubb,3918330,Logan Wilson,LB,DP,True,10.0,9.17,False
14,False,3,Jim Ward's Ole Dick Necks,4262921,Justin Jefferson,WR,WR,True,3.7,12.89,False
14,False,3,Jim Ward's Ole Dick Necks,3042519,Aaron Jones,RB,BE,False,0.0,0.0,False
14,False,3,Jim Ward's Ole Dick Necks,4040715,Jalen Hurts,QB,QB,True,8.88,21.95,False
14,False,3,Jim Ward's Ole Dick Necks,4048244,Alexander Mattison,RB,RB,True,6.6,9.93,False
14,False,3,Jim Ward's Ole Dick Necks,15795,DeAndre Hopkins,WR,WR,True,21.9,11.84,False
14,False,3,Jim Ward's Ole Dick Necks,4361529,Isiah Pacheco,RB,BE,False,0.0,0.0,False
14,False,3,Jim Ward's Ole Dick Necks,4361409,Jahan Dotson,WR,BE,False,0.0,0.0,True
14,False,3,Jim Ward's Ole Dick Necks,4385690,Dalton Kincaid,TE,BE,False,5.6,7.97,False
14,False,3,Jim Ward's Ole Dick Necks,4258595,Cole Kmet,TE,TE,True,9.1,8.33,False
14,False,3,Jim Ward's Ole Dick Necks,4688813,Josh Downs,WR,BE,False,4.7,8.68,False
14,False,3,Jim Ward's Ole Dick Necks,3124679,Jason Sanders,K,K,True,8.0,8.32,False
14,False,3,Jim Ward's Ole Dick Necks,3121409,Noah Brown,WR,RB/WR/TE,True,0.0,8.24,False
14,False,3,Jim Ward's Ole Dick Necks,-16034,Texans D/ST,D/ST,D/ST,True,5.0,8.49,False
14,False,3,Jim Ward's Ole Dick Necks,3121427,Curtis Samuel,WR,BE,False,0.0,0.0,True
14,False,3,Jim Ward's Ole Dick Necks,4259166,Terrel Bernard,LB,DP,True,8.0,10.01,False
14,False,3,Jim Ward's Ole Dick Necks,16782,Jerick McKinnon,RB,BE,False,11.2,8.56,False
14,False,3,Jim Ward's Ole Dick Necks,3049916,Matt Breida,RB,RB,True,1.6,2.89,False
14,False,9,Men of Will,3068267,Austin Ekeler,RB,RB,True,19.5,15.26,False
14,False,9,Men of Will,4047365,Josh Jacobs,RB,RB/WR/TE,True,6.0,14.15,False
14,False,9,Men of Will,3918298,Josh Allen,QB,QB,True,20.52,21.33,False
14,False,9,Men of Will,3925357,Calvin Ridley,WR,WR,True,8.3,11.11,False
14,False,9,Men of Will,4248528,Christian Watson,WR,BE,False,0.0,0.0,False
14,False,9,Men of Will,3116165,Chris Godwin,WR,BE,False,7.8,9.58,False
14,False,9,Men of Will,4259545,D'Andre Swift,RB,RB,True,3.9,11.46,False
14,False,9,Men of Will,3128429,Courtland Sutton,WR,WR,True,13.7,10.87,False
14,False,9,Men of Will,2976316,Michael Thomas,WR,IR,False,0.0,0.0,False
14,False,9,Men of Will,16460,Adam Thielen,WR,BE,False,9.9,10.12,False
14,False,9,Men of Will,-16002,Bills D/ST,D/ST,D/ST,True,6.0,3.98,False
14,False,9,Men of Will,3124005,Zaire Franklin,LB,BE,False,14.0,10.83,False
14,False,9,Men of Will,4249087,Matt Gay,K,BE,False,-1.0,8.33,False
14,False,9,Men of Will,14881,Russell Wilson,QB,BE,False,15.46,16.57,False
14,False,9,Men of Will,16813,Logan Thomas,TE,BE,False,0.0,0.0,True
14,False,9,Men of Will,4372066,Jake Moody,K,K,True,4.0,8.51,False
14,False,9,Men of Will,2612151,Alex Singleton,LB,DP,True,16.0,10.46,False
14,False,9,Men of Will,4360635,Chigoziem Okonkwo,TE,TE,True,7.1,6.53,False
14,False,13,Christopher's Kryptonite ,3929630,Saquon Barkley,RB,RB,True,21.6,13.71,False
14,False,13,Christopher's Kryptonite ,4241389,CeeDee Lamb,WR,WR,True,16.1,20.17,False
14,False,13,Christopher's Kryptonite ,4362887,Justin Fields,QB,BE,False,24.72,18.9,False
14,False,13,Christopher's Kryptonite ,4045163,Miles Sanders,RB,BE,False,7.4,6.8,False
14,False,13,Christopher's Kryptonite ,4426502,Drake London,WR,BE,False,24.2,8.46,False
14,False,13,Christopher's Kryptonite ,4360438,Brandon Aiyuk,WR,WR,True,14.6,12.55,False
14,False,13,Christopher's Kryptonite ,4243537,Gabe Davis,WR,BE,False,0.0,9.63,False
14,False,13,Christopher's Kryptonite ,3050073,Foyesade Oluokun,LB,DP,True,7.0,11.67,False
14,False,13,Christopher's Kryptonite ,4241479,Tua Tagovailoa,QB,QB,True,9.1,17.93,False
14,False,13,Christopher's Kryptonite ,4241416,Chuba Hubbard,RB,RB/WR/TE,True,10.6,11.66,False
14,False,13,Christopher's Kryptonite ,4366031,Tank Dell,WR,IR,False,0.0,0.0,False
14,False,13,Christopher's Kryptonite ,4361579,Javonte Williams,RB,RB,True,16.6,11.71,False
14,False,13,Christopher's Kryptonite ,4036133,T.J. Hockenson,TE,TE,True,7.8,8.77,False
14,False,13,Christopher's Kryptonite ,3055899,Harrison Butker,K,K,True,5.0,8.53,False
14,False,13,Christopher's Kryptonite ,4361411,Pat Freiermuth,TE,BE,False,5.3,6.93,False
14,False,13,Christopher's Kryptonite ,-16009,Packers D/ST,D/ST,D/ST,True,3.0,8.16,False
14,False,13,Christopher's Kryptonite ,-16021,Eagles D/ST,D/ST,BE,False,9.0,3.83,False
14,False,13,Christopher's Kryptonite ,4242214,Clyde Edwards-Helaire,RB,BE,False,7.8,11.48,False
14,False,1,Garretteed Satisfaction ,3916148,Tony Pollard,RB,RB,True,13.1,15.26,False
14,False,1,Garretteed Satisfaction ,4569618,Garrett Wilson,WR,BE,False,15.6,10.96,False
14,False,1,Garretteed Satisfaction ,4361370,Chris Olave,WR,RB/WR/TE,True,10.8,12.34,False
14,False,1,Garretteed Satisfaction ,4047650,DK Metcalf,WR,WR,True,13.2,13.27,False
14,False,1,Garretteed Satisfaction ,4379399,James Cook,RB,BE,False,22.6,12.5,False
14,False,1,Garretteed Satisfaction ,3054850,Alvin Kamara,RB,RB,True,12.0,17.48,False
14,False,1,Garretteed Satisfaction ,2577417,Dak Prescott,QB,QB,True,17.94,23.88,False
14,False,1,Garretteed Satisfaction ,4258173,Nico Collins,WR,WR,True,1.8,13.17,False
14,False,1,Garretteed Satisfaction ,3117253,Bobby Okereke,LB,BE,False,6.0,10.06,False
14,False,1,Garretteed Satisfaction ,4372019,Jerome Ford,RB,BE,False,10.7,10.11,False
14,False,1,Garretteed Satisfaction ,4036378,Jordan Love,QB,BE,False,8.92,16.9,False
14,False,1,Garretteed Satisfaction ,-16023,Steelers D/ST,D/ST,D/ST,True,4.0,7.02,False
14,False,1,Garretteed Satisfaction ,2468609,Taysom Hill,TE,BE,False,0.0,0.0,False
14,False,1,Garretteed Satisfaction ,-16030,Jaguars D/ST,D/ST,BE,False,5.0,6.15,False
14,False,1,Garretteed Satisfaction ,4362851,Ernest Jones,LB,DP,True,12.0,10.52,False
14,False,1,Garretteed Satisfaction ,17427,Cairo Santos,K,K,True,11.0,8.18,False
14,False,1,Garretteed Satisfaction ,4361050,Isaiah Likely,TE,TE,True,16.8,7.26,False
14,False,4,King Me,3043078,Derrick Henry,RB,RB,True,17.6,12.51,False
14,False,4,King Me,16800,Davante Adams,WR,WR,True,9.8,12.76,False
14,False,4,King Me,4239996,Travis Etienne Jr.,RB,RB,True,15.2,13.51,False
14,False,4,King Me,4038941,Justin Herbert,QB,QB,True,1.84,19.09,False
14,False,4,King Me,15818,Keenan Allen,WR,WR,True,9.8,15.93,False
14,False,4,King Me,3121023,Dallas Goedert,TE,BE,False,5.0,8.32,False
14,False,4,King Me,3045138,Mike Williams,WR,IR,False,0.0,0.0,False
14,False,4,King Me,16731,Brandin Cooks,WR,BE,False,4.7,8.77,False
14,False,4,King Me,3115394,DJ Chark Jr.,WR,BE,False,3.6,5.24,False
14,False,4,King Me,3916433,Jakobi Meyers,WR,BE,False,5.0,7.14,False
14,False,4,King Me,2576414,Raheem Mostert,RB,RB/WR/TE,True,22.5,9.88,False
14,False,4,King Me,-16015,Dolphins D/ST,D/ST,D/ST,True,9.0,6.45,False
14,False,4,King Me,4372485,Rondale Moore,WR,BE,False,0.0,0.0,True
14,False,4,King Me,3050478,Jake Elliott,K,BE,False,10.0,8.55,False
14,False,4,King Me,3123076,David Njoku,TE,TE,True,25.1,8.77,False
14,False,4,King Me,4372576,Jack Sanborn,LB,BE,False,1.0,3.16,False
14,False,4,King Me,4362081,Cameron Dicker,K,K,True,1.0,8.19,False
14,False,4,King Me,2987743,Elandon Roberts,LB,DP,True,8.0,10.2,False
14,False,8,SCLSU Mud Dogs,2977187,Cooper Kupp,WR,WR,True,21.5,10.12,False
14,False,8,SCLSU Mud Dogs,3116406,Tyreek Hill,WR,RB/WR/TE,True,8.1,19.79,False
14,False,8,SCLSU Mud Dogs,4569173,Rhamondre Stevenson,RB,BE,False,0.0,0.0,False
14,False,8,SCLSU Mud Dogs,4241474,Brian Robinson Jr.,RB,BE,False,0.0,0.0,True
14,False,8,SCLSU Mud Dogs,3932905,Diontae Johnson,WR,WR,True,13.2,8.71,False
14,False,8,SCLSU Mud Dogs,16720,C.J. Mosley,LB,DP,True,4.0,9.87,False
14,False,8,SCLSU Mud Dogs,4430737,Kyren Williams,RB,RB,True,12.8,16.87,False
14,False,8,SCLSU Mud Dogs,4430027,Sam LaPorta,TE,TE,True,3.7,9.9,False
14,False,8,SCLSU Mud Dogs,-16012,Chiefs D/ST,D/ST,D/ST,True,5.0,4.08,False
14,False,8,SCLSU Mud Dogs,3046779,Jared Goff,QB,QB,True,4.44,15.0,False
14,False,8,SCLSU Mud Dogs,16339,Brandon McManus,K,K,True,3.0,7.5,False
14,False,8,SCLSU Mud Dogs,4569987,Jaylen Warren,RB,RB,True,6.0,10.36,False
14,False,8,SCLSU Mud Dogs,4426385,Zach Charbonnet,RB,BE,False,5.3,4.93,False
14,False,8,SCLSU Mud Dogs,3059722,Zay Jones,WR,BE,False,6.4,8.63,False
14,False,8,SCLSU Mud Dogs,4428557,Tyjae Spears,RB,BE,False,14.8,7.09,False
14,False,8,SCLSU Mud Dogs,4373678,Khalil Shakir,WR,BE,False,1.7,4.53,False
14,False,8,SCLSU Mud Dogs,12483,Matthew Stafford,QB,BE,False,23.66,12.76,False
14,False,12,Rule  #76,4362628,Ja'Marr Chase,WR,WR,True,4.4,13.95,False
14,False,12,Rule  #76,4047646,A.J. Brown,WR,WR,True,11.9,16.28,False
14,False,12,Rule  #76,4429795,Jahmyr Gibbs,RB,RB,True,15.7,12.08,False
14,False,12,Rule  #76,4360310,Trevor Lawrence,QB,BE,False,17.38,16.38,False
14,False,12,Rule  #76,4567048,Kenneth Walker III,RB,BE,False,7.4,10.45,False
14,False,12,Rule  #76,3121422,Terry McLaurin,WR,BE,False,0.0,0.0,True
14,False,12,Rule  #76,14979,Bobby Wagner,LB,DP,True,5.0,9.85,False
14,False,12,Rule  #76,4242355,Jake Ferguson,TE,TE,True,9.7,9.18,False
14,False,12,Rule  #76,4035676,Zack Moss,RB,RB,True,7.6,16.02,False
14,False,12,Rule  #76,3059915,Kareem Hunt,RB,BE,False,9.5,7.71,False
14,False,12,Rule  #76,3916566,K.J. Osborn,WR,BE,False,3.5,2.58,False
14,False,12,Rule  #76,3116365,Mark Andrews,TE,IR,False,0.0,0.0,False
14,False,12,Rule  #76,4428331,Rashee Rice,WR,RB/WR/TE,True,14.7,10.59,False
14,False,12,Rule  #76,3122672,Royce Freeman,RB,BE,False,0.9,3.26,False
14,False,12,Rule  #76,-16016,Vikings D/ST,D/ST,D/ST,True,17.0,7.54,False
14,False,12,Rule  #76,-16024,Chargers D/ST,D/ST,BE,False,4.0,6.62,False
14,False,12,Rule  #76,4360234,Evan McPherson,K,K,True,10.0,8.08,False
14,False,12,Rule  #76,3886812,Jake Browning,QB,QB,True,23.7,16.2,False
14,False,10,Amon-Ra Dog,3117251,Christian McCaffrey,RB,RB,True,16.8,22.34,False
14,False,10,Amon-Ra Dog,4374302,Amon-Ra St. Brown,WR,WR,True,6.6,14.35,False
14,False,10,Amon-Ra Dog,4241478,DeVonta Smith,WR,WR,True,7.8,11.01,False
14,False,10,Amon-Ra Dog,4241463,Jerry Jeudy,WR,BE,False,2.6,7.69,False
14,False,10,Amon-Ra Dog,4697815,Rachaad White,RB,RB,True,20.5,13.22,False
14,False,10,Amon-Ra Dog,4035886,Khalil Herbert,RB,BE,False,0.8,5.97,False
14,False,10,Amon-Ra Dog,4360248,Kyle Pitts,TE,TE,True,13.2,6.67,False
14,False,10,Amon-Ra Dog,4426354,George Pickens,WR,BE,False,4.4,7.34,False
14,False,10,Amon-Ra Dog,3051926,Gus Edwards,RB,RB/WR/TE,True,1.5,9.53,False
14,False,10,Amon-Ra Dog,4361741,Brock Purdy,QB,QB,True,21.42,19.44,False
14,False,10,Amon-Ra Dog,-16018,Saints D/ST,D/ST,D/ST,True,18.0,6.65,False
14,False,10,Amon-Ra Dog,4038524,Gardner Minshew,QB,BE,False,14.1,14.62,False
14,False,10,Amon-Ra Dog,4427095,DeMario Douglas,WR,BE,False,0.0,0.0,False
14,False,10,Amon-Ra Dog,4243331,Cade Otton,TE,BE,False,8.6,5.15,False
14,False,10,Amon-Ra Dog,3919117,Azeez Al-Shaair,LB,DP,True,10.0,9.3,False
14,False,10,Amon-Ra Dog,-16011,Colts D/ST,D/ST,BE,False,6.0,5.74,False
14,False,10,Amon-Ra Dog,3049899,Younghoe Koo,K,K,True,3.0,7.7,False
14,False,11,Bijan mustard,4430807,Bijan Robinson,RB,RB,True,18.3,15.06,False
14,False,11,Bijan mustard,4242335,Jonathan Taylor,RB,BE,False,0.0,0.0,False
14,False,11,Bijan mustard,4372016,Jaylen Waddle,WR,WR,True,10.9,13.05,False
14,False,11,Bijan mustard,3895856,Christian Kirk,WR,BE,False,0.0,0.0,False
14,False,11,Bijan mustard,4035538,David Montgomery,RB,RB/WR/TE,True,10.0,12.21,False
14,False,11,Bijan mustard,-16025,49ers D/ST,D/ST,D/ST,True,9.0,6.76,False
14,False,11,Bijan mustard,16733,Odell Beckham Jr.,WR,WR,True,17.7,7.88,False
14,False,11,Bijan mustard,4429160,De'Von Achane,RB,RB,True,9.6,14.93,False
14,False,11,Bijan mustard,4429205,Jordan Addison,WR,BE,False,3.7,8.22,False
14,False,11,Bijan mustard,3051876,Evan Engram,TE,TE,True,28.0,8.63,False
14,False,11,Bijan mustard,4426875,Sam Howell,QB,BE,False,0.0,0.0,True
14,False,11,Bijan mustard,3052587,Baker Mayfield,QB,QB,True,20.06,14.61,False
14,False,11,Bijan mustard,3138826,Fred Warner,LB,DP,True,10.0,9.72,False
14,False,11,Bijan mustard,3953687,Brandon Aubrey,K,K,True,22.0,8.8,False
14,False,11,Bijan mustard,-16001,Falcons D/ST,D/ST,BE,False,3.0,6.19,False
14,False,11,Bijan mustard,4360238,Dameon Pierce,RB,BE,False,1.2,7.9,False
14,False,11,Bijan mustard,4241401,Trey Sermon,RB,BE,False,1.3,2.6,False
14,False,6,Thom-ASS,15847,Travis Kelce,TE,TE,True,11.3,11.75,False
14,False,6,Thom-ASS,2976212,Stefon Diggs,WR,WR,True,4.4,13.08,False
14,False,6,Thom-ASS,3916387,Lamar Jackson,QB,QB,True,31.64,20.84,False
14,False,6,Thom-ASS,3045147,James Conner,RB,BE,False,0.0,0.0,True
14,False,6,Thom-ASS,16737,Mike Evans,WR,RB/WR/TE,True,1.3,13.19,False
14,False,6,Thom-ASS,4241372,Marquise Brown,WR,BE,False,0.0,0.0,True
14,False,6,Thom-ASS,4429615,Zay Flowers,WR,WR,True,17.0,10.81,False
14,False,6,Thom-ASS,-16006,Cowboys D/ST,D/ST,BE,False,10.0,5.57,False
14,False,6,Thom-ASS,3121544,T.J. Edwards,LB,DP,True,6.0,11.65,False
14,False,6,Thom-ASS,4432577,C.J. Stroud,QB,BE,False,3.64,16.96,False
14,False,6,Thom-ASS,3051392,Ezekiel Elliott,RB,RB,True,24.5,12.0,False
14,False,6,Thom-ASS,-16005,Browns D/ST,D/ST,D/ST,True,14.0,5.3,False
14,False,6,Thom-ASS,10621,Nick Folk,K,K,True,8.0,7.68,False
14,False,6,Thom-ASS,4039359,Darrell Henderson Jr.,RB,BE,False,0.0,0.0,False
14,False,6,Thom-ASS,4362249,Jayden Reed,WR,BE,False,16.5,10.23,False
14,False,6,Thom-ASS,3116389,Samaje Perine,RB,BE,False,6.9,5.05,False
14,False,6,Thom-ASS,4426386,Roschon Johnson,RB,RB,True,0.6,8.11,False
15,True,6,Thom-ASS,15847,Travis Kelce,TE,TE,True,5.3,11.34,False
15,True,6,Thom-ASS,2976212,Stefon Diggs,WR,WR,True,6.8,14.37,False
15,True,6,Thom-ASS,3916387,Lamar Jackson,QB,QB,True,18.54,21.69,False
15,True,6,Thom-ASS,3045147,James Conner,RB,RB,True,16.4,11.98,False
15,True,6,Thom-ASS,16737,Mike Evans,WR,RB/WR/TE,True,13.7,12.74,False
15,True,6,Thom-ASS,4241372,Marquise Brown,WR,BE,False,0.0,9.53,False
15,True,6,Thom-ASS,4429615,Zay Flowers,WR,WR,True,1.2,11.22,False
15,True,6,Thom-ASS,-16006,Cowboys D/ST,D/ST,BE,False,-1.0,4.65,False
15,True,6,Thom-ASS,3121544,T.J. Edwards,LB,DP,True,7.0,11.24,False
15,True,6,Thom-ASS,4432577,C.J. Stroud,QB,BE,False,0.0,0.0,False
15,True,6,Thom-ASS,3051392,Ezekiel Elliott,RB,RB,True,7.1,14.15,False
15,True,6,Thom-ASS,-16005,Browns D/ST,D/ST,D/ST,True,14.0,7.39,False
15,True,6,Thom-ASS,10621,Nick Folk,K,K,True,5.0,8.44,False
15,True,6,Thom-ASS,4039359,Darrell Henderson Jr.,RB,BE,False,0.0,0.0,False
15,True,6,Thom-ASS,4362249,Jayden Reed,WR,BE,False,14.2,11.65,False
15,True,6,Thom-ASS,3116389,Samaje Perine,RB,BE,False,5.3,5.39,False
15,True,6,Thom-ASS,4426386,Roschon Johnson,RB,BE,False,8.0,4.25,False
15,True,5,You Can Chuck the Tubb,3116385,Joe Mixon,RB,RB,True,13.6,14.46,False
15,True,5,You Can Chuck the Tubb,3126486,Deebo Samuel,WR,WR,True,19.9,16.1,False
15,True,5,You Can Chuck the Tubb,2976499,Amari Cooper,WR,BE,False,18.9,10.21,False
15,True,5,You Can Chuck the Tubb,4035687,Michael Pittman Jr.,WR,RB/WR/TE,True,9.8,12.68,False
15,True,5,You Can Chuck the Tubb,15683,Justin Tucker,K,K,True,12.0,8.6,False
15,True,5,You Can Chuck the Tubb,4426515,Puka Nacua,WR,WR,True,7.8,11.86,False
15,True,5,You Can Chuck the Tubb,3125116,D'Onta Foreman,RB,RB,True,-0.6,9.49,False
15,True,5,You Can Chuck the Tubb,4361307,Trey McBride,TE,TE,True,15.2,10.07,False
15,True,5,You Can Chuck the Tubb,4040761,Devin Singletary,RB,BE,False,19.0,8.67,False
15,True,5,You Can Chuck the Tubb,3917315,Kyler Murray,QB,QB,True,13.34,16.77,False
15,True,5,You Can Chuck the Tubb,4596334,Keaton Mitchell,RB,BE,False,9.8,8.8,False
15,True,5,You Can Chuck the Tubb,4242431,Ty Chandler,RB,BE,False,23.2,11.04,False
15,True,5,You Can Chuck the Tubb,15965,Dustin Hopkins,K,BE,False,8.0,6.81,False
15,True,5,You Can Chuck the Tubb,-16027,Buccaneers D/ST,D/ST,BE,False,4.0,4.68,False
15,True,5,You Can Chuck the Tubb,-16033,Ravens D/ST,D/ST,D/ST,True,8.0,6.29,False
15,True,5,You Can Chuck the Tubb,3919512,Jessie Bates III,S,DP,True,10.0,8.52,False
15,True,5,You Can Chuck the Tubb,3120590,Easton Stick,QB,BE,False,17.38,13.69,False
15,True,9,Men of Will,3068267,Austin Ekeler,RB,RB,True,5.8,13.3,False
15,True,9,Men of Will,4047365,Josh Jacobs,RB,BE,False,0.0,0.0,False
15,True,9,Men of Will,3918298,Josh Allen,QB,QB,True,16.16,21.13,False
15,True,9,Men of Will,3925357,Calvin Ridley,WR,WR,True,6.4,11.5,False
15,True,9,Men of Will,4248528,Christian Watson,WR,BE,False,0.0,0.0,False
15,True,9,Men of Will,3116165,Chris Godwin,WR,BE,False,20.5,10.13,False
15,True,9,Men of Will,4259545,D'Andre Swift,RB,RB,True,8.5,12.29,False
15,True,9,Men of Will,3128429,Courtland Sutton,WR,WR,True,9.6,10.96,False
15,True,9,Men of Will,16460,Adam Thielen,WR,BE,False,6.3,8.55,False
15,True,9,Men of Will,-16002,Bills D/ST,D/ST,D/ST,True,11.0,3.71,False
15,True,9,Men of Will,3124005,Zaire Franklin,LB,BE,False,5.0,10.97,False
15,True,9,Men of Will,14881,Russell Wilson,QB,BE,False,17.52,17.09,False
15,True,9,Men of Will,16813,Logan Thomas,TE,BE,False,1.2,5.9,False
15,True,9,Men of Will,4372066,Jake Moody,K,K,True,10.0,8.51,False
15,True,9,Men of Will,2612151,Alex Singleton,LB,DP,True,5.0,11.02,False
15,True,9,Men of Will,4360635,Chigoziem Okonkwo,TE,TE,True,5.1,6.33,False
15,True,9,Men of Will,4361777,Zamir White,RB,RB/WR/TE,True,16.0,9.06,False
15,True,1,Garretteed Satisfaction ,3916148,Tony Pollard,RB,RB,True,6.7,14.14,False
15,True,1,Garretteed Satisfaction ,4569618,Garrett Wilson,WR,WR,True,4.4,12.26,False
15,True,1,Garretteed Satisfaction ,4361370,Chris Olave,WR,BE,False,0.0,0.0,False
15,True,1,Garretteed Satisfaction ,4047650,DK Metcalf,WR,WR,True,10.3,13.7,False
15,True,1,Garretteed Satisfaction ,4379399,James Cook,RB,RB/WR/TE,True,35.1,12.55,False
15,True,1,Garretteed Satisfaction ,3054850,Alvin Kamara,RB,RB,True,13.5,15.17,False
15,True,1,Garretteed Satisfaction ,2577417,Dak Prescott,QB,QB,True,6.06,22.0,False
15,True,1,Garretteed Satisfaction ,4258173,Nico Collins,WR,BE,False,0.0,0.0,False
15,True,1,Garretteed Satisfaction ,3117253,Bobby Okereke,LB,BE,False,3.0,10.17,False
15,True,1,Garretteed Satisfaction ,4372019,Jerome Ford,RB,BE,False,5.1,9.93,False
15,True,1,Garretteed Satisfaction ,4036378,Jordan Love,QB,BE,False,17.46,17.91,False
15,True,1,Garretteed Satisfaction ,2468609,Taysom Hill,TE,TE,True,1.0,8.84,False
15,True,1,Garretteed Satisfaction ,-16030,Jaguars D/ST,D/ST,BE,False,4.0,4.31,False
15,True,1,Garretteed Satisfaction ,4362851,Ernest Jones,LB,DP,True,9.0,10.86,False
15,True,1,Garretteed Satisfaction ,17427,Cairo Santos,K,K,True,6.0,7.57,False
15,True,1,Garretteed Satisfaction ,4361050,Isaiah Likely,TE,BE,False,15.5,8.0,False
15,True,1,Garretteed Satisfaction ,-16013,Raiders D/ST,D/ST,D/ST,True,25.0,7.02,False
15,True,10,Amon-Ra Dog,3117251,Christian McCaffrey,RB,RB,True,39.2,22.88,False
15,True,10,Amon-Ra Dog,4374302,Amon-Ra St. Brown,WR,WR,True,20.7,14.06,False
15,True,10,Amon-Ra Dog,4241478,DeVonta Smith,WR,WR,True,7.5,10.86,False
15,True,10,Amon-Ra Dog,4241463,Jerry Jeudy,WR,BE,False,8.9,8.17,False
15,True,10,Amon-Ra Dog,4697815,Rachaad White,RB,RB,True,20.9,14.34,False
15,True,10,Amon-Ra Dog,4035886,Khalil Herbert,RB,BE,False,1.7,3.93,False
15,True,10,Amon-Ra Dog,4360248,Kyle Pitts,TE,TE,True,5.2,5.8,False
15,True,10,Amon-Ra Dog,4426354,George Pickens,WR,BE,False,7.2,7.23,False
15,True,10,Amon-Ra Dog,3051926,Gus Edwards,RB,RB/WR/TE,True,13.4,7.47,False
15,True,10,Amon-Ra Dog,4361741,Brock Purdy,QB,QB,True,25.68,20.38,False
15,True,10,Amon-Ra Dog,-16018,Saints D/ST,D/ST,D/ST,True,14.0,6.23,False
15,True,10,Amon-Ra Dog,4038524,Gardner Minshew,QB,BE,False,20.6,13.45,False
15,True,10,Amon-Ra Dog,4427095,DeMario Douglas,WR,BE,False,4.8,9.56,False
15,True,10,Amon-Ra Dog,4243331,Cade Otton,TE,BE,False,5.4,5.72,False
15,True,10,Amon-Ra Dog,-16011,Colts D/ST,D/ST,BE,False,15.0,6.89,False
15,True,10,Amon-Ra Dog,2473037,Jason Myers,K,K,True,9.0,7.91,False
15,True,10,Amon-Ra Dog,3929950,Tremaine Edmunds,LB,DP,True,17.0,9.51,False
15,True,12,Rule  #76,4362628,Ja'Marr Chase,WR,WR,True,8.4,12.58,False
15,True,12,Rule  #76,4047646,A.J. Brown,WR,WR,True,8.1,15.69,False
15,True,12,Rule  #76,4429795,Jahmyr Gibbs,RB,RB,True,23.8,13.87,False
15,True,12,Rule  #76,4360310,Trevor Lawrence,QB,BE,False,14.66,16.08,False
15,True,12,Rule  #76,4567048,Kenneth Walker III,RB,BE,False,18.7,12.39,False
15,True,12,Rule  #76,3121422,Terry McLaurin,WR,BE,False,24.1,9.67,False
15,True,12,Rule  #76,14979,Bobby Wagner,LB,DP,True,11.0,9.99,False
15,True,12,Rule  #76,4242355,Jake Ferguson,TE,TE,True,7.4,9.5,False
15,True,12,Rule  #76,4035676,Zack Moss,RB,RB,True,10.8,14.37,False
15,True,12,Rule  #76,3059915,Kareem Hunt,RB,BE,False,2.5,6.74,False
15,True,12,Rule  #76,3916566,K.J. Osborn,WR,BE,False,0.8,4.89,False
15,True,12,Rule  #76,3116365,Mark Andrews,TE,IR,False,0.0,0.0,False
15,True,12,Rule  #76,4428331,Rashee Rice,WR,RB/WR/TE,True,19.6,12.05,False
15,True,12,Rule  #76,3122672,Royce Freeman,RB,BE,False,1.6,3.0,False
15,True,12,Rule  #76,-16016,Vikings D/ST,D/ST,BE,False,6.0,6.65,False
15,True,12,Rule  #76,-16024,Chargers D/ST,D/ST,D/ST,True,-5.0,6.9,False
15,True,12,Rule  #76,4360234,Evan McPherson,K,K,True,9.0,7.89,False
15,True,12,Rule  #76,3886812,Jake Browning,QB,QB,True,18.96,14.45,False
15,True,4,King Me,3043078,Derrick Henry,RB,RB,True,3.0,14.34,False
15,True,4,King Me,16800,Davante Adams,WR,WR,True,20.1,13.35,False
15,True,4,King Me,4239996,Travis Etienne Jr.,RB,RB,True,8.9,13.04,False
15,True,4,King Me,15818,Keenan Allen,WR,BE,False,0.0,0.0,False
15,True,4,King Me,3121023,Dallas Goedert,TE,BE,False,5.1,7.37,False
15,True,4,King Me,3045138,Mike Williams,WR,IR,False,0.0,0.0,False
15,True,4,King Me,16731,Brandin Cooks,WR,BE,False,2.0,7.87,False
15,True,4,King Me,3115394,DJ Chark Jr.,WR,BE,False,2.3,5.04,False
15,True,4,King Me,3916433,Jakobi Meyers,WR,WR,True,14.68,8.34,False
15,True,4,King Me,2576414,Raheem Mostert,RB,RB/WR/TE,True,17.3,13.48,False
15,True,4,King Me,-16015,Dolphins D/ST,D/ST,D/ST,True,22.0,9.14,False
15,True,4,King Me,3050478,Jake Elliott,K,K,True,5.0,8.66,False
15,True,4,King Me,3123076,David Njoku,TE,TE,True,21.4,8.91,False
15,True,4,King Me,4372576,Jack Sanborn,LB,BE,False,1.0,2.64,False
15,True,4,King Me,4362081,Cameron Dicker,K,BE,False,3.0,7.07,False
15,True,4,King Me,2987743,Elandon Roberts,LB,DP,True,9.0,9.58,False
15,True,4,King Me,4239086,Desmond Ridder,QB,BE,False,7.88,12.69,False
15,True,4,King Me,11252,Joe Flacco,QB,QB,True,16.86,12.49,False
15,True,8,SCLSU Mud Dogs,2977187,Cooper Kupp,WR,WR,True,21.1,12.11,False
15,True,8,SCLSU Mud Dogs,3116406,Tyreek Hill,WR,BE,False,0.0,0.0,False
15,True,8,SCLSU Mud Dogs,4569173,Rhamondre Stevenson,RB,BE,False,0.0,0.0,False
15,True,8,SCLSU Mud Dogs,4241474,Brian Robinson Jr.,RB,BE,False,0.0,0.0,False
15,True,8,SCLSU Mud Dogs,3932905,Diontae Johnson,WR,RB/WR/TE,True,15.2,9.03,False
15,True,8,SCLSU Mud Dogs,16720,C.J. Mosley,LB,DP,True,7.0,9.55,False
15,True,8,SCLSU Mud Dogs,4430737,Kyren Williams,RB,RB,True,22.0,21.64,False
15,True,8,SCLSU Mud Dogs,4430027,Sam LaPorta,TE,TE,True,26.1,9.68,False
15,True,8,SCLSU Mud Dogs,-16012,Chiefs D/ST,D/ST,D/ST,True,9.0,6.67,False
15,True,8,SCLSU Mud Dogs,3046779,Jared Goff,QB,BE,False,31.12,15.03,False
15,True,8,SCLSU Mud Dogs,16339,Brandon McManus,K,K,True,-1.0,7.48,False
15,True,8,SCLSU Mud Dogs,4569987,Jaylen Warren,RB,RB,True,9.3,10.44,False
15,True,8,SCLSU Mud Dogs,4426385,Zach Charbonnet,RB,BE,False,1.6,7.55,False
15,True,8,SCLSU Mud Dogs,3059722,Zay Jones,WR,BE,False,8.4,9.38,False
15,True,8,SCLSU Mud Dogs,4428557,Tyjae Spears,RB,BE,False,4.2,8.44,False
15,True,8,SCLSU Mud Dogs,12483,Matthew Stafford,QB,QB,True,18.52,17.03,False
15,True,8,SCLSU Mud Dogs,4430878,Jaxon Smith-Njigba,WR,WR,True,12.8,9.17,False
15,True,13,Christopher's Kryptonite ,3929630,Saquon Barkley,RB,RB,True,4.7,16.15,False
15,True,13,Christopher's Kryptonite ,4241389,CeeDee Lamb,WR,WR,True,15.1,18.43,False
15,True,13,Christopher's Kryptonite ,4362887,Justin Fields,QB,QB,True,9.64,18.02,False
15,True,13,Christopher's Kryptonite ,4045163,Miles Sanders,RB,BE,False,2.3,6.22,False
15,True,13,Christopher's Kryptonite ,4426502,Drake London,WR,BE,False,4.4,7.7,False
15,True,13,Christopher's Kryptonite ,4360438,Brandon Aiyuk,WR,WR,True,5.2,13.63,False
15,True,13,Christopher's Kryptonite ,4243537,Gabe Davis,WR,BE,False,0.0,8.05,False
15,True,13,Christopher's Kryptonite ,3050073,Foyesade Oluokun,LB,DP,True,10.0,10.91,False
15,True,13,Christopher's Kryptonite ,4241479,Tua Tagovailoa,QB,BE,False,12.96,14.18,False
15,True,13,Christopher's Kryptonite ,4241416,Chuba Hubbard,RB,RB/WR/TE,True,11.3,11.73,False
15,True,13,Christopher's Kryptonite ,4366031,Tank Dell,WR,IR,False,0.0,0.0,False
15,True,13,Christopher's Kryptonite ,4361579,Javonte Williams,RB,RB,True,3.0,11.62,False
15,True,13,Christopher's Kryptonite ,4036133,T.J. Hockenson,TE,TE,True,9.3,11.33,False
15,True,13,Christopher's Kryptonite ,3055899,Harrison Butker,K,K,True,10.0,8.17,False
15,True,13,Christopher's Kryptonite ,4361411,Pat Freiermuth,TE,BE,False,4.1,7.64,False
15,True,13,Christopher's Kryptonite ,-16021,Eagles D/ST,D/ST,BE,False,4.0,5.31,False
15,True,13,Christopher's Kryptonite ,4242214,Clyde Edwards-Helaire,RB,BE,False,18.1,10.92,False
15,True,13,Christopher's Kryptonite ,-16003,Bears D/ST,D/ST,D/ST,True,15.0,6.38,False
15,True,11,Bijan mustard,4430807,Bijan Robinson,RB,RB,True,-0.1,14.8,False
15,True,11,Bijan mustard,4242335,Jonathan Taylor,RB,BE,False,0.0,0.0,False
15,True,11,Bijan mustard,4372016,Jaylen Waddle,WR,WR,True,24.2,12.91,False
15,True,11,Bijan mustard,3895856,Christian Kirk,WR,BE,False,0.0,0.0,False
15,True,11,Bijan mustard,4035538,David Montgomery,RB,RB/WR/TE,True,9.2,12.02,False
15,True,11,Bijan mustard,-16025,49ers D/ST,D/ST,BE,False,9.0,6.31,False
15,True,11,Bijan mustard,16733,Odell Beckham Jr.,WR,WR,True,1.9,9.26,False
15,True,11,Bijan mustard,4429160,De'Von Achane,RB,RB,True,7.7,13.03,False
15,True,11,Bijan mustard,4429205,Jordan Addison,WR,BE,False,26.1,9.23,False
15,True,11,Bijan mustard,3051876,Evan Engram,TE,TE,True,4.8,9.68,False
15,True,11,Bijan mustard,4426875,Sam Howell,QB,QB,True,8.28,16.04,False
15,True,11,Bijan mustard,3052587,Baker Mayfield,QB,BE,False,29.04,15.63,False
15,True,11,Bijan mustard,3138826,Fred Warner,LB,DP,True,12.0,9.64,False
15,True,11,Bijan mustard,3953687,Brandon Aubrey,K,K,True,4.0,8.82,False
15,True,11,Bijan mustard,-16001,Falcons D/ST,D/ST,D/ST,True,8.0,7.35,False
15,True,11,Bijan mustard,4360238,Dameon Pierce,RB,BE,False,0.3,5.4,False
15,True,11,Bijan mustard,4241401,Trey Sermon,RB,BE,False,8.8,4.67,False
15,True,3,Jim Ward's Ole Dick Necks,4262921,Justin Jefferson,WR,WR,True,11.9,15.35,False
15,True,3,Jim Ward's Ole Dick Necks,3042519,Aaron Jones,RB,RB,True,8.9,13.68,False
15,True,3,Jim Ward's Ole Dick Necks,4040715,Jalen Hurts,QB,QB,True,21.92,22.43,False
15,True,3,Jim Ward's Ole Dick Necks,4048244,Alexander Mattison,RB,BE,False,0.0,0.0,False
15,True,3,Jim Ward's Ole Dick Necks,15795,DeAndre Hopkins,WR,WR,True,4.1,12.34,False
15,True,3,Jim Ward's Ole Dick Necks,4361529,Isiah Pacheco,RB,BE,False,0.0,0.0,False
15,True,3,Jim Ward's Ole Dick Necks,4361409,Jahan Dotson,WR,BE,False,1.7,6.66,False
15,True,3,Jim Ward's Ole Dick Necks,4385690,Dalton Kincaid,TE,BE,False,0.0,8.45,False
15,True,3,Jim Ward's Ole Dick Necks,4258595,Cole Kmet,TE,TE,True,10.8,7.5,False
15,True,3,Jim Ward's Ole Dick Necks,4688813,Josh Downs,WR,BE,False,3.4,7.53,False
15,True,3,Jim Ward's Ole Dick Necks,3124679,Jason Sanders,K,K,True,12.0,7.74,False
15,True,3,Jim Ward's Ole Dick Necks,3121409,Noah Brown,WR,RB/WR/TE,True,18.2,7.9,False
15,True,3,Jim Ward's Ole Dick Necks,-16034,Texans D/ST,D/ST,D/ST,True,14.0,5.38,False
15,True,3,Jim Ward's Ole Dick Necks,3121427,Curtis Samuel,WR,BE,False,18.6,8.6,False
15,True,3,Jim Ward's Ole Dick Necks,4259166,Terrel Bernard,LB,DP,True,5.0,10.48,False
15,True,3,Jim Ward's Ole Dick Necks,16782,Jerick McKinnon,RB,RB,True,14.66,7.94,False
15,True,3,Jim Ward's Ole Dick Necks,3049916,Matt Breida,RB,BE,False,4.1,2.75,False
15,True,2,Pour One Out For Mahomies!!,4241457,Najee Harris,RB,RB/WR/TE,True,1.3,10.81,False
15,True,2,Pour One Out For Mahomies!!,3139477,Patrick Mahomes,QB,QB,True,15.7,17.47,False
15,True,2,Pour One Out For Mahomies!!,4239993,Tee Higgins,WR,BE,False,20.1,8.37,False
15,True,2,Pour One Out For Mahomies!!,4427366,Breece Hall,RB,RB,True,3.3,12.83,False
15,True,2,Pour One Out For Mahomies!!,3915416,DJ Moore,WR,WR,True,7.2,12.82,False
15,True,2,Pour One Out For Mahomies!!,3040151,George Kittle,TE,TE,True,6.4,11.07,False
15,True,2,Pour One Out For Mahomies!!,2577327,Tyler Lockett,WR,WR,True,3.6,9.69,False
15,True,2,Pour One Out For Mahomies!!,4239934,AJ Dillon,RB,RB,True,0.0,0.0,False
15,True,2,Pour One Out For Mahomies!!,3120348,JuJu Smith-Schuster,WR,BE,False,0.0,0.0,False
15,True,2,Pour One Out For Mahomies!!,-16020,Jets D/ST,D/ST,D/ST,True,4.0,4.15,False
15,True,2,Pour One Out For Mahomies!!,3915189,Roquan Smith,LB,DP,True,7.0,10.82,False
15,True,2,Pour One Out For Mahomies!!,3122976,Jeff Wilson Jr.,RB,BE,False,1.1,0.0,False
15,True,2,Pour One Out For Mahomies!!,3117256,Dalton Schultz,TE,BE,False,7.8,7.97,False
15,True,2,Pour One Out For Mahomies!!,4685720,Bryce Young,QB,BE,False,7.58,10.4,False
15,True,2,Pour One Out For Mahomies!!,4361432,Romeo Doubs,WR,BE,False,4.5,9.01,False
15,True,2,Pour One Out For Mahomies!!,4243371,Riley Patterson,K,K,True,0.0,0.0,False
15,True,2,Pour One Out For Mahomies!!,3116187,Ja'Whaun Bentley,LB,BE,False,3.0,8.71,False
16,True,1,Garretteed Satisfaction ,3916148,Tony Pollard,RB,RB,True,4.8,13.19,False
16,True,1,Garretteed Satisfaction ,4569618,Garrett Wilson,WR,BE,False,11.3,12.76,False
16,True,1,Garretteed Satisfaction ,4361370,Chris Olave,WR,WR,True,18.8,13.13,False
16,True,1,Garretteed Satisfaction ,4047650,DK Metcalf,WR,WR,True,13.6,12.58,False
16,True,1,Garretteed Satisfaction ,4379399,James Cook,RB,RB/WR/TE,True,5.0,16.06,False
16,True,1,Garretteed Satisfaction ,3054850,Alvin Kamara,RB,RB,True,7.0,14.76,False
16,True,1,Garretteed Satisfaction ,2577417,Dak Prescott,QB,QB,True,18.62,19.4,False
16,True,1,Garretteed Satisfaction ,4258173,Nico Collins,WR,BE,False,11.8,10.2,False
16,True,1,Garretteed Satisfaction ,3117253,Bobby Okereke,LB,BE,False,10.0,9.72,False
16,True,1,Garretteed Satisfaction ,4372019,Jerome Ford,RB,BE,False,8.8,8.92,False
16,True,1,Garretteed Satisfaction ,4036378,Jordan Love,QB,BE,False,23.96,16.63,False
16,True,1,Garretteed Satisfaction ,2468609,Taysom Hill,TE,BE,False,0.2,8.23,False
16,True,1,Garretteed Satisfaction ,-16030,Jaguars D/ST,D/ST,BE,False,1.0,5.33,False
16,True,1,Garretteed Satisfaction ,4362851,Ernest Jones,LB,DP,True,9.0,10.61,False
16,True,1,Garretteed Satisfaction ,17427,Cairo Santos,K,K,True,10.0,8.33,False
16,True,1,Garretteed Satisfaction ,4361050,Isaiah Likely,TE,TE,True,7.1,9.17,False
16,True,1,Garretteed Satisfaction ,-16007,Broncos D/ST,D/ST,D/ST,True,6.0,6.7,False
16,True,5,You Can Chuck the Tubb,3116385,Joe Mixon,RB,RB,True,8.0,14.31,False
16,True,5,You Can Chuck the Tubb,3126486,Deebo Samuel,WR,WR,True,7.4,15.08,False
16,True,5,You Can Chuck the Tubb,2976499,Amari Cooper,WR,RB/WR/TE,True,46.0,10.8,False
16,True,5,You Can Chuck the Tubb,4035687,Michael Pittman Jr.,WR,BE,False,0.0,0.0,False
16,True,5,You Can Chuck the Tubb,15683,Justin Tucker,K,K,True,16.0,8.45,False
16,True,5,You Can Chuck the Tubb,4426515,Puka Nacua,WR,WR,True,28.5,11.65,False
16,True,5,You Can Chuck the Tubb,3125116,D'Onta Foreman,RB,BE,False,0.0,0.0,False
16,True,5,You Can Chuck the Tubb,4361307,Trey McBride,TE,TE,True,6.1,10.15,False
16,True,5,You Can Chuck the Tubb,4040761,Devin Singletary,RB,RB,True,8.8,12.34,False
16,True,5,You Can Chuck the Tubb,3917315,Kyler Murray,QB,QB,True,20.4,15.75,False
16,True,5,You Can Chuck the Tubb,4242431,Ty Chandler,RB,BE,False,7.7,11.79,False
16,True,5,You Can Chuck the Tubb,15965,Dustin Hopkins,K,BE,False,2.0,6.38,False
16,True,5,You Can Chuck the Tubb,-16027,Buccaneers D/ST,D/ST,D/ST,True,15.0,5.28,False
16,True,5,You Can Chuck the Tubb,3120590,Easton Stick,QB,BE,False,17.1,13.68,False
16,True,5,You Can Chuck the Tubb,2576925,Darren Waller,TE,BE,False,4.2,9.76,False
16,True,5,You Can Chuck the Tubb,3919117,Azeez Al-Shaair,LB,DP,True,8.0,9.82,False
16,True,5,You Can Chuck the Tubb,15864,Geno Smith,QB,BE,False,17.28,16.12,False
16,True,10,Amon-Ra Dog,3117251,Christian McCaffrey,RB,RB,True,23.1,21.54,False
16,True,10,Amon-Ra Dog,4374302,Amon-Ra St. Brown,WR,WR,True,23.6,13.92,False
16,True,10,Amon-Ra Dog,4241478,DeVonta Smith,WR,WR,True,15.9,9.79,False
16,True,10,Amon-Ra Dog,4241463,Jerry Jeudy,WR,BE,False,5.9,7.65,False
16,True,10,Amon-Ra Dog,4697815,Rachaad White,RB,RB,True,16.7,15.37,False
16,True,10,Amon-Ra Dog,4035886,Khalil Herbert,RB,BE,False,18.6,9.94,False
16,True,10,Amon-Ra Dog,4360248,Kyle Pitts,TE,TE,True,12.4,6.85,False
16,True,10,Amon-Ra Dog,4426354,George Pickens,WR,BE,False,33.5,8.07,False
16,True,10,Amon-Ra Dog,3051926,Gus Edwards,RB,RB/WR/TE,True,13.5,10.87,False
16,True,10,Amon-Ra Dog,4361741,Brock Purdy,QB,QB,True,3.4,18.88,False
16,True,10,Amon-Ra Dog,-16018,Saints D/ST,D/ST,BE,False,-5.0,4.18,False
16,True,10,Amon-Ra Dog,4038524,Gardner Minshew,QB,BE,False,9.14,13.68,False
16,True,10,Amon-Ra Dog,4427095,DeMario Douglas,WR,BE,False,9.9,8.89,False
16,True,10,Amon-Ra Dog,2473037,Jason Myers,K,K,True,8.0,7.63,False
16,True,10,Amon-Ra Dog,3929950,Tremaine Edmunds,LB,DP,True,6.0,9.06,False
16,True,10,Amon-Ra Dog,-16011,Colts D/ST,D/ST,D/ST,True,-3.0,6.78,False
16,True,10,Amon-Ra Dog,3046439,Hunter Henry,TE,BE,False,0.0,0.0,False
16,True,8,SCLSU Mud Dogs,2977187,Cooper Kupp,WR,WR,True,7.9,11.96,False
16,True,8,SCLSU Mud Dogs,3116406,Tyreek Hill,WR,RB/WR/TE,True,14.4,18.73,False
16,True,8,SCLSU Mud Dogs,4569173,Rhamondre Stevenson,RB,BE,False,0.0,0.0,False
16,True,8,SCLSU Mud Dogs,4241474,Brian Robinson Jr.,RB,BE,False,0.0,0.0,False
16,True,8,SCLSU Mud Dogs,3932905,Diontae Johnson,WR,WR,True,2.5,9.1,False
16,True,8,SCLSU Mud Dogs,16720,C.J. Mosley,LB,DP,True,6.0,9.45,False
16,True,8,SCLSU Mud Dogs,4430737,Kyren Williams,RB,RB,True,16.4,19.33,False
16,True,8,SCLSU Mud Dogs,4430027,Sam LaPorta,TE,TE,True,4.3,10.46,False
16,True,8,SCLSU Mud Dogs,-16012,Chiefs D/ST,D/ST,D/ST,True,7.0,7.26,False
16,True,8,SCLSU Mud Dogs,3046779,Jared Goff,QB,QB,True,14.28,15.25,False
16,True,8,SCLSU Mud Dogs,16339,Brandon McManus,K,K,True,-1.0,7.55,False
16,True,8,SCLSU Mud Dogs,4569987,Jaylen Warren,RB,RB,True,7.9,11.29,False
16,True,8,SCLSU Mud Dogs,4426385,Zach Charbonnet,RB,BE,False,0.1,6.05,False
16,True,8,SCLSU Mud Dogs,3059722,Zay Jones,WR,BE,False,0.0,0.0,False
16,True,8,SCLSU Mud Dogs,4428557,Tyjae Spears,RB,BE,False,9.2,9.5,False
16,True,8,SCLSU Mud Dogs,12483,Matthew Stafford,QB,BE,False,20.72,15.28,False
16,True,8,SCLSU Mud Dogs,4430878,Jaxon Smith-Njigba,WR,BE,False,9.1,8.35,False
16,True,6,Thom-ASS,15847,Travis Kelce,TE,TE,True,6.9,11.39,False
16,True,6,Thom-ASS,2976212,Stefon Diggs,WR,WR,True,6.4,13.16,False
16,True,6,Thom-ASS,3916387,Lamar Jackson,QB,QB,True,22.58,21.24,False
16,True,6,Thom-ASS,3045147,James Conner,RB,RB,True,19.7,12.43,False
16,True,6,Thom-ASS,16737,Mike Evans,WR,RB/WR/TE,True,24.1,13.06,False
16,True,6,Thom-ASS,4241372,Marquise Brown,WR,BE,False,0.0,0.0,False
16,True,6,Thom-ASS,4429615,Zay Flowers,WR,WR,True,17.7,10.88,False
16,True,6,Thom-ASS,-16006,Cowboys D/ST,D/ST,BE,False,0.0,3.78,False
16,True,6,Thom-ASS,3121544,T.J. Edwards,LB,DP,True,6.0,10.38,False
16,True,6,Thom-ASS,4432577,C.J. Stroud,QB,BE,False,0.0,0.0,False
16,True,6,Thom-ASS,3051392,Ezekiel Elliott,RB,RB,True,16.5,13.88,False
16,True,6,Thom-ASS,-16005,Browns D/ST,D/ST,D/ST,True,9.0,7.18,False
16,True,6,Thom-ASS,10621,Nick Folk,K,K,True,5.0,8.49,False
16,True,6,Thom-ASS,4039359,Darrell Henderson Jr.,RB,BE,False,0.0,0.0,False
16,True,6,Thom-ASS,4362249,Jayden Reed,WR,BE,False,0.0,0.0,False
16,True,6,Thom-ASS,3116389,Samaje Perine,RB,BE,False,4.9,5.2,False
16,True,6,Thom-ASS,4426386,Roschon Johnson,RB,BE,False,7.8,9.62,False
16,True,4,King Me,3043078,Derrick Henry,RB,RB,True,20.88,14.34,False
16,True,4,King Me,16800,Davante Adams,WR,WR,True,0.9,13.68,False
16,True,4,King Me,4239996,Travis Etienne Jr.,RB,RB,True,4.6,14.13,False
16,True,4,King Me,15818,Keenan Allen,WR,BE,False,0.0,0.0,False
16,True,4,King Me,3121023,Dallas Goedert,TE,BE,False,10.6,7.17,False
16,True,4,King Me,3045138,Mike Williams,WR,IR,False,0.0,0.0,False
16,True,4,King Me,16731,Brandin Cooks,WR,BE,False,9.3,8.49,False
16,True,4,King Me,3115394,DJ Chark Jr.,WR,BE,False,24.8,5.06,False
16,True,4,King Me,3916433,Jakobi Meyers,WR,WR,True,5.7,9.31,False
16,True,4,King Me,2576414,Raheem Mostert,RB,RB/WR/TE,True,11.5,14.63,False
16,True,4,King Me,-16015,Dolphins D/ST,D/ST,D/ST,True,6.0,4.53,False
16,True,4,King Me,3050478,Jake Elliott,K,K,True,17.0,8.64,False
16,True,4,King Me,3123076,David Njoku,TE,TE,True,13.4,10.63,False
16,True,4,King Me,4372576,Jack Sanborn,LB,BE,False,0.0,2.09,False
16,True,4,King Me,4362081,Cameron Dicker,K,BE,False,21.0,7.29,False
16,True,4,King Me,2987743,Elandon Roberts,LB,DP,True,5.0,9.75,False
16,True,4,King Me,4239086,Desmond Ridder,QB,BE,False,0.0,0.0,False
16,True,4,King Me,11252,Joe Flacco,QB,QB,True,24.82,12.87,False
16,True,9,Men of Will,3068267,Austin Ekeler,RB,RB,True,10.1,12.79,False
16,True,9,Men of Will,4047365,Josh Jacobs,RB,BE,False,0.0,0.0,False
16,True,9,Men of Will,3918298,Josh Allen,QB,QB,True,24.98,21.15,False
16,True,9,Men of Will,3925357,Calvin Ridley,WR,WR,True,22.8,11.51,False
16,True,9,Men of Will,4248528,Christian Watson,WR,BE,False,0.0,0.0,False
16,True,9,Men of Will,3116165,Chris Godwin,WR,BE,False,10.9,11.57,False
16,True,9,Men of Will,4259545,D'Andre Swift,RB,RB,True,15.2,12.58,False
16,True,9,Men of Will,3128429,Courtland Sutton,WR,WR,True,0.0,9.31,False
16,True,9,Men of Will,16460,Adam Thielen,WR,BE,False,12.4,9.81,False
16,True,9,Men of Will,-16002,Bills D/ST,D/ST,D/ST,True,7.0,7.75,False
16,True,9,Men of Will,3124005,Zaire Franklin,LB,BE,False,11.0,11.1,False
16,True,9,Men of Will,14881,Russell Wilson,QB,BE,False,23.52,15.38,False
16,True,9,Men of Will,16813,Logan Thomas,TE,BE,False,12.1,4.59,False
16,True,9,Men of Will,4372066,Jake Moody,K,K,True,6.0,8.49,False
16,True,9,Men of Will,2612151,Alex Singleton,LB,DP,True,12.0,9.98,False
16,True,9,Men of Will,4360635,Chigoziem Okonkwo,TE,TE,True,15.3,6.32,False
16,True,9,Men of Will,4361777,Zamir White,RB,RB/WR/TE,True,14.5,8.69,False
16,True,12,Rule  #76,4362628,Ja'Marr Chase,WR,BE,False,0.0,0.0,False
16,True,12,Rule  #76,4047646,A.J. Brown,WR,WR,True,11.0,14.11,False
16,True,12,Rule  #76,4429795,Jahmyr Gibbs,RB,RB,True,22.0,12.24,False
16,True,12,Rule  #76,4360310,Trevor Lawrence,QB,BE,False,9.34,17.53,False
16,True,12,Rule  #76,4567048,Kenneth Walker III,RB,RB,True,6.1,13.06,False
16,True,12,Rule  #76,3121422,Terry McLaurin,WR,WR,True,6.5,9.12,False
16,True,12,Rule  #76,14979,Bobby Wagner,LB,DP,True,13.0,9.7,False
16,True,12,Rule  #76,4242355,Jake Ferguson,TE,TE,True,6.5,10.07,False
16,True,12,Rule  #76,4035676,Zack Moss,RB,BE,False,0.0,0.0,False
16,True,12,Rule  #76,3059915,Kareem Hunt,RB,BE,False,8.6,5.16,False
16,True,12,Rule  #76,3916566,K.J. Osborn,WR,BE,False,18.0,4.86,False
16,True,12,Rule  #76,3116365,Mark Andrews,TE,IR,False,0.0,0.0,False
16,True,12,Rule  #76,4428331,Rashee Rice,WR,RB/WR/TE,True,8.7,13.71,False
16,True,12,Rule  #76,3122672,Royce Freeman,RB,BE,False,0.0,2.77,False
16,True,12,Rule  #76,-16016,Vikings D/ST,D/ST,D/ST,True,3.0,4.98,False
16,True,12,Rule  #76,-16024,Chargers D/ST,D/ST,BE,False,7.0,3.65,False
16,True,12,Rule  #76,4360234,Evan McPherson,K,K,True,3.0,8.26,False
16,True,12,Rule  #76,3886812,Jake Browning,QB,QB,True,13.4,16.51,False
16,True,13,Christopher's Kryptonite ,3929630,Saquon Barkley,RB,RB,True,17.9,14.18,False
16,True,13,Christopher's Kryptonite ,4241389,CeeDee Lamb,WR,WR,True,22.2,17.28,False
16,True,13,Christopher's Kryptonite ,4362887,Justin Fields,QB,QB,True,24.5,20.03,False
16,True,13,Christopher's Kryptonite ,4045163,Miles Sanders,RB,BE,False,1.3,5.91,False
16,True,13,Christopher's Kryptonite ,4426502,Drake London,WR,BE,False,5.4,8.14,False
16,True,13,Christopher's Kryptonite ,4360438,Brandon Aiyuk,WR,WR,True,14.3,12.75,False
16,True,13,Christopher's Kryptonite ,4243537,Gabe Davis,WR,BE,False,21.0,6.77,False
16,True,13,Christopher's Kryptonite ,3050073,Foyesade Oluokun,LB,DP,True,12.0,10.49,False
16,True,13,Christopher's Kryptonite ,4241479,Tua Tagovailoa,QB,BE,False,15.52,16.21,False
16,True,13,Christopher's Kryptonite ,4241416,Chuba Hubbard,RB,RB/WR/TE,True,11.6,12.91,False
16,True,13,Christopher's Kryptonite ,4366031,Tank Dell,WR,IR,False,0.0,0.0,False
16,True,13,Christopher's Kryptonite ,4361579,Javonte Williams,RB,RB,True,9.4,10.24,False
16,True,13,Christopher's Kryptonite ,4036133,T.J. Hockenson,TE,TE,True,7.8,11.1,False
16,True,13,Christopher's Kryptonite ,3055899,Harrison Butker,K,K,True,1.0,8.08,False
16,True,13,Christopher's Kryptonite ,4361411,Pat Freiermuth,TE,BE,False,0.0,7.17,False
16,True,13,Christopher's Kryptonite ,-16021,Eagles D/ST,D/ST,D/ST,True,5.0,6.77,False
16,True,13,Christopher's Kryptonite ,4242214,Clyde Edwards-Helaire,RB,BE,False,6.3,5.87,False
16,True,13,Christopher's Kryptonite ,-16003,Bears D/ST,D/ST,BE,False,3.0,6.89,False
16,True,3,Jim Ward's Ole Dick Necks,4262921,Justin Jefferson,WR,WR,True,24.1,15.57,False
16,True,3,Jim Ward's Ole Dick Necks,3042519,Aaron Jones,RB,RB,True,14.0,12.87,False
16,True,3,Jim Ward's Ole Dick Necks,4040715,Jalen Hurts,QB,QB,True,23.44,21.01,False
16,True,3,Jim Ward's Ole Dick Necks,4048244,Alexander Mattison,RB,BE,False,-0.1,6.2,False
16,True,3,Jim Ward's Ole Dick Necks,15795,DeAndre Hopkins,WR,WR,True,3.0,12.36,False
16,True,3,Jim Ward's Ole Dick Necks,4361529,Isiah Pacheco,RB,RB,True,8.6,13.83,False
16,True,3,Jim Ward's Ole Dick Necks,4361409,Jahan Dotson,WR,BE,False,4.1,5.2,False
16,True,3,Jim Ward's Ole Dick Necks,4385690,Dalton Kincaid,TE,BE,False,1.2,7.07,False
16,True,3,Jim Ward's Ole Dick Necks,4258595,Cole Kmet,TE,TE,True,12.7,8.42,False
16,True,3,Jim Ward's Ole Dick Necks,4688813,Josh Downs,WR,BE,False,6.9,7.57,False
16,True,3,Jim Ward's Ole Dick Necks,3124679,Jason Sanders,K,K,True,22.0,8.03,False
16,True,3,Jim Ward's Ole Dick Necks,3121409,Noah Brown,WR,RB/WR/TE,True,6.3,6.77,False
16,True,3,Jim Ward's Ole Dick Necks,-16034,Texans D/ST,D/ST,D/ST,True,5.0,6.93,False
16,True,3,Jim Ward's Ole Dick Necks,3121427,Curtis Samuel,WR,BE,False,2.5,8.6,False
16,True,3,Jim Ward's Ole Dick Necks,4259166,Terrel Bernard,LB,DP,True,9.0,9.9,False
16,True,3,Jim Ward's Ole Dick Necks,16782,Jerick McKinnon,RB,BE,False,0.0,0.0,False
16,True,3,Jim Ward's Ole Dick Necks,3049916,Matt Breida,RB,BE,False,0.8,3.0,False
16,True,11,Bijan mustard,4430807,Bijan Robinson,RB,RB,True,15.7,13.0,False
16,True,11,Bijan mustard,4242335,Jonathan Taylor,RB,RB,True,10.3,12.85,False
16,True,11,Bijan mustard,4372016,Jaylen Waddle,WR,WR,True,5.7,12.66,False
16,True,11,Bijan mustard,3895856,Christian Kirk,WR,BE,False,0.0,0.0,False
16,True,11,Bijan mustard,4035538,David Montgomery,RB,BE,False,13.9,12.31,False
16,True,11,Bijan mustard,-16025,49ers D/ST,D/ST,BE,False,3.0,4.75,False
16,True,11,Bijan mustard,16733,Odell Beckham Jr.,WR,BE,False,2.3,8.93,False
16,True,11,Bijan mustard,4429160,De'Von Achane,RB,RB/WR/TE,True,3.6,12.34,False
16,True,11,Bijan mustard,4429205,Jordan Addison,WR,WR,True,1.7,9.93,False
16,True,11,Bijan mustard,3051876,Evan Engram,TE,TE,True,14.5,9.87,False
16,True,11,Bijan mustard,4426875,Sam Howell,QB,BE,False,-1.76,13.25,False
16,True,11,Bijan mustard,3052587,Baker Mayfield,QB,QB,True,19.82,16.85,False
16,True,11,Bijan mustard,3138826,Fred Warner,LB,DP,True,10.0,10.02,False
16,True,11,Bijan mustard,3953687,Brandon Aubrey,K,K,True,9.0,8.54,False
16,True,11,Bijan mustard,-16001,Falcons D/ST,D/ST,D/ST,True,13.0,6.16,False
16,True,11,Bijan mustard,4360238,Dameon Pierce,RB,BE,False,8.1,3.58,False
16,True,11,Bijan mustard,4241401,Trey Sermon,RB,BE,False,0.3,4.64,False
16,True,2,Pour One Out For Mahomies!!,4241457,Najee Harris,RB,RB/WR/TE,True,13.8,10.92,False
16,True,2,Pour One Out For Mahomies!!,3139477,Patrick Mahomes,QB,QB,True,16.7,18.23,False
16,True,2,Pour One Out For Mahomies!!,4239993,Tee Higgins,WR,BE,False,22.5,11.83,False
16,True,2,Pour One Out For Mahomies!!,4427366,Breece Hall,RB,RB,True,37.1,13.73,False
16,True,2,Pour One Out For Mahomies!!,3915416,DJ Moore,WR,WR,True,3.3,13.64,False
16,True,2,Pour One Out For Mahomies!!,3040151,George Kittle,TE,TE,True,16.1,10.36,False
16,True,2,Pour One Out For Mahomies!!,2577327,Tyler Lockett,WR,WR,True,12.1,9.71,False
16,True,2,Pour One Out For Mahomies!!,4239934,AJ Dillon,RB,RB,True,7.2,6.75,False
16,True,2,Pour One Out For Mahomies!!,3120348,JuJu Smith-Schuster,WR,BE,False,0.0,0.0,False
16,True,2,Pour One Out For Mahomies!!,-16020,Jets D/ST,D/ST,D/ST,True,10.0,8.73,False
16,True,2,Pour One Out For Mahomies!!,3915189,Roquan Smith,LB,DP,True,8.0,9.94,False
16,True,2,Pour One Out For Mahomies!!,3122976,Jeff Wilson Jr.,RB,BE,False,3.0,0.55,False
16,True,2,Pour One Out For Mahomies!!,3117256,Dalton Schultz,TE,BE,False,10.1,6.77,False
16,True,2,Pour One Out For Mahomies!!,4685720,Bryce Young,QB,BE,False,22.18,12.1,False
16,True,2,Pour One Out For Mahomies!!,4361432,Romeo Doubs,WR,BE,False,15.9,8.48,False
16,True,2,Pour One Out For Mahomies!!,4243371,Riley Patterson,K,K,True,0.0,0.0,False
16,True,2,Pour One Out For Mahomies!!,3116187,Ja'Whaun Bentley,LB,BE,False,8.0,7.82,False
17,True,10,Amon-Ra Dog,3117251,Christian McCaffrey,RB,RB,True,11.1,23.2,False
17,True,10,Amon-Ra Dog,4374302,Amon-Ra St. Brown,WR,WR,True,19.1,15.37,False
17,True,10,Amon-Ra Dog,4241478,DeVonta Smith,WR,WR,True,4.5,10.39,False
17,True,10,Amon-Ra Dog,4241463,Jerry Jeudy,WR,BE,False,6.9,8.65,False
17,True,10,Amon-Ra Dog,4697815,Rachaad White,RB,RB,True,6.6,15.37,False
17,True,10,Amon-Ra Dog,4360248,Kyle Pitts,TE,BE,False,1.0,6.53,False
17,True,10,Amon-Ra Dog,4426354,George Pickens,WR,BE,False,16.6,9.45,False
17,True,10,Amon-Ra Dog,3051926,Gus Edwards,RB,RB/WR/TE,True,11.8,9.08,False
17,True,10,Amon-Ra Dog,4361741,Brock Purdy,QB,QB,True,17.6,20.03,False
17,True,10,Amon-Ra Dog,-16018,Saints D/ST,D/ST,BE,False,13.0,4.72,False
17,True,10,Amon-Ra Dog,4427095,DeMario Douglas,WR,BE,False,5.8,9.31,False
17,True,10,Amon-Ra Dog,2473037,Jason Myers,K,K,True,13.0,7.76,False
17,True,10,Amon-Ra Dog,3929950,Tremaine Edmunds,LB,DP,True,5.0,9.16,False
17,True,10,Amon-Ra Dog,-16011,Colts D/ST,D/ST,D/ST,True,1.0,6.78,False
17,True,10,Amon-Ra Dog,4032473,Rashid Shaheed,WR,BE,False,2.4,9.0,False
17,True,10,Amon-Ra Dog,3918639,Gerald Everett,TE,TE,True,5.7,7.51,False
17,True,10,Amon-Ra Dog,16757,Derek Carr,QB,BE,False,15.58,14.79,False
17,True,5,You Can Chuck the Tubb,3116385,Joe Mixon,RB,RB,True,16.7,14.09,False
17,True,5,You Can Chuck the Tubb,3126486,Deebo Samuel,WR,WR,True,15.7,15.23,False
17,True,5,You Can Chuck the Tubb,2976499,Amari Cooper,WR,BE,False,0.0,0.0,False
17,True,5,You Can Chuck the Tubb,4035687,Michael Pittman Jr.,WR,RB/WR/TE,True,7.1,13.13,False
17,True,5,You Can Chuck the Tubb,15683,Justin Tucker,K,K,True,8.0,8.5,False
17,True,5,You Can Chuck the Tubb,4426515,Puka Nacua,WR,WR,True,16.2,13.49,False
17,True,5,You Can Chuck the Tubb,4361307,Trey McBride,TE,TE,True,7.8,10.48,False
17,True,5,You Can Chuck the Tubb,4040761,Devin Singletary,RB,RB,True,10.1,11.67,False
17,True,5,You Can Chuck the Tubb,3917315,Kyler Murray,QB,QB,True,23.68,17.89,False
17,True,5,You Can Chuck the Tubb,4242431,Ty Chandler,RB,BE,False,7.9,12.34,False
17,True,5,You Can Chuck the Tubb,-16027,Buccaneers D/ST,D/ST,BE,False,1.0,5.18,False
17,True,5,You Can Chuck the Tubb,3120590,Easton Stick,QB,BE,False,11.9,15.56,False
17,True,5,You Can Chuck the Tubb,2576925,Darren Waller,TE,BE,False,7.6,8.26,False
17,True,5,You Can Chuck the Tubb,3919117,Azeez Al-Shaair,LB,DP,True,8.0,9.97,False
17,True,5,You Can Chuck the Tubb,15864,Geno Smith,QB,BE,False,16.9,15.85,False
17,True,5,You Can Chuck the Tubb,-16013,Raiders D/ST,D/ST,D/ST,True,1.0,6.79,False
17,True,1,Garretteed Satisfaction ,3916148,Tony Pollard,RB,RB,True,5.4,13.1,False
17,True,1,Garretteed Satisfaction ,4569618,Garrett Wilson,WR,BE,False,7.4,11.89,False
17,True,1,Garretteed Satisfaction ,4361370,Chris Olave,WR,WR,True,4.1,13.41,False
17,True,1,Garretteed Satisfaction ,4047650,DK Metcalf,WR,BE,False,13.1,11.63,False
17,True,1,Garretteed Satisfaction ,4379399,James Cook,RB,RB/WR/TE,True,4.9,14.66,False
17,True,1,Garretteed Satisfaction ,3054850,Alvin Kamara,RB,RB,True,5.9,15.57,False
17,True,1,Garretteed Satisfaction ,2577417,Dak Prescott,QB,QB,True,20.3,21.98,False
17,True,1,Garretteed Satisfaction ,4258173,Nico Collins,WR,WR,True,12.2,13.88,False
17,True,1,Garretteed Satisfaction ,3117253,Bobby Okereke,LB,BE,False,12.0,9.67,False
17,True,1,Garretteed Satisfaction ,4372019,Jerome Ford,RB,BE,False,25.1,10.19,False
17,True,1,Garretteed Satisfaction ,4036378,Jordan Love,QB,BE,False,28.44,16.38,False
17,True,1,Garretteed Satisfaction ,2468609,Taysom Hill,TE,BE,False,10.54,5.53,False
17,True,1,Garretteed Satisfaction ,-16030,Jaguars D/ST,D/ST,BE,False,16.0,6.72,False
17,True,1,Garretteed Satisfaction ,4362851,Ernest Jones,LB,DP,True,13.0,10.11,False
17,True,1,Garretteed Satisfaction ,17427,Cairo Santos,K,K,True,14.0,7.5,False
17,True,1,Garretteed Satisfaction ,4361050,Isaiah Likely,TE,TE,True,17.2,8.56,False
17,True,1,Garretteed Satisfaction ,-16007,Broncos D/ST,D/ST,D/ST,True,8.0,5.88,False
17,True,8,SCLSU Mud Dogs,2977187,Cooper Kupp,WR,WR,True,11.7,12.43,False
17,True,8,SCLSU Mud Dogs,3116406,Tyreek Hill,WR,RB/WR/TE,True,11.6,18.77,False
17,True,8,SCLSU Mud Dogs,4569173,Rhamondre Stevenson,RB,BE,False,0.0,0.0,False
17,True,8,SCLSU Mud Dogs,4241474,Brian Robinson Jr.,RB,BE,False,9.6,11.09,False
17,True,8,SCLSU Mud Dogs,3932905,Diontae Johnson,WR,WR,True,9.6,9.2,False
17,True,8,SCLSU Mud Dogs,16720,C.J. Mosley,LB,DP,True,12.0,9.65,False
17,True,8,SCLSU Mud Dogs,4430737,Kyren Williams,RB,RB,True,29.1,18.97,False
17,True,8,SCLSU Mud Dogs,4430027,Sam LaPorta,TE,TE,True,12.9,10.58,False
17,True,8,SCLSU Mud Dogs,-16012,Chiefs D/ST,D/ST,D/ST,True,9.0,5.9,False
17,True,8,SCLSU Mud Dogs,3046779,Jared Goff,QB,BE,False,10.84,16.37,False
17,True,8,SCLSU Mud Dogs,16339,Brandon McManus,K,K,True,14.0,7.2,False
17,True,8,SCLSU Mud Dogs,4569987,Jaylen Warren,RB,RB,True,17.8,11.49,False
17,True,8,SCLSU Mud Dogs,4426385,Zach Charbonnet,RB,BE,False,6.6,5.61,False
17,True,8,SCLSU Mud Dogs,3059722,Zay Jones,WR,BE,False,0.0,0.0,False
17,True,8,SCLSU Mud Dogs,4428557,Tyjae Spears,RB,BE,False,4.9,9.06,False
17,True,8,SCLSU Mud Dogs,12483,Matthew Stafford,QB,QB,True,12.58,15.85,False
17,True,8,SCLSU Mud Dogs,4430878,Jaxon Smith-Njigba,WR,BE,False,7.7,8.1,False
17,True,6,Thom-ASS,15847,Travis Kelce,TE,TE,True,3.1,11.65,False
17,True,6,Thom-ASS,2976212,Stefon Diggs,WR,WR,True,5.1,12.56,False
17,True,6,Thom-ASS,3916387,Lamar Jackson,QB,QB,True,36.34,20.61,False
17,True,6,Thom-ASS,3045147,James Conner,RB,RB,True,25.8,13.65,False
17,True,6,Thom-ASS,16737,Mike Evans,WR,RB/WR/TE,True,8.5,12.74,False
17,True,6,Thom-ASS,4241372,Marquise Brown,WR,BE,False,0.0,0.0,False
17,True,6,Thom-ASS,4429615,Zay Flowers,WR,WR,True,18.1,11.04,False
17,True,6,Thom-ASS,-16006,Cowboys D/ST,D/ST,BE,False,2.0,4.43,False
17,True,6,Thom-ASS,3121544,T.J. Edwards,LB,DP,True,4.0,10.45,False
17,True,6,Thom-ASS,4432577,C.J. Stroud,QB,BE,False,12.92,18.98,False
17,True,6,Thom-ASS,3051392,Ezekiel Elliott,RB,RB,True,11.0,12.42,False
17,True,6,Thom-ASS,-16005,Browns D/ST,D/ST,D/ST,True,14.0,8.23,False
17,True,6,Thom-ASS,10621,Nick Folk,K,K,True,5.0,8.26,False
17,True,6,Thom-ASS,4039359,Darrell Henderson Jr.,RB,BE,False,0.0,0.0,False
17,True,6,Thom-ASS,4362249,Jayden Reed,WR,BE,False,23.9,9.85,False
17,True,6,Thom-ASS,3116389,Samaje Perine,RB,BE,False,3.6,5.97,False
17,True,6,Thom-ASS,4426386,Roschon Johnson,RB,BE,False,13.4,8.16,False
17,True,9,Men of Will,3068267,Austin Ekeler,RB,RB,True,3.5,13.87,False
17,True,9,Men of Will,4047365,Josh Jacobs,RB,BE,False,0.0,0.0,False
17,True,9,Men of Will,3918298,Josh Allen,QB,QB,True,21.16,19.61,False
17,True,9,Men of Will,3925357,Calvin Ridley,WR,BE,False,5.9,11.97,False
17,True,9,Men of Will,4248528,Christian Watson,WR,BE,False,0.0,0.0,False
17,True,9,Men of Will,3116165,Chris Godwin,WR,WR,True,15.6,12.18,False
17,True,9,Men of Will,4259545,D'Andre Swift,RB,RB,True,7.1,14.09,False
17,True,9,Men of Will,3128429,Courtland Sutton,WR,BE,False,0.0,0.0,False
17,True,9,Men of Will,16460,Adam Thielen,WR,WR,True,6.8,9.46,False
17,True,9,Men of Will,-16002,Bills D/ST,D/ST,D/ST,True,19.0,8.0,False
17,True,9,Men of Will,3124005,Zaire Franklin,LB,BE,False,10.0,10.44,False
17,True,9,Men of Will,14881,Russell Wilson,QB,BE,False,0.0,0.0,False
17,True,9,Men of Will,16813,Logan Thomas,TE,BE,False,3.5,5.76,False
17,True,9,Men of Will,4372066,Jake Moody,K,K,True,9.0,8.58,False
17,True,9,Men of Will,2612151,Alex Singleton,LB,DP,True,11.0,10.58,False
17,True,9,Men of Will,4360635,Chigoziem Okonkwo,TE,TE,True,4.9,6.93,False
17,True,9,Men of Will,4361777,Zamir White,RB,RB/WR/TE,True,13.1,13.44,False
17,True,4,King Me,3043078,Derrick Henry,RB,RB,True,4.2,12.49,False
17,True,4,King Me,16800,Davante Adams,WR,WR,True,31.1,13.37,False
17,True,4,King Me,4239996,Travis Etienne Jr.,RB,RB,True,24.8,14.26,False
17,True,4,King Me,15818,Keenan Allen,WR,WR,True,0.0,0.0,False
17,True,4,King Me,3121023,Dallas Goedert,TE,BE,False,13.2,8.0,False
17,True,4,King Me,3045138,Mike Williams,WR,IR,False,0.0,0.0,False
17,True,4,King Me,16731,Brandin Cooks,WR,BE,False,14.5,8.38,False
17,True,4,King Me,3115394,DJ Chark Jr.,WR,BE,False,3.3,5.83,False
17,True,4,King Me,3916433,Jakobi Meyers,WR,BE,False,8.6,9.25,False
17,True,4,King Me,2576414,Raheem Mostert,RB,RB/WR/TE,True,0.0,0.0,False
17,True,4,King Me,-16015,Dolphins D/ST,D/ST,D/ST,True,-7.0,5.08,False
17,True,4,King Me,3050478,Jake Elliott,K,K,True,8.0,8.9,False
17,True,4,King Me,3123076,David Njoku,TE,TE,True,14.4,10.84,False
17,True,4,King Me,4372576,Jack Sanborn,LB,BE,False,1.0,1.51,False
17,True,4,King Me,4362081,Cameron Dicker,K,BE,False,12.0,7.43,False
17,True,4,King Me,4239086,Desmond Ridder,QB,BE,False,-1.32,0.0,False
17,True,4,King Me,11252,Joe Flacco,QB,QB,True,22.66,13.97,False
17,True,4,King Me,4035817,Krys Barnes,LB,DP,True,7.0,9.58,False
17,True,12,Rule  #76,4362628,Ja'Marr Chase,WR,BE,False,5.6,12.79,False
17,True,12,Rule  #76,4047646,A.J. Brown,WR,WR,True,7.3,15.31,False
17,True,12,Rule  #76,4429795,Jahmyr Gibbs,RB,RB,True,4.8,13.84,False
17,True,12,Rule  #76,4360310,Trevor Lawrence,QB,BE,False,0.0,0.0,False
17,True,12,Rule  #76,4567048,Kenneth Walker III,RB,RB,True,15.0,13.86,False
17,True,12,Rule  #76,3121422,Terry McLaurin,WR,WR,True,15.1,9.41,False
17,True,12,Rule  #76,14979,Bobby Wagner,LB,DP,True,14.0,9.63,False
17,True,12,Rule  #76,4242355,Jake Ferguson,TE,TE,True,5.3,10.36,False
17,True,12,Rule  #76,4035676,Zack Moss,RB,BE,False,0.0,0.0,False
17,True,12,Rule  #76,3059915,Kareem Hunt,RB,BE,False,9.1,6.97,False
17,True,12,Rule  #76,3916566,K.J. Osborn,WR,BE,False,0.0,5.4,False
17,True,12,Rule  #76,3116365,Mark Andrews,TE,IR,False,0.0,0.0,False
17,True,12,Rule  #76,4428331,Rashee Rice,WR,RB/WR/TE,True,15.2,15.3,False
17,True,12,Rule  #76,3122672,Royce Freeman,RB,BE,False,0.0,0.0,False
17,True,12,Rule  #76,-16016,Vikings D/ST,D/ST,BE,False,-4.0,5.8,False
17,True,12,Rule  #76,-16024,Chargers D/ST,D/ST,D/ST,True,3.0,7.26,False
17,True,12,Rule  #76,4360234,Evan McPherson,K,K,True,5.0,8.06,False
17,True,12,Rule  #76,3886812,Jake Browning,QB,QB,True,21.08,16.19,False
17,True,3,Jim Ward's Ole Dick Necks,4262921,Justin Jefferson,WR,WR,True,8.4,13.69,False
17,True,3,Jim Ward's Ole Dick Necks,3042519,Aaron Jones,RB,RB,True,13.5,13.26,False
17,True,3,Jim Ward's Ole Dick Necks,4040715,Jalen Hurts,QB,QB,True,19.18,23.77,False
17,True,3,Jim Ward's Ole Dick Necks,4048244,Alexander Mattison,RB,BE,False,4.0,5.69,False
17,True,3,Jim Ward's Ole Dick Necks,15795,DeAndre Hopkins,WR,WR,True,10.7,12.61,False
17,True,3,Jim Ward's Ole Dick Necks,4361529,Isiah Pacheco,RB,RB,True,26.0,14.6,False
17,True,3,Jim Ward's Ole Dick Necks,4361409,Jahan Dotson,WR,BE,False,0.0,5.24,False
17,True,3,Jim Ward's Ole Dick Necks,4385690,Dalton Kincaid,TE,BE,False,10.7,5.54,False
17,True,3,Jim Ward's Ole Dick Necks,4258595,Cole Kmet,TE,TE,True,0.0,7.96,False
17,True,3,Jim Ward's Ole Dick Necks,4688813,Josh Downs,WR,BE,False,6.3,6.53,False
17,True,3,Jim Ward's Ole Dick Necks,3124679,Jason Sanders,K,K,True,7.0,7.76,False
17,True,3,Jim Ward's Ole Dick Necks,3121409,Noah Brown,WR,RB/WR/TE,True,1.3,9.51,False
17,True,3,Jim Ward's Ole Dick Necks,-16034,Texans D/ST,D/ST,D/ST,True,21.0,5.37,False
17,True,3,Jim Ward's Ole Dick Necks,3121427,Curtis Samuel,WR,BE,False,4.8,8.64,False
17,True,3,Jim Ward's Ole Dick Necks,4259166,Terrel Bernard,LB,DP,True,14.0,8.91,False
17,True,3,Jim Ward's Ole Dick Necks,16782,Jerick McKinnon,RB,BE,False,0.0,0.0,False
17,True,3,Jim Ward's Ole Dick Necks,3049916,Matt Breida,RB,BE,False,0.0,2.86,False
17,True,2,Pour One Out For Mahomies!!,4241457,Najee Harris,RB,RB/WR/TE,True,24.2,11.44,False
17,True,2,Pour One Out For Mahomies!!,3139477,Patrick Mahomes,QB,QB,True,12.0,20.41,False
17,True,2,Pour One Out For Mahomies!!,4239993,Tee Higgins,WR,BE,False,2.4,10.74,False
17,True,2,Pour One Out For Mahomies!!,4427366,Breece Hall,RB,RB,True,23.1,13.03,False
17,True,2,Pour One Out For Mahomies!!,3915416,DJ Moore,WR,WR,True,26.4,11.65,False
17,True,2,Pour One Out For Mahomies!!,3040151,George Kittle,TE,TE,True,4.4,11.21,False
17,True,2,Pour One Out For Mahomies!!,2577327,Tyler Lockett,WR,WR,True,1.5,9.69,False
17,True,2,Pour One Out For Mahomies!!,4239934,AJ Dillon,RB,RB,True,2.7,5.17,False
17,True,2,Pour One Out For Mahomies!!,3120348,JuJu Smith-Schuster,WR,BE,False,0.0,0.0,False
17,True,2,Pour One Out For Mahomies!!,-16020,Jets D/ST,D/ST,D/ST,True,9.0,6.29,False
17,True,2,Pour One Out For Mahomies!!,3915189,Roquan Smith,LB,DP,True,9.0,10.15,False
17,True,2,Pour One Out For Mahomies!!,3122976,Jeff Wilson Jr.,RB,BE,False,4.9,9.92,False
17,True,2,Pour One Out For Mahomies!!,3117256,Dalton Schultz,TE,BE,False,2.9,8.86,False
17,True,2,Pour One Out For Mahomies!!,4685720,Bryce Young,QB,BE,False,2.68,11.92,False
17,True,2,Pour One Out For Mahomies!!,4361432,Romeo Doubs,WR,BE,False,4.3,7.6,False
17,True,2,Pour One Out For Mahomies!!,4243371,Riley Patterson,K,K,True,7.0,7.39,False
17,True,2,Pour One Out For Mahomies!!,3116187,Ja'Whaun Bentley,LB,BE,False,7.0,8.27,False
17,True,13,Christopher's Kryptonite ,3929630,Saquon Barkley,RB,RB,True,7.3,14.92,False
17,True,13,Christopher's Kryptonite ,4241389,CeeDee Lamb,WR,WR,True,34.7,19.19,False
17,True,13,Christopher's Kryptonite ,4362887,Justin Fields,QB,QB,True,25.22,16.84,False
17,True,13,Christopher's Kryptonite ,4045163,Miles Sanders,RB,BE,False,3.2,5.02,False
17,True,13,Christopher's Kryptonite ,4426502,Drake London,WR,BE,False,9.6,7.67,False
17,True,13,Christopher's Kryptonite ,4360438,Brandon Aiyuk,WR,WR,True,20.9,13.15,False
17,True,13,Christopher's Kryptonite ,4243537,Gabe Davis,WR,BE,False,3.1,7.16,False
17,True,13,Christopher's Kryptonite ,3050073,Foyesade Oluokun,LB,DP,True,6.0,10.68,False
17,True,13,Christopher's Kryptonite ,4241479,Tua Tagovailoa,QB,BE,False,14.88,14.9,False
17,True,13,Christopher's Kryptonite ,4241416,Chuba Hubbard,RB,RB/WR/TE,True,9.1,12.51,False
17,True,13,Christopher's Kryptonite ,4366031,Tank Dell,WR,IR,False,0.0,0.0,False
17,True,13,Christopher's Kryptonite ,4361579,Javonte Williams,RB,RB,True,7.3,10.64,False
17,True,13,Christopher's Kryptonite ,4036133,T.J. Hockenson,TE,BE,False,0.0,0.0,False
17,True,13,Christopher's Kryptonite ,3055899,Harrison Butker,K,K,True,24.0,8.37,False
17,True,13,Christopher's Kryptonite ,4361411,Pat Freiermuth,TE,BE,False,5.9,5.12,False
17,True,13,Christopher's Kryptonite ,-16021,Eagles D/ST,D/ST,BE,False,3.0,5.77,False
17,True,13,Christopher's Kryptonite ,-16003,Bears D/ST,D/ST,D/ST,True,11.0,7.0,False
17,True,13,Christopher's Kryptonite ,4572680,Tucker Kraft,TE,TE,True,7.8,7.42,False
17,True,11,Bijan mustard,4430807,Bijan Robinson,RB,RB,True,11.1,12.77,False
17,True,11,Bijan mustard,4242335,Jonathan Taylor,RB,RB,True,16.9,14.49,False
17,True,11,Bijan mustard,4372016,Jaylen Waddle,WR,BE,False,0.0,0.0,False
17,True,11,Bijan mustard,3895856,Christian Kirk,WR,BE,False,0.0,0.0,False
17,True,11,Bijan mustard,4035538,David Montgomery,RB,RB/WR/TE,True,13.5,12.18,False
17,True,11,Bijan mustard,-16025,49ers D/ST,D/ST,D/ST,True,10.0,9.15,False
17,True,11,Bijan mustard,16733,Odell Beckham Jr.,WR,WR,True,3.8,8.13,False
17,True,11,Bijan mustard,4429160,De'Von Achane,RB,BE,False,21.7,14.28,False
17,True,11,Bijan mustard,4429205,Jordan Addison,WR,WR,True,4.3,8.7,False
17,True,11,Bijan mustard,3051876,Evan Engram,TE,TE,True,9.0,9.3,False
17,True,11,Bijan mustard,4426875,Sam Howell,QB,BE,False,6.66,14.39,False
17,True,11,Bijan mustard,3052587,Baker Mayfield,QB,QB,True,16.26,16.77,False
17,True,11,Bijan mustard,3138826,Fred Warner,LB,DP,True,6.0,10.07,False
17,True,11,Bijan mustard,3953687,Brandon Aubrey,K,K,True,11.0,8.89,False
17,True,11,Bijan mustard,-16001,Falcons D/ST,D/ST,BE,False,-3.0,7.8,False
17,True,11,Bijan mustard,4360238,Dameon Pierce,RB,BE,False,2.6,3.84,False
17,True,11,Bijan mustard,4241401,Trey Sermon,RB,BE,False,5.1,2.34,False
